# heli_body: cut out of tank.glb by tools/split_tank.py
mtllib heli_body.mtl
v -0.85723 -0.16722 -0.00707
v -0.85723 -0.16722 -0.00707
v -0.85723 -0.16722 -0.00707
v -0.85723 -0.16722 -0.00707
v -0.85723 -0.16722 -0.00707
v -0.85820 -0.16641 -0.00334
v -0.85820 -0.16641 -0.00334
v -0.85820 -0.16641 -0.00334
v -0.85820 -0.16641 -0.00334
v -0.85820 -0.16641 -0.00334
v -0.85826 -0.16439 -0.00405
v -0.85826 -0.16439 -0.00405
v -0.85826 -0.16439 -0.00405
v -0.85826 -0.16439 -0.00405
v -0.85761 -0.17061 -0.00497
v -0.85761 -0.17061 -0.00497
v -0.85761 -0.17061 -0.00497
v -0.85761 -0.17061 -0.00497
v -0.85761 -0.17061 -0.00497
v -0.85829 -0.17652 -0.00332
v -0.85829 -0.17652 -0.00332
v -0.85829 -0.17652 -0.00332
v -0.85829 -0.17652 -0.00332
v -0.85829 -0.17652 -0.00332
v -0.85823 -0.17465 -0.00090
v -0.85823 -0.17465 -0.00090
v -0.85816 -0.17525 -0.00551
v -0.85816 -0.17525 -0.00551
v -0.85816 -0.17525 -0.00551
v -0.85816 -0.17525 -0.00551
v -0.85816 -0.17525 -0.00551
v -0.85837 -0.16377 -0.00094
v -0.85837 -0.16377 -0.00094
v -0.85837 -0.16377 -0.00094
v -0.85837 -0.16377 -0.00094
v -0.85837 -0.16377 -0.00094
v -0.85837 -0.16377 -0.00094
v -0.85837 -0.16377 -0.00094
v -0.85814 -0.17344 0.00523
v -0.85814 -0.17344 0.00523
v -0.85814 -0.17344 0.00523
v -0.85814 -0.17344 0.00523
v -0.85814 -0.17344 0.00523
v -0.85814 -0.17344 0.00523
v -0.85814 -0.17344 0.00523
v -0.85814 -0.17344 0.00523
v -0.85814 -0.17344 0.00523
v -0.85814 -0.17344 0.00523
v -0.85648 -0.16676 0.00539
v -0.85648 -0.16676 0.00539
v -0.85648 -0.16676 0.00539
v -0.85648 -0.16676 0.00539
v -0.85807 -0.17679 0.00153
v -0.85807 -0.17679 0.00153
v -0.85807 -0.17679 0.00153
v -0.84781 -0.17094 0.00301
v -0.85511 -0.17143 -0.00796
v -0.85511 -0.17143 -0.00796
v -0.83703 -0.16673 0.00032
v -0.83703 -0.16673 0.00032
v -0.83703 -0.16673 0.00032
v -0.83703 -0.16673 0.00032
v -0.83703 -0.16673 0.00032
v -0.83808 -0.17060 -0.00473
v -0.83808 -0.17060 -0.00473
v -0.83810 -0.17439 -0.00101
v -0.83810 -0.17439 -0.00101
v -0.83810 -0.17439 -0.00101
v -0.83810 -0.17439 -0.00101
v -0.83810 -0.17439 -0.00101
v -0.83678 -0.17200 0.00296
v -0.83678 -0.17200 0.00296
v -0.83678 -0.17200 0.00296
v -0.83678 -0.17200 0.00296
v -0.83133 -0.16295 0.00145
v -0.83133 -0.16295 0.00145
v -0.83133 -0.16295 0.00145
v -0.83133 -0.16295 0.00145
v -0.83393 -0.17186 -0.00202
v -0.83393 -0.17186 -0.00202
v -0.83393 -0.17186 -0.00202
v -0.83393 -0.17186 -0.00202
v -0.77798 -0.16796 0.00697
v -0.77798 -0.16796 0.00697
v -0.77798 -0.16796 0.00697
v -0.77798 -0.16796 0.00697
v -0.77798 -0.16796 0.00697
v -0.77798 -0.16796 0.00697
v -0.77909 -0.17399 -0.00813
v -0.77909 -0.17399 -0.00813
v -0.77909 -0.17399 -0.00813
v -0.77909 -0.17399 -0.00813
v -0.78135 -0.17655 0.00228
v -0.78135 -0.17655 0.00228
v -0.78135 -0.17655 0.00228
v -0.78135 -0.17655 0.00228
v -0.78135 -0.17655 0.00228
v -0.78135 -0.17655 0.00228
v -0.78135 -0.17655 0.00228
v -0.78135 -0.17655 0.00228
v -0.78686 -0.16162 0.00258
v -0.78686 -0.16162 0.00258
v -0.78686 -0.16162 0.00258
v -0.78686 -0.16162 0.00258
v -0.77737 -0.17890 -0.00290
v -0.77737 -0.17890 -0.00290
v -0.77737 -0.17890 -0.00290
v -0.77737 -0.17890 -0.00290
v -0.77737 -0.17890 -0.00290
v -0.78706 -0.16698 -0.00852
v -0.78706 -0.16698 -0.00852
v -0.78706 -0.16698 -0.00852
v -0.78706 -0.16698 -0.00852
v -0.78706 -0.16698 -0.00852
v -0.78706 -0.16698 -0.00852
v -0.78706 -0.16698 -0.00852
v -0.78566 -0.16400 0.01959
v -0.78566 -0.16400 0.01959
v -0.78566 -0.16400 0.01959
v -0.78566 -0.16400 0.01959
v -0.78580 -0.14504 -0.02156
v -0.78580 -0.14504 -0.02156
v -0.78580 -0.14504 -0.02156
v -0.78580 -0.14504 -0.02156
v -0.78568 -0.14492 0.02069
v -0.78568 -0.14492 0.02069
v -0.78568 -0.14492 0.02069
v -0.78568 -0.14492 0.02069
v -0.78462 -0.16398 -0.02235
v -0.78462 -0.16398 -0.02235
v -0.78462 -0.16398 -0.02235
v -0.78462 -0.16398 -0.02235
v -0.77997 -0.16719 -0.00896
v -0.77997 -0.16719 -0.00896
v -0.77997 -0.16719 -0.00896
v -0.77541 -0.16778 0.01056
v -0.77541 -0.16778 0.01056
v -0.77541 -0.16778 0.01056
v -0.77541 -0.16778 0.01056
v -0.77541 -0.16778 0.01056
v -0.77541 -0.16778 0.01056
v -0.73238 -0.16456 0.02193
v -0.73238 -0.16456 0.02193
v -0.73238 -0.16456 0.02193
v -0.73238 -0.16456 0.02193
v -0.73238 -0.16456 0.02193
v -0.76291 -0.16679 0.00772
v -0.76291 -0.16679 0.00772
v -0.76291 -0.16679 0.00772
v -0.76291 -0.16679 0.00772
v -0.76291 -0.16679 0.00772
v -0.77532 -0.16702 -0.01282
v -0.77532 -0.16702 -0.01282
v -0.77532 -0.16702 -0.01282
v -0.77532 -0.16702 -0.01282
v -0.77532 -0.16702 -0.01282
v -0.77532 -0.16702 -0.01282
v -0.77532 -0.16702 -0.01282
v -0.77532 -0.16702 -0.01282
v -0.77321 -0.18272 0.00932
v -0.77321 -0.18272 0.00932
v -0.77321 -0.18272 0.00932
v -0.77321 -0.18272 0.00932
v -0.77321 -0.18272 0.00932
v -0.77249 -0.18582 -0.00930
v -0.77249 -0.18582 -0.00930
v -0.77249 -0.18582 -0.00930
v -0.77249 -0.18582 -0.00930
v -0.77249 -0.18582 -0.00930
v -0.77249 -0.18582 -0.00930
v -0.76614 -0.19226 0.00629
v -0.76614 -0.19226 0.00629
v -0.76614 -0.19226 0.00629
v -0.76614 -0.19226 0.00629
v -0.76914 -0.18548 0.01045
v -0.76914 -0.18548 0.01045
v -0.76914 -0.18548 0.01045
v -0.76914 -0.18548 0.01045
v -0.76914 -0.18548 0.01045
v -0.76914 -0.18548 0.01045
v -0.76914 -0.18548 0.01045
v -0.73245 -0.14348 0.02237
v -0.73245 -0.14348 0.02237
v -0.73245 -0.14348 0.02237
v -0.73245 -0.14348 0.02237
v -0.76405 -0.16856 -0.01029
v -0.76405 -0.16856 -0.01029
v -0.76405 -0.16856 -0.01029
v -0.76405 -0.16856 -0.01029
v -0.76405 -0.16856 -0.01029
v -0.76405 -0.16856 -0.01029
v -0.76405 -0.16856 -0.01029
v -0.73277 -0.14360 -0.02242
v -0.73277 -0.14360 -0.02242
v -0.73277 -0.14360 -0.02242
v -0.73277 -0.14360 -0.02242
v -0.73277 -0.14360 -0.02242
v -0.76447 -0.19233 -0.01094
v -0.76447 -0.19233 -0.01094
v -0.76447 -0.19233 -0.01094
v -0.76447 -0.19233 -0.01094
v -0.76447 -0.19233 -0.01094
v -0.75478 -0.18194 -0.01084
v -0.75478 -0.18194 -0.01084
v -0.75478 -0.18194 -0.01084
v -0.75478 -0.18194 -0.01084
v -0.75478 -0.18194 -0.01084
v -0.75478 -0.18194 -0.01084
v -0.75478 -0.18194 -0.01084
v -0.75478 -0.18194 -0.01084
v -0.76161 -0.16960 0.00520
v -0.76161 -0.16960 0.00520
v -0.76161 -0.16960 0.00520
v -0.76161 -0.16960 0.00520
v -0.76161 -0.16960 0.00520
v -0.76476 -0.17339 -0.01044
v -0.76476 -0.17339 -0.01044
v -0.76476 -0.17339 -0.01044
v -0.76476 -0.17339 -0.01044
v -0.76476 -0.17339 -0.01044
v -0.76357 -0.16942 -0.00546
v -0.76357 -0.16942 -0.00546
v -0.76357 -0.16942 -0.00546
v -0.76357 -0.16942 -0.00546
v -0.75229 -0.18338 0.00860
v -0.75229 -0.18338 0.00860
v -0.75229 -0.18338 0.00860
v -0.75229 -0.18338 0.00860
v -0.75229 -0.18338 0.00860
v -0.73483 -0.16508 -0.02123
v -0.73483 -0.16508 -0.02123
v -0.73483 -0.16508 -0.02123
v -0.73483 -0.16508 -0.02123
v -0.73483 -0.16508 -0.02123
v -0.75610 -0.19490 0.00935
v -0.75610 -0.19490 0.00935
v -0.75610 -0.19490 0.00935
v -0.75610 -0.19490 0.00935
v -0.75610 -0.19490 0.00935
v -0.75553 -0.16665 0.01139
v -0.75553 -0.16665 0.01139
v -0.75553 -0.16665 0.01139
v -0.75553 -0.16665 0.01139
v -0.76066 -0.17020 -0.00661
v -0.76066 -0.17020 -0.00661
v -0.76066 -0.17020 -0.00661
v -0.75582 -0.16900 -0.01063
v -0.75582 -0.16900 -0.01063
v -0.75582 -0.16900 -0.01063
v -0.75597 -0.17572 -0.00872
v -0.75597 -0.17572 -0.00872
v -0.75597 -0.17572 -0.00872
v -0.75597 -0.17572 -0.00872
v -0.75597 -0.17572 -0.00872
v -0.75597 -0.17572 -0.00872
v -0.75597 -0.17572 -0.00872
v -0.75183 -0.19602 -0.00986
v -0.75183 -0.19602 -0.00986
v -0.75183 -0.19602 -0.00986
v -0.75426 -0.17650 0.00693
v -0.75426 -0.17650 0.00693
v -0.75426 -0.17650 0.00693
v -0.75426 -0.17650 0.00693
v -0.75426 -0.17650 0.00693
v -0.75426 -0.17650 0.00693
v -0.75230 -0.17980 0.00244
v -0.75230 -0.17980 0.00244
v -0.75230 -0.17980 0.00244
v -0.75155 -0.18004 -0.00521
v -0.75155 -0.18004 -0.00521
v -0.75155 -0.18004 -0.00521
v -0.74658 -0.17882 -0.00663
v -0.74658 -0.17882 -0.00663
v -0.74658 -0.17882 -0.00663
v -0.74658 -0.17882 -0.00663
v -0.74658 -0.17882 -0.00663
v -0.74658 -0.17882 -0.00663
v -0.74658 -0.17882 -0.00663
v -0.74653 -0.17890 0.00280
v -0.74653 -0.17890 0.00280
v -0.74653 -0.17890 0.00280
v -0.74653 -0.17890 0.00280
v -0.74653 -0.17890 0.00280
v -0.74653 -0.17890 0.00280
v -0.74653 -0.17890 0.00280
v -0.74541 -0.16711 -0.01124
v -0.74541 -0.16711 -0.01124
v -0.74541 -0.16711 -0.01124
v -0.74541 -0.16711 -0.01124
v -0.74541 -0.16711 -0.01124
v -0.74541 -0.16711 -0.01124
v -0.74541 -0.16711 -0.01124
v -0.73067 -0.18003 0.01216
v -0.73067 -0.18003 0.01216
v -0.73067 -0.18003 0.01216
v -0.73067 -0.18003 0.01216
v -0.73067 -0.18003 0.01216
v -0.73067 -0.18003 0.01216
v -0.74335 -0.19425 0.00928
v -0.74335 -0.19425 0.00928
v -0.74335 -0.19425 0.00928
v -0.75005 -0.17414 0.00863
v -0.75005 -0.17414 0.00863
v -0.75005 -0.17414 0.00863
v -0.74486 -0.16805 0.00838
v -0.74486 -0.16805 0.00838
v -0.74486 -0.16805 0.00838
v -0.74486 -0.16805 0.00838
v -0.74486 -0.16805 0.00838
v -0.74486 -0.16805 0.00838
v -0.74045 -0.16675 0.01069
v -0.74045 -0.16675 0.01069
v -0.74045 -0.16675 0.01069
v -0.74045 -0.16675 0.01069
v -0.74045 -0.16675 0.01069
v -0.74045 -0.16675 0.01069
v -0.73812 -0.19214 -0.01086
v -0.73812 -0.19214 -0.01086
v -0.73812 -0.19214 -0.01086
v -0.73812 -0.19214 -0.01086
v -0.73812 -0.19214 -0.01086
v -0.74000 -0.17889 -0.01170
v -0.74000 -0.17889 -0.01170
v -0.74000 -0.17889 -0.01170
v -0.74000 -0.17889 -0.01170
v -0.74000 -0.17889 -0.01170
v -0.74219 -0.18081 0.00977
v -0.74219 -0.18081 0.00977
v -0.74219 -0.18081 0.00977
v -0.74219 -0.18081 0.00977
v -0.74219 -0.18081 0.00977
v -0.74322 -0.16832 0.00117
v -0.74322 -0.16832 0.00117
v -0.74322 -0.16832 0.00117
v -0.73074 -0.18230 -0.01269
v -0.73074 -0.18230 -0.01269
v -0.73074 -0.18230 -0.01269
v -0.73074 -0.18230 -0.01269
v -0.73820 -0.16691 -0.01065
v -0.73820 -0.16691 -0.01065
v -0.73820 -0.16691 -0.01065
v -0.73820 -0.16691 -0.01065
v -0.73820 -0.16691 -0.01065
v -0.73716 -0.17110 0.00944
v -0.73716 -0.17110 0.00944
v -0.73716 -0.17110 0.00944
v -0.73354 -0.16677 0.01111
v -0.73354 -0.16677 0.01111
v -0.73354 -0.16677 0.01111
v -0.73354 -0.16677 0.01111
v -0.73354 -0.16677 0.01111
v -0.72676 -0.18034 0.01094
v -0.72676 -0.18034 0.01094
v -0.72676 -0.18034 0.01094
v -0.72676 -0.18034 0.01094
v -0.73308 -0.16753 -0.01288
v -0.73308 -0.16753 -0.01288
v -0.73308 -0.16753 -0.01288
v -0.73308 -0.16753 -0.01288
v -0.73082 -0.17864 -0.01538
v -0.73082 -0.17864 -0.01538
v -0.73082 -0.17864 -0.01538
v -0.73082 -0.17864 -0.01538
v -0.73082 -0.17864 -0.01538
v -0.73082 -0.17864 -0.01538
v -0.73082 -0.17864 -0.01538
v -0.73144 -0.16677 -0.02443
v -0.73144 -0.16677 -0.02443
v -0.73144 -0.16677 -0.02443
v -0.73144 -0.16677 -0.02443
v -0.73144 -0.16677 -0.02443
v -0.72491 -0.18085 -0.01044
v -0.72491 -0.18085 -0.01044
v -0.72491 -0.18085 -0.01044
v -0.72491 -0.18085 -0.01044
v -0.73192 -0.13405 0.09053
v -0.73192 -0.13405 0.09053
v -0.73192 -0.13405 0.09053
v -0.73192 -0.13405 0.09053
v -0.73192 -0.13405 0.09053
v -0.73192 -0.13405 0.09053
v -0.73148 -0.13347 -0.09346
v -0.73148 -0.13347 -0.09346
v -0.73148 -0.13347 -0.09346
v -0.73148 -0.13347 -0.09346
v -0.73148 -0.13347 -0.09346
v -0.73148 -0.13347 -0.09346
v -0.73148 -0.13347 -0.09346
v -0.73083 -0.17850 0.02981
v -0.73083 -0.17850 0.02981
v -0.73083 -0.17850 0.02981
v -0.73084 -0.17862 -0.09175
v -0.73084 -0.17862 -0.09175
v -0.73084 -0.17862 -0.09175
v -0.73084 -0.17862 -0.09175
v -0.73084 -0.17862 -0.09175
v -0.73084 -0.17862 -0.09175
v -0.73091 -0.17876 0.08978
v -0.73091 -0.17876 0.08978
v -0.73091 -0.17876 0.08978
v -0.66215 -0.19661 0.09629
v -0.68636 -0.13081 -0.11411
v -0.68636 -0.13081 -0.11411
v -0.68636 -0.13081 -0.11411
v -0.64962 -0.19993 -0.09927
v -0.64962 -0.19993 -0.09927
v -0.64962 -0.19993 -0.09927
v -0.64962 -0.19993 -0.09927
v -0.64962 -0.19993 -0.09927
v -0.71751 -0.17887 -0.09858
v -0.71751 -0.17887 -0.09858
v -0.71191 -0.12492 -0.09650
v -0.71191 -0.12492 -0.09650
v -0.71191 -0.12492 -0.09650
v -0.71191 -0.12492 -0.09650
v -0.71209 -0.13260 0.10068
v -0.71209 -0.13260 0.10068
v -0.71209 -0.13260 0.10068
v -0.71209 -0.13260 0.10068
v -0.65900 -0.17708 0.12586
v -0.65900 -0.17708 0.12586
v -0.65900 -0.17708 0.12586
v -0.70622 -0.12035 0.09228
v -0.70622 -0.12035 0.09228
v -0.70622 -0.12035 0.09228
v -0.70622 -0.12035 0.09228
v -0.69427 -0.17760 -0.11029
v -0.69427 -0.17760 -0.11029
v -0.69427 -0.17760 -0.11029
v -0.69427 -0.17760 -0.11029
v -0.69063 -0.13072 0.11033
v -0.61450 -0.20899 0.09813
v -0.61450 -0.20899 0.09813
v -0.61450 -0.20899 0.09813
v -0.60797 -0.12820 0.15110
v -0.60797 -0.12820 0.15110
v -0.60797 -0.12820 0.15110
v -0.65903 -0.17709 -0.12774
v -0.65903 -0.17709 -0.12774
v -0.65903 -0.17709 -0.12774
v -0.59597 -0.07763 0.14036
v -0.59597 -0.07763 0.14036
v -0.59597 -0.07763 0.14036
v -0.59724 -0.08996 0.15156
v -0.59724 -0.08996 0.15156
v -0.59724 -0.08996 0.15156
v -0.59724 -0.08996 0.15156
v -0.59724 -0.08996 0.15156
v -0.63096 -0.07628 0.00717
v -0.63096 -0.07628 0.00717
v -0.63096 -0.07628 0.00717
v -0.63096 -0.07628 0.00717
v -0.63144 -0.07655 -0.07604
v -0.63144 -0.07655 -0.07604
v -0.63144 -0.07655 -0.07604
v -0.63144 -0.07655 -0.07604
v -0.63230 -0.17728 -0.13978
v -0.63230 -0.17728 -0.13978
v -0.61638 -0.17722 0.14562
v -0.61638 -0.17722 0.14562
v -0.61638 -0.17722 0.14562
v -0.61638 -0.17722 0.14562
v -0.63297 -0.07913 -0.08791
v -0.63297 -0.07913 -0.08791
v -0.62007 -0.07864 -0.11437
v -0.62007 -0.07864 -0.11437
v -0.59503 -0.08744 -0.15327
v -0.59503 -0.08744 -0.15327
v -0.59503 -0.08744 -0.15327
v -0.59503 -0.08744 -0.15327
v -0.60703 -0.12962 -0.15308
v -0.63128 -0.07676 0.08009
v -0.63128 -0.07676 0.08009
v -0.63128 -0.07676 0.08009
v -0.63128 -0.07676 0.08009
v -0.62151 -0.07710 0.10500
v -0.62151 -0.07710 0.10500
v -0.62151 -0.07710 0.10500
v -0.62151 -0.07710 0.10500
v -0.62937 -0.07440 0.06927
v -0.62937 -0.07440 0.06927
v -0.61641 -0.17725 -0.14728
v -0.61641 -0.17725 -0.14728
v -0.61641 -0.17725 -0.14728
v -0.61641 -0.17725 -0.14728
v -0.61641 -0.17725 -0.14728
v -0.61593 -0.20832 -0.10283
v -0.61593 -0.20832 -0.10283
v -0.62889 -0.07270 -0.00488
v -0.60976 -0.05359 -0.00736
v -0.55536 0.01079 0.09127
v -0.55536 0.01079 0.09127
v -0.55536 0.01079 0.09127
v -0.55536 0.01079 0.09127
v -0.55536 0.01079 0.09127
v -0.55536 0.01079 0.09127
v -0.60045 -0.08090 -0.14025
v -0.60257 -0.04271 -0.07755
v -0.60257 -0.04271 -0.07755
v -0.59231 -0.03400 -0.07619
v -0.59231 -0.03400 -0.07619
v -0.59231 -0.03400 -0.07619
v -0.59231 -0.03400 -0.07619
v -0.59415 -0.03605 0.00541
v -0.54373 -0.17716 -0.14759
v -0.54373 -0.17716 -0.14759
v -0.54373 -0.17716 -0.14759
v -0.54373 -0.17716 -0.14759
v -0.54373 -0.17716 -0.14759
v -0.59654 -0.03554 0.07636
v -0.59654 -0.03554 0.07636
v -0.59654 -0.03554 0.07636
v -0.59654 -0.03554 0.07636
v -0.59654 -0.03554 0.07636
v -0.60786 -0.05158 0.07258
v -0.60786 -0.05158 0.07258
v -0.60786 -0.05158 0.07258
v -0.57101 -0.00734 0.00093
v -0.57101 -0.00734 0.00093
v -0.57101 -0.00734 0.00093
v -0.57831 -0.06374 -0.15027
v -0.57831 -0.06374 -0.15027
v -0.57831 -0.06374 -0.15027
v -0.57831 -0.06374 -0.15027
v -0.57831 -0.06374 -0.15027
v -0.56171 -0.03805 -0.14562
v -0.56171 -0.03805 -0.14562
v -0.56171 -0.03805 -0.14562
v -0.55588 0.01067 -0.09164
v -0.55588 0.01067 -0.09164
v -0.55588 0.01067 -0.09164
v -0.55588 0.01067 -0.09164
v -0.55588 0.01067 -0.09164
v -0.55588 0.01067 -0.09164
v -0.55588 0.01067 -0.09164
v -0.57668 -0.05941 0.14742
v -0.57668 -0.05941 0.14742
v -0.57668 -0.05941 0.14742
v -0.57668 -0.05941 0.14742
v -0.57668 -0.05941 0.14742
v -0.58652 -0.02404 -0.07993
v -0.58652 -0.02404 -0.07993
v -0.58652 -0.02404 -0.07993
v -0.58652 -0.02404 -0.07993
v -0.58528 -0.07959 -0.15290
v -0.58528 -0.07959 -0.15290
v -0.57887 -0.01812 0.07622
v -0.57887 -0.01812 0.07622
v -0.57887 -0.01812 0.07622
v -0.57887 -0.01812 0.07622
v -0.53167 0.00542 -0.13789
v -0.53167 0.00542 -0.13789
v -0.53167 0.00542 -0.13789
v -0.53167 0.00542 -0.13789
v -0.57594 -0.01321 -0.07956
v -0.57438 -0.07280 -0.14915
v -0.57438 -0.07280 -0.14915
v -0.57438 -0.07280 -0.14915
v -0.57438 -0.07280 -0.14915
v -0.57438 -0.07280 -0.14915
v -0.57941 -0.08425 0.14901
v -0.57941 -0.08425 0.14901
v -0.57941 -0.08425 0.14901
v -0.57941 -0.08425 0.14901
v -0.57375 -0.06462 0.14909
v -0.57375 -0.06462 0.14909
v -0.57375 -0.06462 0.14909
v -0.57375 -0.06462 0.14909
v -0.56516 -0.05364 -0.14866
v -0.56516 -0.05364 -0.14866
v -0.56516 -0.05364 -0.14866
v -0.54338 -0.17253 0.14661
v -0.54338 -0.17253 0.14661
v -0.54338 -0.17253 0.14661
v -0.54338 -0.17253 0.14661
v -0.56872 -0.00681 0.07669
v -0.56468 -0.00165 0.00562
v -0.56468 -0.00165 0.00562
v -0.56468 -0.00165 0.00562
v -0.56075 0.00487 0.08115
v -0.55676 -0.04684 0.14344
v -0.55676 -0.04684 0.14344
v -0.55676 -0.04684 0.14344
v -0.56387 0.00025 -0.07966
v -0.48474 -0.12032 0.15302
v -0.48474 -0.12032 0.15302
v -0.48474 -0.12032 0.15302
v -0.48474 -0.12032 0.15302
v -0.48474 -0.12032 0.15302
v -0.48474 -0.12032 0.15302
v -0.48474 -0.12032 0.15302
v -0.48474 -0.12032 0.15302
v -0.47684 -0.08718 0.15276
v -0.47684 -0.08718 0.15276
v -0.47684 -0.08718 0.15276
v -0.47684 -0.08718 0.15276
v -0.47684 -0.08718 0.15276
v -0.47684 -0.08718 0.15276
v -0.56334 -0.16995 0.18991
v -0.56334 -0.16995 0.18991
v -0.56334 -0.16995 0.18991
v -0.56300 -0.14419 0.18962
v -0.56300 -0.14419 0.18962
v -0.56300 -0.14419 0.18962
v -0.56300 -0.14419 0.18962
v -0.56300 -0.14419 0.18962
v -0.54312 -0.17136 0.17699
v -0.54312 -0.17136 0.17699
v -0.54312 -0.17136 0.17699
v -0.54312 -0.17136 0.17699
v -0.54312 -0.17136 0.17699
v -0.54312 -0.17136 0.17699
v -0.56295 -0.14305 -0.19149
v -0.56295 -0.14305 -0.19149
v -0.56295 -0.14305 -0.19149
v -0.56295 -0.14305 -0.19149
v -0.53995 -0.14308 -0.23394
v -0.53995 -0.14308 -0.23394
v -0.53995 -0.14308 -0.23394
v -0.53995 -0.14308 -0.23394
v -0.53995 -0.14308 -0.23394
v -0.56337 -0.16982 -0.19153
v -0.56337 -0.16982 -0.19153
v -0.56337 -0.16982 -0.19153
v -0.56337 -0.16982 -0.19153
v -0.55528 -0.04006 -0.14678
v -0.55528 -0.04006 -0.14678
v -0.44601 -0.17736 -0.14772
v -0.44601 -0.17736 -0.14772
v -0.44601 -0.17736 -0.14772
v -0.44601 -0.17736 -0.14772
v -0.44601 -0.17736 -0.14772
v -0.44601 -0.17736 -0.14772
v -0.44601 -0.17736 -0.14772
v -0.44601 -0.17736 -0.14772
v -0.55144 -0.04191 -0.14443
v -0.54131 -0.14547 -0.17777
v -0.54131 -0.14547 -0.17777
v -0.54131 -0.14547 -0.17777
v -0.54131 -0.14547 -0.17777
v -0.54131 -0.14547 -0.17777
v -0.48650 -0.12022 -0.15469
v -0.48650 -0.12022 -0.15469
v -0.48650 -0.12022 -0.15469
v -0.48650 -0.12022 -0.15469
v -0.48650 -0.12022 -0.15469
v -0.48650 -0.12022 -0.15469
v -0.54540 -0.02580 0.14279
v -0.54540 -0.02580 0.14279
v -0.54409 -0.01226 0.14005
v -0.54409 -0.01226 0.14005
v -0.54409 -0.01226 0.14005
v -0.54409 -0.01226 0.14005
v -0.54409 -0.01226 0.14005
v -0.54970 0.00043 0.11360
v -0.54970 0.00043 0.11360
v -0.48091 -0.08542 0.15042
v -0.48091 -0.08542 0.15042
v -0.48091 -0.08542 0.15042
v -0.54741 -0.14346 0.19029
v -0.54741 -0.14346 0.19029
v -0.54741 -0.14346 0.19029
v -0.54741 -0.14346 0.19029
v -0.54741 -0.14346 0.19029
v -0.54741 -0.14346 0.19029
v -0.54741 -0.14346 0.19029
v -0.54741 -0.14346 0.19029
v -0.54480 -0.14353 0.17808
v -0.54480 -0.14353 0.17808
v -0.54480 -0.14353 0.17808
v -0.54718 -0.14383 -0.19313
v -0.54718 -0.14383 -0.19313
v -0.54718 -0.14383 -0.19313
v -0.54718 -0.14383 -0.19313
v -0.54718 -0.14383 -0.19313
v -0.54718 -0.14383 -0.19313
v -0.54718 -0.14383 -0.19313
v -0.54117 -0.15742 -0.17678
v -0.54117 -0.15742 -0.17678
v -0.54117 -0.15742 -0.17678
v -0.54117 -0.15742 -0.17678
v -0.54117 -0.15742 -0.17678
v -0.54117 -0.15742 -0.17678
v -0.54117 -0.15742 -0.17678
v -0.53974 -0.17074 -0.23413
v -0.53974 -0.17074 -0.23413
v -0.53974 -0.17074 -0.23413
v -0.53974 -0.17074 -0.23413
v -0.54273 -0.17132 -0.17790
v -0.54273 -0.17132 -0.17790
v -0.54273 -0.17132 -0.17790
v -0.54273 -0.17132 -0.17790
v -0.54273 -0.17132 -0.17790
v -0.54273 -0.17132 -0.17790
v -0.54273 -0.17132 -0.17790
v -0.54127 -0.15726 0.14915
v -0.54127 -0.15726 0.14915
v -0.54127 -0.15726 0.14915
v -0.54127 -0.15726 0.14915
v -0.54127 -0.15726 0.14915
v -0.54127 -0.15726 0.14915
v -0.47736 -0.08023 -0.15147
v -0.47736 -0.08023 -0.15147
v -0.47736 -0.08023 -0.15147
v -0.47736 -0.08023 -0.15147
v -0.47530 -0.08772 -0.15494
v -0.47530 -0.08772 -0.15494
v -0.47530 -0.08772 -0.15494
v -0.53878 -0.02188 0.13926
v -0.53878 -0.02188 0.13926
v -0.54036 -0.01794 -0.14350
v -0.54036 -0.01794 -0.14350
v -0.54003 -0.14299 0.23202
v -0.54003 -0.14299 0.23202
v -0.54003 -0.14299 0.23202
v -0.54003 -0.14299 0.23202
v -0.54003 -0.14299 0.23202
v -0.54136 -0.15528 0.17583
v -0.54136 -0.15528 0.17583
v -0.54136 -0.15528 0.17583
v -0.54136 -0.15528 0.17583
v -0.54136 -0.15528 0.17583
v -0.54295 -0.15735 -0.15095
v -0.54295 -0.15735 -0.15095
v -0.54295 -0.15735 -0.15095
v -0.54295 -0.15735 -0.15095
v -0.54295 -0.15735 -0.15095
v -0.54295 -0.15735 -0.15095
v -0.54295 -0.15735 -0.15095
v -0.54194 -0.00160 0.12716
v -0.54000 -0.02224 -0.14206
v -0.54000 -0.02224 -0.14206
v -0.53922 -0.15311 0.20543
v -0.53922 -0.15311 0.20543
v -0.53922 -0.15311 0.20543
v -0.53922 -0.15311 0.20543
v -0.54739 -0.15250 0.19039
v -0.54739 -0.15250 0.19039
v -0.54739 -0.15250 0.19039
v -0.54739 -0.15250 0.19039
v -0.53574 -0.14459 0.18166
v -0.53574 -0.14459 0.18166
v -0.53574 -0.14459 0.18166
v -0.53574 -0.14459 0.18166
v -0.54001 -0.17066 0.23193
v -0.54001 -0.17066 0.23193
v -0.54001 -0.17066 0.23193
v -0.54001 -0.17066 0.23193
v -0.53539 0.00213 0.13580
v -0.53539 0.00213 0.13580
v -0.53539 0.00213 0.13580
v -0.54713 -0.15277 -0.19275
v -0.54713 -0.15277 -0.19275
v -0.54713 -0.15277 -0.19275
v -0.54129 -0.15278 -0.20542
v -0.54129 -0.15278 -0.20542
v -0.54129 -0.15278 -0.20542
v -0.53598 -0.15285 0.18399
v -0.53598 -0.15285 0.18399
v -0.53598 -0.15285 0.18399
v -0.53598 -0.15285 0.18399
v -0.53598 -0.15285 0.18399
v -0.53598 -0.15285 0.18399
v -0.53598 -0.15285 0.18399
v -0.53598 -0.15285 0.18399
v -0.54158 -0.16985 0.14900
v -0.54158 -0.16985 0.14900
v -0.54158 -0.16985 0.14900
v -0.54158 -0.16985 0.14900
v -0.54158 -0.16985 0.14900
v -0.53015 -0.14320 0.22191
v -0.53015 -0.14320 0.22191
v -0.53015 -0.14320 0.22191
v -0.53015 -0.14320 0.22191
v -0.53599 -0.15347 -0.18312
v -0.53599 -0.15347 -0.18312
v -0.53599 -0.15347 -0.18312
v -0.53599 -0.15347 -0.18312
v -0.53599 -0.15347 -0.18312
v -0.53599 -0.15347 -0.18312
v -0.53599 -0.15347 -0.18312
v -0.53599 -0.15347 -0.18312
v -0.53582 -0.14458 -0.18355
v -0.53582 -0.14458 -0.18355
v -0.53582 -0.14458 -0.18355
v -0.54339 -0.15398 0.19229
v -0.54339 -0.15398 0.19229
v -0.54339 -0.15398 0.19229
v -0.54136 -0.16958 -0.15205
v -0.54136 -0.16958 -0.15205
v -0.54136 -0.16958 -0.15205
v -0.54136 -0.16958 -0.15205
v -0.54069 -0.15837 0.17305
v -0.54069 -0.15837 0.17305
v -0.54069 -0.15837 0.17305
v -0.54069 -0.15837 0.17305
v -0.54069 -0.15837 0.17305
v -0.54069 -0.15837 0.17305
v -0.54069 -0.15837 0.17305
v -0.53874 -0.14428 0.17773
v -0.53874 -0.14428 0.17773
v -0.53874 -0.14428 0.17773
v -0.53874 -0.14428 0.17773
v -0.52754 -0.14316 -0.22456
v -0.52754 -0.14316 -0.22456
v -0.52754 -0.14316 -0.22456
v -0.52754 -0.14316 -0.22456
v -0.52754 -0.14316 -0.22456
v -0.53135 -0.15281 0.22112
v -0.53135 -0.15281 0.22112
v -0.53135 -0.15281 0.22112
v -0.53135 -0.15281 0.22112
v -0.53135 -0.15281 0.22112
v -0.53135 -0.15281 0.22112
v -0.52904 -0.00747 0.13760
v -0.52904 -0.00747 0.13760
v -0.52904 -0.00747 0.13760
v -0.52904 -0.00747 0.13760
v -0.52904 -0.00747 0.13760
v -0.53357 -0.15284 -0.21912
v -0.53357 -0.15284 -0.21912
v -0.53357 -0.15284 -0.21912
v -0.53722 -0.15661 0.17841
v -0.53722 -0.15661 0.17841
v -0.53722 -0.15661 0.17841
v -0.53722 -0.15661 0.17841
v -0.53722 -0.15661 0.17841
v -0.48086 -0.14299 0.23213
v -0.48086 -0.14299 0.23213
v -0.48086 -0.14299 0.23213
v -0.48076 -0.17145 -0.23400
v -0.48076 -0.17145 -0.23400
v -0.48076 -0.17145 -0.23400
v -0.52790 -0.00881 -0.13922
v -0.52790 -0.00881 -0.13922
v -0.52790 -0.00881 -0.13922
v -0.52790 -0.00881 -0.13922
v -0.52748 0.00828 0.13574
v -0.52748 0.00828 0.13574
v -0.52748 0.00828 0.13574
v -0.52748 0.00828 0.13574
v -0.52748 0.00828 0.13574
v -0.52748 0.00828 0.13574
v -0.53353 -0.15697 -0.18212
v -0.53353 -0.15697 -0.18212
v -0.53353 -0.15697 -0.18212
v -0.53353 -0.15697 -0.18212
v -0.52932 -0.15305 -0.22300
v -0.52932 -0.15305 -0.22300
v -0.52932 -0.15305 -0.22300
v -0.52932 -0.15305 -0.22300
v -0.52520 0.00920 -0.13630
v -0.52520 0.00920 -0.13630
v -0.52520 0.00920 -0.13630
v -0.52520 0.00920 -0.13630
v -0.52520 0.00920 -0.13630
v -0.50151 -0.17067 -0.14999
v -0.50151 -0.17067 -0.14999
v -0.50151 -0.17067 -0.14999
v -0.50151 -0.17067 -0.14999
v -0.48862 -0.15858 0.15321
v -0.48862 -0.15858 0.15321
v -0.48862 -0.15858 0.15321
v -0.48127 -0.00704 0.13802
v -0.48127 -0.00704 0.13802
v -0.48127 -0.00704 0.13802
v -0.47905 -0.17044 0.14710
v -0.47905 -0.17044 0.14710
v -0.47905 -0.17044 0.14710
v -0.47905 -0.17044 0.14710
v -0.47905 -0.17044 0.14710
v -0.48874 -0.15860 -0.17075
v -0.48874 -0.15860 -0.17075
v -0.48769 -0.13392 0.15099
v -0.48769 -0.13392 0.15099
v -0.48769 -0.13392 0.15099
v -0.48095 -0.00705 -0.14006
v -0.48095 -0.00705 -0.14006
v -0.48095 -0.00705 -0.14006
v -0.49703 -0.15769 0.17797
v -0.49703 -0.15769 0.17797
v -0.49703 -0.15769 0.17797
v -0.49318 -0.15313 -0.22109
v -0.49318 -0.15313 -0.22109
v -0.49318 -0.15313 -0.22109
v -0.49318 -0.15313 -0.22109
v -0.42643 -0.17815 0.14497
v -0.42643 -0.17815 0.14497
v -0.42643 -0.17815 0.14497
v -0.42643 -0.17815 0.14497
v -0.42643 -0.17815 0.14497
v -0.42643 -0.17815 0.14497
v -0.42643 -0.17815 0.14497
v -0.49257 -0.14323 0.22149
v -0.49257 -0.14323 0.22149
v -0.49257 -0.14323 0.22149
v -0.49257 -0.14323 0.22149
v -0.48066 -0.16998 0.16786
v -0.48066 -0.16998 0.16786
v -0.48066 -0.16998 0.16786
v -0.48066 -0.16998 0.16786
v -0.48066 -0.16998 0.16786
v -0.48066 -0.16998 0.16786
v -0.48066 -0.16998 0.16786
v -0.49656 -0.15308 -0.22317
v -0.49656 -0.15308 -0.22317
v -0.49656 -0.15308 -0.22317
v -0.49216 -0.15387 -0.18269
v -0.49216 -0.15387 -0.18269
v -0.49216 -0.15387 -0.18269
v -0.49216 -0.15387 -0.18269
v -0.49216 -0.15387 -0.18269
v -0.49216 -0.15387 -0.18269
v -0.49216 -0.15387 -0.18269
v -0.48084 -0.17143 0.23230
v -0.48084 -0.17143 0.23230
v -0.48084 -0.17143 0.23230
v -0.48084 -0.17143 0.23230
v -0.45214 -0.00847 -0.14354
v -0.45214 -0.00847 -0.14354
v -0.45214 -0.00847 -0.14354
v -0.45214 -0.00847 -0.14354
v -0.45214 -0.00847 -0.14354
v -0.49490 -0.15729 -0.17980
v -0.49490 -0.15729 -0.17980
v -0.49490 -0.15729 -0.17980
v -0.47813 0.03445 -0.08154
v -0.47813 0.03445 -0.08154
v -0.47813 0.03445 -0.08154
v -0.49311 -0.15290 0.22091
v -0.49311 -0.15290 0.22091
v -0.49311 -0.15290 0.22091
v -0.49311 -0.15290 0.22091
v -0.49311 -0.15290 0.22091
v -0.49305 -0.15519 0.18033
v -0.49305 -0.15519 0.18033
v -0.49305 -0.15519 0.18033
v -0.49305 -0.15519 0.18033
v -0.49305 -0.15519 0.18033
v -0.48753 -0.15650 -0.15162
v -0.48753 -0.15650 -0.15162
v -0.48753 -0.15650 -0.15162
v -0.48753 -0.15650 -0.15162
v -0.48013 0.03438 0.07885
v -0.48013 0.03438 0.07885
v -0.47884 0.03592 -0.00234
v -0.47884 0.03592 -0.00234
v -0.47884 0.03592 -0.00234
v -0.47884 0.03592 -0.00234
v -0.47884 0.03592 -0.00234
v -0.47884 0.03592 -0.00234
v -0.48088 -0.14314 -0.23390
v -0.48088 -0.14314 -0.23390
v -0.48088 -0.14314 -0.23390
v -0.48088 -0.14314 -0.23390
v -0.48088 -0.14314 -0.23390
v -0.48074 -0.17106 -0.17552
v -0.48074 -0.17106 -0.17552
v -0.48074 -0.17106 -0.17552
v -0.48074 -0.17106 -0.17552
v -0.48074 -0.17106 -0.17552
v -0.48074 -0.17106 -0.17552
v -0.49069 -0.15869 0.17077
v -0.49069 -0.15869 0.17077
v -0.49069 -0.15869 0.17077
v -0.49069 -0.15869 0.17077
v -0.47761 -0.00268 0.13949
v -0.47761 -0.00268 0.13949
v -0.49240 -0.14313 -0.22367
v -0.49240 -0.14313 -0.22367
v -0.49240 -0.14313 -0.22367
v -0.49240 -0.14313 -0.22367
v -0.48827 -0.15607 0.14917
v -0.48827 -0.15607 0.14917
v -0.48827 -0.15607 0.14917
v -0.48827 -0.15607 0.14917
v -0.47910 -0.17042 -0.14918
v -0.47910 -0.17042 -0.14918
v -0.47910 -0.17042 -0.14918
v -0.47910 -0.17042 -0.14918
v -0.47910 -0.17042 -0.14918
v -0.47288 0.03597 -0.01024
v -0.47288 0.03597 -0.01024
v -0.47288 0.03597 -0.01024
v -0.47288 0.03597 -0.01024
v -0.47288 0.03597 -0.01024
v -0.47288 0.03597 -0.01024
v -0.48866 -0.15679 -0.17476
v -0.48866 -0.15679 -0.17476
v -0.48866 -0.15679 -0.17476
v -0.48866 -0.15679 -0.17476
v -0.48960 -0.15513 0.17427
v -0.48960 -0.15513 0.17427
v -0.48960 -0.15513 0.17427
v -0.48960 -0.15513 0.17427
v -0.48960 -0.15513 0.17427
v -0.48960 -0.15513 0.17427
v -0.48968 -0.14354 0.17560
v -0.48968 -0.14354 0.17560
v -0.48968 -0.14354 0.17560
v -0.49074 -0.14440 -0.17785
v -0.49074 -0.14440 -0.17785
v -0.49074 -0.14440 -0.17785
v -0.49074 -0.14440 -0.17785
v -0.47776 -0.02451 -0.14385
v -0.47776 -0.02451 -0.14385
v -0.47776 -0.02451 -0.14385
v -0.47834 -0.05384 0.14634
v -0.47834 -0.05384 0.14634
v -0.47834 -0.05384 0.14634
v -0.47834 -0.05384 0.14634
v -0.48409 -0.14443 -0.17267
v -0.48409 -0.14443 -0.17267
v -0.48409 -0.14443 -0.17267
v -0.48205 -0.14464 0.17083
v -0.48205 -0.14464 0.17083
v -0.48205 -0.14464 0.17083
v -0.48488 -0.15491 0.16191
v -0.48488 -0.15491 0.16191
v -0.48488 -0.15491 0.16191
v -0.48488 -0.15491 0.16191
v -0.48488 -0.15491 0.16191
v -0.48488 -0.15491 0.16191
v -0.48524 -0.15528 0.15299
v -0.48524 -0.15528 0.15299
v -0.48524 -0.15528 0.15299
v -0.48524 -0.15528 0.15299
v -0.48524 -0.15528 0.15299
v -0.48630 -0.15756 -0.16447
v -0.48630 -0.15756 -0.16447
v -0.48630 -0.15756 -0.16447
v -0.48630 -0.15756 -0.16447
v -0.48630 -0.15756 -0.16447
v -0.48630 -0.15756 -0.16447
v -0.48630 -0.15756 -0.16447
v -0.48524 -0.15527 -0.15518
v -0.48524 -0.15527 -0.15518
v -0.48524 -0.15527 -0.15518
v -0.48524 -0.15527 -0.15518
v -0.48067 -0.14432 -0.17360
v -0.48067 -0.14432 -0.17360
v -0.48067 -0.14432 -0.17360
v -0.48067 -0.14432 -0.17360
v -0.47770 -0.03683 0.14358
v -0.47770 -0.03683 0.14358
v -0.48100 -0.15860 -0.16968
v -0.48100 -0.15860 -0.16968
v -0.48100 -0.15860 -0.16968
v -0.48100 -0.15860 -0.16968
v -0.45029 0.03495 0.08080
v -0.45029 0.03495 0.08080
v -0.45029 0.03495 0.08080
v -0.45029 0.03495 0.08080
v -0.45029 0.03495 0.08080
v -0.45029 0.03495 0.08080
v -0.45029 0.03495 0.08080
v -0.45039 -0.09483 -0.15540
v -0.45039 -0.09483 -0.15540
v -0.45039 -0.09483 -0.15540
v -0.48520 -0.12164 -0.16363
v -0.48520 -0.12164 -0.16363
v -0.48520 -0.12164 -0.16363
v -0.48520 -0.12164 -0.16363
v -0.48490 -0.12183 0.16132
v -0.48490 -0.12183 0.16132
v -0.48490 -0.12183 0.16132
v -0.48116 -0.15754 -0.16478
v -0.48116 -0.15754 -0.16478
v -0.48116 -0.15754 -0.16478
v -0.46628 -0.12161 0.16174
v -0.46628 -0.12161 0.16174
v -0.46628 -0.12161 0.16174
v -0.46628 -0.12161 0.16174
v -0.46628 -0.12161 0.16174
v -0.46628 -0.12161 0.16174
v -0.48157 0.04526 0.00966
v -0.48157 0.04526 0.00966
v -0.48157 0.04526 0.00966
v -0.48157 0.04526 0.00966
v -0.48129 0.05443 0.00929
v -0.48129 0.05443 0.00929
v -0.48129 0.05443 0.00929
v -0.48136 0.05436 -0.01100
v -0.48136 0.05436 -0.01100
v -0.48136 0.05436 -0.01100
v -0.48136 0.05436 -0.01100
v -0.48157 0.04530 -0.01135
v -0.48157 0.04530 -0.01135
v -0.48157 0.04530 -0.01135
v -0.48157 0.04530 -0.01135
v -0.48157 0.04530 -0.01135
v -0.48157 0.04530 -0.01135
v -0.47848 0.05673 -0.00827
v -0.47848 0.05673 -0.00827
v -0.47848 0.05673 -0.00827
v -0.47848 0.05673 -0.00827
v -0.47722 0.04218 0.00056
v -0.47722 0.04218 0.00056
v -0.47692 0.05755 0.00684
v -0.47692 0.05755 0.00684
v -0.47692 0.05755 0.00684
v -0.47692 0.05755 0.00684
v -0.47692 0.05755 0.00684
v -0.47938 -0.16240 0.16258
v -0.47938 -0.16240 0.16258
v -0.47938 -0.16240 0.16258
v -0.47938 -0.16240 0.16258
v -0.47938 -0.16240 0.16258
v -0.47462 0.04222 0.00597
v -0.47462 0.04222 0.00597
v -0.47462 0.04222 0.00597
v -0.47694 0.03508 0.00878
v -0.47694 0.03508 0.00878
v -0.47694 0.03508 0.00878
v -0.47550 0.03686 0.00526
v -0.47550 0.03686 0.00526
v -0.47550 0.03686 0.00526
v -0.47550 0.03686 0.00526
v -0.47988 -0.16264 -0.16468
v -0.47988 -0.16264 -0.16468
v -0.47988 -0.16264 -0.16468
v -0.47988 -0.16264 -0.16468
v -0.47988 -0.16264 -0.16468
v -0.47988 -0.16264 -0.16468
v -0.47872 -0.16310 0.14955
v -0.47872 -0.16310 0.14955
v -0.47872 -0.16310 0.14955
v -0.47872 -0.16310 0.14955
v -0.46087 0.04544 0.01101
v -0.46087 0.04544 0.01101
v -0.46087 0.04544 0.01101
v -0.46087 0.04544 0.01101
v -0.46087 0.04544 0.01101
v -0.47853 -0.16295 -0.15155
v -0.47853 -0.16295 -0.15155
v -0.47853 -0.16295 -0.15155
v -0.47853 -0.16295 -0.15155
v -0.47853 -0.16295 -0.15155
v -0.47960 0.07301 -0.00188
v -0.47960 0.07301 -0.00188
v -0.47960 0.07301 -0.00188
v -0.47960 0.07301 -0.00188
v -0.47721 0.07548 0.00515
v -0.47721 0.07548 0.00515
v -0.47721 0.07548 0.00515
v -0.47721 0.07548 0.00515
v -0.47580 0.04311 -0.00740
v -0.47580 0.04311 -0.00740
v -0.47580 0.04311 -0.00740
v -0.47580 0.04311 -0.00740
v -0.47424 0.07581 -0.00885
v -0.47424 0.07581 -0.00885
v -0.47424 0.07581 -0.00885
v -0.47424 0.07581 -0.00885
v -0.47424 0.07581 -0.00885
v -0.47424 0.07581 -0.00885
v -0.46521 -0.12163 -0.15644
v -0.46521 -0.12163 -0.15644
v -0.46521 -0.12163 -0.15644
v -0.46521 -0.12163 -0.15644
v -0.46521 -0.12163 -0.15644
v -0.46521 -0.12163 -0.15644
v -0.47609 -0.06371 0.15067
v -0.47609 -0.06371 0.15067
v -0.47506 -0.02650 0.14510
v -0.47506 -0.02650 0.14510
v -0.47506 -0.02650 0.14510
v -0.47506 -0.02650 0.14510
v -0.47578 -0.04105 -0.14923
v -0.47578 -0.04105 -0.14923
v -0.47578 -0.04105 -0.14923
v -0.47578 -0.04105 -0.14923
v -0.47578 -0.04105 -0.14923
v -0.46889 -0.16097 -0.16333
v -0.46889 -0.16097 -0.16333
v -0.46889 -0.16097 -0.16333
v -0.46889 -0.16097 -0.16333
v -0.46554 -0.15858 -0.16323
v -0.46554 -0.15858 -0.16323
v -0.46554 -0.15858 -0.16323
v -0.46554 -0.15858 -0.16323
v -0.46554 -0.15858 -0.16323
v -0.46815 0.05927 -0.01147
v -0.46815 0.05927 -0.01147
v -0.46815 0.05927 -0.01147
v -0.46815 0.05927 -0.01147
v -0.46815 0.05927 -0.01147
v -0.46815 0.05927 -0.01147
v -0.46338 -0.16493 0.14706
v -0.46338 -0.16493 0.14706
v -0.46813 0.05919 0.00995
v -0.46813 0.05919 0.00995
v -0.46813 0.05919 0.00995
v -0.46813 0.05919 0.00995
v -0.46813 0.05919 0.00995
v -0.47002 0.07553 0.00897
v -0.47002 0.07553 0.00897
v -0.47002 0.07553 0.00897
v -0.47002 0.07553 0.00897
v -0.47002 0.07553 0.00897
v -0.44765 0.01109 0.13381
v -0.44765 0.01109 0.13381
v -0.44765 0.01109 0.13381
v -0.44765 0.01109 0.13381
v -0.45905 0.04676 -0.01127
v -0.45905 0.04676 -0.01127
v -0.45905 0.04676 -0.01127
v -0.45905 0.04676 -0.01127
v -0.46647 -0.12140 -0.16317
v -0.46647 -0.12140 -0.16317
v -0.46647 -0.12140 -0.16317
v -0.47002 0.04349 -0.01090
v -0.47002 0.04349 -0.01090
v -0.47002 0.04349 -0.01090
v -0.46659 -0.16095 0.16159
v -0.46659 -0.16095 0.16159
v -0.46659 -0.16095 0.16159
v -0.45678 -0.16492 -0.15044
v -0.45678 -0.16492 -0.15044
v -0.45678 -0.16492 -0.15044
v -0.45678 -0.16492 -0.15044
v -0.45678 -0.16492 -0.15044
v -0.46507 -0.16027 0.15112
v -0.46507 -0.16027 0.15112
v -0.46507 -0.16027 0.15112
v -0.46507 -0.16027 0.15112
v -0.46507 -0.16027 0.15112
v -0.46507 -0.16027 0.15112
v -0.45153 -0.08170 0.15297
v -0.46551 -0.16098 -0.15174
v -0.46551 -0.16098 -0.15174
v -0.46551 -0.16098 -0.15174
v -0.46551 -0.16098 -0.15174
v -0.46551 -0.16098 -0.15174
v -0.45112 -0.01464 0.14468
v -0.45112 -0.01464 0.14468
v -0.45112 -0.01464 0.14468
v -0.45112 -0.01464 0.14468
v -0.45112 -0.01464 0.14468
v -0.47292 0.03601 0.00835
v -0.47292 0.03601 0.00835
v -0.46355 0.03605 0.00913
v -0.46355 0.03605 0.00913
v -0.46355 0.03605 0.00913
v -0.46435 0.07578 -0.00918
v -0.46435 0.07578 -0.00918
v -0.46435 0.07578 -0.00918
v -0.46435 0.07578 -0.00918
v -0.45220 -0.01608 -0.14517
v -0.45220 -0.01608 -0.14517
v -0.45220 -0.01608 -0.14517
v -0.45220 -0.01608 -0.14517
v -0.45220 -0.01608 -0.14517
v -0.46384 0.04013 0.00805
v -0.46384 0.04013 0.00805
v -0.46384 0.04013 0.00805
v -0.46384 0.04013 0.00805
v -0.46384 0.04013 0.00805
v -0.46384 0.04013 0.00805
v -0.46384 0.04013 0.00805
v -0.45233 -0.00847 0.14133
v -0.45233 -0.00847 0.14133
v -0.46355 0.03630 -0.01094
v -0.46355 0.03630 -0.01094
v -0.46355 0.03630 -0.01094
v -0.46355 0.03630 -0.01094
v -0.46355 0.03630 -0.01094
v -0.46401 -0.12027 0.15298
v -0.46401 -0.12027 0.15298
v -0.46401 -0.12027 0.15298
v -0.46401 -0.12027 0.15298
v -0.44967 0.00668 0.13725
v -0.44967 0.00668 0.13725
v -0.44967 0.00668 0.13725
v -0.44967 0.00668 0.13725
v -0.44967 0.00668 0.13725
v -0.44967 0.00668 0.13725
v -0.46157 -0.11993 -0.15384
v -0.46157 -0.11993 -0.15384
v -0.46157 -0.11993 -0.15384
v -0.46157 -0.11993 -0.15384
v -0.46157 -0.11993 -0.15384
v -0.46090 0.05624 0.01132
v -0.46090 0.05624 0.01132
v -0.46090 0.05624 0.01132
v -0.46090 0.05624 0.01132
v -0.42473 0.03582 0.05752
v -0.42473 0.03582 0.05752
v -0.42473 0.03582 0.05752
v -0.42473 0.03582 0.05752
v -0.42473 0.03582 0.05752
v -0.43953 0.01873 0.11648
v -0.43953 0.01873 0.11648
v -0.43953 0.01873 0.11648
v -0.45186 0.03627 0.00483
v -0.45186 0.03627 0.00483
v -0.45186 0.03627 0.00483
v -0.45186 0.03627 0.00483
v -0.45186 0.03627 0.00483
v -0.45186 0.03627 0.00483
v -0.46499 0.07396 0.00865
v -0.46499 0.07396 0.00865
v -0.46499 0.07396 0.00865
v -0.46499 0.07396 0.00865
v -0.46499 0.07396 0.00865
v -0.44568 0.01059 -0.13724
v -0.44568 0.01059 -0.13724
v -0.44568 0.01059 -0.13724
v -0.44568 0.01059 -0.13724
v -0.44568 0.01059 -0.13724
v -0.45962 0.05993 -0.00506
v -0.45962 0.05993 -0.00506
v -0.45962 0.05993 -0.00506
v -0.45962 0.05993 -0.00506
v -0.46564 -0.13296 0.15415
v -0.46564 -0.13296 0.15415
v -0.46564 -0.13296 0.15415
v -0.46234 -0.14988 -0.15101
v -0.46234 -0.14988 -0.15101
v -0.46234 -0.14988 -0.15101
v -0.46234 -0.14988 -0.15101
v -0.46234 -0.14988 -0.15101
v -0.46301 -0.13611 -0.15297
v -0.46280 -0.13801 0.15103
v -0.46280 -0.13801 0.15103
v -0.46280 -0.13801 0.15103
v -0.45694 -0.16469 0.14886
v -0.45694 -0.16469 0.14886
v -0.45694 -0.16469 0.14886
v -0.45694 -0.16469 0.14886
v -0.45694 -0.16469 0.14886
v -0.45943 -0.15596 0.14876
v -0.45943 -0.15596 0.14876
v -0.45943 -0.15596 0.14876
v -0.45943 -0.15596 0.14876
v -0.45943 -0.15596 0.14876
v -0.45936 0.06019 0.00326
v -0.45936 0.06019 0.00326
v -0.45936 0.06019 0.00326
v -0.45936 0.06019 0.00326
v -0.45936 0.06019 0.00326
v -0.45936 0.06019 0.00326
v -0.45887 0.05643 -0.01148
v -0.45887 0.05643 -0.01148
v -0.45887 0.05643 -0.01148
v -0.45887 0.05643 -0.01148
v -0.45887 0.05643 -0.01148
v -0.45622 -0.13778 0.15106
v -0.45622 -0.13778 0.15106
v -0.45622 -0.13778 0.15106
v -0.45652 0.04504 -0.00710
v -0.45652 0.04504 -0.00710
v -0.45652 0.04504 -0.00710
v -0.45652 0.04504 -0.00710
v -0.45964 0.07542 -0.00344
v -0.45964 0.07542 -0.00344
v -0.45846 0.03988 0.00491
v -0.45846 0.03988 0.00491
v -0.45846 0.03988 0.00491
v -0.45624 -0.13640 -0.15306
v -0.45624 -0.13640 -0.15306
v -0.45773 0.03975 -0.00675
v -0.45735 0.05778 0.00486
v -0.45735 0.05778 0.00486
v -0.45735 0.05778 0.00486
v -0.45735 0.05778 0.00486
v -0.45321 0.04889 0.00377
v -0.45321 0.04889 0.00377
v -0.45321 0.04889 0.00377
v -0.45321 0.04889 0.00377
v -0.45321 0.04889 0.00377
v -0.45321 0.04889 0.00377
v -0.45321 0.04889 0.00377
v -0.45332 0.03661 -0.00727
v -0.45332 0.03661 -0.00727
v -0.45332 0.03661 -0.00727
v -0.45332 0.03661 -0.00727
v -0.45332 0.03661 -0.00727
v -0.45724 0.05792 -0.00414
v -0.45724 0.05792 -0.00414
v -0.45724 0.05792 -0.00414
v -0.45514 -0.17582 -0.14889
v -0.45514 -0.17582 -0.14889
v -0.45514 -0.17582 -0.14889
v -0.45514 -0.17582 -0.14889
v -0.45338 0.04895 -0.00574
v -0.45338 0.04895 -0.00574
v -0.45338 0.04895 -0.00574
v -0.45338 0.04895 -0.00574
v -0.45338 0.04895 -0.00574
v -0.45338 0.04895 -0.00574
v -0.45765 0.05224 -0.00722
v -0.45765 0.05224 -0.00722
v -0.45765 0.05224 -0.00722
v -0.45765 0.05224 -0.00722
v -0.45264 -0.17663 0.14807
v -0.45264 -0.17663 0.14807
v -0.45264 -0.17663 0.14807
v -0.45264 -0.17663 0.14807
v -0.45264 -0.17663 0.14807
v -0.45264 -0.17663 0.14807
v -0.45463 -0.16656 0.15224
v -0.45463 -0.16656 0.15224
v -0.45463 -0.16656 0.15224
v -0.45436 -0.16036 -0.15569
v -0.45436 -0.16036 -0.15569
v -0.44964 0.00630 -0.13930
v -0.44964 0.00630 -0.13930
v -0.44964 0.00630 -0.13930
v -0.44964 0.00630 -0.13930
v -0.45070 -0.12738 0.15320
v -0.44807 -0.12915 -0.15385
v -0.44807 -0.12915 -0.15385
v -0.44807 -0.12915 -0.15385
v -0.44807 -0.12915 -0.15385
v -0.44895 -0.16550 0.15319
v -0.44895 -0.16550 0.15319
v -0.44895 -0.16550 0.15319
v -0.44895 -0.16550 0.15319
v -0.44922 -0.16453 -0.15541
v -0.44922 -0.16453 -0.15541
v -0.44922 -0.16453 -0.15541
v -0.44027 0.01729 -0.12221
v -0.44027 0.01729 -0.12221
v -0.44027 0.01729 -0.12221
v -0.44027 0.01729 -0.12221
v -0.42415 0.03587 -0.06107
v -0.42415 0.03587 -0.06107
v -0.42415 0.03587 -0.06107
v -0.42415 0.03587 -0.06107
v -0.43728 -0.06847 -0.15294
v -0.43728 -0.06847 -0.15294
v -0.43728 -0.06847 -0.15294
v -0.44963 -0.01242 0.15145
v -0.44963 -0.01242 0.15145
v -0.44963 -0.01242 0.15145
v -0.44963 -0.01242 0.15145
v -0.44953 -0.01238 -0.15293
v -0.44953 -0.01238 -0.15293
v -0.44953 -0.01238 -0.15293
v -0.44953 -0.01238 -0.15293
v -0.44847 0.00540 -0.15323
v -0.44847 0.00540 -0.15323
v -0.44847 0.00540 -0.15323
v -0.44847 0.00540 -0.15323
v -0.44847 0.00540 -0.15323
v -0.44847 0.00540 -0.15323
v -0.44861 0.00531 0.15133
v -0.44861 0.00531 0.15133
v -0.44861 0.00531 0.15133
v -0.44672 -0.16498 -0.15063
v -0.44672 -0.16498 -0.15063
v -0.44672 -0.16498 -0.15063
v -0.44240 0.00709 0.14012
v -0.44240 0.00709 0.14012
v -0.44240 0.00709 0.14012
v -0.44240 0.00709 0.14012
v -0.44240 0.00709 0.14012
v -0.44240 0.00709 0.14012
v -0.44739 -0.13818 0.15105
v -0.44739 -0.13818 0.15105
v -0.44739 -0.13818 0.15105
v -0.44661 -0.16498 0.14849
v -0.44661 -0.16498 0.14849
v -0.44661 -0.16498 0.14849
v -0.44661 -0.16498 0.14849
v -0.44190 0.00698 -0.14211
v -0.44190 0.00698 -0.14211
v -0.44190 0.00698 -0.14211
v -0.44190 0.00698 -0.14211
v -0.44190 0.00698 -0.14211
v -0.44190 0.00698 -0.14211
v -0.43897 -0.01307 -0.15350
v -0.43897 -0.01307 -0.15350
v -0.43897 -0.01307 -0.15350
v -0.43897 -0.01307 -0.15350
v -0.43897 -0.01307 -0.15350
v -0.43897 -0.01307 -0.15350
v -0.43889 -0.01348 0.15147
v -0.43889 -0.01348 0.15147
v -0.43889 -0.01348 0.15147
v -0.43761 -0.01356 0.14531
v -0.43761 -0.01356 0.14531
v -0.43761 -0.01356 0.14531
v -0.43761 -0.01356 0.14531
v -0.43761 -0.01356 0.14531
v -0.43657 -0.02558 -0.14651
v -0.43657 -0.02558 -0.14651
v -0.43657 -0.02558 -0.14651
v -0.43598 -0.01277 -0.14357
v -0.43598 -0.01277 -0.14357
v -0.43598 -0.01277 -0.14357
v -0.43598 -0.01277 -0.14357
v -0.43598 -0.01277 -0.14357
v -0.43897 0.00555 -0.15321
v -0.43897 0.00555 -0.15321
v -0.43897 0.00555 -0.15321
v -0.43450 -0.09881 -0.15408
v -0.43450 -0.09881 -0.15408
v -0.43450 -0.09881 -0.15408
v -0.43450 -0.09881 -0.15408
v -0.44439 0.01497 -0.14230
v -0.44439 0.01497 -0.14230
v -0.44439 0.01497 -0.14230
v -0.44390 0.01486 0.14129
v -0.44390 0.01486 0.14129
v -0.44390 0.01486 0.14129
v -0.44390 0.01486 0.14129
v -0.43746 -0.06802 0.15120
v -0.43746 -0.06802 0.15120
v -0.43746 -0.06802 0.15120
v -0.43746 -0.06802 0.15120
v -0.43746 -0.06802 0.15120
v -0.43761 0.00550 0.15120
v -0.43761 0.00550 0.15120
v -0.43761 0.00550 0.15120
v -0.43761 0.00550 0.15120
v -0.30640 -0.11894 0.15183
v -0.30640 -0.11894 0.15183
v -0.30640 -0.11894 0.15183
v -0.30640 -0.11894 0.15183
v -0.30640 -0.11894 0.15183
v -0.42042 -0.17544 0.14711
v -0.42042 -0.17544 0.14711
v -0.42042 -0.17544 0.14711
v -0.42617 -0.17656 -0.14791
v -0.42617 -0.17656 -0.14791
v -0.42617 -0.17656 -0.14791
v -0.42617 -0.17656 -0.14791
v -0.42617 -0.17656 -0.14791
v -0.42617 -0.17656 -0.14791
v -0.42617 -0.17656 -0.14791
v -0.43942 0.01521 0.14051
v -0.43942 0.01521 0.14051
v -0.43942 0.01521 0.14051
v -0.43942 0.01521 0.14051
v -0.43942 0.01521 0.14051
v -0.43942 0.01521 0.14051
v -0.41538 0.00922 -0.13745
v -0.41538 0.00922 -0.13745
v -0.41538 0.00922 -0.13745
v -0.41538 0.00922 -0.13745
v -0.41538 0.00922 -0.13745
v -0.43921 0.00832 0.14105
v -0.43921 0.00832 0.14105
v -0.43921 0.00832 0.14105
v -0.43595 -0.04686 0.14609
v -0.43595 -0.04686 0.14609
v -0.43595 -0.04686 0.14609
v -0.43595 -0.04686 0.14609
v -0.43595 -0.04686 0.14609
v -0.43850 -0.01856 0.14336
v -0.43850 -0.01856 0.14336
v -0.43850 -0.01856 0.14336
v -0.43996 0.01498 -0.14223
v -0.43996 0.01498 -0.14223
v -0.43996 0.01498 -0.14223
v -0.43745 0.00685 -0.15023
v -0.43745 0.00685 -0.15023
v -0.43745 0.00685 -0.15023
v -0.42622 -0.18378 -0.13916
v -0.42622 -0.18378 -0.13916
v -0.42622 -0.18378 -0.13916
v -0.42622 -0.18378 -0.13916
v -0.42622 -0.18378 -0.13916
v -0.42622 -0.18378 -0.13916
v -0.42622 -0.18378 -0.13916
v -0.44019 0.01663 0.12642
v -0.44019 0.01663 0.12642
v -0.44019 0.01663 0.12642
v -0.43366 -0.10103 0.15291
v -0.43366 -0.10103 0.15291
v -0.43366 -0.10103 0.15291
v -0.43653 0.00458 0.13900
v -0.43653 0.00458 0.13900
v -0.43653 0.00458 0.13900
v -0.43653 0.00458 0.13900
v -0.43653 0.00458 0.13900
v -0.43653 0.00458 0.13900
v -0.43762 0.00896 -0.13770
v -0.43762 0.00896 -0.13770
v -0.43762 0.00896 -0.13770
v -0.43762 0.00896 -0.13770
v -0.43762 0.00896 -0.13770
v -0.43804 0.01048 0.13548
v -0.43804 0.01048 0.13548
v -0.43804 0.01048 0.13548
v -0.43804 0.01048 0.13548
v -0.43804 0.01048 0.13548
v -0.43636 -0.01222 0.14305
v -0.43636 -0.01222 0.14305
v -0.43636 -0.01222 0.14305
v -0.43636 -0.01222 0.14305
v -0.43636 -0.01222 0.14305
v -0.43636 -0.01222 0.14305
v -0.43323 -0.02579 -0.14317
v -0.43323 -0.02579 -0.14317
v -0.43323 -0.02579 -0.14317
v -0.43323 -0.02579 -0.14317
v -0.43585 -0.01610 0.13951
v -0.43585 -0.01610 0.13951
v -0.43585 -0.01610 0.13951
v -0.43585 -0.01610 0.13951
v -0.43585 -0.01610 0.13951
v -0.43614 -0.06342 0.14867
v -0.43614 -0.06342 0.14867
v -0.43227 -0.06555 -0.14917
v -0.42969 0.00904 0.13582
v -0.42969 0.00904 0.13582
v -0.42969 0.00904 0.13582
v -0.42969 0.00904 0.13582
v -0.42748 -0.01293 -0.14178
v -0.42748 -0.01293 -0.14178
v -0.42748 -0.01293 -0.14178
v -0.43242 -0.09663 0.14976
v -0.43242 -0.09663 0.14976
v -0.43033 -0.09670 -0.15143
v -0.43033 -0.09670 -0.15143
v -0.43033 -0.09670 -0.15143
v -0.43155 -0.01260 0.13999
v -0.43155 -0.01260 0.13999
v -0.43155 -0.01260 0.13999
v -0.38941 -0.01261 0.14161
v -0.38941 -0.01261 0.14161
v -0.38941 -0.01261 0.14161
v -0.38941 -0.01261 0.14161
v -0.38941 -0.01261 0.14161
v -0.43082 -0.22340 0.19213
v -0.43082 -0.22340 0.19213
v -0.43202 -0.23796 0.19138
v -0.43202 -0.23796 0.19138
v -0.43202 -0.23796 0.19138
v -0.43202 -0.23796 0.19138
v -0.43202 -0.23796 0.19138
v -0.43205 -0.23129 0.21435
v -0.43205 -0.23129 0.21435
v -0.43205 -0.23129 0.21435
v -0.43172 -0.24414 0.21273
v -0.43172 -0.24414 0.21273
v -0.43215 -0.23543 -0.19309
v -0.43215 -0.23543 -0.19309
v -0.43215 -0.23543 -0.19309
v -0.43215 -0.23543 -0.19309
v -0.43171 -0.22619 -0.19504
v -0.43043 -0.22373 -0.21627
v -0.43043 -0.22373 -0.21627
v -0.43043 -0.22373 -0.21627
v -0.43192 -0.24026 -0.21471
v -0.43192 -0.24026 -0.21471
v -0.39024 -0.03766 0.14320
v -0.39024 -0.03766 0.14320
v -0.39024 -0.03766 0.14320
v -0.39024 -0.03766 0.14320
v -0.39024 -0.03766 0.14320
v -0.39024 -0.03766 0.14320
v -0.43066 -0.23325 -0.21787
v -0.43066 -0.23325 -0.21787
v -0.43066 -0.23325 -0.21787
v -0.42855 -0.22523 0.18818
v -0.42855 -0.22523 0.18818
v -0.42845 -0.25097 0.18979
v -0.42845 -0.25097 0.18979
v -0.42845 -0.25097 0.18979
v -0.42845 -0.25097 0.18979
v -0.43013 -0.24846 -0.19333
v -0.43013 -0.24846 -0.19333
v -0.42843 -0.23695 -0.18877
v -0.42843 -0.23695 -0.18877
v -0.42826 -0.22154 -0.19003
v -0.42826 -0.22154 -0.19003
v -0.42826 -0.22154 -0.19003
v -0.42834 -0.25313 0.21413
v -0.42834 -0.25313 0.21413
v -0.42855 -0.21961 0.21600
v -0.42855 -0.21961 0.21600
v -0.42855 -0.21961 0.21600
v -0.42855 -0.21961 0.21600
v -0.43044 -0.23487 0.21711
v -0.43044 -0.23487 0.21711
v -0.43044 -0.23487 0.21711
v -0.43044 -0.23487 0.21711
v -0.43044 -0.23487 0.21711
v -0.42233 -0.20704 -0.21400
v -0.42233 -0.20704 -0.21400
v -0.42835 -0.25280 -0.21526
v -0.42835 -0.25280 -0.21526
v -0.42835 -0.25280 -0.21526
v -0.42835 -0.25280 -0.21526
v -0.42835 -0.25280 -0.21526
v -0.42835 -0.25280 -0.21526
v -0.42835 -0.25280 -0.21526
v -0.42452 -0.21128 -0.19190
v -0.42452 -0.21128 -0.19190
v -0.42452 -0.21128 -0.19190
v -0.42452 -0.21128 -0.19190
v -0.42645 -0.24724 0.21822
v -0.42645 -0.24724 0.21822
v -0.42645 -0.24724 0.21822
v -0.42645 -0.24724 0.21822
v -0.42569 -0.25410 -0.18994
v -0.42569 -0.25410 -0.18994
v -0.42569 -0.25410 -0.18994
v -0.42569 -0.25410 -0.18994
v -0.30823 -0.17731 0.14546
v -0.30823 -0.17731 0.14546
v -0.30823 -0.17731 0.14546
v -0.30823 -0.17731 0.14546
v -0.30823 -0.17731 0.14546
v -0.30823 -0.17731 0.14546
v -0.30823 -0.17731 0.14546
v -0.30823 -0.17731 0.14546
v -0.30823 -0.17731 0.14546
v -0.42209 -0.21286 -0.21973
v -0.42209 -0.21286 -0.21973
v -0.42209 -0.21286 -0.21973
v -0.42209 -0.21286 -0.21973
v -0.42209 -0.21286 -0.21973
v -0.42235 -0.20746 0.21313
v -0.42235 -0.20746 0.21313
v -0.42235 -0.20746 0.21313
v -0.42235 -0.20746 0.21313
v -0.42540 -0.25903 -0.19538
v -0.42540 -0.25903 -0.19538
v -0.42540 -0.25903 -0.19538
v -0.39013 -0.04936 -0.14718
v -0.39013 -0.04936 -0.14718
v -0.39013 -0.04936 -0.14718
v -0.42641 -0.21506 0.18977
v -0.42641 -0.21506 0.18977
v -0.42641 -0.21506 0.18977
v -0.42641 -0.21506 0.18977
v -0.42161 -0.22720 0.18588
v -0.42161 -0.22720 0.18588
v -0.42161 -0.22720 0.18588
v -0.42161 -0.22720 0.18588
v -0.42161 -0.22720 0.18588
v -0.42420 -0.25374 -0.21944
v -0.42420 -0.25374 -0.21944
v -0.42420 -0.25374 -0.21944
v -0.42420 -0.25374 -0.21944
v -0.42420 -0.25374 -0.21944
v -0.42420 -0.25374 -0.21944
v -0.42232 -0.22311 -0.18734
v -0.42232 -0.22311 -0.18734
v -0.42353 -0.25717 0.18820
v -0.42353 -0.25717 0.18820
v -0.42353 -0.25717 0.18820
v -0.42353 -0.25717 0.18820
v -0.40731 -0.20350 0.21901
v -0.40731 -0.20350 0.21901
v -0.39083 -0.09952 0.15215
v -0.39083 -0.09952 0.15215
v -0.39083 -0.09952 0.15215
v -0.40957 -0.25003 -0.18697
v -0.40957 -0.25003 -0.18697
v -0.40957 -0.25003 -0.18697
v -0.34239 0.01008 0.13472
v -0.34239 0.01008 0.13472
v -0.34239 0.01008 0.13472
v -0.42305 -0.26208 0.19309
v -0.42305 -0.26208 0.19309
v -0.42305 -0.26208 0.19309
v -0.42305 -0.26208 0.19309
v -0.42414 -0.18427 -0.14175
v -0.42414 -0.18427 -0.14175
v -0.42414 -0.18427 -0.14175
v -0.42414 -0.18427 -0.14175
v -0.42414 -0.18427 -0.14175
v -0.42414 -0.18427 -0.14175
v -0.41886 -0.20405 0.19235
v -0.41886 -0.20405 0.19235
v -0.41886 -0.20405 0.19235
v -0.41894 -0.26472 -0.19168
v -0.41894 -0.26472 -0.19168
v -0.41894 -0.26472 -0.19168
v -0.41894 -0.26472 -0.19168
v -0.41894 -0.26472 -0.19168
v -0.41903 -0.26466 0.21576
v -0.41903 -0.26466 0.21576
v -0.41903 -0.26466 0.21576
v -0.41903 -0.26466 0.21576
v -0.42145 -0.24359 0.21975
v -0.42145 -0.24359 0.21975
v -0.42145 -0.24359 0.21975
v -0.42145 -0.24359 0.21975
v -0.42145 -0.24359 0.21975
v -0.42163 -0.21069 0.21751
v -0.42163 -0.21069 0.21751
v -0.42163 -0.21069 0.21751
v -0.42163 -0.21069 0.21751
v -0.41624 -0.20517 0.18817
v -0.41624 -0.20517 0.18817
v -0.41624 -0.20517 0.18817
v -0.41624 -0.20517 0.18817
v -0.25642 0.03370 0.08436
v -0.25642 0.03370 0.08436
v -0.25642 0.03370 0.08436
v -0.25642 0.03370 0.08436
v -0.25642 0.03370 0.08436
v -0.42002 -0.20737 -0.21793
v -0.42002 -0.20737 -0.21793
v -0.42002 -0.20737 -0.21793
v -0.42002 -0.20737 -0.21793
v -0.42176 -0.18603 0.13799
v -0.42176 -0.18603 0.13799
v -0.42176 -0.18603 0.13799
v -0.42176 -0.18603 0.13799
v -0.42176 -0.18603 0.13799
v -0.42176 -0.18603 0.13799
v -0.42176 -0.18603 0.13799
v -0.41166 -0.20395 -0.18846
v -0.41166 -0.20395 -0.18846
v -0.41166 -0.20395 -0.18846
v -0.41166 -0.20395 -0.18846
v -0.38996 -0.01641 0.13936
v -0.38996 -0.01641 0.13936
v -0.38996 -0.01641 0.13936
v -0.38996 -0.01641 0.13936
v -0.41659 -0.20417 -0.15970
v -0.41659 -0.20417 -0.15970
v -0.41659 -0.20417 -0.15970
v -0.41860 -0.19854 0.15676
v -0.41860 -0.19854 0.15676
v -0.41860 -0.19854 0.15676
v -0.41407 -0.22907 -0.22113
v -0.41407 -0.22907 -0.22113
v -0.41407 -0.22907 -0.22113
v -0.39008 -0.09391 0.14914
v -0.39008 -0.09391 0.14914
v -0.39008 -0.09391 0.14914
v -0.41839 -0.26656 -0.21432
v -0.41839 -0.26656 -0.21432
v -0.41839 -0.26656 -0.21432
v -0.41691 -0.19648 0.16075
v -0.41691 -0.19648 0.16075
v -0.41691 -0.19648 0.16075
v -0.41691 -0.19648 0.16075
v -0.40935 -0.19779 -0.19377
v -0.40935 -0.19779 -0.19377
v -0.40935 -0.19779 -0.19377
v -0.41260 -0.27027 0.21411
v -0.41260 -0.27027 0.21411
v -0.41260 -0.27027 0.21411
v -0.41260 -0.27027 0.21411
v -0.40614 0.03626 -0.06357
v -0.40614 0.03626 -0.06357
v -0.40614 0.03626 -0.06357
v -0.40614 0.03626 -0.06357
v -0.40614 0.03626 -0.06357
v -0.41286 -0.17250 -0.14860
v -0.41286 -0.17250 -0.14860
v -0.41286 -0.17250 -0.14860
v -0.39765 -0.01323 -0.14154
v -0.39765 -0.01323 -0.14154
v -0.39765 -0.01323 -0.14154
v -0.39765 -0.01323 -0.14154
v -0.41030 -0.20009 0.16703
v -0.40721 -0.27209 0.19002
v -0.40721 -0.27209 0.19002
v -0.40721 -0.27209 0.19002
v -0.40721 -0.27209 0.19002
v -0.41345 -0.19962 -0.21308
v -0.41345 -0.19962 -0.21308
v -0.41345 -0.19962 -0.21308
v -0.41072 -0.17673 0.14614
v -0.41072 -0.17673 0.14614
v -0.41072 -0.17673 0.14614
v -0.41072 -0.17673 0.14614
v -0.41072 -0.17673 0.14614
v -0.41072 -0.17673 0.14614
v -0.41072 -0.17673 0.14614
v -0.40450 -0.27051 -0.21943
v -0.40450 -0.27051 -0.21943
v -0.40450 -0.27051 -0.21943
v -0.40450 -0.27051 -0.21943
v -0.40450 -0.27051 -0.21943
v -0.40848 -0.27049 -0.19016
v -0.40848 -0.27049 -0.19016
v -0.40848 -0.27049 -0.19016
v -0.40848 -0.27049 -0.19016
v -0.40848 -0.27049 -0.19016
v -0.40724 0.04584 -0.05966
v -0.40724 0.04584 -0.05966
v -0.40724 0.04584 -0.05966
v -0.40724 0.04584 -0.05966
v -0.40724 0.04584 -0.05966
v -0.40503 -0.24691 -0.21946
v -0.40503 -0.24691 -0.21946
v -0.40503 -0.24691 -0.21946
v -0.40503 -0.24691 -0.21946
v -0.40503 -0.24691 -0.21946
v -0.41271 -0.19996 0.21423
v -0.41271 -0.19996 0.21423
v -0.41271 -0.19996 0.21423
v -0.41369 -0.18561 -0.14006
v -0.41369 -0.18561 -0.14006
v -0.41369 -0.18561 -0.14006
v -0.41369 -0.18561 -0.14006
v -0.40967 -0.26902 0.21756
v -0.40967 -0.26902 0.21756
v -0.40967 -0.26902 0.21756
v -0.40967 -0.26902 0.21756
v -0.40967 -0.26902 0.21756
v -0.40967 -0.26902 0.21756
v -0.40511 -0.21130 -0.22153
v -0.40511 -0.21130 -0.22153
v -0.40676 -0.23827 0.21584
v -0.40676 -0.23827 0.21584
v -0.40676 -0.23827 0.21584
v -0.40676 -0.23827 0.21584
v -0.40676 -0.23827 0.21584
v -0.40676 -0.23827 0.21584
v -0.40264 -0.22176 0.21778
v -0.40264 -0.22176 0.21778
v -0.40264 -0.22176 0.21778
v -0.40264 -0.22176 0.21778
v -0.40264 -0.22176 0.21778
v -0.41343 -0.17756 -0.15025
v -0.41343 -0.17756 -0.15025
v -0.41343 -0.17756 -0.15025
v -0.41372 -0.23210 -0.18724
v -0.41372 -0.23210 -0.18724
v -0.41372 -0.23210 -0.18724
v -0.39376 -0.22388 -0.18800
v -0.39376 -0.22388 -0.18800
v -0.39376 -0.22388 -0.18800
v -0.39376 -0.22388 -0.18800
v -0.39376 -0.22388 -0.18800
v -0.39376 -0.22388 -0.18800
v -0.39376 -0.22388 -0.18800
v -0.39376 -0.22388 -0.18800
v -0.11528 -0.20831 -0.09267
v -0.11528 -0.20831 -0.09267
v -0.39162 0.03614 0.06373
v -0.39162 0.03614 0.06373
v -0.39162 0.03614 0.06373
v -0.39162 0.03614 0.06373
v -0.40945 -0.19812 0.19158
v -0.40945 -0.19812 0.19158
v -0.40945 -0.19812 0.19158
v -0.40945 -0.19812 0.19158
v -0.40867 -0.21933 -0.17848
v -0.40867 -0.21933 -0.17848
v -0.40867 -0.21933 -0.17848
v -0.39839 -0.27242 0.21784
v -0.39839 -0.27242 0.21784
v -0.39839 -0.27242 0.21784
v -0.38803 -0.27297 0.18796
v -0.38803 -0.27297 0.18796
v -0.38803 -0.27297 0.18796
v -0.38803 -0.27297 0.18796
v -0.39337 -0.09664 -0.15125
v -0.39337 -0.09664 -0.15125
v -0.39337 -0.09664 -0.15125
v -0.39337 -0.09664 -0.15125
v -0.39337 -0.09664 -0.15125
v -0.39337 -0.09664 -0.15125
v -0.40564 -0.27391 -0.21345
v -0.40564 -0.27391 -0.21345
v -0.40564 -0.27391 -0.21345
v -0.39888 -0.22202 -0.17052
v -0.39888 -0.22202 -0.17052
v -0.39888 -0.22202 -0.17052
v -0.39888 -0.22202 -0.17052
v -0.39888 -0.22202 -0.17052
v -0.39888 -0.22202 -0.17052
v -0.39888 -0.22202 -0.17052
v -0.41770 0.03657 0.05973
v -0.41770 0.03657 0.05973
v -0.41770 0.03657 0.05973
v -0.38941 0.05384 0.05766
v -0.38941 0.05384 0.05766
v -0.38941 0.05384 0.05766
v -0.38941 0.05384 0.05766
v -0.38941 0.05384 0.05766
v -0.38941 0.05384 0.05766
v -0.41015 -0.24002 0.18656
v -0.41015 -0.24002 0.18656
v -0.41015 -0.24002 0.18656
v -0.41015 -0.24002 0.18656
v -0.41015 -0.24002 0.18656
v -0.41015 -0.24002 0.18656
v -0.40783 -0.27345 0.19629
v -0.40783 -0.27345 0.19629
v -0.40783 -0.27345 0.19629
v -0.40516 -0.22256 -0.18653
v -0.40516 -0.22256 -0.18653
v -0.40516 -0.22256 -0.18653
v -0.40516 -0.22256 -0.18653
v -0.40516 -0.22256 -0.18653
v -0.40516 -0.22256 -0.18653
v -0.39387 -0.19604 0.18867
v -0.39387 -0.19604 0.18867
v -0.39387 -0.19604 0.18867
v -0.39387 -0.19604 0.18867
v -0.39387 -0.19604 0.18867
v -0.40158 -0.22085 0.18263
v -0.40158 -0.22085 0.18263
v -0.40503 -0.22750 -0.17729
v -0.40503 -0.22750 -0.17729
v -0.40503 -0.22750 -0.17729
v -0.40503 -0.22750 -0.17729
v -0.40503 -0.22750 -0.17729
v -0.40503 -0.22750 -0.17729
v -0.40310 -0.22318 0.18738
v -0.40310 -0.22318 0.18738
v -0.40310 -0.22318 0.18738
v -0.39893 -0.24462 -0.19026
v -0.39893 -0.24462 -0.19026
v -0.39893 -0.24462 -0.19026
v -0.39893 -0.24462 -0.19026
v -0.39893 -0.24462 -0.19026
v -0.40337 -0.23506 -0.19234
v -0.40337 -0.23506 -0.19234
v -0.40337 -0.23506 -0.19234
v -0.40337 -0.23506 -0.19234
v -0.40295 -0.19584 -0.21602
v -0.40295 -0.19584 -0.21602
v -0.40295 -0.19584 -0.21602
v -0.40295 -0.19584 -0.21602
v -0.40295 -0.19584 -0.21602
v -0.40092 -0.19626 0.21598
v -0.40092 -0.19626 0.21598
v -0.40092 -0.19626 0.21598
v -0.40092 -0.19626 0.21598
v -0.40092 -0.19626 0.21598
v -0.40092 -0.19626 0.21598
v -0.40893 -0.17823 -0.14778
v -0.40893 -0.17823 -0.14778
v -0.40893 -0.17823 -0.14778
v -0.40932 -0.18285 -0.14926
v -0.40932 -0.18285 -0.14926
v -0.40932 -0.18285 -0.14926
v -0.40932 -0.18285 -0.14926
v -0.40467 -0.23833 0.19192
v -0.40467 -0.23833 0.19192
v -0.40467 -0.23833 0.19192
v -0.40467 -0.23833 0.19192
v -0.41043 -0.18276 -0.14300
v -0.41043 -0.18276 -0.14300
v -0.41043 -0.18276 -0.14300
v -0.41043 -0.18276 -0.14300
v -0.30656 -0.12365 -0.15330
v -0.30656 -0.12365 -0.15330
v -0.40076 -0.23139 0.18703
v -0.40076 -0.23139 0.18703
v -0.40076 -0.23139 0.18703
v -0.40076 -0.23139 0.18703
v -0.40076 -0.23139 0.18703
v -0.40076 -0.23139 0.18703
v -0.40076 -0.23139 0.18703
v -0.37921 -0.26919 -0.18827
v -0.37921 -0.26919 -0.18827
v -0.37921 -0.26919 -0.18827
v -0.37921 -0.26919 -0.18827
v -0.40926 -0.18290 0.14560
v -0.40926 -0.18290 0.14560
v -0.40926 -0.18290 0.14560
v -0.40926 -0.18290 0.14560
v -0.40926 -0.18290 0.14560
v -0.40861 -0.18049 0.14345
v -0.40861 -0.18049 0.14345
v -0.40861 -0.18049 0.14345
v -0.40710 -0.23622 -0.21646
v -0.40710 -0.23622 -0.21646
v -0.40710 -0.23622 -0.21646
v -0.39395 -0.27591 0.21417
v -0.39395 -0.27591 0.21417
v -0.39395 -0.27591 0.21417
v -0.40184 -0.20135 -0.22055
v -0.40184 -0.20135 -0.22055
v -0.40184 -0.20135 -0.22055
v -0.40184 -0.20135 -0.22055
v -0.40599 -0.22442 -0.21947
v -0.40599 -0.22442 -0.21947
v -0.40599 -0.22442 -0.21947
v -0.40599 -0.22442 -0.21947
v -0.40599 -0.22442 -0.21947
v -0.40086 -0.25323 0.21919
v -0.40086 -0.25323 0.21919
v -0.39467 -0.22025 0.18060
v -0.39467 -0.22025 0.18060
v -0.39467 -0.22025 0.18060
v -0.39467 -0.22025 0.18060
v -0.39994 -0.27560 0.19349
v -0.39994 -0.27560 0.19349
v -0.39994 -0.27560 0.19349
v -0.39532 -0.27587 -0.19325
v -0.39532 -0.27587 -0.19325
v -0.39015 -0.02601 -0.14325
v -0.39015 -0.02601 -0.14325
v -0.39015 -0.02601 -0.14325
v -0.39899 -0.20983 0.16241
v -0.39899 -0.20983 0.16241
v -0.39899 -0.20983 0.16241
v -0.40525 -0.22862 0.21488
v -0.40525 -0.22862 0.21488
v -0.39696 -0.19346 -0.21026
v -0.39696 -0.19346 -0.21026
v -0.39516 -0.19424 -0.19300
v -0.39516 -0.19424 -0.19300
v -0.39516 -0.19424 -0.19300
v -0.39516 -0.19424 -0.19300
v -0.39516 -0.19424 -0.19300
v -0.40073 -0.22163 0.18574
v -0.40073 -0.22163 0.18574
v -0.40073 -0.22163 0.18574
v -0.40448 -0.23178 0.20626
v -0.40448 -0.23178 0.20626
v -0.40448 -0.23178 0.20626
v -0.40448 -0.23178 0.20626
v -0.40448 -0.23178 0.20626
v -0.40448 -0.23178 0.20626
v -0.39928 -0.22660 0.17060
v -0.39928 -0.22660 0.17060
v -0.39928 -0.22660 0.17060
v -0.39612 -0.19437 0.19161
v -0.39612 -0.19437 0.19161
v -0.39612 -0.19437 0.19161
v -0.40458 -0.23182 -0.20793
v -0.40458 -0.23182 -0.20793
v -0.40458 -0.23182 -0.20793
v -0.40458 -0.23182 -0.20793
v -0.40458 -0.23182 -0.20793
v -0.38240 0.03637 -0.06746
v -0.38240 0.03637 -0.06746
v -0.38240 0.03637 -0.06746
v -0.25640 0.03373 -0.08639
v -0.25640 0.03373 -0.08639
v -0.25640 0.03373 -0.08639
v -0.25640 0.03373 -0.08639
v -0.25640 0.03373 -0.08639
v -0.38629 -0.20702 0.18553
v -0.38629 -0.20702 0.18553
v -0.38629 -0.20702 0.18553
v -0.40415 -0.23851 0.20578
v -0.40415 -0.23851 0.20578
v -0.40415 -0.23851 0.20578
v -0.40467 -0.24029 -0.20832
v -0.40467 -0.24029 -0.20832
v -0.40467 -0.24029 -0.20832
v -0.40467 -0.24029 -0.20832
v -0.38143 -0.20338 -0.18732
v -0.38143 -0.20338 -0.18732
v -0.38143 -0.20338 -0.18732
v -0.38143 -0.20338 -0.18732
v -0.38143 -0.20338 -0.18732
v -0.36750 -0.26346 -0.21946
v -0.36750 -0.26346 -0.21946
v -0.36750 -0.26346 -0.21946
v -0.36750 -0.26346 -0.21946
v -0.36750 -0.26346 -0.21946
v -0.40038 -0.22594 0.19181
v -0.40038 -0.22594 0.19181
v -0.40038 -0.22594 0.19181
v -0.40038 -0.22594 0.19181
v -0.40038 -0.22594 0.19181
v -0.40038 -0.22594 0.19181
v -0.40038 -0.22594 0.19181
v -0.39713 -0.24711 0.20781
v -0.39713 -0.24711 0.20781
v -0.39713 -0.24711 0.20781
v -0.39713 -0.24711 0.20781
v -0.39713 -0.24711 0.20781
v -0.39970 -0.22135 -0.21770
v -0.39970 -0.22135 -0.21770
v -0.39970 -0.22135 -0.21770
v -0.39970 -0.22135 -0.21770
v -0.39970 -0.22135 -0.21770
v -0.39970 -0.22135 -0.21770
v -0.39970 -0.22135 -0.21770
v -0.39351 -0.22043 0.17646
v -0.39351 -0.22043 0.17646
v -0.39351 -0.22043 0.17646
v -0.40272 -0.21795 -0.18578
v -0.40272 -0.21795 -0.18578
v -0.40272 -0.21795 -0.18578
v -0.40048 -0.22580 0.20587
v -0.40048 -0.22580 0.20587
v -0.40048 -0.22580 0.20587
v -0.40048 -0.22580 0.20587
v -0.40048 -0.22580 0.20587
v -0.40048 -0.22580 0.20587
v -0.40048 -0.22580 0.20587
v -0.39861 -0.24949 -0.21784
v -0.39861 -0.24949 -0.21784
v -0.39861 -0.24949 -0.21784
v -0.39861 -0.24949 -0.21784
v -0.40096 -0.24118 0.20620
v -0.40096 -0.24118 0.20620
v -0.40096 -0.24118 0.20620
v -0.40096 -0.24118 0.20620
v -0.39880 -0.23833 -0.18697
v -0.39880 -0.23833 -0.18697
v -0.39880 -0.23833 -0.18697
v -0.39880 -0.23833 -0.18697
v -0.38642 -0.25199 -0.18824
v -0.38642 -0.25199 -0.18824
v -0.38642 -0.25199 -0.18824
v -0.40051 -0.23123 0.19190
v -0.40051 -0.23123 0.19190
v -0.40051 -0.23123 0.19190
v -0.40051 -0.23123 0.19190
v -0.40051 -0.23123 0.19190
v -0.39910 -0.24493 0.19007
v -0.39910 -0.24493 0.19007
v -0.39910 -0.24493 0.19007
v -0.39910 -0.24493 0.19007
v -0.39910 -0.24493 0.19007
v -0.39910 -0.24493 0.19007
v -0.39477 -0.24838 0.19005
v -0.39477 -0.24838 0.19005
v -0.39477 -0.24838 0.19005
v -0.39477 -0.24838 0.19005
v -0.39477 -0.24838 0.19005
v -0.39477 -0.24838 0.19005
v -0.40064 -0.22567 -0.20802
v -0.40064 -0.22567 -0.20802
v -0.40064 -0.22567 -0.20802
v -0.40064 -0.22567 -0.20802
v -0.39893 -0.24470 -0.20792
v -0.39893 -0.24470 -0.20792
v -0.39893 -0.24470 -0.20792
v -0.39893 -0.24470 -0.20792
v -0.39893 -0.24470 -0.20792
v -0.39406 -0.25038 0.21643
v -0.39406 -0.25038 0.21643
v -0.39406 -0.25038 0.21643
v -0.39014 -0.27414 -0.19015
v -0.39014 -0.27414 -0.19015
v -0.39014 -0.27414 -0.19015
v -0.39842 -0.21820 -0.18831
v -0.39842 -0.21820 -0.18831
v -0.39842 -0.21820 -0.18831
v -0.39842 -0.21820 -0.18831
v -0.39842 -0.21820 -0.18831
v -0.38950 -0.27442 -0.21774
v -0.38950 -0.27442 -0.21774
v -0.38950 -0.27442 -0.21774
v -0.38950 -0.27442 -0.21774
v -0.38039 -0.21748 0.21936
v -0.38039 -0.21748 0.21936
v -0.38039 -0.21748 0.21936
v -0.38039 -0.21748 0.21936
v -0.38963 -0.19357 0.21123
v -0.38963 -0.19357 0.21123
v -0.38963 -0.19357 0.21123
v -0.38963 -0.19357 0.21123
v -0.38604 -0.25723 -0.22120
v -0.38604 -0.25723 -0.22120
v -0.38604 -0.25723 -0.22120
v -0.38604 -0.25723 -0.22120
v -0.38604 -0.25723 -0.22120
v -0.38604 -0.25723 -0.22120
v -0.39886 -0.23121 0.20806
v -0.39886 -0.23121 0.20806
v -0.39886 -0.23121 0.20806
v -0.39886 -0.23121 0.20806
v -0.39886 -0.23121 0.20806
v -0.37005 -0.25706 0.18559
v -0.37005 -0.25706 0.18559
v -0.37005 -0.25706 0.18559
v -0.37005 -0.25706 0.18559
v -0.37005 -0.25706 0.18559
v -0.38956 -0.23124 -0.18623
v -0.38956 -0.23124 -0.18623
v -0.38956 -0.23124 -0.18623
v -0.38956 -0.23124 -0.18623
v -0.38956 -0.23124 -0.18623
v -0.39890 -0.23717 0.20805
v -0.39890 -0.23717 0.20805
v -0.39890 -0.23717 0.20805
v -0.39890 -0.23717 0.20805
v -0.38890 -0.09866 -0.15413
v -0.38890 -0.09866 -0.15413
v -0.38890 -0.09866 -0.15413
v -0.39087 -0.19581 -0.19007
v -0.39087 -0.19581 -0.19007
v -0.39087 -0.19581 -0.19007
v -0.39834 -0.22982 -0.20902
v -0.39834 -0.22982 -0.20902
v -0.39834 -0.22982 -0.20902
v -0.39834 -0.22982 -0.20902
v -0.39834 -0.22982 -0.20902
v -0.39834 -0.22982 -0.20902
v -0.38535 -0.27570 -0.21427
v -0.38535 -0.27570 -0.21427
v -0.38535 -0.27570 -0.21427
v -0.38535 -0.27570 -0.21427
v -0.39517 -0.23950 0.18460
v -0.39517 -0.23950 0.18460
v -0.39517 -0.23950 0.18460
v -0.39517 -0.23950 0.18460
v -0.39322 -0.21910 0.18800
v -0.39322 -0.21910 0.18800
v -0.39322 -0.21910 0.18800
v -0.39322 -0.21910 0.18800
v -0.39322 -0.21910 0.18800
v -0.39182 -0.22707 -0.20791
v -0.39182 -0.22707 -0.20791
v -0.39182 -0.22707 -0.20791
v -0.39182 -0.22707 -0.20791
v -0.39834 -0.23505 0.21724
v -0.39834 -0.23505 0.21724
v -0.39834 -0.23505 0.21724
v -0.38773 -0.01467 -0.14420
v -0.38773 -0.01467 -0.14420
v -0.38773 -0.01467 -0.14420
v -0.38773 -0.01467 -0.14420
v -0.39146 -0.19436 -0.21565
v -0.39146 -0.19436 -0.21565
v -0.39146 -0.19436 -0.21565
v -0.39604 -0.23052 0.21845
v -0.39604 -0.23052 0.21845
v -0.39604 -0.23052 0.21845
v -0.39727 -0.23876 -0.21155
v -0.39727 -0.23876 -0.21155
v -0.39727 -0.23876 -0.21155
v -0.39727 -0.23876 -0.21155
v -0.37094 -0.20304 0.21762
v -0.37094 -0.20304 0.21762
v -0.37094 -0.20304 0.21762
v -0.37094 -0.20304 0.21762
v -0.37094 -0.20304 0.21762
v -0.37094 -0.20304 0.21762
v -0.39475 -0.22855 0.20945
v -0.39475 -0.22855 0.20945
v -0.39475 -0.22855 0.20945
v -0.39475 -0.22855 0.20945
v -0.39614 -0.22243 -0.19030
v -0.39614 -0.22243 -0.19030
v -0.39614 -0.22243 -0.19030
v -0.39614 -0.22243 -0.19030
v -0.39588 -0.23958 0.21842
v -0.39588 -0.23958 0.21842
v -0.39588 -0.23958 0.21842
v -0.39588 -0.23958 0.21842
v -0.39588 -0.23958 0.21842
v -0.39588 -0.23958 0.21842
v -0.39722 -0.23085 -0.22016
v -0.39722 -0.23085 -0.22016
v -0.39722 -0.23085 -0.22016
v -0.39722 -0.23085 -0.22016
v -0.39722 -0.23085 -0.22016
v -0.39595 -0.23987 -0.22031
v -0.39595 -0.23987 -0.22031
v -0.39595 -0.23987 -0.22031
v -0.39595 -0.23987 -0.22031
v -0.38546 -0.23738 0.18672
v -0.38546 -0.23738 0.18672
v -0.38546 -0.23738 0.18672
v -0.38546 -0.23738 0.18672
v -0.38546 -0.23738 0.18672
v -0.38546 -0.23738 0.18672
v -0.39010 -0.22126 0.20868
v -0.39010 -0.22126 0.20868
v -0.39010 -0.22126 0.20868
v -0.39206 -0.22123 -0.21041
v -0.39206 -0.22123 -0.21041
v -0.39206 -0.22123 -0.21041
v -0.38959 -0.22022 0.21594
v -0.38959 -0.22022 0.21594
v -0.39174 -0.22576 0.18810
v -0.39174 -0.22576 0.18810
v -0.39174 -0.22576 0.18810
v -0.39174 -0.22576 0.18810
v -0.39174 -0.22576 0.18810
v -0.39174 -0.22576 0.18810
v -0.39174 -0.22576 0.18810
v -0.39178 -0.23640 -0.18516
v -0.39178 -0.23640 -0.18516
v -0.39178 -0.23640 -0.18516
v -0.39178 -0.23640 -0.18516
v -0.39178 -0.23640 -0.18516
v -0.39126 -0.24279 -0.20798
v -0.39126 -0.24279 -0.20798
v -0.39126 -0.24279 -0.20798
v -0.39126 -0.24279 -0.20798
v -0.30729 0.00199 0.13952
v -0.37388 -0.20219 -0.21944
v -0.37388 -0.20219 -0.21944
v -0.37388 -0.20219 -0.21944
v -0.37388 -0.20219 -0.21944
v -0.37388 -0.20219 -0.21944
v -0.38478 -0.27582 -0.19530
v -0.39240 -0.24409 0.18580
v -0.39240 -0.24409 0.18580
v -0.39240 -0.24409 0.18580
v -0.39240 -0.24409 0.18580
v -0.39240 -0.24409 0.18580
v -0.38659 -0.19570 0.21589
v -0.38659 -0.19570 0.21589
v -0.38659 -0.19570 0.21589
v -0.38659 -0.19570 0.21589
v -0.38702 -0.19358 -0.21033
v -0.38702 -0.19358 -0.21033
v -0.38913 -0.24704 -0.20756
v -0.38913 -0.24704 -0.20756
v -0.38913 -0.24704 -0.20756
v -0.38913 -0.24704 -0.20756
v -0.39227 -0.21951 -0.21784
v -0.39227 -0.21951 -0.21784
v -0.39227 -0.21951 -0.21784
v -0.39227 -0.21951 -0.21784
v -0.39056 -0.22914 -0.22002
v -0.39056 -0.22914 -0.22002
v -0.39056 -0.22914 -0.22002
v -0.39056 -0.22914 -0.22002
v -0.38721 -0.23942 -0.22026
v -0.38721 -0.23942 -0.22026
v -0.38721 -0.23942 -0.22026
v -0.38721 -0.23942 -0.22026
v -0.38721 -0.23942 -0.22026
v -0.38954 -0.24635 -0.19060
v -0.38954 -0.24635 -0.19060
v -0.38954 -0.24635 -0.19060
v -0.38416 -0.27577 0.19390
v -0.38314 -0.22685 0.19241
v -0.38314 -0.22685 0.19241
v -0.38314 -0.22685 0.19241
v -0.38314 -0.22685 0.19241
v -0.38314 -0.22685 0.19241
v -0.38968 -0.22982 0.21867
v -0.38968 -0.22982 0.21867
v -0.38968 -0.22982 0.21867
v -0.38968 -0.22982 0.21867
v -0.38968 -0.22982 0.21867
v -0.38741 -0.24278 0.20575
v -0.38741 -0.24278 0.20575
v -0.38741 -0.24278 0.20575
v -0.38741 -0.24278 0.20575
v -0.38741 -0.24278 0.20575
v -0.38741 -0.24278 0.20575
v -0.38741 -0.24278 0.20575
v -0.38741 -0.24278 0.20575
v -0.39131 -0.24145 -0.22037
v -0.39131 -0.24145 -0.22037
v -0.39131 -0.24145 -0.22037
v -0.39132 -0.24115 0.21808
v -0.39132 -0.24115 0.21808
v -0.39132 -0.24115 0.21808
v -0.39132 -0.24115 0.21808
v -0.38675 -0.25032 -0.21797
v -0.38675 -0.25032 -0.21797
v -0.38675 -0.25032 -0.21797
v -0.38675 -0.25032 -0.21797
v -0.38675 -0.25032 -0.21797
v -0.38349 -0.19454 0.19328
v -0.38349 -0.19454 0.19328
v -0.38349 -0.19454 0.19328
v -0.38349 -0.19454 0.19328
v -0.38349 -0.19454 0.19328
v -0.28362 0.08529 -0.07118
v -0.28362 0.08529 -0.07118
v -0.28362 0.08529 -0.07118
v -0.28362 0.08529 -0.07118
v -0.37833 -0.21846 -0.18735
v -0.37833 -0.21846 -0.18735
v -0.37833 -0.21846 -0.18735
v -0.37833 -0.21846 -0.18735
v -0.37964 -0.25540 0.21984
v -0.37964 -0.25540 0.21984
v -0.37964 -0.25540 0.21984
v -0.37964 -0.25540 0.21984
v -0.36555 -0.22050 -0.22136
v -0.36555 -0.22050 -0.22136
v -0.36555 -0.22050 -0.22136
v -0.36555 -0.22050 -0.22136
v -0.36555 -0.22050 -0.22136
v -0.36555 -0.22050 -0.22136
v -0.38520 -0.24699 0.19048
v -0.38520 -0.24699 0.19048
v -0.38520 -0.24699 0.19048
v -0.38520 -0.24699 0.19048
v -0.38520 -0.24699 0.19048
v -0.38520 -0.24699 0.19048
v -0.38529 -0.22724 0.20623
v -0.38529 -0.22724 0.20623
v -0.38529 -0.22724 0.20623
v -0.38759 -0.22948 0.20791
v -0.38759 -0.22948 0.20791
v -0.38759 -0.22948 0.20791
v -0.38759 -0.22948 0.20791
v -0.38564 -0.22389 -0.19210
v -0.38564 -0.22389 -0.19210
v -0.38564 -0.22389 -0.19210
v -0.38564 -0.22389 -0.19210
v -0.38564 -0.22389 -0.19210
v -0.38564 -0.22389 -0.19210
v -0.38598 -0.22383 -0.20788
v -0.38598 -0.22383 -0.20788
v -0.38598 -0.22383 -0.20788
v -0.38598 -0.22383 -0.20788
v -0.38725 -0.04963 0.14941
v -0.38725 -0.04963 0.14941
v -0.38725 -0.04963 0.14941
v -0.38725 -0.04963 0.14941
v -0.38725 -0.04963 0.14941
v -0.37536 -0.19797 -0.19195
v -0.37536 -0.19797 -0.19195
v -0.37536 -0.19797 -0.19195
v -0.37536 -0.19797 -0.19195
v -0.37536 -0.19797 -0.19195
v -0.38691 -0.23751 0.21854
v -0.38691 -0.23751 0.21854
v -0.38691 -0.23751 0.21854
v -0.38406 -0.23175 0.19245
v -0.38406 -0.23175 0.19245
v -0.38406 -0.23175 0.19245
v -0.38406 -0.23175 0.19245
v -0.38229 -0.24298 -0.19210
v -0.38229 -0.24298 -0.19210
v -0.38229 -0.24298 -0.19210
v -0.38229 -0.24298 -0.19210
v -0.38229 -0.24298 -0.19210
v -0.38229 -0.24298 -0.19210
v -0.38229 -0.24298 -0.19210
v -0.38449 -0.23777 0.20581
v -0.38449 -0.23777 0.20581
v -0.38449 -0.23777 0.20581
v -0.38449 -0.23777 0.20581
v -0.38449 -0.23777 0.20581
v -0.38449 -0.23777 0.20581
v -0.38665 -0.23341 0.21840
v -0.38665 -0.23341 0.21840
v -0.38665 -0.23341 0.21840
v -0.38665 -0.23341 0.21840
v -0.38728 -0.06871 -0.15323
v -0.38728 -0.06871 -0.15323
v -0.38728 -0.06871 -0.15323
v -0.38728 -0.06871 -0.15323
v -0.38471 -0.23815 -0.20822
v -0.38471 -0.23815 -0.20822
v -0.38471 -0.23815 -0.20822
v -0.38471 -0.23815 -0.20822
v -0.38471 -0.23815 -0.20822
v -0.38471 -0.23815 -0.20822
v -0.38383 -0.24663 -0.20997
v -0.38383 -0.24663 -0.20997
v -0.38383 -0.24663 -0.20997
v -0.38383 -0.24663 -0.20997
v -0.37695 -0.27223 0.21598
v -0.37695 -0.27223 0.21598
v -0.37695 -0.27223 0.21598
v -0.37695 -0.27223 0.21598
v -0.37695 -0.27223 0.21598
v -0.38325 -0.23379 -0.20761
v -0.38325 -0.23379 -0.20761
v -0.38325 -0.23379 -0.20761
v -0.38325 -0.23379 -0.20761
v -0.38498 -0.22084 -0.21785
v -0.38498 -0.22084 -0.21785
v -0.38498 -0.22084 -0.21785
v -0.38498 -0.22084 -0.21785
v -0.38498 -0.22084 -0.21785
v -0.38287 -0.24744 0.21622
v -0.38287 -0.24744 0.21622
v -0.38287 -0.24744 0.21622
v -0.38287 -0.24744 0.21622
v -0.38287 -0.24744 0.21622
v -0.38329 -0.24495 0.20734
v -0.38329 -0.24495 0.20734
v -0.38329 -0.24495 0.20734
v -0.38329 -0.24495 0.20734
v -0.38533 -0.22329 0.20796
v -0.38533 -0.22329 0.20796
v -0.38533 -0.22329 0.20796
v -0.38290 -0.24328 -0.20753
v -0.38290 -0.24328 -0.20753
v -0.38290 -0.24328 -0.20753
v -0.38299 -0.22290 0.18894
v -0.38299 -0.22290 0.18894
v -0.38299 -0.22290 0.18894
v -0.38299 -0.22290 0.18894
v -0.38295 -0.22286 0.21600
v -0.38295 -0.22286 0.21600
v -0.38295 -0.22286 0.21600
v -0.38295 -0.22286 0.21600
v -0.38295 -0.22286 0.21600
v -0.37775 -0.27421 0.21044
v -0.37775 -0.27421 0.21044
v -0.37008 -0.20092 -0.21604
v -0.37008 -0.20092 -0.21604
v -0.37008 -0.20092 -0.21604
v -0.37008 -0.20092 -0.21604
v -0.37008 -0.20092 -0.21604
v -0.37008 -0.20092 -0.21604
v -0.37713 -0.19627 0.21106
v -0.37713 -0.19627 0.21106
v -0.37713 -0.19627 0.21106
v -0.30573 -0.20844 0.10062
v -0.30573 -0.20844 0.10062
v -0.36222 -0.25899 0.21773
v -0.36222 -0.25899 0.21773
v -0.36222 -0.25899 0.21773
v -0.36222 -0.25899 0.21773
v -0.36222 -0.25899 0.21773
v -0.37675 -0.27292 -0.19259
v -0.37675 -0.27292 -0.19259
v -0.37675 -0.27292 -0.19259
v -0.37675 -0.27292 -0.19259
v -0.37588 -0.23126 0.18792
v -0.37588 -0.23126 0.18792
v -0.37588 -0.23126 0.18792
v -0.37588 -0.23126 0.18792
v -0.37588 -0.23126 0.18792
v -0.38055 -0.23580 0.20563
v -0.38055 -0.23580 0.20563
v -0.38055 -0.23580 0.20563
v -0.38055 -0.23580 0.20563
v -0.30747 -0.00980 -0.14323
v -0.30747 -0.00980 -0.14323
v -0.30747 -0.00980 -0.14323
v -0.30747 -0.00980 -0.14323
v -0.30747 -0.00980 -0.14323
v -0.37700 -0.24156 0.18808
v -0.37700 -0.24156 0.18808
v -0.37700 -0.24156 0.18808
v -0.37700 -0.24156 0.18808
v -0.37700 -0.24156 0.18808
v -0.37880 -0.24541 -0.21871
v -0.37880 -0.24541 -0.21871
v -0.37880 -0.24541 -0.21871
v -0.37880 -0.24541 -0.21871
v -0.32767 0.07906 -0.05898
v -0.32767 0.07906 -0.05898
v -0.35949 -0.23724 -0.22110
v -0.35949 -0.23724 -0.22110
v -0.35949 -0.23724 -0.22110
v -0.35949 -0.23724 -0.22110
v -0.35949 -0.23724 -0.22110
v -0.37602 -0.27238 -0.21598
v -0.37602 -0.27238 -0.21598
v -0.37602 -0.27238 -0.21598
v -0.37602 -0.27238 -0.21598
v -0.37602 -0.27238 -0.21598
v -0.30831 -0.17704 -0.14728
v -0.30831 -0.17704 -0.14728
v -0.30831 -0.17704 -0.14728
v -0.30831 -0.17704 -0.14728
v -0.37754 -0.23402 -0.20840
v -0.37754 -0.23402 -0.20840
v -0.37754 -0.23402 -0.20840
v -0.30753 -0.06727 0.15130
v -0.30753 -0.06727 0.15130
v -0.30753 -0.06727 0.15130
v -0.37647 -0.23294 -0.21708
v -0.37647 -0.23294 -0.21708
v -0.37647 -0.23294 -0.21708
v -0.37938 -0.22959 0.20854
v -0.37938 -0.22959 0.20854
v -0.37938 -0.22959 0.20854
v -0.37938 -0.22959 0.20854
v -0.37785 -0.23836 0.19189
v -0.37785 -0.23836 0.19189
v -0.37785 -0.23836 0.19189
v -0.37785 -0.23836 0.19189
v -0.37785 -0.23836 0.19189
v -0.30675 -0.06912 -0.15319
v -0.30675 -0.06912 -0.15319
v -0.30675 -0.06912 -0.15319
v -0.37940 -0.24073 0.20825
v -0.37940 -0.24073 0.20825
v -0.37940 -0.24073 0.20825
v -0.37694 -0.27232 0.19001
v -0.37694 -0.27232 0.19001
v -0.37694 -0.27232 0.19001
v -0.37753 -0.23333 -0.19216
v -0.37753 -0.23333 -0.19216
v -0.37290 -0.23564 -0.18840
v -0.37290 -0.23564 -0.18840
v -0.37290 -0.23564 -0.18840
v -0.37290 -0.23564 -0.18840
v -0.37290 -0.23564 -0.18840
v -0.37290 -0.23564 -0.18840
v -0.37290 -0.23564 -0.18840
v -0.36956 -0.19998 -0.19717
v -0.36956 -0.19998 -0.19717
v -0.36956 -0.19998 -0.19717
v -0.36956 -0.19998 -0.19717
v -0.37248 -0.20005 0.18976
v -0.37248 -0.20005 0.18976
v -0.37248 -0.20005 0.18976
v -0.37248 -0.20005 0.18976
v -0.37248 -0.20005 0.18976
v -0.36902 -0.20787 0.18665
v -0.36902 -0.20787 0.18665
v -0.36902 -0.20787 0.18665
v -0.37738 -0.23310 0.21435
v -0.37738 -0.23310 0.21435
v -0.37738 -0.23310 0.21435
v -0.37738 -0.23310 0.21435
v -0.37738 -0.23310 0.21435
v -0.37712 0.05999 0.05613
v -0.37712 0.05999 0.05613
v -0.36934 -0.27001 0.19520
v -0.36934 -0.27001 0.19520
v -0.36934 -0.27001 0.19520
v -0.36934 -0.27001 0.19520
v -0.35892 -0.21458 -0.18993
v -0.35892 -0.21458 -0.18993
v -0.35892 -0.21458 -0.18993
v -0.35892 -0.21458 -0.18993
v -0.35892 -0.21458 -0.18993
v -0.35892 -0.21458 -0.18993
v -0.36888 -0.26983 -0.20996
v -0.36888 -0.26983 -0.20996
v -0.36888 -0.26983 -0.20996
v -0.36329 0.03711 0.06764
v -0.36329 0.03711 0.06764
v -0.36329 0.03711 0.06764
v -0.36329 0.03711 0.06764
v -0.37040 -0.23488 0.21929
v -0.37040 -0.23488 0.21929
v -0.37040 -0.23488 0.21929
v -0.37040 -0.23488 0.21929
v -0.37040 -0.23488 0.21929
v -0.37040 -0.23488 0.21929
v -0.36593 -0.23062 0.18541
v -0.36593 -0.23062 0.18541
v -0.36593 -0.23062 0.18541
v -0.36593 -0.23062 0.18541
v -0.36783 -0.26761 -0.21606
v -0.36783 -0.26761 -0.21606
v -0.36783 -0.26761 -0.21606
v -0.36409 -0.26494 0.21425
v -0.36409 -0.26494 0.21425
v -0.36409 -0.26494 0.21425
v -0.36409 -0.26494 0.21425
v -0.36409 -0.26494 0.21425
v -0.36305 -0.26390 0.19160
v -0.36305 -0.26390 0.19160
v -0.36305 -0.26390 0.19160
v -0.36305 -0.26390 0.19160
v -0.36305 -0.26390 0.19160
v -0.36494 -0.26543 -0.19249
v -0.36494 -0.26543 -0.19249
v -0.36494 -0.26543 -0.19249
v -0.36494 -0.26543 -0.19249
v -0.36494 -0.26543 -0.19249
v -0.36162 -0.20669 0.21027
v -0.36162 -0.20669 0.21027
v -0.36162 -0.20669 0.21027
v -0.36162 -0.20669 0.21027
v -0.36162 -0.20669 0.21027
v -0.35926 -0.21041 0.19256
v -0.35926 -0.21041 0.19256
v -0.35926 -0.21041 0.19256
v -0.35926 -0.21041 0.19256
v -0.35926 -0.21041 0.19256
v -0.36210 -0.22636 -0.18722
v -0.36210 -0.22636 -0.18722
v -0.36210 -0.22636 -0.18722
v -0.35965 -0.25271 -0.18847
v -0.35965 -0.25271 -0.18847
v -0.35965 -0.25271 -0.18847
v -0.35413 -0.24066 0.21729
v -0.35413 -0.24066 0.21729
v -0.35413 -0.24066 0.21729
v -0.35413 -0.24066 0.21729
v -0.35789 -0.25536 0.18951
v -0.35789 -0.25536 0.18951
v -0.35789 -0.25536 0.18951
v -0.36255 -0.20582 -0.21227
v -0.36255 -0.20582 -0.21227
v -0.36255 -0.20582 -0.21227
v -0.36255 -0.20582 -0.21227
v -0.35703 -0.23220 0.18649
v -0.35703 -0.23220 0.18649
v -0.35703 -0.23220 0.18649
v -0.35454 -0.21879 -0.21481
v -0.35454 -0.21879 -0.21481
v -0.35454 -0.21879 -0.21481
v -0.35454 -0.21879 -0.21481
v -0.35398 -0.22299 0.18986
v -0.35398 -0.22299 0.18986
v -0.35398 -0.22299 0.18986
v -0.35398 -0.22299 0.18986
v -0.35398 -0.22299 0.18986
v -0.35398 -0.22299 0.18986
v -0.35702 -0.21288 -0.19578
v -0.35702 -0.21288 -0.19578
v -0.35702 -0.21288 -0.19578
v -0.35702 -0.21288 -0.19578
v -0.35777 -0.21802 0.21746
v -0.35777 -0.21802 0.21746
v -0.35777 -0.21802 0.21746
v -0.35777 -0.21802 0.21746
v -0.35777 -0.21802 0.21746
v -0.35602 -0.25342 -0.21629
v -0.35602 -0.25342 -0.21629
v -0.35602 -0.25342 -0.21629
v -0.35602 -0.25342 -0.21629
v -0.35602 -0.25342 -0.21629
v -0.35576 -0.22658 -0.21955
v -0.35576 -0.22658 -0.21955
v -0.35576 -0.22658 -0.21955
v -0.35756 -0.25055 -0.21926
v -0.35756 -0.25055 -0.21926
v -0.35756 -0.25055 -0.21926
v -0.30626 0.00922 -0.13740
v -0.30626 0.00922 -0.13740
v -0.30626 0.00922 -0.13740
v -0.30626 0.00922 -0.13740
v -0.30626 0.00922 -0.13740
v -0.30626 0.00922 -0.13740
v -0.35603 -0.21511 0.21284
v -0.35603 -0.21511 0.21284
v -0.35218 -0.24001 -0.19169
v -0.35218 -0.24001 -0.19169
v -0.35218 -0.24001 -0.19169
v -0.35218 -0.24001 -0.19169
v -0.35218 -0.24001 -0.19169
v -0.35218 -0.24001 -0.19169
v -0.35405 -0.22676 -0.18996
v -0.35405 -0.22676 -0.18996
v -0.35405 -0.22676 -0.18996
v -0.35392 -0.24543 0.18940
v -0.35392 -0.24543 0.18940
v -0.34578 0.07116 -0.06205
v -0.34578 0.07116 -0.06205
v -0.34578 0.07116 -0.06205
v -0.35586 -0.25306 -0.19206
v -0.35586 -0.25306 -0.19206
v -0.35586 -0.25306 -0.19206
v -0.35267 -0.24744 0.21098
v -0.35267 -0.24744 0.21098
v -0.35163 -0.22635 -0.19684
v -0.35163 -0.22635 -0.19684
v -0.35195 -0.23763 -0.21631
v -0.35195 -0.23763 -0.21631
v -0.35195 -0.23763 -0.21631
v -0.30464 0.07267 0.06944
v -0.30464 0.07267 0.06944
v -0.35107 -0.23882 0.19333
v -0.35107 -0.23882 0.19333
v -0.35128 -0.23061 0.19298
v -0.35128 -0.23061 0.19298
v -0.35128 -0.23061 0.19298
v -0.35128 -0.23061 0.19298
v -0.35223 -0.23248 0.21529
v -0.35223 -0.23248 0.21529
v -0.35223 -0.23248 0.21529
v -0.32384 0.03634 0.07326
v -0.32384 0.03634 0.07326
v -0.32384 0.03634 0.07326
v -0.32384 0.03634 0.07326
v -0.32109 0.08110 0.05590
v -0.32109 0.08110 0.05590
v -0.32109 0.08110 0.05590
v -0.26198 0.09193 0.06827
v -0.26198 0.09193 0.06827
v -0.26198 0.09193 0.06827
v -0.26198 0.09193 0.06827
v -0.26198 0.09193 0.06827
v -0.26198 0.09193 0.06827
v -0.26198 0.09193 0.06827
v -0.30748 -0.01260 0.14172
v -0.30748 -0.01260 0.14172
v -0.31221 -0.16716 0.43390
v -0.31221 -0.16716 0.43390
v -0.31221 -0.16716 0.43390
v -0.31260 -0.16172 0.43098
v -0.31260 -0.16172 0.43098
v -0.31260 -0.16172 0.43098
v -0.31271 -0.16517 0.42031
v -0.31271 -0.16517 0.42031
v -0.31271 -0.16517 0.42031
v -0.31271 -0.16517 0.42031
v -0.31271 -0.16517 0.42031
v -0.31271 -0.16517 0.42031
v -0.31271 -0.16517 0.42031
v -0.31211 -0.12966 0.42997
v -0.31211 -0.12966 0.42997
v -0.31211 -0.12966 0.42997
v -0.31211 -0.12966 0.42997
v -0.31253 -0.13711 0.42768
v -0.31253 -0.13711 0.42768
v -0.31253 -0.13711 0.42768
v -0.31253 -0.13711 0.42768
v -0.31235 -0.13327 0.43837
v -0.31235 -0.13327 0.43837
v -0.31235 -0.13327 0.43837
v -0.31235 -0.13327 0.43837
v -0.31325 -0.16040 0.45640
v -0.31325 -0.16040 0.45640
v -0.31325 -0.16040 0.45640
v -0.31325 -0.16040 0.45640
v -0.31302 -0.16669 0.45367
v -0.31302 -0.16669 0.45367
v -0.31302 -0.16669 0.45367
v -0.31302 -0.16669 0.45367
v -0.31271 -0.17041 0.46178
v -0.31271 -0.17041 0.46178
v -0.31271 -0.17041 0.46178
v -0.31271 -0.17041 0.46178
v -0.31271 -0.17041 0.46178
v -0.31261 -0.15300 0.45720
v -0.31261 -0.15300 0.45720
v -0.31261 -0.15300 0.45720
v -0.31261 -0.15300 0.45720
v -0.31261 -0.15300 0.45720
v -0.31261 -0.15300 0.45720
v -0.31261 -0.15300 0.45720
v -0.31233 -0.15388 0.45197
v -0.31233 -0.15388 0.45197
v -0.31233 -0.15388 0.45197
v -0.31296 -0.13528 0.42381
v -0.31296 -0.13528 0.42381
v -0.31296 -0.13528 0.42381
v -0.31296 -0.13528 0.42381
v -0.31296 -0.13528 0.42381
v -0.31296 -0.13528 0.42381
v -0.31281 -0.14840 0.45360
v -0.31281 -0.14840 0.45360
v -0.31281 -0.14840 0.45360
v -0.31281 -0.14840 0.45360
v -0.31213 -0.14176 0.42711
v -0.31213 -0.14176 0.42711
v -0.31213 -0.14176 0.42711
v -0.31213 -0.14176 0.42711
v -0.31213 -0.14176 0.42711
v -0.31247 -0.15371 0.41441
v -0.31247 -0.15371 0.41441
v -0.31247 -0.15371 0.41441
v -0.31247 -0.15371 0.41441
v -0.31247 -0.15371 0.41441
v -0.31247 -0.15371 0.41441
v -0.31252 -0.14863 0.46774
v -0.31252 -0.14863 0.46774
v -0.31252 -0.14863 0.46774
v -0.31252 -0.14863 0.46774
v -0.31252 -0.14863 0.46774
v -0.31252 -0.14863 0.46774
v -0.31252 -0.14863 0.46774
v -0.31261 -0.14897 0.42011
v -0.31261 -0.14897 0.42011
v -0.31261 -0.14897 0.42011
v -0.31261 -0.14897 0.42011
v -0.31261 -0.14897 0.42011
v -0.31216 -0.12958 0.45854
v -0.31216 -0.12958 0.45854
v -0.31216 -0.12958 0.45854
v -0.31216 -0.12958 0.45854
v -0.31216 -0.12958 0.45854
v -0.31232 -0.13394 0.45135
v -0.31232 -0.13394 0.45135
v -0.31232 -0.13394 0.45135
v -0.31233 -0.17348 0.46972
v -0.31233 -0.17348 0.46972
v -0.31233 -0.17348 0.46972
v -0.31233 -0.17348 0.46972
v -0.31233 -0.17348 0.46972
v -0.31243 -0.17483 0.46254
v -0.31243 -0.17483 0.46254
v -0.31243 -0.17483 0.46254
v -0.31207 -0.18462 0.45827
v -0.31207 -0.18462 0.45827
v -0.31207 -0.18462 0.45827
v -0.31207 -0.18462 0.45827
v -0.31249 -0.16796 0.43877
v -0.31249 -0.16796 0.43877
v -0.31249 -0.16796 0.43877
v -0.31249 -0.16796 0.43877
v -0.31245 -0.17987 0.45787
v -0.31245 -0.17987 0.45787
v -0.31245 -0.17987 0.45787
v -0.31245 -0.17987 0.45787
v -0.31307 -0.16104 0.45270
v -0.31307 -0.16104 0.45270
v -0.31307 -0.16104 0.45270
v -0.31307 -0.16104 0.45270
v -0.31310 -0.16092 0.47205
v -0.31310 -0.16092 0.47205
v -0.31310 -0.16092 0.47205
v -0.31310 -0.16092 0.47205
v -0.31310 -0.16092 0.47205
v -0.31308 -0.16297 0.47311
v -0.31308 -0.16297 0.47311
v -0.31308 -0.16297 0.47311
v -0.31308 -0.16297 0.47311
v -0.31308 -0.16297 0.47311
v -0.31209 -0.15438 0.47509
v -0.31209 -0.15438 0.47509
v -0.31209 -0.15438 0.47509
v -0.31209 -0.15438 0.47509
v -0.31209 -0.15438 0.47509
v -0.31254 -0.13510 0.45970
v -0.31254 -0.13510 0.45970
v -0.31254 -0.13510 0.45970
v -0.31254 -0.13510 0.45970
v -0.31254 -0.13510 0.45970
v -0.31293 -0.16620 0.46559
v -0.31293 -0.16620 0.46559
v -0.31293 -0.16620 0.46559
v -0.31254 -0.17022 0.41773
v -0.31254 -0.17022 0.41773
v -0.31254 -0.17022 0.41773
v -0.31254 -0.17022 0.41773
v -0.31254 -0.17022 0.41773
v -0.31196 -0.18451 0.42980
v -0.31196 -0.18451 0.42980
v -0.31196 -0.18451 0.42980
v -0.31196 -0.18451 0.42980
v -0.31196 -0.18451 0.42980
v -0.31255 -0.17723 0.42766
v -0.31255 -0.17723 0.42766
v -0.31255 -0.17723 0.42766
v -0.31255 -0.17723 0.42766
v -0.31255 -0.17723 0.42766
v -0.31244 -0.17921 0.44916
v -0.31244 -0.17921 0.44916
v -0.31244 -0.17921 0.44916
v -0.31244 -0.17921 0.44916
v -0.31240 -0.17997 0.43845
v -0.31240 -0.17997 0.43845
v -0.31240 -0.17997 0.43845
v -0.31240 -0.17997 0.43845
v -0.31240 -0.17997 0.43845
v -0.31240 -0.17997 0.43845
v -0.31311 -0.15310 0.47217
v -0.31311 -0.15310 0.47217
v -0.31311 -0.15310 0.47217
v -0.31311 -0.15310 0.47217
v -0.31244 -0.15695 0.43272
v -0.31244 -0.15695 0.43272
v -0.31244 -0.15695 0.43272
v -0.31244 -0.15695 0.43272
v -0.31231 -0.14573 0.43005
v -0.31231 -0.14573 0.43005
v -0.31231 -0.14573 0.43005
v -0.31231 -0.14573 0.43005
v -0.31275 -0.15117 0.43083
v -0.31275 -0.15117 0.43083
v -0.31275 -0.15117 0.43083
v -0.31275 -0.15117 0.43083
v -0.31219 -0.14690 0.43650
v -0.31219 -0.14690 0.43650
v -0.31219 -0.14690 0.43650
v -0.31219 -0.14690 0.43650
v -0.31219 -0.14690 0.43650
v -0.31306 -0.13881 0.46799
v -0.31306 -0.13881 0.46799
v -0.31306 -0.13881 0.46799
v -0.31306 -0.13881 0.46799
v -0.31258 -0.13914 0.46224
v -0.31258 -0.13914 0.46224
v -0.31258 -0.13914 0.46224
v -0.31258 -0.13914 0.46224
v -0.31223 -0.13755 0.44200
v -0.31223 -0.13755 0.44200
v -0.31223 -0.13755 0.44200
v -0.31223 -0.13755 0.44200
v -0.31223 -0.13755 0.44200
v -0.31300 -0.16867 0.44810
v -0.31300 -0.16867 0.44810
v -0.31300 -0.16867 0.44810
v -0.31300 -0.16867 0.44810
v -0.31300 -0.16867 0.44810
v -0.31229 -0.16437 0.44590
v -0.31229 -0.16437 0.44590
v -0.31229 -0.16437 0.44590
v -0.31229 -0.16437 0.44590
v -0.31229 -0.16437 0.44590
v -0.31243 -0.14827 0.42454
v -0.31243 -0.14827 0.42454
v -0.31243 -0.14827 0.42454
v -0.31257 -0.15913 0.41776
v -0.31257 -0.15913 0.41776
v -0.31257 -0.15913 0.41776
v -0.31257 -0.15913 0.41776
v -0.31242 -0.17987 0.43203
v -0.31242 -0.17987 0.43203
v -0.31242 -0.17987 0.43203
v -0.31110 -0.16452 0.47425
v -0.31110 -0.16452 0.47425
v -0.31110 -0.16452 0.47425
v -0.31253 -0.14615 0.45810
v -0.31253 -0.14615 0.45810
v -0.31253 -0.14615 0.45810
v -0.31262 -0.16130 0.43763
v -0.31262 -0.16130 0.43763
v -0.31262 -0.16130 0.43763
v -0.31262 -0.16130 0.43763
v -0.31073 -0.16604 0.41525
v -0.31073 -0.16604 0.41525
v -0.31073 -0.16604 0.41525
v -0.31238 -0.17254 0.44178
v -0.31238 -0.17254 0.44178
v -0.31238 -0.17254 0.44178
v -0.31230 -0.13826 0.44650
v -0.31230 -0.13826 0.44650
v -0.31230 -0.13826 0.44650
v -0.31230 -0.13826 0.44650
v -0.31230 -0.13826 0.44650
v -0.31230 -0.13826 0.44650
v -0.31230 -0.13826 0.44650
v -0.31226 -0.14373 0.44109
v -0.31226 -0.14373 0.44109
v -0.31226 -0.14373 0.44109
v -0.31235 -0.15293 0.43762
v -0.31235 -0.15293 0.43762
v -0.31235 -0.15293 0.43762
v -0.31235 -0.15293 0.43762
v -0.31235 -0.15293 0.43762
v -0.31235 -0.15293 0.43762
v -0.31211 -0.14930 0.44594
v -0.31211 -0.14930 0.44594
v -0.31211 -0.14930 0.44594
v -0.31211 -0.14930 0.44594
v -0.31102 -0.14489 0.44990
v -0.31102 -0.14489 0.44990
v -0.31102 -0.14489 0.44990
v -0.31102 -0.14489 0.44990
v -0.31102 -0.14489 0.44990
v -0.31219 -0.17004 0.42771
v -0.31219 -0.17004 0.42771
v -0.31219 -0.17004 0.42771
v -0.31219 -0.17004 0.42771
v -0.31219 -0.17004 0.42771
v -0.31214 -0.16352 -0.46286
v -0.31214 -0.16352 -0.46286
v -0.31214 -0.16352 -0.46286
v -0.31214 -0.16352 -0.46286
v -0.31214 -0.16352 -0.46286
v -0.31214 -0.16352 -0.46286
v -0.31212 -0.16707 -0.45560
v -0.31212 -0.16707 -0.45560
v -0.31212 -0.16707 -0.45560
v -0.31212 -0.16707 -0.45560
v -0.31212 -0.16707 -0.45560
v -0.31266 -0.16475 -0.45297
v -0.31266 -0.16475 -0.45297
v -0.31266 -0.16475 -0.45297
v -0.31266 -0.16475 -0.45297
v -0.31266 -0.16475 -0.45297
v -0.31266 -0.16475 -0.45297
v -0.31266 -0.16475 -0.45297
v -0.31220 -0.17034 -0.46573
v -0.31220 -0.17034 -0.46573
v -0.31220 -0.17034 -0.46573
v -0.31220 -0.17034 -0.46573
v -0.31220 -0.17034 -0.46573
v -0.31203 -0.13294 -0.46635
v -0.31203 -0.13294 -0.46635
v -0.31203 -0.13294 -0.46635
v -0.31203 -0.13294 -0.46635
v -0.31203 -0.13294 -0.46635
v -0.31203 -0.13294 -0.46635
v -0.31203 -0.13294 -0.46635
v -0.31203 -0.13294 -0.46635
v -0.31227 -0.13320 -0.46155
v -0.31227 -0.13320 -0.46155
v -0.31227 -0.13320 -0.46155
v -0.31227 -0.13320 -0.46155
v -0.31212 -0.13303 -0.45525
v -0.31212 -0.13303 -0.45525
v -0.31212 -0.13303 -0.45525
v -0.31212 -0.13303 -0.45525
v -0.31212 -0.13303 -0.45525
v -0.31220 -0.15088 -0.42198
v -0.31220 -0.15088 -0.42198
v -0.31220 -0.15088 -0.42198
v -0.31220 -0.15088 -0.42198
v -0.31220 -0.15088 -0.42198
v -0.31183 -0.14917 -0.41857
v -0.31183 -0.14917 -0.41857
v -0.31183 -0.14917 -0.41857
v -0.31183 -0.14917 -0.41857
v -0.31209 -0.13338 -0.42823
v -0.31209 -0.13338 -0.42823
v -0.31209 -0.13338 -0.42823
v -0.31189 -0.14829 -0.47725
v -0.31189 -0.14829 -0.47725
v -0.31189 -0.14829 -0.47725
v -0.31189 -0.14829 -0.47725
v -0.31189 -0.14829 -0.47725
v -0.31227 -0.14373 -0.46569
v -0.31227 -0.14373 -0.46569
v -0.31227 -0.14373 -0.46569
v -0.31227 -0.14373 -0.46569
v -0.31227 -0.14373 -0.46569
v -0.31227 -0.14373 -0.46569
v -0.31174 -0.15639 -0.45581
v -0.31174 -0.15639 -0.45581
v -0.31174 -0.15639 -0.45581
v -0.31174 -0.15639 -0.45581
v -0.31217 -0.16696 -0.43654
v -0.31217 -0.16696 -0.43654
v -0.31217 -0.16696 -0.43654
v -0.31217 -0.16696 -0.43654
v -0.31193 -0.17267 -0.42959
v -0.31193 -0.17267 -0.42959
v -0.31193 -0.17267 -0.42959
v -0.31193 -0.17267 -0.42959
v -0.31193 -0.17267 -0.42959
v -0.31215 -0.16516 -0.42416
v -0.31215 -0.16516 -0.42416
v -0.31215 -0.16516 -0.42416
v -0.31215 -0.16516 -0.42416
v -0.31215 -0.16516 -0.42416
v -0.31215 -0.16516 -0.42416
v -0.31209 -0.12903 -0.45934
v -0.31209 -0.12903 -0.45934
v -0.31194 -0.13772 -0.44559
v -0.31194 -0.13772 -0.44559
v -0.31194 -0.13772 -0.44559
v -0.31194 -0.13772 -0.44559
v -0.31207 -0.13321 -0.43397
v -0.31207 -0.13321 -0.43397
v -0.31207 -0.13321 -0.43397
v -0.31207 -0.13321 -0.43397
v -0.31207 -0.13321 -0.43397
v -0.31207 -0.13321 -0.43397
v -0.31197 -0.16351 -0.47789
v -0.31197 -0.16351 -0.47789
v -0.31197 -0.16351 -0.47789
v -0.31197 -0.16351 -0.47789
v -0.31207 -0.17278 -0.47363
v -0.31207 -0.17278 -0.47363
v -0.31207 -0.17278 -0.47363
v -0.31207 -0.17278 -0.47363
v -0.31207 -0.17278 -0.47363
v -0.31196 -0.17729 -0.42591
v -0.31196 -0.17729 -0.42591
v -0.31196 -0.17729 -0.42591
v -0.31196 -0.17729 -0.42591
v -0.31173 -0.16390 -0.41832
v -0.31173 -0.16390 -0.41832
v -0.31173 -0.16390 -0.41832
v -0.31173 -0.16390 -0.41832
v -0.31173 -0.16390 -0.41832
v -0.31208 -0.14153 -0.42984
v -0.31208 -0.14153 -0.42984
v -0.31208 -0.14153 -0.42984
v -0.31208 -0.14153 -0.42984
v -0.31202 -0.16162 -0.43464
v -0.31202 -0.16162 -0.43464
v -0.31202 -0.16162 -0.43464
v -0.31202 -0.16162 -0.43464
v -0.31165 -0.15889 -0.44052
v -0.31165 -0.15889 -0.44052
v -0.31165 -0.15889 -0.44052
v -0.31165 -0.15889 -0.44052
v -0.31165 -0.15889 -0.44052
v -0.31249 -0.16533 -0.44463
v -0.31249 -0.16533 -0.44463
v -0.31249 -0.16533 -0.44463
v -0.31249 -0.16533 -0.44463
v -0.31209 -0.16462 -0.44899
v -0.31209 -0.16462 -0.44899
v -0.31209 -0.16462 -0.44899
v -0.31209 -0.16462 -0.44899
v -0.31209 -0.16462 -0.44899
v -0.31215 -0.16340 -0.47357
v -0.31215 -0.16340 -0.47357
v -0.31215 -0.16340 -0.47357
v -0.31215 -0.16340 -0.47357
v -0.31207 -0.14876 -0.46501
v -0.31207 -0.14876 -0.46501
v -0.31207 -0.14876 -0.46501
v -0.31207 -0.14876 -0.46501
v -0.31207 -0.14876 -0.46501
v -0.31207 -0.14876 -0.46501
v -0.31194 -0.15703 -0.45901
v -0.31194 -0.15703 -0.45901
v -0.31194 -0.15703 -0.45901
v -0.31194 -0.15703 -0.45901
v -0.31194 -0.15703 -0.45901
v -0.31194 -0.15703 -0.45901
v -0.31199 -0.13609 -0.45113
v -0.31199 -0.13609 -0.45113
v -0.31199 -0.13609 -0.45113
v -0.31199 -0.13609 -0.45113
v -0.31196 -0.16219 -0.45384
v -0.31196 -0.16219 -0.45384
v -0.31196 -0.16219 -0.45384
v -0.31196 -0.16219 -0.45384
v -0.31191 -0.15282 -0.47460
v -0.31191 -0.15282 -0.47460
v -0.31191 -0.15282 -0.47460
v -0.31191 -0.15282 -0.47460
v -0.31200 -0.14577 -0.43391
v -0.31200 -0.14577 -0.43391
v -0.31200 -0.14577 -0.43391
v -0.31200 -0.14577 -0.43391
v -0.31200 -0.14577 -0.43391
v -0.31200 -0.14577 -0.43391
v -0.31157 -0.18465 -0.43385
v -0.31157 -0.18465 -0.43385
v -0.31157 -0.18465 -0.43385
v -0.31157 -0.18465 -0.43385
v -0.31157 -0.18465 -0.43385
v -0.31157 -0.18465 -0.43385
v -0.31157 -0.18465 -0.43385
v -0.31212 -0.17885 -0.43192
v -0.31212 -0.17885 -0.43192
v -0.31212 -0.17885 -0.43192
v -0.31212 -0.17885 -0.43192
v -0.31175 -0.12960 -0.43348
v -0.31175 -0.12960 -0.43348
v -0.31175 -0.12960 -0.43348
v -0.31203 -0.15200 -0.43385
v -0.31203 -0.15200 -0.43385
v -0.31203 -0.15200 -0.43385
v -0.31203 -0.15200 -0.43385
v -0.31203 -0.15200 -0.43385
v -0.31203 -0.15200 -0.43385
v -0.31203 -0.15200 -0.43385
v -0.31212 -0.14866 -0.42864
v -0.31212 -0.14866 -0.42864
v -0.31212 -0.14866 -0.42864
v -0.31212 -0.14866 -0.42864
v -0.31200 -0.16349 -0.44348
v -0.31200 -0.16349 -0.44348
v -0.31200 -0.16349 -0.44348
v -0.31200 -0.16349 -0.44348
v -0.31203 -0.16949 -0.44409
v -0.31203 -0.16949 -0.44409
v -0.31203 -0.16949 -0.44409
v -0.31203 -0.16949 -0.44409
v -0.31075 -0.14707 -0.43954
v -0.31075 -0.14707 -0.43954
v -0.31075 -0.14707 -0.43954
v -0.31194 -0.17979 -0.44208
v -0.31194 -0.17979 -0.44208
v -0.31194 -0.17979 -0.44208
v -0.31194 -0.17979 -0.44208
v -0.31194 -0.17979 -0.44208
v -0.31194 -0.17979 -0.44208
v -0.31194 -0.17979 -0.44208
v -0.31196 -0.14887 -0.47151
v -0.31196 -0.14887 -0.47151
v -0.31196 -0.14887 -0.47151
v -0.31196 -0.14887 -0.47151
v -0.31192 -0.14436 -0.44425
v -0.31192 -0.14436 -0.44425
v -0.31192 -0.14436 -0.44425
v -0.31192 -0.14436 -0.44425
v -0.31192 -0.14436 -0.44425
v -0.31199 -0.17016 -0.45105
v -0.31199 -0.17016 -0.45105
v -0.31199 -0.17016 -0.45105
v -0.31199 -0.17016 -0.45105
v -0.31199 -0.17016 -0.45105
v -0.31088 -0.18427 -0.46267
v -0.31088 -0.18427 -0.46267
v -0.31088 -0.18427 -0.46267
v -0.31088 -0.18427 -0.46267
v -0.31088 -0.18427 -0.46267
v -0.31201 -0.17886 -0.45140
v -0.31201 -0.17886 -0.45140
v -0.31201 -0.17886 -0.45140
v -0.31201 -0.17886 -0.45140
v -0.31201 -0.17886 -0.45140
v -0.31201 -0.17886 -0.45140
v -0.31168 -0.14406 -0.45151
v -0.31168 -0.14406 -0.45151
v -0.31168 -0.14406 -0.45151
v -0.31168 -0.14406 -0.45151
v -0.31168 -0.14406 -0.45151
v -0.31204 -0.18014 -0.46174
v -0.31204 -0.18014 -0.46174
v -0.31204 -0.18014 -0.46174
v -0.31204 -0.18014 -0.46174
v -0.31204 -0.18014 -0.46174
v -0.31196 -0.15082 -0.45391
v -0.31196 -0.15082 -0.45391
v -0.31196 -0.15082 -0.45391
v -0.31196 -0.15082 -0.45391
v -0.31196 -0.15082 -0.45391
v -0.31185 -0.15070 -0.44348
v -0.31185 -0.15070 -0.44348
v -0.31185 -0.15070 -0.44348
v -0.31185 -0.15070 -0.44348
v -0.31185 -0.15070 -0.44348
v -0.31182 -0.15698 -0.43652
v -0.31182 -0.15698 -0.43652
v -0.31182 -0.15698 -0.43652
v -0.31182 -0.15698 -0.43652
v -0.27435 -0.13354 -0.44288
v -0.27435 -0.13354 -0.44288
v -0.27435 -0.13354 -0.44288
v -0.29719 0.08786 -0.05835
v -0.29719 0.08786 -0.05835
v -0.29719 0.08786 -0.05835
v -0.29719 0.08786 -0.05835
v -0.29719 0.08786 -0.05835
v -0.29719 0.08786 -0.05835
v -0.29719 0.08786 -0.05835
v -0.26671 -0.12738 0.44736
v -0.26671 -0.12738 0.44736
v -0.26671 -0.12738 0.44736
v -0.27053 -0.14274 -0.46508
v -0.27053 -0.14274 -0.46508
v -0.27053 -0.14274 -0.46508
v -0.27053 -0.14274 -0.46508
v -0.27053 -0.14274 -0.46508
v -0.27443 -0.15825 -0.42074
v -0.27443 -0.15825 -0.42074
v -0.27443 -0.15825 -0.42074
v -0.26921 -0.15104 0.47459
v -0.26921 -0.15104 0.47459
v -0.26921 -0.15104 0.47459
v -0.26921 -0.15104 0.47459
v -0.27432 -0.14970 0.44365
v -0.27432 -0.14970 0.44365
v -0.27432 -0.14970 0.44365
v -0.27431 -0.17698 -0.44551
v -0.27431 -0.17698 -0.44551
v -0.27274 -0.17617 -0.46549
v -0.27274 -0.17617 -0.46549
v -0.27274 -0.17617 -0.46549
v -0.27274 -0.17617 -0.46549
v -0.27274 -0.17617 -0.46549
v -0.27274 -0.17617 -0.46549
v -0.27406 -0.15940 0.45797
v -0.27406 -0.15940 0.45797
v -0.27406 -0.15940 0.45797
v -0.26536 -0.14967 0.41524
v -0.26536 -0.14967 0.41524
v -0.26536 -0.14967 0.41524
v -0.27268 -0.15327 0.45184
v -0.27268 -0.15327 0.45184
v -0.27268 -0.15327 0.45184
v -0.27268 -0.15327 0.45184
v -0.27268 -0.15327 0.45184
v -0.30587 0.00291 -0.14171
v -0.30587 0.00291 -0.14171
v -0.26638 -0.18246 0.42798
v -0.26638 -0.18246 0.42798
v -0.27345 -0.17807 -0.45165
v -0.27345 -0.17807 -0.45165
v -0.27345 -0.17807 -0.45165
v -0.27345 -0.17807 -0.45165
v -0.27345 -0.17807 -0.45165
v -0.27345 -0.17807 -0.45165
v -0.27259 -0.14949 0.42070
v -0.27259 -0.14949 0.42070
v -0.27259 -0.14949 0.42070
v -0.27259 -0.14949 0.42070
v -0.27299 -0.16286 0.43016
v -0.27299 -0.16286 0.43016
v -0.27299 -0.16286 0.43016
v -0.27299 -0.16286 0.43016
v -0.27299 -0.16286 0.43016
v -0.29067 -0.16502 -0.47063
v -0.29067 -0.16502 -0.47063
v -0.26496 -0.18067 -0.46703
v -0.26496 -0.18067 -0.46703
v -0.26496 -0.18067 -0.46703
v -0.27415 -0.15272 0.47069
v -0.27415 -0.15272 0.47069
v -0.27415 -0.15272 0.47069
v -0.27415 -0.15272 0.47069
v -0.27415 -0.15272 0.47069
v -0.27415 -0.15272 0.47069
v -0.27011 -0.13604 0.43078
v -0.27011 -0.13604 0.43078
v -0.27011 -0.13604 0.43078
v -0.27011 -0.13604 0.43078
v -0.27011 -0.13604 0.43078
v -0.27011 -0.13604 0.43078
v -0.26465 -0.13954 -0.42331
v -0.26465 -0.13954 -0.42331
v -0.26465 -0.13954 -0.42331
v -0.30473 -0.04122 -0.14733
v -0.30473 -0.04122 -0.14733
v -0.26998 -0.12885 -0.44094
v -0.26998 -0.12885 -0.44094
v -0.27425 -0.13382 0.45363
v -0.27425 -0.13382 0.45363
v -0.27425 -0.13382 0.45363
v -0.27067 -0.14533 0.43081
v -0.27067 -0.14533 0.43081
v -0.27067 -0.14533 0.43081
v -0.27067 -0.14533 0.43081
v -0.27067 -0.14533 0.43081
v -0.27494 -0.13836 0.44221
v -0.27494 -0.13836 0.44221
v -0.27494 -0.13836 0.44221
v -0.27494 -0.13836 0.44221
v -0.26092 -0.16504 0.47300
v -0.26092 -0.16504 0.47300
v -0.27419 -0.16691 -0.45755
v -0.27419 -0.16691 -0.45755
v -0.27419 -0.16691 -0.45755
v -0.26562 -0.12854 0.43513
v -0.26630 -0.12986 -0.46176
v -0.30490 -0.14402 -0.14923
v -0.30490 -0.14402 -0.14923
v -0.30490 -0.14402 -0.14923
v -0.30360 -0.16959 0.14453
v -0.30360 -0.16959 0.14453
v -0.30360 -0.16959 0.14453
v -0.30360 -0.16959 0.14453
v -0.30360 -0.16959 0.14453
v -0.30360 -0.16959 0.14453
v -0.30492 -0.07073 0.14926
v -0.30492 -0.07073 0.14926
v -0.30492 -0.07073 0.14926
v -0.30492 -0.07073 0.14926
v -0.30323 -0.17328 -0.14511
v -0.30323 -0.17328 -0.14511
v -0.27418 -0.15927 -0.47460
v -0.27418 -0.15927 -0.47460
v -0.27418 -0.15927 -0.47460
v -0.27418 -0.15927 -0.47460
v -0.27418 -0.15927 -0.47460
v -0.30596 -0.17795 0.14267
v -0.30596 -0.17795 0.14267
v -0.30596 -0.17795 0.14267
v -0.30596 -0.17795 0.14267
v -0.26452 -0.17552 0.42079
v -0.26452 -0.17552 0.42079
v -0.26452 -0.17552 0.42079
v -0.26452 -0.17552 0.42079
v -0.27411 -0.15476 -0.44067
v -0.27411 -0.15476 -0.44067
v -0.27411 -0.15476 -0.44067
v -0.27257 -0.16859 0.43054
v -0.27257 -0.16859 0.43054
v -0.27257 -0.16859 0.43054
v -0.26450 -0.13183 -0.43073
v -0.26450 -0.13183 -0.43073
v -0.30458 -0.04154 0.14517
v -0.30458 -0.04154 0.14517
v -0.30458 -0.04154 0.14517
v -0.27032 -0.13615 -0.45410
v -0.27032 -0.13615 -0.45410
v -0.27032 -0.13615 -0.45410
v -0.27032 -0.13615 -0.45410
v -0.27418 -0.17908 -0.43337
v -0.27418 -0.17908 -0.43337
v -0.27418 -0.17908 -0.43337
v -0.27418 -0.17908 -0.43337
v -0.29829 -0.00883 0.13997
v -0.29829 -0.00883 0.13997
v -0.29829 -0.00883 0.13997
v -0.27471 -0.13784 -0.45157
v -0.27471 -0.13784 -0.45157
v -0.27280 -0.16070 0.45194
v -0.27280 -0.16070 0.45194
v -0.27280 -0.16070 0.45194
v -0.27280 -0.16070 0.45194
v -0.27231 -0.17072 0.42819
v -0.27231 -0.17072 0.42819
v -0.27231 -0.17072 0.42819
v -0.27231 -0.17072 0.42819
v -0.27231 -0.17072 0.42819
v -0.27261 -0.15879 0.43802
v -0.27261 -0.15879 0.43802
v -0.27261 -0.15879 0.43802
v -0.27261 -0.15879 0.43802
v -0.27261 -0.15879 0.43802
v -0.27293 -0.13560 0.45935
v -0.27293 -0.13560 0.45935
v -0.27293 -0.13560 0.45935
v -0.27293 -0.13560 0.45935
v -0.26544 -0.13569 0.46642
v -0.26544 -0.13569 0.46642
v -0.26544 -0.13569 0.46642
v -0.26544 -0.13569 0.46642
v -0.26544 -0.13569 0.46642
v -0.27269 -0.15350 -0.46122
v -0.27269 -0.15350 -0.46122
v -0.27269 -0.15350 -0.46122
v -0.27246 -0.16294 0.44192
v -0.27246 -0.16294 0.44192
v -0.27246 -0.16294 0.44192
v -0.27246 -0.16294 0.44192
v -0.27246 -0.16294 0.44192
v -0.27075 -0.15810 -0.46167
v -0.27075 -0.15810 -0.46167
v -0.27075 -0.15810 -0.46167
v -0.27075 -0.15810 -0.46167
v -0.27075 -0.15810 -0.46167
v -0.27284 -0.16882 0.44998
v -0.27284 -0.16882 0.44998
v -0.27284 -0.16882 0.44998
v -0.27284 -0.16882 0.44998
v -0.27326 -0.16289 -0.45353
v -0.27326 -0.16289 -0.45353
v -0.27326 -0.16289 -0.45353
v -0.27326 -0.16289 -0.45353
v -0.27423 -0.18025 0.43802
v -0.27423 -0.18025 0.43802
v -0.27423 -0.18025 0.43802
v -0.27423 -0.18025 0.43802
v -0.27260 -0.16513 0.46676
v -0.27260 -0.16513 0.46676
v -0.27260 -0.16513 0.46676
v -0.27260 -0.16513 0.46676
v -0.27260 -0.16513 0.46676
v -0.27260 -0.16513 0.46676
v -0.27055 -0.17814 0.43074
v -0.27055 -0.17814 0.43074
v -0.27055 -0.17814 0.43074
v -0.27055 -0.17814 0.43074
v -0.27055 -0.17814 0.43074
v -0.27055 -0.17814 0.43074
v -0.27061 -0.13599 -0.46306
v -0.27061 -0.13599 -0.46306
v -0.27061 -0.13599 -0.46306
v -0.27087 -0.13656 -0.43285
v -0.27087 -0.13656 -0.43285
v -0.27087 -0.13656 -0.43285
v -0.27087 -0.13656 -0.43285
v -0.27087 -0.13656 -0.43285
v -0.27087 -0.13656 -0.43285
v -0.27087 -0.13656 -0.43285
v -0.27087 -0.13656 -0.43285
v -0.27087 -0.13656 -0.43285
v -0.27246 -0.17134 -0.45159
v -0.27246 -0.17134 -0.45159
v -0.27246 -0.17134 -0.45159
v -0.27246 -0.17134 -0.45159
v -0.26482 -0.18438 0.45514
v -0.27398 -0.15713 0.43215
v -0.27398 -0.15713 0.43215
v -0.27398 -0.15713 0.43215
v -0.27398 -0.15713 0.43215
v -0.27407 -0.16602 0.42467
v -0.27407 -0.16602 0.42467
v -0.27407 -0.16602 0.42467
v -0.27407 -0.16602 0.42467
v -0.27410 -0.17769 0.44187
v -0.27410 -0.17769 0.44187
v -0.27410 -0.17769 0.44187
v -0.27410 -0.17769 0.44187
v -0.28110 0.03708 0.07894
v -0.28110 0.03708 0.07894
v -0.27253 -0.16664 -0.43951
v -0.27253 -0.16664 -0.43951
v -0.27253 -0.16664 -0.43951
v -0.27419 -0.14395 0.44065
v -0.27419 -0.14395 0.44065
v -0.27419 -0.14395 0.44065
v -0.27419 -0.14395 0.44065
v -0.27425 -0.16520 -0.46681
v -0.27425 -0.16520 -0.46681
v -0.27425 -0.16520 -0.46681
v -0.27425 -0.16520 -0.46681
v -0.27425 -0.16520 -0.46681
v -0.26487 0.09379 0.06129
v -0.26487 0.09379 0.06129
v -0.26487 0.09379 0.06129
v -0.27249 -0.14900 -0.42808
v -0.27249 -0.14900 -0.42808
v -0.27249 -0.14900 -0.42808
v -0.27249 -0.14900 -0.42808
v -0.26656 -0.15400 -0.41775
v -0.26656 -0.15400 -0.41775
v -0.26656 -0.15400 -0.41775
v -0.28964 -0.07541 -0.15001
v -0.28964 -0.07541 -0.15001
v -0.28964 -0.07541 -0.15001
v -0.28964 -0.07541 -0.15001
v -0.28745 -0.10258 0.14871
v -0.28745 -0.10258 0.14871
v -0.28745 -0.10258 0.14871
v -0.29137 -0.03365 0.14317
v -0.29137 -0.03365 0.14317
v -0.29137 -0.03365 0.14317
v -0.27428 -0.14674 -0.44036
v -0.27428 -0.14674 -0.44036
v -0.27428 -0.14674 -0.44036
v -0.27428 -0.14674 -0.44036
v -0.27248 -0.16858 0.43785
v -0.27248 -0.16858 0.43785
v -0.27248 -0.16858 0.43785
v -0.27248 -0.16858 0.43785
v -0.27248 -0.16858 0.43785
v -0.27248 -0.16858 0.43785
v -0.29016 -0.02966 -0.14422
v -0.29016 -0.02966 -0.14422
v -0.29016 -0.02966 -0.14422
v -0.27411 -0.17738 0.46052
v -0.27411 -0.17738 0.46052
v -0.27411 -0.17738 0.46052
v -0.27411 -0.17738 0.46052
v -0.27411 -0.17738 0.46052
v -0.27411 -0.17738 0.46052
v -0.27414 -0.14641 -0.45534
v -0.27414 -0.14641 -0.45534
v -0.27414 -0.14641 -0.45534
v -0.27414 -0.14641 -0.45534
v -0.27420 -0.15853 -0.45524
v -0.27420 -0.15853 -0.45524
v -0.27420 -0.15853 -0.45524
v -0.27420 -0.15853 -0.45524
v -0.27242 -0.17870 0.44976
v -0.27242 -0.17870 0.44976
v -0.27242 -0.17870 0.44976
v -0.27242 -0.17870 0.44976
v -0.27242 -0.17870 0.44976
v -0.27418 -0.18035 0.45586
v -0.27418 -0.18035 0.45586
v -0.27418 -0.18035 0.45586
v -0.27418 -0.18035 0.45586
v -0.27418 -0.18035 0.45586
v -0.27435 -0.14416 -0.43179
v -0.27435 -0.14416 -0.43179
v -0.27435 -0.14416 -0.43179
v -0.27435 -0.14416 -0.43179
v -0.27435 -0.14416 -0.43179
v -0.27303 -0.17361 0.44224
v -0.27303 -0.17361 0.44224
v -0.27303 -0.17361 0.44224
v -0.27303 -0.17361 0.44224
v -0.27035 -0.14299 -0.44359
v -0.27035 -0.14299 -0.44359
v -0.27035 -0.14299 -0.44359
v -0.27035 -0.14299 -0.44359
v -0.27035 -0.14299 -0.44359
v -0.27277 -0.14918 -0.47089
v -0.27277 -0.14918 -0.47089
v -0.27277 -0.14918 -0.47089
v -0.27277 -0.14918 -0.47089
v -0.27277 -0.14918 -0.47089
v -0.26506 -0.14162 -0.47428
v -0.26506 -0.14162 -0.47428
v -0.26506 -0.14162 -0.47428
v -0.26506 -0.14162 -0.47428
v -0.26506 -0.14162 -0.47428
v -0.26408 -0.15251 -0.47824
v -0.26408 -0.15251 -0.47824
v -0.26408 -0.15251 -0.47824
v -0.27259 -0.15130 0.43015
v -0.27259 -0.15130 0.43015
v -0.27259 -0.15130 0.43015
v -0.27259 -0.15130 0.43015
v -0.27259 -0.15130 0.43015
v -0.27259 -0.15130 0.43015
v -0.27256 -0.14905 0.46403
v -0.27256 -0.14905 0.46403
v -0.27256 -0.14905 0.46403
v -0.27414 -0.15131 -0.43319
v -0.27414 -0.15131 -0.43319
v -0.27414 -0.15131 -0.43319
v -0.27414 -0.15131 -0.43319
v -0.27414 -0.15131 -0.43319
v -0.26036 -0.18266 -0.43527
v -0.26036 -0.18266 -0.43527
v -0.26036 -0.18266 -0.43527
v -0.27031 -0.14263 0.46099
v -0.27031 -0.14263 0.46099
v -0.27031 -0.14263 0.46099
v -0.27031 -0.14263 0.46099
v -0.26633 -0.18293 0.46036
v -0.26633 -0.18293 0.46036
v -0.26633 -0.18293 0.46036
v -0.27403 -0.17745 0.44802
v -0.27403 -0.17745 0.44802
v -0.27403 -0.17745 0.44802
v -0.27415 -0.18054 -0.44275
v -0.27415 -0.18054 -0.44275
v -0.27415 -0.18054 -0.44275
v -0.27421 -0.14163 0.42698
v -0.27421 -0.14163 0.42698
v -0.27421 -0.14163 0.42698
v -0.27298 -0.14518 0.44980
v -0.27298 -0.14518 0.44980
v -0.27298 -0.14518 0.44980
v -0.27298 -0.14518 0.44980
v -0.27298 -0.14518 0.44980
v -0.26471 -0.16379 -0.47794
v -0.26471 -0.16379 -0.47794
v -0.26471 -0.16379 -0.47794
v -0.26471 -0.16379 -0.47794
v -0.27435 -0.18076 -0.45843
v -0.27435 -0.18076 -0.45843
v -0.27435 -0.18076 -0.45843
v -0.27435 -0.18076 -0.45843
v -0.27435 -0.18076 -0.45843
v -0.27061 -0.16254 -0.44453
v -0.27061 -0.16254 -0.44453
v -0.27061 -0.16254 -0.44453
v -0.27061 -0.16254 -0.44453
v -0.26617 -0.18271 -0.43150
v -0.26617 -0.18271 -0.43150
v -0.26617 -0.18271 -0.43150
v -0.26617 -0.18271 -0.43150
v -0.26617 -0.18271 -0.43150
v -0.26617 -0.18271 -0.43150
v -0.26617 -0.18271 -0.43150
v -0.27277 -0.16464 0.42037
v -0.27277 -0.16464 0.42037
v -0.27277 -0.16464 0.42037
v -0.27277 -0.16464 0.42037
v -0.27422 -0.16985 -0.44418
v -0.27422 -0.16985 -0.44418
v -0.27422 -0.16985 -0.44418
v -0.27422 -0.16985 -0.44418
v -0.27422 -0.16985 -0.44418
v -0.29402 -0.13345 -0.43476
v -0.29402 -0.13345 -0.43476
v -0.29402 -0.13345 -0.43476
v -0.26701 -0.18392 -0.46084
v -0.26701 -0.18392 -0.46084
v -0.26701 -0.18392 -0.46084
v -0.26759 -0.13201 0.42697
v -0.26759 -0.13201 0.42697
v -0.27277 -0.17085 -0.46538
v -0.27277 -0.17085 -0.46538
v -0.27277 -0.17085 -0.46538
v -0.27277 -0.17085 -0.46538
v -0.27038 -0.16243 -0.43168
v -0.27038 -0.16243 -0.43168
v -0.27038 -0.16243 -0.43168
v -0.27038 -0.16243 -0.43168
v -0.27038 -0.16243 -0.43168
v -0.27038 -0.16243 -0.43168
v -0.27038 -0.16243 -0.43168
v -0.20656 -0.10795 -0.14503
v -0.20656 -0.10795 -0.14503
v -0.20656 -0.10795 -0.14503
v -0.28799 -0.10080 -0.15078
v -0.28799 -0.10080 -0.15078
v -0.28799 -0.10080 -0.15078
v -0.28799 -0.10080 -0.15078
v -0.27283 -0.15389 0.43793
v -0.27283 -0.15389 0.43793
v -0.27283 -0.15389 0.43793
v -0.27283 -0.15389 0.43793
v -0.27413 -0.13411 0.43854
v -0.27413 -0.13411 0.43854
v -0.27413 -0.13411 0.43854
v -0.27459 -0.14981 -0.44888
v -0.27459 -0.14981 -0.44888
v -0.27459 -0.14981 -0.44888
v -0.26978 0.00332 -0.13949
v -0.26978 0.00332 -0.13949
v -0.27183 -0.16824 0.45353
v -0.27183 -0.16824 0.45353
v -0.27183 -0.16824 0.45353
v -0.27183 -0.16824 0.45353
v -0.27183 -0.16824 0.45353
v -0.27183 -0.16824 0.45353
v -0.27077 -0.15129 -0.44460
v -0.27077 -0.15129 -0.44460
v -0.27077 -0.15129 -0.44460
v -0.27077 -0.15129 -0.44460
v -0.27242 -0.17096 0.46143
v -0.27242 -0.17096 0.46143
v -0.27242 -0.17096 0.46143
v -0.27242 -0.17096 0.46143
v -0.27063 -0.15160 -0.45333
v -0.27063 -0.15160 -0.45333
v -0.27063 -0.15160 -0.45333
v -0.27063 -0.15160 -0.45333
v -0.27045 -0.14519 0.43763
v -0.27045 -0.14519 0.43763
v -0.27045 -0.14519 0.43763
v -0.27045 -0.14519 0.43763
v -0.27045 -0.14519 0.43763
v -0.27057 -0.16224 -0.42261
v -0.27057 -0.16224 -0.42261
v -0.27057 -0.16224 -0.42261
v -0.27057 -0.16224 -0.42261
v -0.27246 -0.16519 -0.42812
v -0.27246 -0.16519 -0.42812
v -0.27246 -0.16519 -0.42812
v -0.27086 -0.16892 -0.43267
v -0.27086 -0.16892 -0.43267
v -0.27086 -0.16892 -0.43267
v -0.27086 -0.16892 -0.43267
v -0.27086 -0.16892 -0.43267
v -0.27320 -0.17146 -0.43017
v -0.27320 -0.17146 -0.43017
v -0.27320 -0.17146 -0.43017
v -0.27320 -0.17146 -0.43017
v -0.26469 -0.16842 -0.42025
v -0.26469 -0.16842 -0.42025
v -0.26469 -0.16842 -0.42025
v -0.26469 -0.16842 -0.42025
v -0.27270 -0.13338 -0.43841
v -0.27270 -0.13338 -0.43841
v -0.27270 -0.13338 -0.43841
v -0.27270 -0.13338 -0.43841
v -0.27433 -0.13720 0.44859
v -0.27433 -0.13720 0.44859
v -0.27433 -0.13720 0.44859
v -0.28721 -0.05302 0.14318
v -0.28607 -0.03008 -0.14208
v -0.28607 -0.03008 -0.14208
v -0.28607 -0.03008 -0.14208
v -0.26456 -0.14088 0.41935
v -0.26456 -0.14088 0.41935
v -0.26456 -0.14088 0.41935
v -0.26456 -0.14088 0.41935
v -0.27043 -0.15604 0.41879
v -0.27043 -0.15604 0.41879
v -0.27043 -0.15604 0.41879
v -0.27043 -0.15604 0.41879
v -0.28616 -0.09645 -0.14857
v -0.28616 -0.09645 -0.14857
v -0.28590 -0.03051 0.13990
v -0.28590 -0.03051 0.13990
v -0.28590 -0.03051 0.13990
v -0.28590 -0.03051 0.13990
v -0.28590 -0.03051 0.13990
v -0.28590 -0.03051 0.13990
v -0.28624 -0.02583 0.14133
v -0.28624 -0.02583 0.14133
v -0.28624 -0.02583 0.14133
v -0.28611 -0.09902 0.14740
v -0.28611 -0.09902 0.14740
v -0.27233 -0.14901 0.42641
v -0.27233 -0.14901 0.42641
v -0.27233 -0.14901 0.42641
v -0.27233 -0.14901 0.42641
v -0.27417 -0.14693 0.45354
v -0.27417 -0.14693 0.45354
v -0.27417 -0.14693 0.45354
v -0.27417 -0.14693 0.45354
v -0.26080 -0.17594 0.13879
v -0.26080 -0.17594 0.13879
v -0.26080 -0.17594 0.13879
v -0.26080 -0.17594 0.13879
v -0.26080 -0.17594 0.13879
v -0.27261 -0.15122 0.45964
v -0.27261 -0.15122 0.45964
v -0.27261 -0.15122 0.45964
v -0.27261 -0.15122 0.45964
v -0.27261 -0.15122 0.45964
v -0.27944 -0.02444 -0.14278
v -0.27944 -0.02444 -0.14278
v -0.27944 -0.02444 -0.14278
v -0.27944 -0.02444 -0.14278
v -0.27944 -0.02444 -0.14278
v -0.27061 -0.15174 -0.42260
v -0.27061 -0.15174 -0.42260
v -0.27061 -0.15174 -0.42260
v -0.27061 -0.15174 -0.42260
v -0.27061 -0.15174 -0.42260
v -0.27290 -0.14882 -0.46648
v -0.27290 -0.14882 -0.46648
v -0.27290 -0.14882 -0.46648
v -0.27170 -0.15708 -0.43470
v -0.27170 -0.15708 -0.43470
v -0.27170 -0.15708 -0.43470
v -0.26423 -0.15972 0.41458
v -0.21964 0.02059 -0.11409
v -0.21964 0.02059 -0.11409
v -0.21964 0.02059 -0.11409
v -0.21964 0.02059 -0.11409
v -0.21964 0.02059 -0.11409
v -0.28020 -0.13531 0.26399
v -0.28020 -0.13531 0.26399
v -0.28020 -0.13531 0.26399
v -0.28020 -0.13531 0.26399
v -0.28020 -0.13531 0.26399
v -0.28020 -0.13531 0.26399
v -0.28020 -0.13531 0.26399
v -0.28020 -0.13531 0.26399
v -0.28020 -0.13531 0.26399
v -0.27991 -0.14329 0.27141
v -0.27991 -0.14329 0.27141
v -0.27991 -0.14329 0.27141
v -0.27991 -0.14329 0.27141
v -0.28007 -0.13727 0.27054
v -0.28007 -0.13727 0.27054
v -0.28007 -0.13727 0.27054
v -0.28007 -0.13727 0.27054
v -0.28020 -0.13519 0.32527
v -0.28020 -0.13519 0.32527
v -0.28020 -0.13519 0.32527
v -0.28020 -0.13519 0.32527
v -0.28020 -0.13519 0.32527
v -0.27962 -0.13798 0.32529
v -0.27962 -0.13798 0.32529
v -0.27962 -0.13798 0.32529
v -0.27962 -0.13798 0.32529
v -0.27962 -0.13798 0.32529
v -0.27962 -0.13798 0.32529
v -0.27962 -0.13798 0.32529
v -0.27885 -0.13895 0.33100
v -0.27885 -0.13895 0.33100
v -0.27885 -0.13895 0.33100
v -0.27885 -0.13895 0.33100
v -0.28008 -0.14196 0.31660
v -0.28008 -0.14196 0.31660
v -0.28008 -0.14196 0.31660
v -0.28008 -0.14196 0.31660
v -0.28008 -0.14196 0.31660
v -0.28008 -0.14196 0.31660
v -0.27877 -0.15183 0.32484
v -0.27877 -0.15183 0.32484
v -0.27877 -0.15183 0.32484
v -0.27877 -0.15183 0.32484
v -0.27877 -0.15183 0.32484
v -0.27877 -0.15183 0.32484
v -0.27877 -0.15183 0.32484
v -0.27877 -0.15183 0.32484
v -0.27939 -0.14361 0.31903
v -0.27939 -0.14361 0.31903
v -0.27939 -0.14361 0.31903
v -0.28018 -0.14687 0.33035
v -0.28018 -0.14687 0.33035
v -0.28018 -0.14687 0.33035
v -0.28018 -0.14687 0.33035
v -0.28018 -0.14687 0.33035
v -0.28018 -0.14687 0.33035
v -0.28008 -0.13694 0.31966
v -0.28008 -0.13694 0.31966
v -0.28008 -0.13694 0.31966
v -0.28008 -0.13694 0.31966
v -0.28008 -0.13694 0.31966
v -0.28008 -0.13694 0.31966
v -0.28009 -0.13870 -0.26365
v -0.28009 -0.13870 -0.26365
v -0.28009 -0.13870 -0.26365
v -0.28009 -0.13870 -0.26365
v -0.27854 -0.14679 -0.26628
v -0.27854 -0.14679 -0.26628
v -0.27854 -0.14679 -0.26628
v -0.27854 -0.14679 -0.26628
v -0.27854 -0.14679 -0.26628
v -0.28006 -0.14393 -0.26202
v -0.28006 -0.14393 -0.26202
v -0.28006 -0.14393 -0.26202
v -0.27982 -0.13934 -0.26620
v -0.27982 -0.13934 -0.26620
v -0.27982 -0.13934 -0.26620
v -0.27998 -0.13908 -0.32462
v -0.27998 -0.13908 -0.32462
v -0.27998 -0.13908 -0.32462
v -0.27998 -0.13908 -0.32462
v -0.27998 -0.13908 -0.32462
v -0.27998 -0.13908 -0.32462
v -0.27950 -0.13888 -0.32855
v -0.27950 -0.13888 -0.32855
v -0.27950 -0.13888 -0.32855
v -0.27950 -0.13888 -0.32855
v -0.27950 -0.13888 -0.32855
v -0.27875 -0.14861 -0.32871
v -0.27875 -0.14861 -0.32871
v -0.27875 -0.14861 -0.32871
v -0.27875 -0.14861 -0.32871
v -0.27875 -0.14861 -0.32871
v -0.28002 -0.13528 -0.33311
v -0.28002 -0.13528 -0.33311
v -0.28002 -0.13528 -0.33311
v -0.28002 -0.13528 -0.33311
v -0.28003 -0.14234 -0.33898
v -0.28003 -0.14234 -0.33898
v -0.28003 -0.14234 -0.33898
v -0.28003 -0.14234 -0.33898
v -0.27999 -0.13919 -0.33514
v -0.27999 -0.13919 -0.33514
v -0.27999 -0.13919 -0.33514
v -0.27999 -0.13919 -0.33514
v -0.27999 -0.13919 -0.33514
v -0.28021 -0.14812 -0.26403
v -0.28021 -0.14812 -0.26403
v -0.28021 -0.14812 -0.26403
v -0.28021 -0.14812 -0.26403
v -0.27874 -0.15187 -0.27012
v -0.27874 -0.15187 -0.27012
v -0.27874 -0.15187 -0.27012
v -0.27874 -0.15187 -0.27012
v -0.27874 -0.15187 -0.27012
v -0.27874 -0.15187 -0.27012
v -0.27874 -0.15187 -0.27012
v -0.28001 -0.14036 -0.27676
v -0.28001 -0.14036 -0.27676
v -0.28001 -0.14036 -0.27676
v -0.28001 -0.14036 -0.27676
v -0.28001 -0.14036 -0.27676
v -0.28001 -0.14036 -0.27676
v -0.28001 -0.14036 -0.27676
v -0.27875 -0.14779 -0.27639
v -0.27875 -0.14779 -0.27639
v -0.27875 -0.14779 -0.27639
v -0.27875 -0.14779 -0.27639
v -0.28005 -0.14885 -0.33407
v -0.28005 -0.14885 -0.33407
v -0.28005 -0.14885 -0.33407
v -0.28005 -0.14885 -0.33407
v -0.28005 -0.14885 -0.33407
v -0.28005 -0.14885 -0.33407
v -0.28005 -0.14885 -0.33407
v -0.27805 -0.15147 -0.33461
v -0.27805 -0.15147 -0.33461
v -0.27805 -0.15147 -0.33461
v -0.27805 -0.15147 -0.33461
v -0.27858 -0.15196 -0.32832
v -0.27858 -0.15196 -0.32832
v -0.27858 -0.15196 -0.32832
v -0.27858 -0.15196 -0.32832
v -0.27858 -0.15196 -0.32832
v -0.27858 -0.15196 -0.32832
v -0.27935 -0.14344 0.26049
v -0.27935 -0.14344 0.26049
v -0.27935 -0.14344 0.26049
v -0.27935 -0.14344 0.26049
v -0.27935 -0.14344 0.26049
v -0.27935 -0.14344 0.26049
v -0.27942 -0.13910 0.26191
v -0.27942 -0.13910 0.26191
v -0.27942 -0.13910 0.26191
v -0.27942 -0.13910 0.26191
v -0.27821 -0.14330 0.27406
v -0.27821 -0.14330 0.27406
v -0.27821 -0.14330 0.27406
v -0.27821 -0.14330 0.27406
v -0.27949 -0.15083 0.26646
v -0.27949 -0.15083 0.26646
v -0.27949 -0.15083 0.26646
v -0.27949 -0.15083 0.26646
v -0.27949 -0.15083 0.26646
v -0.27949 -0.15083 0.26646
v -0.27949 -0.15083 0.26646
v -0.27852 -0.14760 0.31688
v -0.27852 -0.14760 0.31688
v -0.27852 -0.14760 0.31688
v -0.27852 -0.14760 0.31688
v -0.27971 -0.14333 0.32869
v -0.27971 -0.14333 0.32869
v -0.27971 -0.14333 0.32869
v -0.27971 -0.14333 0.32869
v -0.27971 -0.14333 0.32869
v -0.28000 -0.13523 -0.26926
v -0.28000 -0.13523 -0.26926
v -0.28000 -0.13523 -0.26926
v -0.28000 -0.13523 -0.26926
v -0.28000 -0.13523 -0.26926
v -0.28000 -0.13523 -0.26926
v -0.27861 -0.14437 0.25668
v -0.27861 -0.14437 0.25668
v -0.27861 -0.14437 0.25668
v -0.27861 -0.14437 0.25668
v -0.27993 -0.15001 0.26177
v -0.27993 -0.15001 0.26177
v -0.27993 -0.15001 0.26177
v -0.27292 -0.15845 0.47147
v -0.27292 -0.15845 0.47147
v -0.27292 -0.15845 0.47147
v -0.27292 -0.15845 0.47147
v -0.26530 -0.13272 -0.27200
v -0.26530 -0.13272 -0.27200
v -0.26530 -0.13272 -0.27200
v -0.26530 -0.13272 -0.27200
v -0.26530 -0.13272 -0.27200
v -0.26530 -0.13272 -0.27200
v -0.27195 -0.14130 0.32830
v -0.27195 -0.14130 0.32830
v -0.27195 -0.14130 0.32830
v -0.27865 -0.14426 -0.32301
v -0.27865 -0.14426 -0.32301
v -0.27865 -0.14426 -0.32301
v -0.27295 -0.14251 -0.32673
v -0.27295 -0.14251 -0.32673
v -0.27295 -0.14251 -0.32673
v -0.26505 -0.15318 0.32752
v -0.26505 -0.15318 0.32752
v -0.26505 -0.15318 0.32752
v -0.26505 -0.15318 0.32752
v -0.26505 -0.15318 0.32752
v -0.26505 -0.15318 0.32752
v -0.26505 -0.15318 0.32752
v -0.26197 -0.18408 0.43415
v -0.26197 -0.18408 0.43415
v -0.26197 -0.18408 0.43415
v -0.26197 -0.18408 0.43415
v -0.27100 -0.13975 0.27007
v -0.27100 -0.13975 0.27007
v -0.27100 -0.13975 0.27007
v -0.27100 -0.13975 0.27007
v -0.27277 -0.14927 -0.33162
v -0.27277 -0.14927 -0.33162
v -0.27277 -0.14927 -0.33162
v -0.27277 -0.14927 -0.33162
v -0.26632 -0.14247 -0.33473
v -0.26632 -0.14247 -0.33473
v -0.26632 -0.14247 -0.33473
v -0.26632 -0.14247 -0.33473
v -0.26632 -0.14247 -0.33473
v -0.26632 -0.14247 -0.33473
v -0.11620 -0.16345 -0.13385
v -0.11620 -0.16345 -0.13385
v -0.26685 -0.14293 0.26791
v -0.26685 -0.14293 0.26791
v -0.26685 -0.14293 0.26791
v -0.26685 -0.14293 0.26791
v -0.26685 -0.14293 0.26791
v -0.21725 0.09030 -0.08366
v -0.21725 0.09030 -0.08366
v -0.21725 0.09030 -0.08366
v -0.21725 0.09030 -0.08366
v -0.27009 -0.14691 -0.27909
v -0.27009 -0.14691 -0.27909
v -0.27009 -0.14691 -0.27909
v -0.27009 -0.14691 -0.27909
v -0.27009 -0.14691 -0.27909
v -0.27009 -0.14691 -0.27909
v -0.27009 -0.14691 -0.27909
v -0.27294 -0.14246 -0.33670
v -0.27294 -0.14246 -0.33670
v -0.27215 -0.14530 -0.27417
v -0.27215 -0.14530 -0.27417
v -0.27215 -0.14530 -0.27417
v -0.27215 -0.14530 -0.27417
v -0.27064 -0.13988 -0.26622
v -0.27064 -0.13988 -0.26622
v -0.27064 -0.13988 -0.26622
v -0.27064 -0.13988 -0.26622
v -0.27064 -0.13988 -0.26622
v -0.27179 -0.13988 -0.32295
v -0.27179 -0.13988 -0.32295
v -0.27179 -0.13988 -0.32295
v -0.27179 -0.13988 -0.32295
v -0.26795 -0.13350 -0.32864
v -0.26795 -0.13350 -0.32864
v -0.26795 -0.13350 -0.32864
v -0.26795 -0.13350 -0.32864
v -0.26795 -0.13350 -0.32864
v -0.26795 -0.13350 -0.32864
v -0.26795 -0.13350 -0.32864
v -0.27243 -0.13942 -0.27396
v -0.27243 -0.13942 -0.27396
v -0.27243 -0.13942 -0.27396
v -0.27026 -0.14537 0.32098
v -0.27026 -0.14537 0.32098
v -0.27026 -0.14537 0.32098
v -0.27026 -0.14537 0.32098
v -0.26854 -0.14518 0.32390
v -0.26854 -0.14518 0.32390
v -0.26854 -0.14518 0.32390
v -0.26854 -0.14518 0.32390
v -0.27158 -0.14671 -0.34004
v -0.27158 -0.14671 -0.34004
v -0.27158 -0.14671 -0.34004
v -0.27158 -0.14671 -0.34004
v -0.27471 -0.13740 0.26537
v -0.27471 -0.13740 0.26537
v -0.27471 -0.13740 0.26537
v -0.27471 -0.13740 0.26537
v -0.27471 -0.13740 0.26537
v -0.27241 -0.14510 -0.32259
v -0.27241 -0.14510 -0.32259
v -0.27241 -0.14510 -0.32259
v -0.27241 -0.14510 -0.32259
v -0.27133 -0.14478 0.26092
v -0.27133 -0.14478 0.26092
v -0.27133 -0.14478 0.26092
v -0.26655 -0.13551 -0.26403
v -0.26655 -0.13551 -0.26403
v -0.26655 -0.13551 -0.26403
v -0.26655 -0.13551 -0.26403
v -0.26655 -0.13551 -0.26403
v -0.26655 -0.13551 -0.26403
v -0.26934 -0.13901 0.33323
v -0.26934 -0.13901 0.33323
v -0.26934 -0.13901 0.33323
v -0.26934 -0.13901 0.33323
v -0.26934 -0.13901 0.33323
v -0.26934 -0.13901 0.33323
v -0.26934 -0.13901 0.33323
v -0.26934 -0.13901 0.33323
v -0.26934 -0.13901 0.33323
v -0.26934 -0.13901 0.33323
v -0.27167 -0.14474 0.33408
v -0.27167 -0.14474 0.33408
v -0.27167 -0.14474 0.33408
v -0.27167 -0.14474 0.33408
v -0.26951 -0.14345 0.27814
v -0.26951 -0.14345 0.27814
v -0.26951 -0.14345 0.27814
v -0.26951 -0.14345 0.27814
v -0.26951 -0.14345 0.27814
v -0.26951 -0.14345 0.27814
v -0.26589 -0.13259 0.26531
v -0.26589 -0.13259 0.26531
v -0.26589 -0.13259 0.26531
v -0.26589 -0.13259 0.26531
v -0.26589 -0.13259 0.26531
v -0.26801 -0.13347 -0.33456
v -0.26801 -0.13347 -0.33456
v -0.26801 -0.13347 -0.33456
v -0.26801 -0.13347 -0.33456
v -0.26801 -0.13347 -0.33456
v -0.26801 -0.13347 -0.33456
v -0.26893 -0.15298 -0.27316
v -0.26893 -0.15298 -0.27316
v -0.26893 -0.15298 -0.27316
v -0.26830 -0.13264 0.32294
v -0.26830 -0.13264 0.32294
v -0.26830 -0.13264 0.32294
v -0.26830 -0.13264 0.32294
v -0.26830 -0.13264 0.32294
v -0.26830 -0.13264 0.32294
v -0.26830 -0.13264 0.32294
v -0.27224 -0.14731 -0.26855
v -0.27224 -0.14731 -0.26855
v -0.27224 -0.14731 -0.26855
v -0.27224 -0.14731 -0.26855
v -0.26628 -0.15324 -0.32793
v -0.26628 -0.15324 -0.32793
v -0.26628 -0.15324 -0.32793
v -0.26628 -0.15324 -0.32793
v -0.26628 -0.15324 -0.32793
v -0.26628 -0.15324 -0.32793
v -0.27174 -0.14655 0.31540
v -0.27174 -0.14655 0.31540
v -0.27174 -0.14655 0.31540
v -0.27174 -0.14655 0.31540
v -0.27409 -0.14234 0.27417
v -0.27409 -0.14234 0.27417
v -0.27409 -0.14234 0.27417
v -0.26128 -0.15172 -0.26413
v -0.26128 -0.15172 -0.26413
v -0.26128 -0.15172 -0.26413
v -0.26128 -0.15172 -0.26413
v -0.26746 -0.15132 0.31853
v -0.26746 -0.15132 0.31853
v -0.26746 -0.15132 0.31853
v -0.26746 -0.15132 0.31853
v -0.26746 -0.15132 0.31853
v -0.26746 -0.15132 0.31853
v -0.26746 -0.15132 0.31853
v -0.27285 -0.14342 0.25350
v -0.27285 -0.14342 0.25350
v -0.27285 -0.14342 0.25350
v -0.27285 -0.14342 0.25350
v -0.26956 -0.14134 0.25310
v -0.26956 -0.14134 0.25310
v -0.26956 -0.14134 0.25310
v -0.26956 -0.14134 0.25310
v -0.26956 -0.14134 0.25310
v -0.27291 -0.14249 0.31883
v -0.27095 -0.13969 0.32112
v -0.27095 -0.13969 0.32112
v -0.27095 -0.13969 0.32112
v -0.26860 -0.15140 -0.33668
v -0.26860 -0.15140 -0.33668
v -0.26860 -0.15140 -0.33668
v -0.26860 -0.15140 -0.33668
v -0.26860 -0.15140 -0.33668
v -0.26569 -0.14542 -0.33156
v -0.26569 -0.14542 -0.33156
v -0.26569 -0.14542 -0.33156
v -0.26569 -0.14542 -0.33156
v -0.26569 -0.14542 -0.33156
v -0.26569 -0.14542 -0.33156
v -0.26569 -0.14542 -0.33156
v -0.26708 -0.15322 0.26203
v -0.26708 -0.15322 0.26203
v -0.26708 -0.15322 0.26203
v -0.26708 -0.15322 0.26203
v -0.26708 -0.15322 0.26203
v -0.27200 -0.14006 -0.27914
v -0.27200 -0.14006 -0.27914
v -0.27200 -0.14006 -0.27914
v -0.27200 -0.14006 -0.27914
v -0.27200 -0.14006 -0.27914
v -0.25608 -0.02720 -0.13953
v -0.25608 -0.02720 -0.13953
v -0.26879 -0.13972 0.26266
v -0.26879 -0.13972 0.26266
v -0.26879 -0.13972 0.26266
v -0.26879 -0.13972 0.26266
v -0.27025 -0.13602 -0.44349
v -0.27025 -0.13602 -0.44349
v -0.27025 -0.13602 -0.44349
v -0.27025 -0.13602 -0.44349
v -0.27178 -0.14183 0.31523
v -0.27178 -0.14183 0.31523
v -0.27178 -0.14183 0.31523
v -0.27178 -0.14183 0.31523
v -0.27178 -0.14183 0.31523
v -0.27178 -0.14183 0.31523
v -0.26537 -0.14182 0.32432
v -0.26537 -0.14182 0.32432
v -0.26537 -0.14182 0.32432
v -0.26537 -0.14182 0.32432
v -0.26537 -0.14182 0.32432
v -0.26537 -0.14182 0.32432
v -0.26537 -0.14182 0.32432
v -0.26537 -0.14182 0.32432
v -0.27004 -0.16239 0.46203
v -0.27004 -0.16239 0.46203
v -0.27004 -0.16239 0.46203
v -0.27020 -0.16250 -0.46381
v -0.27020 -0.16250 -0.46381
v -0.27020 -0.16250 -0.46381
v -0.27073 -0.17397 0.46039
v -0.27073 -0.17397 0.46039
v -0.27073 -0.17397 0.46039
v -0.27073 -0.17397 0.46039
v -0.27013 -0.16924 -0.45966
v -0.27013 -0.16924 -0.45966
v -0.27013 -0.16924 -0.45966
v -0.27009 -0.17784 -0.44334
v -0.27009 -0.17784 -0.44334
v -0.27009 -0.17784 -0.44334
v -0.27009 -0.17784 -0.44334
v -0.27009 -0.17784 -0.44334
v -0.26997 -0.17147 0.43931
v -0.26997 -0.17147 0.43931
v -0.26997 -0.17147 0.43931
v -0.27006 -0.16268 -0.47088
v -0.27006 -0.16268 -0.47088
v -0.27006 -0.16268 -0.47088
v -0.27002 -0.15167 -0.47072
v -0.27002 -0.15167 -0.47072
v -0.27002 -0.15167 -0.47072
v -0.27002 -0.15167 -0.47072
v -0.27013 -0.17372 -0.45226
v -0.27013 -0.17372 -0.45226
v -0.27013 -0.17372 -0.45226
v -0.27037 -0.15143 -0.46369
v -0.27037 -0.15143 -0.46369
v -0.27037 -0.15143 -0.46369
v -0.27037 -0.15143 -0.46369
v -0.27037 -0.15143 -0.46369
v -0.27007 -0.17133 -0.44339
v -0.27007 -0.17133 -0.44339
v -0.27007 -0.17133 -0.44339
v -0.27007 -0.17133 -0.44339
v -0.27005 -0.13627 0.45204
v -0.27005 -0.13627 0.45204
v -0.27005 -0.13627 0.45204
v -0.27188 -0.17901 -0.45545
v -0.27188 -0.17901 -0.45545
v -0.27188 -0.17901 -0.45545
v -0.27188 -0.17901 -0.45545
v -0.27188 -0.17901 -0.45545
v -0.26361 -0.13968 -0.32921
v -0.26361 -0.13968 -0.32921
v -0.26361 -0.13968 -0.32921
v -0.26361 -0.13968 -0.32921
v -0.26361 -0.13968 -0.32921
v -0.26987 -0.14013 -0.33995
v -0.26987 -0.14013 -0.33995
v -0.26987 -0.14013 -0.33995
v -0.26987 -0.14013 -0.33995
v -0.26987 -0.14013 -0.33995
v -0.27023 -0.16257 -0.45099
v -0.27023 -0.16257 -0.45099
v -0.27023 -0.16257 -0.45099
v -0.27023 -0.16257 -0.45099
v -0.27011 -0.15177 0.42130
v -0.27011 -0.15177 0.42130
v -0.27011 -0.15177 0.42130
v -0.27011 -0.15177 0.42130
v -0.27031 -0.17806 -0.43472
v -0.27031 -0.17806 -0.43472
v -0.27031 -0.17806 -0.43472
v -0.27031 -0.17806 -0.43472
v -0.26472 -0.13975 -0.26901
v -0.26472 -0.13975 -0.26901
v -0.26472 -0.13975 -0.26901
v -0.26472 -0.13975 -0.26901
v -0.26472 -0.13975 -0.26901
v -0.26472 -0.13975 -0.26901
v -0.26472 -0.13975 -0.26901
v -0.27003 -0.14506 -0.43953
v -0.27003 -0.14506 -0.43953
v -0.27003 -0.14506 -0.43953
v -0.27003 -0.14506 -0.43953
v -0.27176 -0.15085 0.44739
v -0.27176 -0.15085 0.44739
v -0.27176 -0.15085 0.44739
v -0.27004 -0.15184 0.46229
v -0.27004 -0.15184 0.46229
v -0.25464 -0.02414 0.13931
v -0.25464 -0.02414 0.13931
v -0.26385 -0.13012 0.45812
v -0.26385 -0.13012 0.45812
v -0.26385 -0.13012 0.45812
v -0.26385 -0.13012 0.45812
v -0.26385 -0.13012 0.45812
v -0.23808 0.00548 -0.13567
v -0.27004 -0.16098 0.42575
v -0.27004 -0.16098 0.42575
v -0.27004 -0.16098 0.42575
v -0.27004 -0.16098 0.42575
v -0.27038 -0.15511 0.44178
v -0.27038 -0.15511 0.44178
v -0.27038 -0.15511 0.44178
v -0.27038 -0.15511 0.44178
v -0.26700 -0.14438 -0.25645
v -0.26700 -0.14438 -0.25645
v -0.26700 -0.14438 -0.25645
v -0.26700 -0.14438 -0.25645
v -0.26700 -0.14438 -0.25645
v -0.26960 -0.09978 -0.14721
v -0.26960 -0.09978 -0.14721
v -0.27092 -0.14255 -0.34515
v -0.27092 -0.14255 -0.34515
v -0.27092 -0.14255 -0.34515
v -0.27092 -0.14255 -0.34515
v -0.27071 -0.14235 -0.28411
v -0.27071 -0.14235 -0.28411
v -0.27071 -0.14235 -0.28411
v -0.27071 -0.14235 -0.28411
v -0.27071 -0.14235 -0.28411
v -0.26691 -0.13987 0.26786
v -0.26691 -0.13987 0.26786
v -0.26691 -0.13987 0.26786
v -0.26691 -0.13987 0.26786
v -0.27080 -0.14559 -0.31843
v -0.27080 -0.14559 -0.31843
v -0.27080 -0.14559 -0.31843
v -0.27080 -0.14559 -0.31843
v -0.27080 -0.14559 -0.31843
v -0.27080 -0.14559 -0.31843
v -0.20339 -0.00753 0.13544
v -0.20339 -0.00753 0.13544
v -0.26549 -0.15317 0.26880
v -0.26549 -0.15317 0.26880
v -0.26549 -0.15317 0.26880
v -0.26549 -0.15317 0.26880
v -0.26549 -0.15317 0.26880
v -0.26549 -0.15317 0.26880
v -0.27017 -0.15554 -0.44215
v -0.27017 -0.15554 -0.44215
v -0.27017 -0.15554 -0.44215
v -0.27017 -0.15554 -0.44215
v -0.27000 -0.17791 0.43713
v -0.27000 -0.17791 0.43713
v -0.27005 -0.13610 0.43725
v -0.27005 -0.13610 0.43725
v -0.27005 -0.13610 0.43725
v -0.27005 -0.13610 0.43725
v -0.27019 -0.14305 -0.45399
v -0.27019 -0.14305 -0.45399
v -0.27019 -0.14305 -0.45399
v -0.27019 -0.14305 -0.45399
v -0.27053 -0.14417 0.33736
v -0.27053 -0.14417 0.33736
v -0.27053 -0.14417 0.33736
v -0.26632 -0.14310 0.26472
v -0.26632 -0.14310 0.26472
v -0.26632 -0.14310 0.26472
v -0.27024 -0.14271 -0.43251
v -0.27024 -0.14271 -0.43251
v -0.27024 -0.14271 -0.43251
v -0.23708 0.09667 -0.07212
v -0.23708 0.09667 -0.07212
v -0.23708 0.09667 -0.07212
v -0.23708 0.09667 -0.07212
v -0.23708 0.09667 -0.07212
v -0.21797 0.03042 0.09116
v -0.21797 0.03042 0.09116
v -0.21797 0.03042 0.09116
v -0.21797 0.03042 0.09116
v -0.21797 0.03042 0.09116
v -0.26621 -0.14317 -0.27194
v -0.26621 -0.14317 -0.27194
v -0.26621 -0.14317 -0.27194
v -0.23338 -0.01298 0.13573
v -0.23338 -0.01298 0.13573
v -0.23338 -0.01298 0.13573
v -0.27033 -0.14272 0.30863
v -0.27033 -0.14272 0.30863
v -0.27033 -0.14272 0.30863
v -0.27033 -0.14272 0.30863
v -0.27033 -0.14272 0.30863
v -0.26728 -0.14743 0.25404
v -0.26728 -0.14743 0.25404
v -0.26728 -0.14743 0.25404
v -0.25683 -0.14357 0.25328
v -0.25683 -0.14357 0.25328
v -0.25683 -0.14357 0.25328
v -0.25683 -0.14357 0.25328
v -0.25983 -0.14549 -0.31872
v -0.25983 -0.14549 -0.31872
v -0.25983 -0.14549 -0.31872
v -0.26119 -0.14149 -0.31868
v -0.26119 -0.14149 -0.31868
v -0.26119 -0.14149 -0.31868
v -0.22356 -0.10168 0.14449
v -0.22356 -0.10168 0.14449
v -0.22356 -0.10168 0.14449
v -0.22356 -0.10168 0.14449
v -0.21620 -0.17354 -0.13787
v -0.21620 -0.17354 -0.13787
v -0.23611 -0.01217 -0.13737
v -0.23611 -0.01217 -0.13737
v -0.23611 -0.01217 -0.13737
v -0.23010 -0.02812 -0.13830
v -0.23010 -0.02812 -0.13830
v -0.23010 -0.02812 -0.13830
v -0.23010 -0.02812 -0.13830
v -0.23010 -0.02812 -0.13830
v -0.25309 -0.14351 -0.34142
v -0.25309 -0.14351 -0.34142
v -0.25309 -0.14351 -0.34142
v -0.25309 -0.14351 -0.34142
v -0.25309 -0.14351 -0.34142
v -0.25663 -0.14034 -0.27959
v -0.25663 -0.14034 -0.27959
v -0.25663 -0.14034 -0.27959
v -0.25663 -0.14034 -0.27959
v -0.25663 -0.14034 -0.27959
v -0.26452 -0.14310 -0.26859
v -0.26452 -0.14310 -0.26859
v -0.26452 -0.14310 -0.26859
v -0.26452 -0.14310 -0.26859
v -0.26452 -0.14310 -0.26859
v -0.26452 -0.14310 -0.26859
v -0.22934 -0.09882 -0.14503
v -0.25896 -0.14544 -0.28412
v -0.25896 -0.14544 -0.28412
v -0.25896 -0.14544 -0.28412
v -0.25896 -0.14544 -0.28412
v -0.24152 -0.13946 0.25645
v -0.24152 -0.13946 0.25645
v -0.24152 -0.13946 0.25645
v -0.24152 -0.13946 0.25645
v -0.24152 -0.13946 0.25645
v -0.24769 -0.14770 -0.32281
v -0.24769 -0.14770 -0.32281
v -0.24769 -0.14770 -0.32281
v -0.24769 -0.14770 -0.32281
v -0.24769 -0.14770 -0.32281
v -0.24769 -0.14770 -0.32281
v -0.25902 -0.14342 0.33735
v -0.25902 -0.14342 0.33735
v -0.25902 -0.14342 0.33735
v -0.25912 -0.14349 0.27812
v -0.25912 -0.14349 0.27812
v -0.25912 -0.14349 0.27812
v -0.25912 -0.14349 0.27812
v -0.25912 -0.14349 0.27812
v -0.24573 -0.13955 -0.33416
v -0.24573 -0.13955 -0.33416
v -0.24573 -0.13955 -0.33416
v -0.24573 -0.13955 -0.33416
v -0.26216 -0.14538 -0.27167
v -0.26216 -0.14538 -0.27167
v -0.26216 -0.14538 -0.27167
v -0.26216 -0.14538 -0.27167
v -0.26216 -0.14538 -0.27167
v -0.26216 -0.14538 -0.27167
v -0.25307 -0.14528 -0.27981
v -0.25307 -0.14528 -0.27981
v -0.25307 -0.14528 -0.27981
v -0.25307 -0.14528 -0.27981
v -0.25307 -0.14528 -0.27981
v -0.25602 -0.14400 0.30882
v -0.25602 -0.14400 0.30882
v -0.25602 -0.14400 0.30882
v -0.25602 -0.14400 0.30882
v -0.24658 -0.14651 -0.33286
v -0.24658 -0.14651 -0.33286
v -0.25486 -0.14628 0.31454
v -0.25486 -0.14628 0.31454
v -0.25486 -0.14628 0.31454
v -0.25486 -0.14628 0.31454
v -0.25486 -0.14628 0.31454
v -0.11363 -0.20788 0.09076
v -0.11363 -0.20788 0.09076
v -0.11363 -0.20788 0.09076
v -0.11363 -0.20788 0.09076
v -0.11363 -0.20788 0.09076
v -0.25743 -0.14230 -0.28419
v -0.25743 -0.14230 -0.28419
v -0.25743 -0.14230 -0.28419
v -0.25743 -0.14230 -0.28419
v -0.25492 -0.14246 0.31373
v -0.25492 -0.14246 0.31373
v -0.25492 -0.14246 0.31373
v -0.25492 -0.14246 0.31373
v -0.25492 -0.14246 0.31373
v -0.19130 0.00216 0.13328
v -0.19130 0.00216 0.13328
v -0.21704 0.08985 0.08233
v -0.21704 0.08985 0.08233
v -0.21704 0.08985 0.08233
v -0.21704 0.08985 0.08233
v -0.21704 0.08985 0.08233
v -0.21704 0.08985 0.08233
v -0.20827 0.01614 -0.12173
v -0.20827 0.01614 -0.12173
v -0.20827 0.01614 -0.12173
v -0.20827 0.01614 -0.12173
v -0.20827 0.01614 -0.12173
v -0.24530 -0.13893 -0.32292
v -0.24530 -0.13893 -0.32292
v -0.24530 -0.13893 -0.32292
v -0.24530 -0.13893 -0.32292
v -0.24530 -0.13893 -0.32292
v -0.24735 -0.14241 -0.33678
v -0.24735 -0.14241 -0.33678
v -0.25991 -0.14210 -0.27429
v -0.25991 -0.14210 -0.27429
v -0.25991 -0.14210 -0.27429
v -0.25991 -0.14210 -0.27429
v -0.24676 -0.14543 0.33350
v -0.24676 -0.14543 0.33350
v -0.24676 -0.14543 0.33350
v -0.24676 -0.14543 0.33350
v -0.22437 -0.04923 0.13959
v -0.25508 -0.14496 -0.25893
v -0.25508 -0.14496 -0.25893
v -0.25508 -0.14496 -0.25893
v -0.25508 -0.14496 -0.25893
v -0.25508 -0.14496 -0.25893
v -0.25540 -0.14491 0.27582
v -0.25540 -0.14491 0.27582
v -0.25540 -0.14491 0.27582
v -0.24662 -0.14685 0.25744
v -0.24662 -0.14685 0.25744
v -0.24662 -0.14685 0.25744
v -0.24662 -0.14685 0.25744
v -0.24662 -0.14685 0.25744
v -0.24684 -0.14542 -0.26614
v -0.24684 -0.14542 -0.26614
v -0.24684 -0.14542 -0.26614
v -0.25391 -0.14241 -0.32705
v -0.25391 -0.14241 -0.32705
v -0.25391 -0.14241 -0.32705
v -0.24544 -0.13960 -0.32926
v -0.24544 -0.13960 -0.32926
v -0.24544 -0.13960 -0.32926
v -0.24499 -0.14525 -0.32891
v -0.24499 -0.14525 -0.32891
v -0.24499 -0.14525 -0.32891
v -0.24499 -0.14525 -0.32891
v -0.24553 -0.14489 -0.27398
v -0.24553 -0.14489 -0.27398
v -0.24553 -0.14489 -0.27398
v -0.24553 -0.14489 -0.27398
v -0.21646 0.07249 0.08439
v -0.21646 0.07249 0.08439
v -0.21646 0.07249 0.08439
v -0.19617 -0.16815 0.13693
v -0.19617 -0.16815 0.13693
v -0.19617 -0.16815 0.13693
v -0.24113 -0.13862 0.27450
v -0.24113 -0.13862 0.27450
v -0.24113 -0.13862 0.27450
v -0.24113 -0.13862 0.27450
v -0.21870 0.00207 -0.13739
v -0.24902 -0.13977 -0.27384
v -0.24902 -0.13977 -0.27384
v -0.24498 -0.13943 -0.26858
v -0.24498 -0.13943 -0.26858
v -0.24498 -0.13943 -0.26858
v -0.24498 -0.13943 -0.26858
v -0.24498 -0.13943 -0.26858
v -0.24677 -0.14125 -0.26575
v -0.24677 -0.14125 -0.26575
v -0.24677 -0.14125 -0.26575
v -0.24677 -0.14125 -0.26575
v -0.24677 -0.14125 -0.26575
v -0.24535 -0.14238 -0.32709
v -0.24535 -0.14238 -0.32709
v -0.24535 -0.14238 -0.32709
v -0.21665 0.07182 -0.08663
v -0.21665 0.07182 -0.08663
v -0.21665 0.07182 -0.08663
v -0.24287 -0.14517 -0.26878
v -0.24287 -0.14517 -0.26878
v -0.24287 -0.14517 -0.26878
v -0.24287 -0.14517 -0.26878
v -0.24287 -0.14517 -0.26878
v -0.15441 -0.15421 -0.26639
v -0.15441 -0.15421 -0.26639
v -0.15441 -0.15421 -0.26639
v -0.15441 -0.15421 -0.26639
v -0.24005 -0.10208 -0.14723
v -0.24005 -0.10208 -0.14723
v -0.15907 -0.12612 0.44176
v -0.15907 -0.12612 0.44176
v -0.15907 -0.12612 0.44176
v -0.23893 -0.14164 -0.25967
v -0.22800 -0.02541 0.13764
v -0.22800 -0.02541 0.13764
v -0.22800 -0.02541 0.13764
v -0.22800 -0.02541 0.13764
v -0.22800 -0.02541 0.13764
v -0.15898 -0.12577 -0.45108
v -0.15898 -0.12577 -0.45108
v -0.15898 -0.12577 -0.45108
v -0.15898 -0.12577 -0.45108
v -0.15898 -0.12577 -0.45108
v -0.15898 -0.12577 -0.45108
v -0.15898 -0.12577 -0.45108
v -0.23649 -0.14736 0.33451
v -0.23649 -0.14736 0.33451
v -0.23649 -0.14736 0.33451
v -0.23993 -0.14876 0.27439
v -0.23993 -0.14876 0.27439
v -0.23993 -0.14876 0.27439
v -0.24275 -0.14262 -0.33396
v -0.24275 -0.14262 -0.33396
v -0.24275 -0.14262 -0.33396
v -0.24275 -0.14262 -0.33396
v -0.24275 -0.14262 -0.33396
v -0.24280 -0.14188 -0.27182
v -0.24280 -0.14188 -0.27182
v -0.24280 -0.14188 -0.27182
v -0.24280 -0.14188 -0.27182
v -0.15704 -0.15442 0.32587
v -0.15704 -0.15442 0.32587
v -0.15704 -0.15442 0.32587
v -0.15704 -0.15442 0.32587
v -0.13146 -0.12986 -0.46355
v -0.13146 -0.12986 -0.46355
v -0.13146 -0.12986 -0.46355
v -0.13146 -0.12986 -0.46355
v -0.20663 -0.00779 -0.13738
v -0.20663 -0.00779 -0.13738
v -0.15464 -0.15039 -0.32061
v -0.15464 -0.15039 -0.32061
v -0.15464 -0.15039 -0.32061
v -0.15464 -0.15039 -0.32061
v -0.15464 -0.15039 -0.32061
v -0.23986 -0.10443 0.41939
v -0.23986 -0.10443 0.41939
v -0.23986 -0.10443 0.41939
v -0.23986 -0.10443 0.41939
v -0.23986 -0.10443 0.41939
v -0.23931 -0.10312 0.40659
v -0.23931 -0.10312 0.40659
v -0.23931 -0.10312 0.40659
v -0.23931 -0.10312 0.40659
v -0.23931 -0.10312 0.40659
v -0.23937 -0.11059 0.40846
v -0.23937 -0.11059 0.40846
v -0.23937 -0.11059 0.40846
v -0.23937 -0.11059 0.40846
v -0.23937 -0.11059 0.40846
v -0.17768 0.01146 0.12710
v -0.17768 0.01146 0.12710
v -0.17768 0.01146 0.12710
v -0.17768 0.01146 0.12710
v -0.17768 0.01146 0.12710
v -0.21749 0.01705 0.11920
v -0.21749 0.01705 0.11920
v -0.21749 0.01705 0.11920
v -0.21749 0.01705 0.11920
v -0.23939 -0.10017 0.47378
v -0.23939 -0.10017 0.47378
v -0.23939 -0.10017 0.47378
v -0.23939 -0.10017 0.47378
v -0.23939 -0.10017 0.47378
v -0.23799 -0.10029 0.46319
v -0.23799 -0.10029 0.46319
v -0.23799 -0.10029 0.46319
v -0.23799 -0.10029 0.46319
v -0.23799 -0.10029 0.46319
v -0.23939 -0.10869 0.46331
v -0.23939 -0.10869 0.46331
v -0.23939 -0.10869 0.46331
v -0.23939 -0.10869 0.46331
v -0.23939 -0.10869 0.46331
v -0.23922 -0.11053 0.47345
v -0.23922 -0.11053 0.47345
v -0.23922 -0.11053 0.47345
v -0.23922 -0.11053 0.47345
v -0.23922 -0.11053 0.47345
v -0.23946 -0.10424 -0.41048
v -0.23946 -0.10424 -0.41048
v -0.23946 -0.10424 -0.41048
v -0.23946 -0.10424 -0.41048
v -0.23946 -0.10424 -0.41048
v -0.23946 -0.10424 -0.41048
v -0.23945 -0.10200 -0.42276
v -0.23945 -0.10200 -0.42276
v -0.23945 -0.10200 -0.42276
v -0.23945 -0.10200 -0.42276
v -0.23945 -0.10200 -0.42276
v -0.23945 -0.10200 -0.42276
v -0.23937 -0.11038 -0.42111
v -0.23937 -0.11038 -0.42111
v -0.23937 -0.11038 -0.42111
v -0.23943 -0.11059 -0.41237
v -0.23943 -0.11059 -0.41237
v -0.23943 -0.11059 -0.41237
v -0.23937 -0.09828 0.41493
v -0.23937 -0.09828 0.41493
v -0.23937 -0.09828 0.41493
v -0.23937 -0.09828 0.41493
v -0.23923 -0.10861 0.41914
v -0.23923 -0.10861 0.41914
v -0.23923 -0.10861 0.41914
v -0.23923 -0.10861 0.41914
v -0.23888 -0.11208 0.41271
v -0.23888 -0.11208 0.41271
v -0.23888 -0.11208 0.41271
v -0.23896 -0.09852 0.41018
v -0.23896 -0.09852 0.41018
v -0.23896 -0.09852 0.41018
v -0.24081 -0.10332 -0.47407
v -0.24081 -0.10332 -0.47407
v -0.23932 -0.10872 -0.46744
v -0.23932 -0.10872 -0.46744
v -0.23932 -0.10872 -0.46744
v -0.23932 -0.10872 -0.46744
v -0.23932 -0.10872 -0.46744
v -0.23794 -0.09656 -0.47047
v -0.23794 -0.09656 -0.47047
v -0.23794 -0.09656 -0.47047
v -0.23794 -0.09656 -0.47047
v -0.23794 -0.09656 -0.47047
v -0.23824 -0.09861 -0.41946
v -0.23824 -0.09861 -0.41946
v -0.23824 -0.09861 -0.41946
v -0.15635 -0.13746 0.33476
v -0.15635 -0.13746 0.33476
v -0.15635 -0.13746 0.33476
v -0.23768 -0.10159 -0.47896
v -0.23768 -0.10159 -0.47896
v -0.23768 -0.10159 -0.47896
v -0.23768 -0.10159 -0.47896
v -0.23927 -0.11070 -0.47548
v -0.23927 -0.11070 -0.47548
v -0.23927 -0.11070 -0.47548
v -0.23927 -0.11070 -0.47548
v -0.23952 -0.10579 0.47521
v -0.23952 -0.10579 0.47521
v -0.23883 -0.09843 0.46750
v -0.23883 -0.09843 0.46750
v -0.23937 -0.10006 -0.41225
v -0.23937 -0.10006 -0.41225
v -0.23937 -0.10006 -0.41225
v -0.23937 -0.10006 -0.41225
v -0.23912 -0.10018 -0.46719
v -0.23912 -0.10018 -0.46719
v -0.23912 -0.10018 -0.46719
v -0.23912 -0.10018 -0.46719
v -0.23786 -0.10620 -0.46556
v -0.23786 -0.10620 -0.46556
v -0.23786 -0.10620 -0.46556
v -0.23786 -0.10620 -0.46556
v -0.23786 -0.10620 -0.46556
v -0.23786 -0.10620 -0.46556
v -0.23786 -0.10620 -0.46556
v -0.23791 -0.10726 -0.47895
v -0.23791 -0.10726 -0.47895
v -0.23791 -0.10726 -0.47895
v -0.21807 0.03227 -0.08911
v -0.21807 0.03227 -0.08911
v -0.21807 0.03227 -0.08911
v -0.21807 0.03227 -0.08911
v -0.21807 0.03227 -0.08911
v -0.19007 0.01368 -0.12688
v -0.19007 0.01368 -0.12688
v -0.19007 0.01368 -0.12688
v -0.19007 0.01368 -0.12688
v -0.21790 0.02080 0.11259
v -0.21790 0.02080 0.11259
v -0.21790 0.02080 0.11259
v -0.21790 0.02080 0.11259
v -0.21790 0.02080 0.11259
v -0.20434 -0.09996 0.41848
v -0.20434 -0.09996 0.41848
v -0.20434 -0.09996 0.41848
v -0.20434 -0.09996 0.41848
v -0.20434 -0.09996 0.41848
v -0.23699 -0.11049 -0.46784
v -0.23699 -0.11049 -0.46784
v -0.23699 -0.11049 -0.46784
v -0.23699 -0.11049 -0.46784
v -0.15539 -0.13995 0.25545
v -0.15539 -0.13995 0.25545
v -0.15539 -0.13995 0.25545
v -0.15539 -0.13995 0.25545
v -0.15539 -0.13995 0.25545
v -0.14932 -0.12625 -0.44225
v -0.14932 -0.12625 -0.44225
v -0.14932 -0.12625 -0.44225
v -0.14932 -0.12625 -0.44225
v -0.14932 -0.12625 -0.44225
v -0.14932 -0.12625 -0.44225
v -0.14932 -0.12625 -0.44225
v -0.14932 -0.12625 -0.44225
v -0.14932 -0.12625 -0.44225
v -0.14932 -0.12625 -0.44225
v -0.20961 -0.09774 -0.46851
v -0.20961 -0.09774 -0.46851
v -0.20961 -0.09774 -0.46851
v -0.20961 -0.09774 -0.46851
v -0.14994 -0.13905 -0.31864
v -0.14994 -0.13905 -0.31864
v -0.14994 -0.13905 -0.31864
v -0.14994 -0.13905 -0.31864
v -0.21795 0.03477 0.08542
v -0.21795 0.03477 0.08542
v -0.21795 0.03477 0.08542
v -0.15255 -0.14782 -0.28013
v -0.15255 -0.14782 -0.28013
v -0.15255 -0.14782 -0.28013
v -0.15255 -0.14782 -0.28013
v -0.15255 -0.14782 -0.28013
v -0.15255 -0.14782 -0.28013
v -0.23171 -0.02809 0.13629
v -0.23171 -0.02809 0.13629
v -0.16689 -0.11068 0.41904
v -0.16689 -0.11068 0.41904
v -0.16689 -0.11068 0.41904
v -0.16689 -0.11068 0.41904
v -0.16689 -0.11068 0.41904
v -0.22509 -0.02801 -0.13962
v -0.22509 -0.02801 -0.13962
v -0.19704 0.10428 -0.03169
v -0.19704 0.10428 -0.03169
v -0.21339 0.10151 -0.06959
v -0.15350 -0.13916 0.31516
v -0.15350 -0.13916 0.31516
v -0.15350 -0.13916 0.31516
v -0.15350 -0.13916 0.31516
v -0.15284 -0.13256 0.32587
v -0.15284 -0.13256 0.32587
v -0.15284 -0.13256 0.32587
v -0.20660 -0.09675 0.47330
v -0.20660 -0.09675 0.47330
v -0.20660 -0.09675 0.47330
v -0.20660 -0.09675 0.47330
v -0.20660 -0.09675 0.47330
v -0.20660 -0.09675 0.47330
v -0.20735 -0.09500 0.47148
v -0.20735 -0.09500 0.47148
v -0.20735 -0.09500 0.47148
v -0.20735 -0.09500 0.47148
v -0.20954 -0.09656 -0.41692
v -0.20954 -0.09656 -0.41692
v -0.20954 -0.09656 -0.41692
v -0.20954 -0.09656 -0.41692
v -0.20954 -0.09656 -0.41692
v -0.20954 -0.09656 -0.41692
v -0.21741 0.05076 0.08461
v -0.21741 0.05076 0.08461
v -0.21741 0.05076 0.08461
v -0.21998 0.02430 -0.10481
v -0.21998 0.02430 -0.10481
v -0.21998 0.02430 -0.10481
v -0.21998 0.02430 -0.10481
v -0.21998 0.02430 -0.10481
v -0.20261 -0.14956 -0.47686
v -0.20261 -0.14956 -0.47686
v -0.20261 -0.14956 -0.47686
v -0.21099 -0.10528 0.40653
v -0.21099 -0.10528 0.40653
v -0.21099 -0.10528 0.40653
v -0.19616 0.06260 -0.08553
v -0.19616 0.06260 -0.08553
v -0.19616 0.06260 -0.08553
v -0.19616 0.06260 -0.08553
v -0.19616 0.06260 -0.08553
v -0.19616 0.06260 -0.08553
v -0.19616 0.06260 -0.08553
v -0.21796 0.03485 -0.08694
v -0.21796 0.03485 -0.08694
v -0.21796 0.03485 -0.08694
v -0.20698 -0.09823 0.40879
v -0.20698 -0.09823 0.40879
v -0.20698 -0.09823 0.40879
v -0.20698 -0.09823 0.40879
v -0.20698 -0.09823 0.40879
v -0.21151 -0.09882 -0.41233
v -0.21151 -0.09882 -0.41233
v -0.21151 -0.09882 -0.41233
v -0.21151 -0.09882 -0.41233
v -0.21151 -0.09882 -0.41233
v -0.16674 -0.11070 -0.47789
v -0.16674 -0.11070 -0.47789
v -0.16674 -0.11070 -0.47789
v -0.16674 -0.11070 -0.47789
v -0.16674 -0.11070 -0.47789
v -0.16674 -0.11070 -0.47789
v -0.16674 -0.11070 -0.47789
v -0.16674 -0.11070 -0.47789
v -0.16674 -0.11070 -0.47789
v -0.16674 -0.11070 -0.47789
v -0.19825 0.10455 0.02310
v -0.19825 0.10455 0.02310
v -0.19825 0.10455 0.02310
v -0.19825 0.10455 0.02310
v -0.19825 0.10455 0.02310
v -0.19825 0.10455 0.02310
v -0.20736 -0.09573 0.46554
v -0.20736 -0.09573 0.46554
v -0.20736 -0.09573 0.46554
v -0.20736 -0.09573 0.46554
v -0.16406 -0.10720 0.46304
v -0.16406 -0.10720 0.46304
v -0.21128 -0.09913 -0.47717
v -0.21128 -0.09913 -0.47717
v -0.21128 -0.09913 -0.47717
v -0.21128 -0.09913 -0.47717
v -0.14833 -0.15997 -0.41918
v -0.14833 -0.15997 -0.41918
v -0.15826 0.10415 0.08883
v -0.15826 0.10415 0.08883
v -0.15826 0.10415 0.08883
v -0.15826 0.10415 0.08883
v -0.15826 0.10415 0.08883
v -0.15826 0.10415 0.08883
v -0.22242 -0.07044 -0.14521
v -0.22242 -0.07044 -0.14521
v -0.22242 -0.07044 -0.14521
v -0.15117 -0.13891 -0.34066
v -0.15117 -0.13891 -0.34066
v -0.15117 -0.13891 -0.34066
v -0.15117 -0.13891 -0.34066
v -0.15117 -0.13891 -0.34066
v -0.15117 -0.13891 -0.34066
v -0.20942 -0.09613 -0.47301
v -0.20942 -0.09613 -0.47301
v -0.20942 -0.09613 -0.47301
v -0.15354 -0.13374 0.27106
v -0.15354 -0.13374 0.27106
v -0.15354 -0.13374 0.27106
v -0.19703 -0.09818 -0.14447
v -0.19703 -0.09818 -0.14447
v -0.19703 -0.09818 -0.14447
v -0.19703 -0.09818 -0.14447
v -0.15104 -0.13287 -0.33247
v -0.15104 -0.13287 -0.33247
v -0.15104 -0.13287 -0.33247
v -0.15104 -0.13287 -0.33247
v -0.15713 -0.14644 0.25536
v -0.15713 -0.14644 0.25536
v -0.15713 -0.14644 0.25536
v -0.19960 -0.07667 0.14246
v -0.19960 -0.07667 0.14246
v -0.19960 -0.07667 0.14246
v -0.19960 -0.07667 0.14246
v -0.21767 0.04400 0.08644
v -0.21767 0.04400 0.08644
v -0.21767 0.04400 0.08644
v -0.22146 -0.06331 -0.49279
v -0.22146 -0.06331 -0.49279
v -0.22146 -0.06331 -0.49279
v -0.22146 -0.06331 -0.49279
v -0.22100 -0.07610 -0.49134
v -0.22100 -0.07610 -0.49134
v -0.22100 -0.07610 -0.49134
v -0.21992 -0.07604 -0.48410
v -0.21992 -0.07604 -0.48410
v -0.21992 -0.07604 -0.48410
v -0.21992 -0.07604 -0.48410
v -0.21992 -0.07604 -0.48410
v -0.21992 -0.07604 -0.48410
v -0.21992 -0.07604 -0.48410
v -0.21639 0.08949 -0.08607
v -0.21639 0.08949 -0.08607
v -0.21639 0.08949 -0.08607
v -0.21639 0.08949 -0.08607
v -0.19850 -0.07627 -0.49316
v -0.19850 -0.07627 -0.49316
v -0.19850 -0.07627 -0.49316
v -0.19850 -0.07627 -0.49316
v -0.21712 -0.06363 -0.48132
v -0.21712 -0.06363 -0.48132
v -0.21712 -0.06363 -0.48132
v -0.16467 -0.10987 0.40696
v -0.16467 -0.10987 0.40696
v -0.16467 -0.10987 0.40696
v -0.16467 -0.10987 0.40696
v -0.16467 -0.10987 0.40696
v -0.16467 -0.10987 0.40696
v -0.16467 -0.10987 0.40696
v -0.16686 -0.11035 0.46402
v -0.16686 -0.11035 0.46402
v -0.21520 0.08183 -0.09011
v -0.21520 0.08183 -0.09011
v -0.21520 0.08183 -0.09011
v -0.21520 0.08183 -0.09011
v -0.21520 0.08183 -0.09011
v -0.21775 0.02193 -0.12000
v -0.21775 0.02193 -0.12000
v -0.21775 0.02193 -0.12000
v -0.21775 0.02193 -0.12000
v -0.21775 0.02193 -0.12000
v -0.21789 0.02864 -0.09771
v -0.21789 0.02864 -0.09771
v -0.21789 0.02864 -0.09771
v -0.21789 0.02864 -0.09771
v -0.21224 0.02077 -0.12238
v -0.21224 0.02077 -0.12238
v -0.21224 0.02077 -0.12238
v -0.21224 0.02077 -0.12238
v -0.21704 0.02045 0.11609
v -0.21704 0.02045 0.11609
v -0.21704 0.02045 0.11609
v -0.21704 0.02045 0.11609
v -0.21762 0.02708 0.11054
v -0.21762 0.02708 0.11054
v -0.21762 0.02708 0.11054
v -0.21762 0.02708 0.11054
v -0.21810 0.02713 -0.11286
v -0.21810 0.02713 -0.11286
v -0.16442 -0.11169 -0.41130
v -0.16442 -0.11169 -0.41130
v -0.16442 -0.11169 -0.41130
v -0.16442 -0.11169 -0.41130
v -0.21653 0.03651 -0.09633
v -0.21653 0.03651 -0.09633
v -0.21653 0.03651 -0.09633
v -0.21653 0.03651 -0.09633
v -0.21746 0.02710 -0.12335
v -0.21746 0.02710 -0.12335
v -0.21746 0.02710 -0.12335
v -0.21746 0.02710 -0.12335
v -0.21746 0.02710 -0.12335
v -0.21619 0.09010 -0.09761
v -0.21619 0.09010 -0.09761
v -0.21619 0.09010 -0.09761
v -0.21762 0.03376 0.09638
v -0.21762 0.03376 0.09638
v -0.21762 0.03376 0.09638
v -0.21762 0.03376 0.09638
v -0.20130 -0.06464 -0.48201
v -0.20130 -0.06464 -0.48201
v -0.19613 -0.02433 -0.13731
v -0.19613 -0.02433 -0.13731
v -0.19613 -0.02433 -0.13731
v -0.21634 0.02817 0.12387
v -0.21634 0.02817 0.12387
v -0.21634 0.02817 0.12387
v -0.21634 0.02817 0.12387
v -0.21657 0.08931 0.09413
v -0.21657 0.08931 0.09413
v -0.21657 0.08931 0.09413
v -0.21657 0.08931 0.09413
v -0.21657 0.08931 0.09413
v -0.21656 0.02595 -0.13858
v -0.21656 0.02595 -0.13858
v -0.21656 0.02595 -0.13858
v -0.21656 0.02595 -0.13858
v -0.21656 0.02595 -0.13858
v -0.21652 0.02782 0.13854
v -0.21652 0.02782 0.13854
v -0.21652 0.02782 0.13854
v -0.21674 0.09800 0.09495
v -0.21674 0.09800 0.09495
v -0.21674 0.09800 0.09495
v -0.21674 0.09800 0.09495
v -0.21654 0.09885 0.13648
v -0.21654 0.09885 0.13648
v -0.21654 0.09885 0.13648
v -0.21628 0.10273 0.10580
v -0.21628 0.10273 0.10580
v -0.21628 0.10273 0.10580
v -0.21667 0.09724 0.11024
v -0.21667 0.09724 0.11024
v -0.21667 0.09724 0.11024
v -0.21667 0.09724 0.11024
v -0.21667 0.09724 0.11024
v -0.21532 0.10201 -0.13313
v -0.21532 0.10201 -0.13313
v -0.21532 0.10201 -0.13313
v -0.21532 0.10201 -0.13313
v -0.21532 0.10201 -0.13313
v -0.21607 0.09084 -0.14931
v -0.21607 0.09084 -0.14931
v -0.21607 0.09084 -0.14931
v -0.21607 0.09084 -0.14931
v -0.21641 0.09192 -0.13806
v -0.21641 0.09192 -0.13806
v -0.21641 0.09192 -0.13806
v -0.21641 0.09192 -0.13806
v -0.21673 0.09317 0.13393
v -0.21673 0.09317 0.13393
v -0.21673 0.09317 0.13393
v -0.21673 0.09317 0.13393
v -0.21628 0.09315 0.14395
v -0.21628 0.09315 0.14395
v -0.21628 0.09315 0.14395
v -0.21628 0.09315 0.14395
v -0.21665 0.09813 -0.12037
v -0.21665 0.09813 -0.12037
v -0.21665 0.09813 -0.12037
v -0.21665 0.09813 -0.12037
v -0.21665 0.09813 -0.12037
v -0.21645 0.07726 0.14801
v -0.21645 0.07726 0.14801
v -0.21645 0.07726 0.14801
v -0.21645 0.07726 0.14801
v -0.21645 0.07726 0.14801
v -0.21645 0.07726 0.14801
v -0.21656 0.05940 0.15091
v -0.21656 0.05940 0.15091
v -0.21656 0.05940 0.15091
v -0.21636 0.05479 0.15693
v -0.21636 0.05479 0.15693
v -0.21625 0.06545 0.15760
v -0.21625 0.06545 0.15760
v -0.21625 0.06545 0.15760
v -0.21625 0.06545 0.15760
v -0.21617 0.10422 0.11716
v -0.21617 0.10422 0.11716
v -0.21617 0.10422 0.11716
v -0.21617 0.10422 0.11716
v -0.21640 0.09540 -0.10611
v -0.21640 0.09540 -0.10611
v -0.21640 0.09540 -0.10611
v -0.21640 0.09540 -0.10611
v -0.21637 0.10419 -0.11546
v -0.21637 0.10419 -0.11546
v -0.21637 0.10419 -0.11546
v -0.21637 0.10419 -0.11546
v -0.21649 0.07367 -0.15888
v -0.21649 0.07367 -0.15888
v -0.21649 0.07367 -0.15888
v -0.21632 0.05268 -0.15924
v -0.21632 0.05268 -0.15924
v -0.21632 0.05268 -0.15924
v -0.21632 0.05268 -0.15924
v -0.21632 0.05268 -0.15924
v -0.21632 0.05268 -0.15924
v -0.21623 0.07317 -0.15249
v -0.21623 0.07317 -0.15249
v -0.21623 0.07317 -0.15249
v -0.21623 0.07317 -0.15249
v -0.21623 0.07317 -0.15249
v -0.21623 0.07317 -0.15249
v -0.21633 0.10430 -0.12310
v -0.21633 0.10430 -0.12310
v -0.21633 0.10430 -0.12310
v -0.21641 0.03722 -0.15175
v -0.21641 0.03722 -0.15175
v -0.21641 0.03722 -0.15175
v -0.21641 0.03722 -0.15175
v -0.21643 0.03551 0.14778
v -0.21643 0.03551 0.14778
v -0.21643 0.03551 0.14778
v -0.21643 0.03551 0.14778
v -0.21638 0.04279 0.14505
v -0.21638 0.04279 0.14505
v -0.21638 0.04279 0.14505
v -0.21638 0.04279 0.14505
v -0.21638 0.04279 0.14505
v -0.21650 0.04165 -0.14779
v -0.21650 0.04165 -0.14779
v -0.21650 0.04165 -0.14779
v -0.21650 0.04165 -0.14779
v -0.21634 0.08602 -0.14457
v -0.21634 0.08602 -0.14457
v -0.21634 0.08602 -0.14457
v -0.21649 0.05125 -0.15258
v -0.21649 0.05125 -0.15258
v -0.21649 0.05125 -0.15258
v -0.21649 0.05125 -0.15258
v -0.21649 0.05125 -0.15258
v -0.21637 0.09853 -0.09798
v -0.21637 0.09853 -0.09798
v -0.21637 0.09853 -0.09798
v -0.21637 0.09853 -0.09798
v -0.21637 0.09853 -0.09798
v -0.19487 0.03007 0.10670
v -0.19487 0.03007 0.10670
v -0.19487 0.03007 0.10670
v -0.19487 0.03007 0.10670
v -0.19501 0.07269 0.08471
v -0.19501 0.07269 0.08471
v -0.19501 0.07269 0.08471
v -0.15172 -0.13258 0.26333
v -0.15172 -0.13258 0.26333
v -0.21078 0.07420 0.15637
v -0.21078 0.07420 0.15637
v -0.21078 0.07420 0.15637
v -0.21443 -0.07570 -0.46489
v -0.21443 -0.07570 -0.46489
v -0.21443 -0.07570 -0.46489
v -0.21443 -0.07570 -0.46489
v -0.19395 0.10454 0.03409
v -0.19395 0.10454 0.03409
v -0.19395 0.10454 0.03409
v -0.19395 0.10454 0.03409
v -0.14889 -0.13343 -0.27561
v -0.14889 -0.13343 -0.27561
v -0.14889 -0.13343 -0.27561
v -0.14889 -0.13343 -0.27561
v -0.19072 0.10213 0.13078
v -0.19072 0.10213 0.13078
v -0.16656 -0.11059 -0.46754
v -0.16656 -0.11059 -0.46754
v -0.16656 -0.11059 -0.46754
v -0.16656 -0.11059 -0.46754
v -0.16394 -0.11230 -0.46573
v -0.16394 -0.11230 -0.46573
v -0.16394 -0.11230 -0.46573
v -0.16394 -0.11230 -0.46573
v -0.16394 -0.11230 -0.46573
v -0.16394 -0.11230 -0.46573
v -0.16394 -0.11230 -0.46573
v -0.19377 0.02998 -0.11204
v -0.19377 0.02998 -0.11204
v -0.19377 0.02998 -0.11204
v -0.19377 0.02998 -0.11204
v -0.19377 0.02998 -0.11204
v -0.19377 0.02998 -0.11204
v -0.19726 0.08629 -0.15359
v -0.19726 0.08629 -0.15359
v -0.19481 0.09484 0.12539
v -0.19481 0.09484 0.12539
v -0.19481 0.09484 0.12539
v -0.21275 0.09645 -0.14355
v -0.21275 0.09645 -0.14355
v -0.21275 0.09645 -0.14355
v -0.19617 0.06312 -0.15279
v -0.19617 0.06312 -0.15279
v -0.21007 0.02050 0.11851
v -0.21007 0.02050 0.11851
v -0.21007 0.02050 0.11851
v -0.21007 0.02050 0.11851
v -0.21007 0.02050 0.11851
v -0.20042 0.07053 -0.16028
v -0.20042 0.07053 -0.16028
v -0.20042 0.07053 -0.16028
v -0.21422 -0.06428 -0.46495
v -0.21422 -0.06428 -0.46495
v -0.21422 -0.06428 -0.46495
v -0.21422 -0.06428 -0.46495
v -0.18282 0.03636 -0.15339
v -0.18282 0.03636 -0.15339
v -0.18282 0.03636 -0.15339
v -0.18282 0.03636 -0.15339
v -0.21316 -0.07743 0.47421
v -0.21316 -0.07743 0.47421
v -0.21316 -0.07743 0.47421
v -0.21316 -0.07743 0.47421
v -0.21383 -0.07063 0.47412
v -0.21383 -0.07063 0.47412
v -0.21383 -0.07063 0.47412
v -0.21383 -0.07063 0.47412
v -0.21355 -0.07709 0.46322
v -0.21355 -0.07709 0.46322
v -0.21355 -0.07709 0.46322
v -0.21355 -0.07709 0.46322
v -0.16417 -0.11199 0.47494
v -0.16417 -0.11199 0.47494
v -0.16417 -0.11199 0.47494
v -0.16417 -0.11199 0.47494
v -0.16417 -0.11199 0.47494
v -0.16417 -0.11199 0.47494
v -0.16417 -0.11199 0.47494
v -0.16417 -0.11199 0.47494
v -0.21124 -0.06804 0.46602
v -0.21124 -0.06804 0.46602
v -0.20531 0.10365 -0.01067
v -0.20531 0.10365 -0.01067
v -0.20531 0.10365 -0.01067
v -0.20531 0.10365 -0.01067
v -0.20531 0.10365 -0.01067
v -0.19643 0.09275 -0.08736
v -0.19643 0.09275 -0.08736
v -0.19643 0.09275 -0.08736
v -0.19643 0.09275 -0.08736
v -0.19643 0.09275 -0.08736
v -0.19478 0.03208 0.13166
v -0.19478 0.03208 0.13166
v -0.19478 0.03208 0.13166
v -0.19456 0.08098 0.08876
v -0.19456 0.08098 0.08876
v -0.19456 0.08098 0.08876
v -0.19456 0.08098 0.08876
v -0.19447 0.08897 0.09674
v -0.19447 0.08897 0.09674
v -0.19447 0.08897 0.09674
v -0.19447 0.08897 0.09674
v -0.19447 0.08897 0.09674
v -0.19519 0.09285 -0.13315
v -0.19519 0.09285 -0.13315
v -0.19519 0.09285 -0.13315
v -0.19519 0.09285 -0.13315
v -0.19519 0.09285 -0.13315
v -0.19876 -0.06468 -0.49265
v -0.19876 -0.06468 -0.49265
v -0.21002 -0.06334 0.47387
v -0.21002 -0.06334 0.47387
v -0.21002 -0.06334 0.47387
v -0.21002 -0.06334 0.47387
v -0.21002 -0.06334 0.47387
v -0.21002 -0.06334 0.47387
v -0.21002 -0.06334 0.47387
v -0.20822 0.09091 0.08301
v -0.20822 0.09091 0.08301
v -0.20822 0.09091 0.08301
v -0.20822 0.09091 0.08301
v -0.19485 0.03609 -0.09845
v -0.19485 0.03609 -0.09845
v -0.19485 0.03609 -0.09845
v -0.19485 0.03609 -0.09845
v -0.19485 0.03609 -0.09845
v -0.15727 -0.15133 0.25818
v -0.15727 -0.15133 0.25818
v -0.15727 -0.15133 0.25818
v -0.15727 -0.15133 0.25818
v -0.15727 -0.15133 0.25818
v -0.20996 -0.06339 0.46408
v -0.20996 -0.06339 0.46408
v -0.20996 -0.06339 0.46408
v -0.20996 -0.06339 0.46408
v -0.20996 -0.06339 0.46408
v -0.19459 0.04400 0.08865
v -0.19459 0.04400 0.08865
v -0.19459 0.04400 0.08865
v -0.17853 0.09706 0.09092
v -0.17853 0.09706 0.09092
v -0.17853 0.09706 0.09092
v -0.20599 -0.06571 0.47559
v -0.20599 -0.06571 0.47559
v -0.20599 -0.06571 0.47559
v -0.20599 -0.06571 0.47559
v -0.20765 -0.07643 0.46165
v -0.20765 -0.07643 0.46165
v -0.20765 -0.07643 0.46165
v -0.20380 -0.07577 0.47935
v -0.20380 -0.07577 0.47935
v -0.20380 -0.07577 0.47935
v -0.20380 -0.07577 0.47935
v -0.20380 -0.07577 0.47935
v -0.19460 0.03406 0.09868
v -0.19460 0.03406 0.09868
v -0.19460 0.03406 0.09868
v -0.19510 0.09485 0.10699
v -0.19510 0.09485 0.10699
v -0.19510 0.09485 0.10699
v -0.19510 0.09485 0.10699
v -0.18788 0.02464 0.13825
v -0.18788 0.02464 0.13825
v -0.18788 0.02464 0.13825
v -0.18788 0.02464 0.13825
v -0.17622 -0.14490 -0.42090
v -0.17622 -0.14490 -0.42090
v -0.17622 -0.14490 -0.42090
v -0.19759 -0.08710 0.46652
v -0.19759 -0.08710 0.46652
v -0.19759 -0.08710 0.46652
v -0.19759 -0.08710 0.46652
v -0.19759 -0.08710 0.46652
v -0.19759 -0.08710 0.46652
v -0.19481 -0.09229 0.41478
v -0.19481 -0.09229 0.41478
v -0.19616 0.09635 -0.12067
v -0.19616 0.09635 -0.12067
v -0.19616 0.09635 -0.12067
v -0.15392 -0.15495 -0.33019
v -0.15392 -0.15495 -0.33019
v -0.19517 0.02802 0.11677
v -0.19517 0.02802 0.11677
v -0.19517 0.02802 0.11677
v -0.19517 0.02802 0.11677
v -0.19517 0.02802 0.11677
v -0.19517 0.02802 0.11677
v -0.03747 -0.13440 0.46588
v -0.03747 -0.13440 0.46588
v -0.03747 -0.13440 0.46588
v -0.03747 -0.13440 0.46588
v -0.03747 -0.13440 0.46588
v -0.03747 -0.13440 0.46588
v -0.19471 0.06012 0.14932
v -0.19471 0.06012 0.14932
v -0.19471 0.06012 0.14932
v -0.19471 0.06012 0.14932
v -0.19471 0.06012 0.14932
v -0.19419 0.04599 -0.09051
v -0.19419 0.04599 -0.09051
v -0.19419 0.04599 -0.09051
v -0.20839 -0.06346 0.45286
v -0.20839 -0.06346 0.45286
v -0.20839 -0.06346 0.45286
v -0.20839 -0.06346 0.45286
v -0.20839 -0.06346 0.45286
v -0.20805 -0.07549 0.45325
v -0.20805 -0.07549 0.45325
v -0.20805 -0.07549 0.45325
v -0.20805 -0.07549 0.45325
v -0.20805 -0.07549 0.45325
v -0.19617 0.02811 -0.12054
v -0.19617 0.02811 -0.12054
v -0.19446 0.08682 -0.09665
v -0.19446 0.08682 -0.09665
v -0.19446 0.08682 -0.09665
v -0.19446 0.08682 -0.09665
v -0.19446 0.08682 -0.09665
v -0.11672 -0.18412 0.44822
v -0.11672 -0.18412 0.44822
v -0.16538 0.04006 0.15304
v -0.16538 0.04006 0.15304
v -0.16746 -0.18417 -0.45584
v -0.16746 -0.18417 -0.45584
v -0.19456 0.04802 -0.14951
v -0.19456 0.04802 -0.14951
v -0.19442 0.03407 -0.13745
v -0.19442 0.03407 -0.13745
v -0.19494 0.01810 0.12038
v -0.19494 0.01810 0.12038
v -0.19494 0.01810 0.12038
v -0.19494 0.01810 0.12038
v -0.19494 0.01810 0.12038
v -0.19494 0.01810 0.12038
v -0.20423 0.10627 -0.00461
v -0.20423 0.10627 -0.00461
v -0.20423 0.10627 -0.00461
v -0.18271 0.09653 0.08673
v -0.18271 0.09653 0.08673
v -0.18271 0.09653 0.08673
v -0.18271 0.09653 0.08673
v -0.20482 -0.06420 0.47967
v -0.20482 -0.06420 0.47967
v -0.20482 -0.06420 0.47967
v -0.20482 -0.06420 0.47967
v -0.20482 -0.06420 0.47967
v -0.20482 -0.06420 0.47967
v -0.19399 0.07740 -0.09007
v -0.19399 0.07740 -0.09007
v -0.19399 0.07740 -0.09007
v -0.19399 0.07740 -0.09007
v -0.19399 0.07740 -0.09007
v -0.16087 -0.08321 -0.41968
v -0.16087 -0.08321 -0.41968
v -0.16087 -0.08321 -0.41968
v -0.16087 -0.08321 -0.41968
v -0.16087 -0.08321 -0.41968
v -0.16087 -0.08321 -0.41968
v -0.15290 -0.14168 0.27720
v -0.15290 -0.14168 0.27720
v -0.15290 -0.14168 0.27720
v -0.19828 -0.09702 0.14233
v -0.19828 -0.09702 0.14233
v -0.19828 -0.09702 0.14233
v -0.18215 -0.07818 -0.46587
v -0.18215 -0.07818 -0.46587
v -0.18215 -0.07818 -0.46587
v -0.18215 -0.07818 -0.46587
v -0.18215 -0.07818 -0.46587
v -0.18215 -0.07818 -0.46587
v -0.19452 0.03012 -0.12947
v -0.19452 0.03012 -0.12947
v -0.19452 0.03012 -0.12947
v -0.16092 0.10038 0.09640
v -0.16092 0.10038 0.09640
v -0.16092 0.10038 0.09640
v -0.16092 0.10038 0.09640
v -0.19463 0.08269 -0.14553
v -0.19463 0.08269 -0.14553
v -0.19463 0.08269 -0.14553
v -0.19463 0.08269 -0.14553
v -0.19463 0.08269 -0.14553
v -0.19461 0.05197 0.08468
v -0.19461 0.05197 0.08468
v -0.19461 0.05197 0.08468
v -0.19461 0.05197 0.08468
v -0.19461 0.05197 0.08468
v -0.15131 -0.13337 -0.32602
v -0.15131 -0.13337 -0.32602
v -0.15131 -0.13337 -0.32602
v -0.15131 -0.13337 -0.32602
v -0.15131 -0.13337 -0.32602
v -0.15131 -0.13337 -0.32602
v -0.19447 0.05029 0.14739
v -0.19447 0.05029 0.14739
v -0.19447 0.05029 0.14739
v -0.19447 0.05029 0.14739
v -0.19447 0.05029 0.14739
v -0.19456 0.09083 0.13348
v -0.19456 0.09083 0.13348
v -0.19456 0.09083 0.13348
v -0.19456 0.09083 0.13348
v -0.19456 0.09083 0.13348
v -0.19070 0.01882 -0.12601
v -0.19070 0.01882 -0.12601
v -0.19070 0.01882 -0.12601
v -0.19070 0.01882 -0.12601
v -0.19482 0.07070 -0.15143
v -0.19482 0.07070 -0.15143
v -0.19482 0.07070 -0.15143
v -0.19482 0.07070 -0.15143
v -0.19482 0.07070 -0.15143
v -0.19562 -0.07919 0.46575
v -0.19562 -0.07919 0.46575
v -0.19562 -0.07919 0.46575
v -0.19562 -0.07919 0.46575
v -0.19562 -0.07919 0.46575
v -0.18508 -0.08890 -0.41736
v -0.18508 -0.08890 -0.41736
v -0.18508 -0.08890 -0.41736
v -0.18508 -0.08890 -0.41736
v -0.18589 -0.08217 -0.47001
v -0.18589 -0.08217 -0.47001
v -0.18589 -0.08217 -0.47001
v -0.18589 -0.08217 -0.47001
v -0.18589 -0.08217 -0.47001
v -0.18589 -0.08217 -0.47001
v -0.15481 -0.14717 -0.25852
v -0.15481 -0.14717 -0.25852
v -0.15481 -0.14717 -0.25852
v -0.15481 -0.14717 -0.25852
v -0.15481 -0.14717 -0.25852
v -0.15180 -0.13522 -0.26166
v -0.15180 -0.13522 -0.26166
v -0.15180 -0.13522 -0.26166
v -0.15180 -0.13522 -0.26166
v -0.15180 -0.13522 -0.26166
v -0.15180 -0.13522 -0.26166
v -0.19510 0.07852 0.14533
v -0.19510 0.07852 0.14533
v -0.19510 0.07852 0.14533
v -0.18462 0.02334 -0.13914
v -0.18462 0.02334 -0.13914
v -0.18462 0.02334 -0.13914
v -0.18462 0.02334 -0.13914
v -0.19859 -0.02826 0.13633
v -0.19859 -0.02826 0.13633
v -0.18245 -0.06388 0.45985
v -0.18245 -0.06388 0.45985
v -0.18245 -0.06388 0.45985
v -0.18245 -0.06388 0.45985
v -0.18245 -0.06388 0.45985
v -0.18245 -0.06388 0.45985
v -0.18245 -0.06388 0.45985
v -0.18245 -0.06388 0.45985
v -0.18245 -0.06388 0.45985
v -0.18245 -0.06388 0.45985
v -0.20430 0.12878 -0.00031
v -0.20430 0.12878 -0.00031
v -0.20430 0.12878 -0.00031
v -0.20430 0.12878 -0.00031
v -0.20291 0.12886 -0.01222
v -0.20291 0.12886 -0.01222
v -0.20291 0.12886 -0.01222
v -0.03609 -0.13234 0.42584
v -0.03609 -0.13234 0.42584
v -0.03609 -0.13234 0.42584
v -0.03609 -0.13234 0.42584
v -0.03609 -0.13234 0.42584
v -0.17080 -0.01291 -0.13385
v -0.17080 -0.01291 -0.13385
v -0.17080 -0.01291 -0.13385
v -0.19534 -0.07563 -0.48630
v -0.19534 -0.07563 -0.48630
v -0.19534 -0.07563 -0.48630
v -0.19850 0.12865 0.02160
v -0.19850 0.12865 0.02160
v -0.19850 0.12865 0.02160
v -0.19850 0.12865 0.02160
v -0.19850 0.12865 0.02160
v -0.19850 0.12865 0.02160
v -0.20057 -0.07719 0.48129
v -0.20057 -0.07719 0.48129
v -0.20057 -0.07719 0.48129
v -0.15560 -0.14598 0.33650
v -0.15560 -0.14598 0.33650
v -0.15560 -0.14598 0.33650
v -0.15560 -0.14598 0.33650
v -0.17915 -0.06667 -0.48887
v -0.17915 -0.06667 -0.48887
v -0.17915 -0.06667 -0.48887
v -0.17915 -0.06667 -0.48887
v -0.17915 -0.06667 -0.48887
v -0.17915 -0.06667 -0.48887
v -0.17915 -0.06667 -0.48887
v -0.18595 -0.09851 -0.46683
v -0.18595 -0.09851 -0.46683
v -0.15691 0.10184 -0.10254
v -0.15691 0.10184 -0.10254
v -0.15691 0.10184 -0.10254
v -0.19652 0.09267 0.08561
v -0.19652 0.09267 0.08561
v -0.19652 0.09267 0.08561
v -0.19652 0.09267 0.08561
v -0.19487 0.09488 -0.10879
v -0.19487 0.09488 -0.10879
v -0.19487 0.09488 -0.10879
v -0.19487 0.09488 -0.10879
v -0.19487 0.09488 -0.10879
v -0.19487 0.09488 -0.10879
v -0.19487 0.09488 -0.10879
v -0.19476 0.04225 0.14354
v -0.19476 0.04225 0.14354
v -0.19476 0.04225 0.14354
v -0.19476 0.04225 0.14354
v -0.17305 0.05728 -0.16097
v -0.17305 0.05728 -0.16097
v -0.19409 0.04192 -0.14549
v -0.19409 0.04192 -0.14549
v -0.19409 0.04192 -0.14549
v -0.19409 0.04192 -0.14549
v -0.19409 0.04192 -0.14549
v -0.19409 0.04192 -0.14549
v -0.15119 -0.13252 -0.26752
v -0.15119 -0.13252 -0.26752
v -0.16671 -0.08093 0.41658
v -0.16671 -0.08093 0.41658
v -0.16671 -0.08093 0.41658
v -0.16671 -0.08093 0.41658
v -0.16671 -0.08093 0.41658
v -0.16671 -0.08093 0.41658
v -0.16671 -0.08093 0.41658
v -0.16671 -0.08093 0.41658
v -0.16671 -0.08093 0.41658
v -0.15671 0.10511 -0.08921
v -0.15671 0.10511 -0.08921
v -0.19387 0.12771 -0.03184
v -0.19387 0.12771 -0.03184
v -0.19387 0.12771 -0.03184
v -0.19387 0.12771 -0.03184
v -0.19387 0.12771 -0.03184
v -0.19387 0.12771 -0.03184
v -0.19387 0.12771 -0.03184
v -0.19437 -0.09679 -0.14201
v -0.19437 -0.09679 -0.14201
v -0.17630 -0.10227 -0.14326
v -0.17630 -0.10227 -0.14326
v -0.17630 -0.10227 -0.14326
v -0.19641 -0.06472 -0.48737
v -0.19397 0.10650 -0.03213
v -0.19397 0.10650 -0.03213
v -0.19397 0.10650 -0.03213
v -0.19580 -0.07935 0.47264
v -0.19580 -0.07935 0.47264
v -0.19580 -0.07935 0.47264
v -0.19580 -0.07935 0.47264
v -0.18378 -0.08733 -0.47600
v -0.18378 -0.08733 -0.47600
v -0.18378 -0.08733 -0.47600
v -0.18378 -0.08733 -0.47600
v -0.18378 -0.08733 -0.47600
v -0.18378 -0.08733 -0.47600
v -0.19326 -0.02742 0.13353
v -0.19326 -0.02742 0.13353
v -0.19326 -0.02742 0.13353
v -0.19326 -0.02742 0.13353
v -0.17262 -0.08030 0.46436
v -0.17262 -0.08030 0.46436
v -0.17262 -0.08030 0.46436
v -0.17262 -0.08030 0.46436
v -0.17262 -0.08030 0.46436
v -0.17262 -0.08030 0.46436
v -0.17262 -0.08030 0.46436
v -0.18396 -0.07576 -0.48976
v -0.18396 -0.07576 -0.48976
v -0.18396 -0.07576 -0.48976
v -0.18396 -0.07576 -0.48976
v -0.18396 -0.07576 -0.48976
v -0.18396 -0.07576 -0.48976
v -0.18463 -0.07746 0.45347
v -0.18463 -0.07746 0.45347
v -0.18463 -0.07746 0.45347
v -0.18463 -0.07746 0.45347
v -0.14915 0.08780 0.14826
v -0.14915 0.08780 0.14826
v -0.14915 0.08780 0.14826
v -0.18583 -0.08134 -0.48176
v -0.18583 -0.08134 -0.48176
v -0.18583 -0.08134 -0.48176
v -0.15292 -0.14873 0.31490
v -0.15292 -0.14873 0.31490
v -0.15292 -0.14873 0.31490
v -0.15292 -0.14873 0.31490
v -0.15292 -0.14873 0.31490
v -0.19380 -0.02678 -0.13569
v -0.19380 -0.02678 -0.13569
v -0.19044 0.12857 0.03243
v -0.19044 0.12857 0.03243
v -0.19044 0.12857 0.03243
v -0.19044 0.12857 0.03243
v -0.19044 0.12857 0.03243
v -0.19044 0.12857 0.03243
v -0.19402 -0.09683 0.14039
v -0.19402 -0.09683 0.14039
v -0.19402 -0.09683 0.14039
v -0.19402 -0.09683 0.14039
v -0.19737 -0.07238 0.13932
v -0.19737 -0.07238 0.13932
v -0.19737 -0.07238 0.13932
v -0.16427 -0.11195 -0.42212
v -0.16427 -0.11195 -0.42212
v -0.16427 -0.11195 -0.42212
v -0.16427 -0.11195 -0.42212
v -0.16427 -0.11195 -0.42212
v -0.16427 -0.11195 -0.42212
v -0.16427 -0.11195 -0.42212
v -0.16427 -0.11195 -0.42212
v -0.16427 -0.11195 -0.42212
v -0.19416 0.10708 0.02829
v -0.19416 0.10708 0.02829
v -0.19416 0.10708 0.02829
v -0.13785 -0.15036 0.41568
v -0.13785 -0.15036 0.41568
v -0.13785 -0.15036 0.41568
v -0.14976 -0.13352 0.31849
v -0.14976 -0.13352 0.31849
v -0.14976 -0.13352 0.31849
v -0.14976 -0.13352 0.31849
v -0.18557 -0.06815 -0.48981
v -0.18557 -0.06815 -0.48981
v -0.18557 -0.06815 -0.48981
v -0.18557 -0.06815 -0.48981
v -0.18843 -0.06894 -0.48541
v -0.18843 -0.06894 -0.48541
v -0.18843 -0.06894 -0.48541
v -0.18843 -0.06894 -0.48541
v -0.19297 0.07913 0.14169
v -0.19297 0.07913 0.14169
v -0.19297 0.07913 0.14169
v -0.19297 0.07913 0.14169
v -0.17460 0.12962 0.00468
v -0.17460 0.12962 0.00468
v -0.17460 0.12962 0.00468
v -0.17460 0.12962 0.00468
v -0.17460 0.12962 0.00468
v -0.17460 0.12962 0.00468
v -0.06766 0.04807 0.15608
v -0.06766 0.04807 0.15608
v -0.06766 0.04807 0.15608
v -0.18165 0.01444 0.12228
v -0.18165 0.01444 0.12228
v -0.18165 0.01444 0.12228
v -0.17691 0.13056 -0.00565
v -0.17691 0.13056 -0.00565
v -0.17691 0.13056 -0.00565
v -0.17691 0.13056 -0.00565
v -0.17691 0.13056 -0.00565
v -0.17691 0.13056 -0.00565
v -0.19296 0.03981 0.13776
v -0.19296 0.03981 0.13776
v -0.19296 0.03981 0.13776
v -0.19296 0.03981 0.13776
v -0.19296 0.03981 0.13776
v -0.19271 0.05173 -0.09062
v -0.19271 0.05173 -0.09062
v -0.19266 0.08305 0.09457
v -0.19266 0.08305 0.09457
v -0.19266 0.08305 0.09457
v -0.19310 0.08717 -0.13771
v -0.19310 0.08717 -0.13771
v -0.19310 0.08717 -0.13771
v -0.19310 0.08717 -0.13771
v -0.19310 0.08717 -0.13771
v -0.03832 -0.12978 -0.43229
v -0.03832 -0.12978 -0.43229
v -0.03832 -0.12978 -0.43229
v -0.17969 0.10646 -0.04495
v -0.17969 0.10646 -0.04495
v -0.17969 0.10646 -0.04495
v -0.17969 0.10646 -0.04495
v -0.17969 0.10646 -0.04495
v -0.19270 0.03591 0.10035
v -0.19270 0.03591 0.10035
v -0.19270 0.03591 0.10035
v -0.19302 0.06933 0.08654
v -0.19302 0.06933 0.08654
v -0.19302 0.06933 0.08654
v -0.19252 0.03207 -0.12491
v -0.19252 0.03207 -0.12491
v -0.19252 0.03207 -0.12491
v -0.17246 0.10596 -0.07557
v -0.18355 -0.08820 -0.46932
v -0.18355 -0.08820 -0.46932
v -0.18355 -0.08820 -0.46932
v -0.18355 -0.08820 -0.46932
v -0.18355 -0.08820 -0.46932
v -0.15056 -0.13877 -0.28001
v -0.15056 -0.13877 -0.28001
v -0.15056 -0.13877 -0.28001
v -0.18075 -0.06530 -0.46527
v -0.18075 -0.06530 -0.46527
v -0.18075 -0.06530 -0.46527
v -0.18075 -0.06530 -0.46527
v -0.18075 -0.06530 -0.46527
v -0.15540 -0.15130 -0.33788
v -0.15540 -0.15130 -0.33788
v -0.15540 -0.15130 -0.33788
v -0.14720 0.10330 0.10830
v -0.17035 -0.08159 0.41390
v -0.17035 -0.08159 0.41390
v -0.17035 -0.08159 0.41390
v -0.16858 -0.08067 0.41122
v -0.16858 -0.08067 0.41122
v -0.16858 -0.08067 0.41122
v -0.16858 -0.08067 0.41122
v -0.16858 -0.08067 0.41122
v -0.12520 0.00353 -0.13152
v -0.17766 0.10649 0.04313
v -0.17766 0.10649 0.04313
v -0.17766 0.10649 0.04313
v -0.17766 0.10649 0.04313
v -0.17766 0.10649 0.04313
v -0.15512 -0.14786 0.27627
v -0.15512 -0.14786 0.27627
v -0.15512 -0.14786 0.27627
v -0.15512 -0.14786 0.27627
v -0.15512 -0.14786 0.27627
v -0.18597 0.01731 -0.12739
v -0.18597 0.01731 -0.12739
v -0.18597 0.01731 -0.12739
v -0.18588 -0.07098 -0.48864
v -0.18588 -0.07098 -0.48864
v -0.18588 -0.07098 -0.48864
v -0.18588 -0.07098 -0.48864
v -0.17897 0.09655 -0.09109
v -0.17897 0.09655 -0.09109
v -0.17897 0.09655 -0.09109
v -0.17897 0.09655 -0.09109
v -0.17897 0.09655 -0.09109
v -0.17897 0.09655 -0.09109
v -0.18417 -0.08287 -0.47674
v -0.18417 -0.08287 -0.47674
v -0.18417 -0.08287 -0.47674
v -0.18417 -0.08287 -0.47674
v -0.18417 -0.08287 -0.47674
v -0.16827 0.12972 0.00357
v -0.16827 0.12972 0.00357
v -0.16827 0.12972 0.00357
v -0.16827 0.12972 0.00357
v -0.03719 -0.15757 -0.47674
v -0.03719 -0.15757 -0.47674
v -0.03719 -0.15757 -0.47674
v -0.03719 -0.15757 -0.47674
v -0.03719 -0.15757 -0.47674
v -0.03719 -0.15757 -0.47674
v -0.03719 -0.15757 -0.47674
v -0.17934 0.19381 -0.00100
v -0.17934 0.19381 -0.00100
v -0.14426 -0.00757 0.13150
v -0.14426 -0.00757 0.13150
v -0.17693 0.19572 -0.00977
v -0.17693 0.19572 -0.00977
v -0.16674 -0.07968 -0.41496
v -0.16674 -0.07968 -0.41496
v -0.16674 -0.07968 -0.41496
v -0.16714 -0.08025 -0.41863
v -0.16714 -0.08025 -0.41863
v -0.16714 -0.08025 -0.41863
v -0.16714 -0.08025 -0.41863
v -0.16714 -0.08025 -0.41863
v -0.12363 -0.16710 0.13172
v -0.12363 -0.16710 0.13172
v -0.12363 -0.16710 0.13172
v -0.17310 0.12858 -0.04631
v -0.17310 0.12858 -0.04631
v -0.17310 0.12858 -0.04631
v -0.17939 -0.07713 -0.48788
v -0.17939 -0.07713 -0.48788
v -0.17939 -0.07713 -0.48788
v -0.17939 -0.07713 -0.48788
v -0.12017 0.10289 0.11962
v -0.12017 0.10289 0.11962
v -0.12017 0.10289 0.11962
v -0.12017 0.10289 0.11962
v -0.15490 -0.15443 0.26808
v -0.15490 -0.15443 0.26808
v -0.18011 -0.07755 0.45006
v -0.18011 -0.07755 0.45006
v -0.18011 -0.07755 0.45006
v -0.18011 -0.07755 0.45006
v -0.16362 -0.02417 0.13337
v -0.16362 -0.02417 0.13337
v -0.16362 -0.02417 0.13337
v -0.16362 -0.02417 0.13337
v -0.14053 -0.05323 0.13345
v -0.14053 -0.05323 0.13345
v -0.14053 -0.05323 0.13345
v -0.14053 -0.05323 0.13345
v -0.14337 -0.09893 -0.13856
v -0.14337 -0.09893 -0.13856
v -0.15975 -0.07884 -0.46626
v -0.15975 -0.07884 -0.46626
v -0.15975 -0.07884 -0.46626
v -0.16679 0.10656 0.04982
v -0.16679 0.10656 0.04982
v -0.16679 0.10656 0.04982
v -0.14244 0.10381 -0.11513
v -0.14244 0.10381 -0.11513
v -0.14244 0.10381 -0.11513
v -0.14244 0.10381 -0.11513
v -0.14244 0.10381 -0.11513
v -0.14244 0.10381 -0.11513
v -0.16235 0.12854 0.04578
v -0.16235 0.12854 0.04578
v -0.16235 0.12854 0.04578
v -0.16235 0.12854 0.04578
v -0.16668 -0.08038 -0.47894
v -0.16668 -0.08038 -0.47894
v -0.16668 -0.08038 -0.47894
v -0.16668 -0.08038 -0.47894
v -0.03718 -0.15112 0.47310
v -0.03718 -0.15112 0.47310
v -0.03718 -0.15112 0.47310
v -0.03718 -0.15112 0.47310
v -0.03718 -0.15112 0.47310
v -0.03718 -0.15112 0.47310
v -0.16873 0.12956 -0.01053
v -0.16873 0.12956 -0.01053
v -0.16873 0.12956 -0.01053
v -0.16873 0.12956 -0.01053
v -0.16873 0.12956 -0.01053
v -0.16873 0.12956 -0.01053
v -0.16873 0.12956 -0.01053
v -0.16873 0.12956 -0.01053
v -0.16873 0.12956 -0.01053
v -0.17694 0.13369 -0.00127
v -0.17694 0.13369 -0.00127
v -0.17694 0.13369 -0.00127
v -0.15974 -0.07877 0.47610
v -0.15974 -0.07877 0.47610
v -0.15974 -0.07877 0.47610
v -0.15974 -0.07877 0.47610
v -0.17421 0.19256 0.00459
v -0.17421 0.19256 0.00459
v -0.16301 -0.10873 -0.42233
v -0.16301 -0.10873 -0.42233
v -0.16301 -0.10873 -0.42233
v -0.16301 -0.10873 -0.42233
v -0.17468 -0.06514 -0.43330
v -0.17468 -0.06514 -0.43330
v -0.17468 -0.06514 -0.43330
v -0.17468 -0.06514 -0.43330
v -0.17468 -0.06514 -0.43330
v -0.12065 0.09329 0.14151
v -0.12065 0.09329 0.14151
v -0.12065 0.09329 0.14151
v -0.09803 -0.17463 0.46621
v -0.09803 -0.17463 0.46621
v -0.09803 -0.17463 0.46621
v -0.09803 -0.17463 0.46621
v -0.16642 -0.02897 0.13138
v -0.16642 -0.02897 0.13138
v -0.17183 -0.07755 -0.42060
v -0.17183 -0.07755 -0.42060
v -0.17183 -0.07755 -0.42060
v -0.17183 -0.07755 -0.42060
v -0.17183 -0.07755 -0.42060
v -0.17183 -0.07755 -0.42060
v -0.13397 -0.08249 -0.46789
v -0.13397 -0.08249 -0.46789
v -0.13397 -0.08249 -0.46789
v -0.13397 -0.08249 -0.46789
v -0.13397 -0.08249 -0.46789
v -0.17253 0.19302 -0.01045
v -0.17253 0.19302 -0.01045
v -0.11566 0.01228 -0.12552
v -0.11566 0.01228 -0.12552
v -0.11566 0.01228 -0.12552
v -0.14180 -0.03041 -0.13198
v -0.14180 -0.03041 -0.13198
v -0.03705 -0.14271 -0.47468
v -0.03705 -0.14271 -0.47468
v -0.03705 -0.14271 -0.47468
v -0.03705 -0.14271 -0.47468
v -0.03705 -0.14271 -0.47468
v -0.03688 -0.16639 -0.42257
v -0.03688 -0.16639 -0.42257
v -0.03688 -0.16639 -0.42257
v -0.16471 0.12960 0.03010
v -0.16471 0.12960 0.03010
v -0.16471 0.12960 0.03010
v -0.16471 0.12960 0.03010
v -0.16471 0.12960 0.03010
v -0.16471 0.12960 0.03010
v -0.16395 -0.06660 0.48395
v -0.16395 -0.06660 0.48395
v -0.12433 0.00266 0.12931
v -0.17081 -0.07776 0.40591
v -0.17081 -0.07776 0.40591
v -0.17081 -0.07776 0.40591
v -0.17081 -0.07776 0.40591
v -0.17081 -0.07776 0.40591
v -0.17081 -0.07776 0.40591
v -0.17081 -0.07776 0.40591
v -0.17081 -0.07776 0.40591
v -0.17081 -0.07776 0.40591
v -0.17316 -0.09726 0.32665
v -0.17316 -0.09726 0.32665
v -0.17316 -0.09726 0.32665
v -0.17245 -0.10915 0.32565
v -0.17245 -0.10915 0.32565
v -0.17245 -0.10915 0.32565
v -0.17245 -0.10915 0.32565
v -0.17249 -0.10525 0.33329
v -0.17249 -0.10525 0.33329
v -0.17088 -0.10333 0.31685
v -0.17088 -0.10333 0.31685
v -0.17088 -0.10333 0.31685
v -0.17088 -0.10333 0.31685
v -0.17088 -0.10333 0.31685
v -0.16446 0.19264 -0.03406
v -0.16446 0.19264 -0.03406
v -0.16446 0.19264 -0.03406
v -0.17115 -0.09412 0.32139
v -0.17115 -0.09412 0.32139
v -0.17115 -0.09412 0.32139
v -0.17244 -0.10127 0.25941
v -0.17244 -0.10127 0.25941
v -0.17272 -0.10612 0.27049
v -0.17272 -0.10612 0.27049
v -0.17272 -0.10612 0.27049
v -0.17272 -0.10612 0.27049
v -0.17082 -0.09450 0.27088
v -0.17082 -0.09450 0.27088
v -0.17082 -0.09450 0.27088
v -0.17082 -0.09450 0.27088
v -0.17082 -0.09450 0.27088
v -0.17111 -0.09442 -0.27371
v -0.17111 -0.09442 -0.27371
v -0.17111 -0.09442 -0.27371
v -0.17111 -0.09442 -0.27371
v -0.17111 -0.09442 -0.27371
v -0.17111 -0.09442 -0.27371
v -0.17111 -0.09442 -0.27371
v -0.17245 -0.10724 -0.27329
v -0.17245 -0.10724 -0.27329
v -0.17245 -0.10724 -0.27329
v -0.17250 -0.10249 -0.26226
v -0.17250 -0.10249 -0.26226
v -0.17250 -0.10249 -0.26226
v -0.17245 -0.10422 -0.32405
v -0.17245 -0.10422 -0.32405
v -0.17245 -0.10422 -0.32405
v -0.17117 -0.09460 -0.33560
v -0.17117 -0.09460 -0.33560
v -0.17117 -0.09460 -0.33560
v -0.17117 -0.09460 -0.33560
v -0.17083 -0.11165 -0.33262
v -0.17083 -0.11165 -0.33262
v -0.17083 -0.11165 -0.33262
v -0.17083 -0.11165 -0.33262
v -0.17083 -0.11165 -0.33262
v -0.16490 0.19069 0.02472
v -0.16490 0.19069 0.02472
v -0.16490 0.19069 0.02472
v -0.16490 0.19069 0.02472
v -0.17080 -0.11189 0.26610
v -0.17080 -0.11189 0.26610
v -0.17080 -0.11189 0.26610
v -0.17080 -0.11189 0.26610
v -0.17111 -0.09442 0.26157
v -0.17111 -0.09442 0.26157
v -0.17111 -0.09442 0.26157
v -0.17233 -0.09586 -0.26680
v -0.17233 -0.09586 -0.26680
v -0.16606 -0.06512 0.38938
v -0.16606 -0.06512 0.38938
v -0.16606 -0.06512 0.38938
v -0.16606 -0.06512 0.38938
v -0.16606 -0.06512 0.38938
v -0.17093 -0.09707 -0.32231
v -0.17093 -0.09707 -0.32231
v -0.17093 -0.09707 -0.32231
v -0.17111 -0.09402 0.33189
v -0.17111 -0.09402 0.33189
v -0.17111 -0.09402 0.33189
v -0.17111 -0.09402 0.33189
v -0.17111 -0.09402 0.33189
v -0.17111 -0.09402 0.33189
v -0.16557 0.12943 -0.03203
v -0.16557 0.12943 -0.03203
v -0.16678 0.19363 0.00118
v -0.16678 0.19363 0.00118
v -0.16678 0.19363 0.00118
v -0.16917 -0.10478 -0.25838
v -0.16917 -0.10478 -0.25838
v -0.16917 -0.10478 -0.25838
v -0.16917 -0.10478 -0.25838
v -0.16908 -0.09536 -0.26064
v -0.16908 -0.09536 -0.26064
v -0.16908 -0.09536 -0.26064
v -0.16908 -0.09536 -0.26064
v -0.16908 -0.09536 -0.26064
v -0.16799 -0.10024 -0.28005
v -0.16799 -0.10024 -0.28005
v -0.16799 -0.10024 -0.28005
v -0.16799 -0.10024 -0.28005
v -0.16799 -0.10024 -0.28005
v -0.17101 -0.10179 0.27506
v -0.17101 -0.10179 0.27506
v -0.17101 -0.10179 0.27506
v -0.17101 -0.10179 0.27506
v -0.17116 -0.11080 -0.26452
v -0.17116 -0.11080 -0.26452
v -0.17116 -0.11080 -0.26452
v -0.17116 -0.11080 -0.26452
v -0.16956 -0.11071 0.33344
v -0.16956 -0.11071 0.33344
v -0.16956 -0.11071 0.33344
v -0.16956 -0.11071 0.33344
v -0.16915 -0.10671 0.33696
v -0.16915 -0.10671 0.33696
v -0.16915 -0.10671 0.33696
v -0.16915 -0.10671 0.33696
v -0.16915 -0.10671 0.33696
v -0.16915 -0.10671 0.33696
v -0.16915 -0.10671 0.33696
v -0.17082 -0.10840 0.25820
v -0.17082 -0.10840 0.25820
v -0.17082 -0.10840 0.25820
v -0.17076 -0.10783 0.31844
v -0.17076 -0.10783 0.31844
v -0.17076 -0.10783 0.31844
v -0.17076 -0.10783 0.31844
v -0.16921 -0.09799 -0.34058
v -0.16921 -0.09799 -0.34058
v -0.16921 -0.09799 -0.34058
v -0.16921 -0.09799 -0.34058
v -0.16921 -0.09799 -0.34058
v -0.16902 -0.09216 -0.32636
v -0.16902 -0.09216 -0.32636
v -0.16902 -0.09216 -0.32636
v -0.16902 -0.09216 -0.32636
v -0.16902 -0.09216 -0.32636
v -0.16877 -0.11220 0.27099
v -0.16877 -0.11220 0.27099
v -0.16877 -0.11220 0.27099
v -0.16877 -0.11220 0.27099
v -0.16877 -0.11220 0.27099
v -0.16877 -0.11220 0.27099
v -0.16877 -0.11220 0.27099
v -0.16877 -0.11220 0.27099
v -0.16956 -0.09791 0.25626
v -0.16956 -0.09791 0.25626
v -0.16956 -0.09791 0.25626
v -0.16956 -0.09791 0.25626
v -0.16956 -0.09791 0.25626
v -0.16804 -0.10252 0.25466
v -0.16804 -0.10252 0.25466
v -0.16804 -0.10252 0.25466
v -0.16804 -0.10252 0.25466
v -0.16804 -0.10252 0.25466
v -0.16804 -0.10252 0.25466
v -0.15673 0.12881 -0.04930
v -0.15673 0.12881 -0.04930
v -0.15673 0.12881 -0.04930
v -0.15673 0.12881 -0.04930
v -0.15673 0.12881 -0.04930
v -0.16359 0.10919 0.04560
v -0.16359 0.10919 0.04560
v -0.16359 0.10919 0.04560
v -0.16823 -0.09629 0.33662
v -0.16823 -0.09629 0.33662
v -0.16823 -0.09629 0.33662
v -0.16823 -0.09629 0.33662
v -0.16921 -0.10666 -0.34067
v -0.16921 -0.10666 -0.34067
v -0.16921 -0.10666 -0.34067
v -0.16921 -0.10666 -0.34067
v -0.16742 -0.09259 -0.27462
v -0.16742 -0.09259 -0.27462
v -0.16557 -0.11388 -0.32741
v -0.16557 -0.11388 -0.32741
v -0.16557 -0.11388 -0.32741
v -0.16557 -0.11388 -0.32741
v -0.16557 -0.11388 -0.32741
v -0.16557 -0.11388 -0.32741
v -0.16557 -0.11388 -0.32741
v -0.16557 -0.11388 -0.32741
v -0.16710 -0.11244 -0.27483
v -0.16710 -0.11244 -0.27483
v -0.16710 -0.11244 -0.27483
v -0.16748 -0.11232 0.26022
v -0.16748 -0.11232 0.26022
v -0.16748 -0.11232 0.26022
v -0.16748 -0.11232 0.26022
v -0.16976 -0.07764 -0.41094
v -0.16976 -0.07764 -0.41094
v -0.16976 -0.07764 -0.41094
v -0.16976 -0.07764 -0.41094
v -0.16976 -0.07764 -0.41094
v -0.16976 -0.07764 -0.41094
v -0.16976 -0.07764 -0.41094
v -0.16788 -0.10837 -0.32080
v -0.16788 -0.10837 -0.32080
v -0.16788 -0.10837 -0.32080
v -0.16788 -0.10837 -0.32080
v -0.16788 -0.10837 -0.32080
v -0.16785 -0.10017 -0.31908
v -0.16785 -0.10017 -0.31908
v -0.16785 -0.10017 -0.31908
v -0.16785 -0.10017 -0.31908
v -0.16785 -0.10017 -0.31908
v -0.16761 -0.10854 0.31694
v -0.16761 -0.10854 0.31694
v -0.16761 -0.10854 0.31694
v -0.16761 -0.10854 0.31694
v -0.16761 -0.10854 0.31694
v -0.16724 -0.09458 0.27418
v -0.16724 -0.09458 0.27418
v -0.16724 -0.09458 0.27418
v -0.16472 -0.09264 0.31989
v -0.16472 -0.09264 0.31989
v -0.16472 -0.09264 0.31989
v -0.16472 -0.09264 0.31989
v -0.16472 -0.09264 0.31989
v -0.16166 0.19215 0.03267
v -0.16166 0.19215 0.03267
v -0.16166 0.19215 0.03267
v -0.16746 -0.09285 0.33359
v -0.16746 -0.09285 0.33359
v -0.16746 -0.09285 0.33359
v -0.16620 -0.11218 0.32055
v -0.16620 -0.11218 0.32055
v -0.16620 -0.11218 0.32055
v -0.16620 -0.11218 0.32055
v -0.16620 -0.11218 0.32055
v -0.16808 -0.11372 0.32746
v -0.16808 -0.11372 0.32746
v -0.16808 -0.11372 0.32746
v -0.16808 -0.11372 0.32746
v -0.16571 -0.10670 -0.27993
v -0.16571 -0.10670 -0.27993
v -0.16618 -0.09262 -0.33685
v -0.16618 -0.09262 -0.33685
v -0.16618 -0.09262 -0.33685
v -0.16618 -0.09262 -0.33685
v -0.16574 -0.09107 0.26378
v -0.16574 -0.09107 0.26378
v -0.16574 -0.09107 0.26378
v -0.16598 -0.11225 -0.26260
v -0.16598 -0.11225 -0.26260
v -0.16598 -0.11225 -0.26260
v -0.16598 -0.11225 -0.26260
v -0.16598 -0.11225 -0.26260
v -0.15737 0.12998 0.03237
v -0.15737 0.12998 0.03237
v -0.15737 0.12998 0.03237
v -0.15737 0.12998 0.03237
v -0.12612 -0.01044 0.12924
v -0.14151 -0.10255 -0.14091
v -0.14151 -0.10255 -0.14091
v -0.16620 -0.10154 0.27744
v -0.16620 -0.10154 0.27744
v -0.16620 -0.10154 0.27744
v -0.16620 -0.10154 0.27744
v -0.13853 -0.08493 0.47403
v -0.13853 -0.08493 0.47403
v -0.13853 -0.08493 0.47403
v -0.13853 -0.08493 0.47403
v -0.16615 -0.09100 -0.26740
v -0.16615 -0.09100 -0.26740
v -0.16615 -0.09100 -0.26740
v -0.16514 0.19432 -0.00652
v -0.16514 0.19432 -0.00652
v -0.16514 0.19432 -0.00652
v -0.07546 -0.09517 0.40777
v -0.07546 -0.09517 0.40777
v -0.07546 -0.09517 0.40777
v -0.07546 -0.09517 0.40777
v -0.07546 -0.09517 0.40777
v -0.07546 -0.09517 0.40777
v -0.16348 -0.07897 0.40819
v -0.16348 -0.07897 0.40819
v -0.16348 -0.07897 0.40819
v -0.16284 -0.07888 0.42056
v -0.16284 -0.07888 0.42056
v -0.16284 -0.07888 0.42056
v -0.16665 -0.11220 -0.33616
v -0.16665 -0.11220 -0.33616
v -0.16665 -0.11220 -0.33616
v -0.13364 0.01626 0.12445
v -0.13364 0.01626 0.12445
v -0.13364 0.01626 0.12445
v -0.13364 0.01626 0.12445
v -0.13364 0.01626 0.12445
v -0.13364 0.01626 0.12445
v -0.13364 0.01626 0.12445
v -0.16717 -0.10884 0.25638
v -0.16717 -0.10884 0.25638
v -0.16717 -0.10884 0.25638
v -0.16717 -0.10884 0.25638
v -0.16608 -0.09161 0.26982
v -0.16608 -0.09161 0.26982
v -0.13570 -0.09729 0.31473
v -0.13570 -0.09729 0.31473
v -0.13570 -0.09729 0.31473
v -0.13570 -0.09729 0.31473
v -0.05360 0.03233 0.14912
v -0.05360 0.03233 0.14912
v -0.05360 0.03233 0.14912
v -0.16667 0.13362 -0.00550
v -0.03688 -0.14120 -0.42272
v -0.03688 -0.14120 -0.42272
v -0.03688 -0.14120 -0.42272
v -0.03688 -0.14120 -0.42272
v -0.03688 -0.14120 -0.42272
v -0.16319 0.13053 -0.02585
v -0.16319 0.13053 -0.02585
v -0.16319 0.13053 -0.02585
v -0.16319 0.13053 -0.02585
v -0.16319 0.13053 -0.02585
v -0.15655 -0.12619 0.44964
v -0.15655 -0.12619 0.44964
v -0.15655 -0.12619 0.44964
v -0.15888 -0.07785 0.35724
v -0.15888 -0.07785 0.35724
v -0.15888 -0.07785 0.35724
v -0.12978 -0.08048 0.48568
v -0.12978 -0.08048 0.48568
v -0.16143 0.12961 -0.03664
v -0.16143 0.12961 -0.03664
v -0.16143 0.12961 -0.03664
v -0.16119 0.19388 -0.02405
v -0.16119 0.19388 -0.02405
v -0.16119 0.19388 -0.02405
v -0.16282 0.12953 0.01859
v -0.16282 0.12953 0.01859
v -0.16282 0.12953 0.01859
v -0.16352 -0.11283 0.46156
v -0.16352 -0.11283 0.46156
v -0.16352 -0.11283 0.46156
v -0.16352 -0.11283 0.46156
v -0.16352 -0.11283 0.46156
v -0.16352 -0.11283 0.46156
v -0.16352 -0.11283 0.46156
v -0.16352 -0.11283 0.46156
v -0.16436 -0.11208 0.42011
v -0.16436 -0.11208 0.42011
v -0.16436 -0.11208 0.42011
v -0.16436 -0.11208 0.42011
v -0.16436 -0.11208 0.42011
v -0.16387 0.10678 -0.05367
v -0.16387 0.10678 -0.05367
v -0.16387 0.10678 -0.05367
v -0.16608 0.13143 0.00029
v -0.16608 0.13143 0.00029
v -0.16608 0.13143 0.00029
v -0.11893 -0.06952 0.46982
v -0.11893 -0.06952 0.46982
v -0.11893 -0.06952 0.46982
v -0.15558 -0.06723 -0.48920
v -0.15558 -0.06723 -0.48920
v -0.15558 -0.06723 -0.48920
v -0.15558 -0.06723 -0.48920
v -0.15558 -0.06723 -0.48920
v -0.15375 -0.06547 -0.34348
v -0.15375 -0.06547 -0.34348
v -0.15375 -0.06547 -0.34348
v -0.13556 -0.08248 -0.47841
v -0.13556 -0.08248 -0.47841
v -0.13556 -0.08248 -0.47841
v -0.13556 -0.08248 -0.47841
v -0.13556 -0.08248 -0.47841
v -0.12381 -0.06587 0.46613
v -0.12381 -0.06587 0.46613
v -0.12381 -0.06587 0.46613
v -0.12381 -0.06587 0.46613
v -0.12381 -0.06587 0.46613
v -0.12381 -0.06587 0.46613
v -0.12381 -0.06587 0.46613
v -0.14164 0.01301 0.12411
v -0.15900 -0.07796 -0.36475
v -0.15900 -0.07796 -0.36475
v -0.15900 -0.07796 -0.36475
v -0.13585 -0.09521 0.27654
v -0.13585 -0.09521 0.27654
v -0.13585 -0.09521 0.27654
v -0.13585 -0.09521 0.27654
v -0.13585 -0.09521 0.27654
v -0.13585 -0.09521 0.27654
v -0.13585 -0.09521 0.27654
v -0.16223 0.19028 0.02124
v -0.16223 0.19028 0.02124
v -0.13501 -0.09873 0.34003
v -0.13501 -0.09873 0.34003
v -0.13501 -0.09873 0.34003
v -0.13501 -0.09873 0.34003
v -0.12181 0.10313 -0.12209
v -0.12181 0.10313 -0.12209
v -0.12181 0.10313 -0.12209
v -0.14095 0.01660 -0.12827
v -0.14095 0.01660 -0.12827
v -0.14095 0.01660 -0.12827
v -0.14095 0.01660 -0.12827
v -0.16116 0.13380 0.02043
v -0.16116 0.13380 0.02043
v -0.16116 0.13380 0.02043
v -0.16116 0.13380 0.02043
v -0.13816 -0.11083 0.25626
v -0.13816 -0.11083 0.25626
v -0.13816 -0.11083 0.25626
v -0.13816 -0.11083 0.25626
v -0.13816 -0.11083 0.25626
v -0.13816 -0.11083 0.25626
v -0.13816 -0.11083 0.25626
v -0.13720 -0.09707 -0.25701
v -0.13720 -0.09707 -0.25701
v -0.13720 -0.09707 -0.25701
v -0.13720 -0.09707 -0.25701
v -0.13720 -0.09707 -0.25701
v -0.13720 -0.09707 -0.25701
v -0.12704 -0.09469 -0.34102
v -0.12704 -0.09469 -0.34102
v -0.12704 -0.09469 -0.34102
v -0.12704 -0.09469 -0.34102
v -0.12704 -0.09469 -0.34102
v -0.13659 -0.09240 0.33387
v -0.13659 -0.09240 0.33387
v -0.13659 -0.09240 0.33387
v -0.13659 -0.09240 0.33387
v -0.13659 -0.09240 0.33387
v -0.13659 -0.09240 0.33387
v -0.16352 -0.11689 0.40405
v -0.16352 -0.11689 0.40405
v -0.16352 -0.11689 0.40405
v -0.13923 -0.11042 -0.32004
v -0.13923 -0.11042 -0.32004
v -0.13923 -0.11042 -0.32004
v -0.16124 0.13363 0.03081
v -0.16124 0.13363 0.03081
v -0.16244 -0.11783 0.44977
v -0.16244 -0.11783 0.44977
v -0.16244 -0.11783 0.44977
v -0.16244 -0.11783 0.44977
v -0.16244 -0.11783 0.44977
v -0.16319 -0.11679 0.47765
v -0.16319 -0.11679 0.47765
v -0.16319 -0.11679 0.47765
v -0.16282 -0.11716 -0.43176
v -0.16282 -0.11716 -0.43176
v -0.16282 -0.11716 -0.43176
v -0.16282 -0.11716 -0.43176
v -0.16282 -0.11716 -0.43176
v -0.16163 -0.11692 -0.41026
v -0.16163 -0.11692 -0.41026
v -0.16163 -0.11692 -0.41026
v -0.16163 -0.11692 -0.41026
v -0.16187 -0.11804 -0.45147
v -0.16187 -0.11804 -0.45147
v -0.16187 -0.11804 -0.45147
v -0.16187 -0.11804 -0.45147
v -0.16187 -0.11804 -0.45147
v -0.13995 -0.02585 0.13195
v -0.13995 -0.02585 0.13195
v -0.13995 -0.02585 0.13195
v -0.13995 -0.02585 0.13195
v -0.16161 -0.11635 -0.48090
v -0.16161 -0.11635 -0.48090
v -0.16161 -0.11635 -0.48090
v -0.16302 -0.11338 0.47755
v -0.16302 -0.11338 0.47755
v -0.16302 -0.11338 0.47755
v -0.16302 -0.11338 0.47755
v -0.16321 -0.11738 0.43815
v -0.16321 -0.11738 0.43815
v -0.16321 -0.11738 0.43815
v -0.16267 -0.11323 -0.44789
v -0.16267 -0.11323 -0.44789
v -0.16267 -0.11323 -0.44789
v -0.16267 -0.11323 -0.44789
v -0.15254 0.13026 0.02008
v -0.15254 0.13026 0.02008
v -0.15254 0.13026 0.02008
v -0.15254 0.13026 0.02008
v -0.15254 0.13026 0.02008
v -0.15254 0.13026 0.02008
v -0.15254 0.13026 0.02008
v -0.15254 0.13026 0.02008
v -0.15254 0.13026 0.02008
v -0.15254 0.13026 0.02008
v -0.08339 0.10621 -0.12439
v -0.08339 0.10621 -0.12439
v -0.08339 0.10621 -0.12439
v -0.08339 0.10621 -0.12439
v -0.14344 -0.10994 0.47463
v -0.14344 -0.10994 0.47463
v -0.14344 -0.10994 0.47463
v -0.14344 -0.10994 0.47463
v -0.14344 -0.10994 0.47463
v -0.14344 -0.10994 0.47463
v -0.14540 0.11020 -0.04802
v -0.14540 0.11020 -0.04802
v -0.14540 0.11020 -0.04802
v -0.14540 0.11020 -0.04802
v -0.14437 -0.11723 0.40404
v -0.14437 -0.11723 0.40404
v -0.14437 -0.11723 0.40404
v -0.14437 -0.11723 0.40404
v -0.14437 -0.11723 0.40404
v -0.14450 -0.11262 0.42018
v -0.14450 -0.11262 0.42018
v -0.14450 -0.11262 0.42018
v -0.14450 -0.11262 0.42018
v -0.14450 -0.11262 0.42018
v -0.14572 0.13005 -0.00745
v -0.14572 0.13005 -0.00745
v -0.14572 0.13005 -0.00745
v -0.14572 0.13005 -0.00745
v -0.14572 0.13005 -0.00745
v -0.14572 0.13005 -0.00745
v -0.14572 0.13005 -0.00745
v -0.14572 0.13005 -0.00745
v -0.12967 -0.11178 -0.27848
v -0.12967 -0.11178 -0.27848
v -0.12967 -0.11178 -0.27848
v -0.12967 -0.11178 -0.27848
v -0.12967 -0.11178 -0.27848
v -0.12967 -0.11178 -0.27848
v -0.13719 -0.10800 0.31506
v -0.13719 -0.10800 0.31506
v -0.13719 -0.10800 0.31506
v -0.13719 -0.10800 0.31506
v -0.12665 -0.09592 -0.28151
v -0.12665 -0.09592 -0.28151
v -0.12665 -0.09592 -0.28151
v -0.12665 -0.09592 -0.28151
v -0.12665 -0.09592 -0.28151
v -0.12665 -0.09592 -0.28151
v -0.12665 -0.09592 -0.28151
v -0.12665 -0.09592 -0.28151
v -0.12665 -0.09592 -0.28151
v -0.12665 -0.09592 -0.28151
v -0.13929 -0.10862 -0.34078
v -0.13929 -0.10862 -0.34078
v -0.13929 -0.10862 -0.34078
v -0.13929 -0.10862 -0.34078
v -0.13929 -0.10862 -0.34078
v -0.13922 -0.10777 0.25445
v -0.13922 -0.10777 0.25445
v -0.13707 -0.09295 -0.32209
v -0.13707 -0.09295 -0.32209
v -0.13707 -0.09295 -0.32209
v -0.13707 -0.09295 -0.32209
v -0.13707 -0.09295 -0.32209
v -0.13707 -0.09295 -0.32209
v -0.13707 -0.09295 -0.32209
v -0.13707 -0.09295 -0.32209
v -0.15761 -0.11817 -0.44420
v -0.15761 -0.11817 -0.44420
v -0.15761 -0.11817 -0.44420
v -0.15761 -0.11817 -0.44420
v -0.15761 -0.11817 -0.44420
v -0.14448 -0.11694 0.47917
v -0.14448 -0.11694 0.47917
v -0.14448 -0.11694 0.47917
v -0.14448 -0.11694 0.47917
v -0.14448 -0.11694 0.47917
v -0.15322 0.12955 -0.02248
v -0.15322 0.12955 -0.02248
v -0.15322 0.12955 -0.02248
v -0.15322 0.12955 -0.02248
v -0.15322 0.12955 -0.02248
v -0.15322 0.12955 -0.02248
v -0.15178 0.19221 0.02080
v -0.15178 0.19221 0.02080
v -0.15391 0.18827 -0.03622
v -0.15391 0.18827 -0.03622
v -0.15168 -0.11141 -0.41010
v -0.15168 -0.11141 -0.41010
v -0.14451 -0.11722 -0.40779
v -0.14451 -0.11722 -0.40779
v -0.14451 -0.11722 -0.40779
v -0.14451 -0.11722 -0.40779
v -0.14451 -0.11722 -0.40779
v -0.15091 0.13073 -0.03293
v -0.15091 0.13073 -0.03293
v -0.15091 0.13073 -0.03293
v -0.15091 0.13073 -0.03293
v -0.15091 0.13073 -0.03293
v -0.15091 0.13073 -0.03293
v -0.13236 -0.08088 0.41909
v -0.13236 -0.08088 0.41909
v -0.13937 -0.10935 -0.25860
v -0.13937 -0.10935 -0.25860
v -0.13937 -0.10935 -0.25860
v -0.15711 0.19019 0.01925
v -0.15711 0.19019 0.01925
v -0.04417 -0.07254 -0.17324
v -0.04417 -0.07254 -0.17324
v -0.04417 -0.07254 -0.17324
v -0.04417 -0.07254 -0.17324
v -0.04417 -0.07254 -0.17324
v -0.04417 -0.07254 -0.17324
v -0.04417 -0.07254 -0.17324
v -0.12041 -0.00738 -0.13104
v -0.12041 -0.00738 -0.13104
v -0.12041 -0.00738 -0.13104
v -0.12041 -0.00738 -0.13104
v -0.15714 -0.11823 -0.44964
v -0.15714 -0.11823 -0.44964
v -0.15714 -0.11823 -0.44964
v -0.15714 -0.11823 -0.44964
v -0.15714 -0.11823 -0.44964
v -0.15714 -0.11823 -0.44964
v -0.14159 -0.11040 -0.41987
v -0.14159 -0.11040 -0.41987
v -0.14159 -0.11040 -0.41987
v -0.14159 -0.11040 -0.41987
v -0.14159 -0.11040 -0.41987
v -0.14465 -0.11771 -0.44207
v -0.14465 -0.11771 -0.44207
v -0.14465 -0.11771 -0.44207
v -0.14465 -0.11771 -0.44207
v -0.14465 -0.11771 -0.44207
v -0.14465 -0.11771 -0.44207
v -0.14465 -0.11771 -0.44207
v -0.14465 -0.11771 -0.44207
v -0.14556 -0.11811 0.44976
v -0.14556 -0.11811 0.44976
v -0.14556 -0.11811 0.44976
v -0.15464 0.13365 -0.03620
v -0.15464 0.13365 -0.03620
v -0.13597 -0.09805 -0.31704
v -0.13597 -0.09805 -0.31704
v -0.13597 -0.09805 -0.31704
v -0.15237 0.19015 -0.02425
v -0.15237 0.19015 -0.02425
v -0.15237 0.19015 -0.02425
v -0.14453 -0.11297 -0.42239
v -0.14453 -0.11297 -0.42239
v -0.14453 -0.11297 -0.42239
v -0.14453 -0.11297 -0.42239
v -0.14453 -0.11297 -0.42239
v -0.14453 -0.11297 -0.42239
v -0.14747 0.10888 0.04565
v -0.14747 0.10888 0.04565
v -0.14747 0.10888 0.04565
v -0.14307 -0.11010 0.40731
v -0.14307 -0.11010 0.40731
v -0.14307 -0.11010 0.40731
v -0.14307 -0.11010 0.40731
v -0.13909 0.10709 -0.04971
v -0.13909 0.10709 -0.04971
v -0.13909 0.10709 -0.04971
v -0.13909 0.10709 -0.04971
v -0.13909 0.10709 -0.04971
v -0.14317 -0.08298 -0.41280
v -0.14317 -0.08298 -0.41280
v -0.14317 -0.08298 -0.41280
v -0.09228 -0.08305 0.33449
v -0.09228 -0.08305 0.33449
v -0.09228 -0.08305 0.33449
v -0.13642 -0.08222 0.40885
v -0.13642 -0.08222 0.40885
v -0.13642 -0.08222 0.40885
v -0.13642 -0.08222 0.40885
v -0.13642 -0.08222 0.40885
v -0.14344 -0.10268 0.13917
v -0.14344 -0.10268 0.13917
v -0.14344 -0.10268 0.13917
v -0.14344 -0.10268 0.13917
v -0.14344 -0.10268 0.13917
v -0.14364 -0.11017 -0.47848
v -0.14364 -0.11017 -0.47848
v -0.14364 -0.11017 -0.47848
v -0.14364 -0.11017 -0.47848
v -0.14364 -0.11017 -0.47848
v -0.14364 -0.11017 -0.47848
v -0.14364 -0.11017 -0.47848
v -0.14364 -0.11017 -0.47848
v -0.14451 -0.11669 -0.48134
v -0.14451 -0.11669 -0.48134
v -0.14451 -0.11669 -0.48134
v -0.14451 -0.11669 -0.48134
v -0.03870 -0.12766 0.45718
v -0.03870 -0.12766 0.45718
v -0.03870 -0.12766 0.45718
v -0.15646 -0.12205 -0.44610
v -0.15646 -0.12205 -0.44610
v -0.15646 -0.12205 -0.44610
v -0.15646 -0.12205 -0.44610
v -0.14552 -0.15386 0.33904
v -0.14552 -0.15386 0.33904
v -0.14552 -0.15386 0.33904
v -0.14552 -0.15386 0.33904
v -0.14552 -0.15386 0.33904
v -0.14552 -0.15386 0.33904
v -0.14552 -0.15386 0.33904
v -0.15125 -0.12276 -0.44390
v -0.15125 -0.12276 -0.44390
v -0.15125 -0.12276 -0.44390
v -0.15125 -0.12276 -0.44390
v -0.15125 -0.12276 -0.44390
v -0.14363 -0.09982 0.13723
v -0.14363 -0.09982 0.13723
v -0.14363 -0.09982 0.13723
v -0.14463 -0.11710 0.43784
v -0.14463 -0.11710 0.43784
v -0.14463 -0.11710 0.43784
v -0.14463 -0.11710 0.43784
v -0.14463 -0.11710 0.43784
v -0.14462 -0.11237 0.46371
v -0.14462 -0.11237 0.46371
v -0.14462 -0.11237 0.46371
v -0.14462 -0.11237 0.46371
v -0.14462 -0.11237 0.46371
v -0.14121 -0.10926 -0.27911
v -0.14121 -0.10926 -0.27911
v -0.14121 -0.10926 -0.27911
v -0.14121 -0.10926 -0.27911
v -0.15167 0.19070 0.03155
v -0.15167 0.19070 0.03155
v -0.15167 0.19070 0.03155
v -0.15167 0.19070 0.03155
v -0.14196 -0.02558 -0.13393
v -0.14196 -0.02558 -0.13393
v -0.14196 -0.02558 -0.13393
v -0.14261 0.12875 0.04399
v -0.14261 0.12875 0.04399
v -0.14261 0.12875 0.04399
v -0.14402 -0.11029 -0.40967
v -0.14402 -0.11029 -0.40967
v -0.14402 -0.11029 -0.40967
v -0.14402 -0.11029 -0.40967
v -0.14402 -0.11029 -0.40967
v -0.14478 -0.11852 -0.45402
v -0.14478 -0.11852 -0.45402
v -0.14478 -0.11852 -0.45402
v -0.14478 -0.11852 -0.45402
v -0.14478 -0.11852 -0.45402
v -0.15057 0.13133 -0.02695
v -0.15057 0.13133 -0.02695
v -0.15057 0.13133 -0.02695
v -0.15198 0.13157 0.02980
v -0.15198 0.13157 0.02980
v -0.15198 0.13157 0.02980
v -0.15198 0.13157 0.02980
v -0.15129 0.12946 0.03217
v -0.15129 0.12946 0.03217
v -0.15129 0.12946 0.03217
v -0.15129 0.12946 0.03217
v -0.14640 -0.15252 -0.25740
v -0.14640 -0.15252 -0.25740
v -0.14640 -0.15252 -0.25740
v -0.14640 -0.15252 -0.25740
v -0.14640 -0.15252 -0.25740
v -0.14640 -0.15252 -0.25740
v -0.14410 -0.15927 -0.32237
v -0.14410 -0.15927 -0.32237
v -0.14410 -0.15927 -0.32237
v -0.14410 -0.15927 -0.32237
v -0.14410 -0.15927 -0.32237
v -0.14410 -0.15927 -0.32237
v -0.14089 -0.06757 0.45486
v -0.14089 -0.06757 0.45486
v -0.14089 -0.06757 0.45486
v -0.14089 -0.06757 0.45486
v -0.14370 -0.11010 0.41884
v -0.14370 -0.11010 0.41884
v -0.14370 -0.11010 0.41884
v -0.14370 -0.11010 0.41884
v -0.14370 -0.11010 0.41884
v -0.14315 -0.15965 0.27242
v -0.14315 -0.15965 0.27242
v -0.14315 -0.15965 0.27242
v -0.14315 -0.15965 0.27242
v -0.13982 -0.09875 -0.34158
v -0.13982 -0.09875 -0.34158
v -0.13982 -0.09875 -0.34158
v -0.13252 -0.08152 -0.42073
v -0.13252 -0.08152 -0.42073
v -0.13252 -0.08152 -0.42073
v -0.13252 -0.08152 -0.42073
v -0.14811 -0.14816 -0.31702
v -0.14811 -0.14816 -0.31702
v -0.14925 0.19086 -0.03024
v -0.14925 0.19086 -0.03024
v -0.14925 0.19086 -0.03024
v -0.14367 -0.15915 -0.33711
v -0.14367 -0.15915 -0.33711
v -0.14367 -0.15915 -0.33711
v -0.14377 -0.10997 0.46408
v -0.14377 -0.10997 0.46408
v -0.14377 -0.10997 0.46408
v -0.14377 -0.10997 0.46408
v -0.13903 0.12864 -0.04580
v -0.13903 0.12864 -0.04580
v -0.13903 0.12864 -0.04580
v -0.12477 -0.11538 0.13745
v -0.14763 -0.12580 -0.45228
v -0.14763 -0.12580 -0.45228
v -0.14763 -0.12580 -0.45228
v -0.14763 -0.12580 -0.45228
v -0.14595 -0.14391 -0.34442
v -0.14595 -0.14391 -0.34442
v -0.14875 -0.13424 0.33430
v -0.14875 -0.13424 0.33430
v -0.14875 -0.13424 0.33430
v -0.15105 -0.07876 0.32502
v -0.15105 -0.07876 0.32502
v -0.15105 -0.07876 0.32502
v -0.14234 -0.14189 0.24878
v -0.14234 -0.14189 0.24878
v -0.14234 -0.14189 0.24878
v -0.14234 -0.14189 0.24878
v -0.14183 -0.16119 -0.26864
v -0.14183 -0.16119 -0.26864
v -0.14183 -0.16119 -0.26864
v -0.14183 -0.16119 -0.26864
v -0.14183 -0.16119 -0.26864
v -0.14183 -0.16119 -0.26864
v -0.14900 -0.15686 0.32425
v -0.14900 -0.15686 0.32425
v -0.14900 -0.15686 0.32425
v -0.13479 -0.11188 0.33542
v -0.13479 -0.11188 0.33542
v -0.13479 -0.11188 0.33542
v -0.13479 -0.11188 0.33542
v -0.13479 -0.11188 0.33542
v -0.13479 -0.11188 0.33542
v -0.14914 -0.15324 0.25700
v -0.14914 -0.15324 0.25700
v -0.14914 -0.15324 0.25700
v -0.13725 -0.10622 0.33939
v -0.13725 -0.10622 0.33939
v -0.13725 -0.10622 0.33939
v -0.14946 0.12971 0.02247
v -0.14946 0.12971 0.02247
v -0.14946 0.12971 0.02247
v -0.14723 -0.12213 -0.44962
v -0.14723 -0.12213 -0.44962
v -0.14723 -0.12213 -0.44962
v -0.14723 -0.12213 -0.44962
v -0.14723 -0.12213 -0.44962
v -0.14574 -0.06622 -0.30543
v -0.14574 -0.06622 -0.30543
v -0.14574 -0.06622 -0.30543
v -0.14693 0.19408 -0.00677
v -0.14693 0.19408 -0.00677
v -0.13733 -0.12601 0.33070
v -0.14386 -0.14257 -0.25252
v -0.14386 -0.14257 -0.25252
v -0.14386 -0.14257 -0.25252
v -0.14386 -0.14257 -0.25252
v -0.14256 -0.15340 0.28072
v -0.14256 -0.15340 0.28072
v -0.14256 -0.15340 0.28072
v -0.14365 -0.14135 0.28231
v -0.14365 -0.14135 0.28231
v -0.14674 -0.14346 0.34094
v -0.14674 -0.14346 0.34094
v -0.14674 -0.14346 0.34094
v -0.14674 -0.14346 0.34094
v -0.14674 -0.14346 0.34094
v -0.13022 -0.10265 0.27990
v -0.13022 -0.10265 0.27990
v -0.13022 -0.10265 0.27990
v -0.13022 -0.10265 0.27990
v -0.13022 -0.10265 0.27990
v -0.03375 -0.17857 0.43164
v -0.03375 -0.17857 0.43164
v -0.03375 -0.17857 0.43164
v -0.03375 -0.17857 0.43164
v -0.03375 -0.17857 0.43164
v -0.14387 -0.13871 -0.28425
v -0.14387 -0.13871 -0.28425
v -0.14387 -0.13871 -0.28425
v -0.14387 -0.13871 -0.28425
v -0.14387 -0.13871 -0.28425
v -0.14656 -0.12157 -0.44632
v -0.14656 -0.12157 -0.44632
v -0.14656 -0.12157 -0.44632
v -0.14656 -0.12157 -0.44632
v -0.14142 0.13132 0.00366
v -0.14142 0.13132 0.00366
v -0.14142 0.13132 0.00366
v -0.14142 0.13132 0.00366
v -0.14142 0.13132 0.00366
v -0.14600 0.19235 0.00138
v -0.14600 0.19235 0.00138
v -0.14392 -0.15725 -0.25836
v -0.14392 -0.15725 -0.25836
v -0.14392 -0.15725 -0.25836
v -0.14392 -0.15725 -0.25836
v -0.14401 -0.15739 0.31624
v -0.14401 -0.15739 0.31624
v -0.14401 -0.15739 0.31624
v -0.07533 -0.09518 -0.41142
v -0.07533 -0.09518 -0.41142
v -0.07533 -0.09518 -0.41142
v -0.07533 -0.09518 -0.41142
v -0.07533 -0.09518 -0.41142
v -0.13597 -0.12592 -0.32319
v -0.13597 -0.12592 -0.32319
v -0.13597 -0.12592 -0.32319
v -0.13597 -0.12592 -0.32319
v -0.13597 -0.12592 -0.32319
v -0.14426 -0.15374 -0.34319
v -0.14426 -0.15374 -0.34319
v -0.14426 -0.15374 -0.34319
v -0.13848 -0.10798 0.27778
v -0.13848 -0.10798 0.27778
v -0.13848 -0.10798 0.27778
v -0.14375 -0.15746 -0.27929
v -0.14375 -0.15746 -0.27929
v -0.14375 -0.15746 -0.27929
v -0.14375 -0.15746 -0.27929
v -0.14375 -0.15746 -0.27929
v -0.09413 -0.08751 -0.27269
v -0.09413 -0.08751 -0.27269
v -0.09413 -0.08751 -0.27269
v -0.09413 -0.08751 -0.27269
v -0.09413 -0.08751 -0.27269
v -0.09413 -0.08751 -0.27269
v -0.14144 -0.03031 0.13007
v -0.14144 -0.03031 0.13007
v -0.13503 -0.12584 0.27316
v -0.13503 -0.12584 0.27316
v -0.13503 -0.12584 0.27316
v -0.13503 -0.12584 0.27316
v -0.13249 -0.12376 0.26588
v -0.13249 -0.12376 0.26588
v -0.13249 -0.12376 0.26588
v -0.13249 -0.12376 0.26588
v -0.13301 0.10589 0.10996
v -0.13301 0.10589 0.10996
v -0.13301 0.10589 0.10996
v -0.11944 0.12874 -0.03111
v -0.11944 0.12874 -0.03111
v -0.11944 0.12874 -0.03111
v -0.11944 0.12874 -0.03111
v -0.11944 0.12874 -0.03111
v -0.11689 0.12882 0.02379
v -0.11689 0.12882 0.02379
v -0.11689 0.12882 0.02379
v -0.11689 0.12882 0.02379
v -0.14499 -0.13111 0.25763
v -0.14499 -0.13111 0.25763
v -0.14499 -0.13111 0.25763
v -0.14405 -0.15922 0.25822
v -0.14405 -0.15922 0.25822
v -0.14405 -0.15922 0.25822
v -0.14405 -0.15922 0.25822
v -0.14405 -0.15922 0.25822
v -0.13612 -0.12587 -0.27531
v -0.13612 -0.12587 -0.27531
v -0.13612 -0.12587 -0.27531
v -0.13612 -0.12587 -0.27531
v -0.13612 -0.12587 -0.27531
v -0.14177 -0.07875 -0.29029
v -0.14177 -0.07875 -0.29029
v -0.14177 -0.07875 -0.29029
v -0.14057 -0.13879 -0.31299
v -0.14057 -0.13879 -0.31299
v -0.14417 -0.15401 -0.28235
v -0.14417 -0.15401 -0.28235
v -0.14417 -0.15401 -0.28235
v -0.14391 -0.15910 0.33424
v -0.14391 -0.15910 0.33424
v -0.14391 -0.15910 0.33424
v -0.14391 -0.15910 0.33424
v -0.14391 -0.15910 0.33424
v -0.13868 -0.09690 0.25455
v -0.13868 -0.09690 0.25455
v -0.13868 -0.09690 0.25455
v -0.13868 -0.09690 0.25455
v -0.14374 -0.15525 0.25264
v -0.14374 -0.15525 0.25264
v -0.14374 -0.15525 0.25264
v -0.14374 -0.15525 0.25264
v -0.13803 -0.12585 -0.33172
v -0.13803 -0.12585 -0.33172
v -0.13803 -0.12585 -0.33172
v -0.13629 -0.08072 0.46255
v -0.13629 -0.08072 0.46255
v -0.13629 -0.08072 0.46255
v -0.08409 -0.07422 0.48671
v -0.08409 -0.07422 0.48671
v -0.08409 -0.07422 0.48671
v -0.08409 -0.07422 0.48671
v -0.08409 -0.07422 0.48671
v -0.08409 -0.07422 0.48671
v -0.08409 -0.07422 0.48671
v -0.14326 0.19028 0.00308
v -0.14326 0.19028 0.00308
v -0.14326 0.19028 0.00308
v -0.13231 -0.08072 0.47591
v -0.13231 -0.08072 0.47591
v -0.13231 -0.08072 0.47591
v -0.13231 -0.08072 0.47591
v -0.14132 0.19064 -0.00977
v -0.14132 0.19064 -0.00977
v -0.13438 -0.13284 -0.31327
v -0.13438 -0.13284 -0.31327
v -0.13438 -0.13284 -0.31327
v -0.13438 -0.13284 -0.31327
v -0.13438 -0.13284 -0.31327
v -0.13233 -0.08075 -0.46641
v -0.13233 -0.08075 -0.46641
v -0.13233 -0.08075 -0.46641
v -0.03695 -0.13983 0.46943
v -0.03695 -0.13983 0.46943
v -0.03695 -0.13983 0.46943
v -0.03695 -0.13983 0.46943
v -0.03695 -0.13983 0.46943
v -0.13510 -0.13025 -0.28292
v -0.13510 -0.13025 -0.28292
v -0.13510 -0.13025 -0.28292
v -0.13510 -0.13025 -0.28292
v -0.12785 0.12962 0.00482
v -0.12785 0.12962 0.00482
v -0.12785 0.12962 0.00482
v -0.12785 0.12962 0.00482
v -0.13673 -0.13913 0.30742
v -0.13673 -0.13913 0.30742
v -0.13673 -0.13913 0.30742
v -0.13627 -0.13268 -0.25330
v -0.13627 -0.13268 -0.25330
v -0.13627 -0.13268 -0.25330
v -0.13319 -0.14892 -0.34992
v -0.13319 -0.14892 -0.34992
v -0.13319 -0.14892 -0.34992
v -0.13300 -0.15511 0.34465
v -0.13300 -0.15511 0.34465
v -0.13300 -0.15511 0.34465
v -0.13255 -0.15733 -0.25229
v -0.13255 -0.15733 -0.25229
v -0.13255 -0.15733 -0.25229
v -0.13255 -0.15733 -0.25229
v -0.13255 -0.15733 -0.25229
v -0.01244 0.08815 -0.14549
v -0.01244 0.08815 -0.14549
v -0.01244 0.08815 -0.14549
v -0.01244 0.08815 -0.14549
v -0.01244 0.08815 -0.14549
v -0.12949 -0.15016 0.24538
v -0.12949 -0.15016 0.24538
v -0.12949 -0.15016 0.24538
v -0.12949 -0.15016 0.24538
v -0.13293 -0.12594 0.33529
v -0.13293 -0.12594 0.33529
v -0.13293 -0.12594 0.33529
v -0.13546 -0.07895 0.25826
v -0.13546 -0.07895 0.25826
v -0.13546 -0.07895 0.25826
v -0.13546 -0.07895 0.25826
v -0.13546 -0.07895 0.25826
v -0.13198 -0.10801 -0.31530
v -0.13198 -0.10801 -0.31530
v -0.13198 -0.10801 -0.31530
v -0.13583 -0.16445 -0.33081
v -0.13583 -0.16445 -0.33081
v -0.13583 -0.16445 -0.33081
v -0.12999 -0.12905 0.31179
v -0.12999 -0.12905 0.31179
v -0.12999 -0.12905 0.31179
v -0.12999 -0.12905 0.31179
v -0.13777 0.19474 0.00294
v -0.13777 0.19474 0.00294
v -0.13355 0.10859 -0.04396
v -0.13355 0.10859 -0.04396
v -0.12800 -0.13511 0.34622
v -0.12800 -0.13511 0.34622
v -0.13665 -0.04839 -0.13747
v -0.13665 -0.04839 -0.13747
v -0.13665 -0.04839 -0.13747
v -0.13665 -0.04839 -0.13747
v -0.13665 -0.04839 -0.13747
v -0.13665 -0.04839 -0.13747
v -0.13592 -0.13090 -0.34423
v -0.13592 -0.13090 -0.34423
v -0.13592 -0.13090 -0.34423
v -0.13592 -0.13090 -0.34423
v -0.13507 -0.15269 0.30789
v -0.13507 -0.15269 0.30789
v -0.13507 -0.15269 0.30789
v -0.13507 -0.15269 0.30789
v -0.13274 -0.14806 -0.24893
v -0.13274 -0.14806 -0.24893
v -0.12442 0.10812 0.03549
v -0.12442 0.10812 0.03549
v -0.12442 0.10812 0.03549
v -0.12442 0.10812 0.03549
v -0.13400 -0.12418 -0.26656
v -0.13400 -0.12418 -0.26656
v -0.13400 -0.12418 -0.26656
v -0.13400 -0.12418 -0.26656
v -0.13507 -0.16068 0.33958
v -0.13507 -0.16068 0.33958
v -0.13507 -0.16068 0.33958
v -0.13507 -0.16068 0.33958
v -0.13478 -0.12586 0.31871
v -0.13478 -0.12586 0.31871
v -0.13204 -0.12988 0.34152
v -0.13204 -0.12988 0.34152
v -0.09646 -0.11606 0.26147
v -0.09646 -0.11606 0.26147
v -0.09646 -0.11606 0.26147
v -0.09646 -0.11606 0.26147
v -0.09646 -0.11606 0.26147
v -0.13074 -0.16478 -0.27666
v -0.13074 -0.16478 -0.27666
v -0.13047 -0.13263 0.28365
v -0.13047 -0.13263 0.28365
v -0.13047 -0.13263 0.28365
v -0.13691 -0.16295 0.32031
v -0.13691 -0.16295 0.32031
v -0.13691 -0.16295 0.32031
v -0.13285 -0.15995 -0.34441
v -0.13285 -0.15995 -0.34441
v -0.13285 -0.15995 -0.34441
v -0.13285 -0.15995 -0.34441
v -0.13285 -0.15995 -0.34441
v -0.03677 -0.15310 -0.41994
v -0.03677 -0.15310 -0.41994
v -0.03677 -0.15310 -0.41994
v -0.13557 -0.06664 -0.26352
v -0.13557 -0.06664 -0.26352
v -0.13557 -0.06664 -0.26352
v -0.13563 -0.15623 -0.31363
v -0.13563 -0.15623 -0.31363
v -0.13374 -0.07904 -0.25632
v -0.13374 -0.07904 -0.25632
v -0.13374 -0.07904 -0.25632
v -0.13374 -0.07904 -0.25632
v -0.13450 -0.16476 -0.26571
v -0.13450 -0.16476 -0.26571
v -0.13450 -0.16476 -0.26571
v -0.13107 -0.16499 0.27289
v -0.13107 -0.16499 0.27289
v -0.13107 -0.16499 0.27289
v -0.12470 -0.09766 -0.34823
v -0.12470 -0.09766 -0.34823
v -0.12470 -0.09766 -0.34823
v -0.12470 -0.09766 -0.34823
v -0.12933 -0.10972 -0.34551
v -0.12933 -0.10972 -0.34551
v -0.12933 -0.10972 -0.34551
v -0.12245 -0.13536 -0.35002
v -0.12245 -0.13536 -0.35002
v -0.12245 -0.13536 -0.35002
v -0.12245 -0.13536 -0.35002
v -0.13117 -0.10910 0.28169
v -0.13117 -0.10910 0.28169
v -0.13117 -0.10910 0.28169
v -0.13117 -0.10910 0.28169
v -0.13117 -0.10910 0.28169
v -0.13117 -0.10910 0.28169
v -0.13117 -0.10910 0.28169
v -0.13117 -0.10910 0.28169
v -0.13562 -0.06056 0.13712
v -0.13562 -0.06056 0.13712
v -0.13562 -0.06056 0.13712
v -0.13420 0.19767 -0.00733
v -0.13420 0.19767 -0.00733
v -0.13420 0.19767 -0.00733
v -0.13343 -0.15683 0.30949
v -0.13343 -0.15683 0.30949
v -0.13343 -0.15683 0.30949
v -0.09193 -0.08747 -0.33408
v -0.09193 -0.08747 -0.33408
v -0.09193 -0.08747 -0.33408
v -0.09193 -0.08747 -0.33408
v -0.09193 -0.08747 -0.33408
v -0.09193 -0.08747 -0.33408
v -0.12778 -0.15020 0.34773
v -0.12778 -0.15020 0.34773
v -0.12778 -0.15020 0.34773
v -0.12778 -0.15020 0.34773
v -0.12323 -0.11022 -0.25054
v -0.12323 -0.11022 -0.25054
v -0.12323 -0.11022 -0.25054
v -0.12323 -0.11022 -0.25054
v -0.13371 0.18520 0.00118
v -0.12953 -0.14719 0.28717
v -0.12953 -0.14719 0.28717
v -0.12953 -0.14719 0.28717
v -0.12953 -0.14719 0.28717
v -0.10048 -0.10933 -0.41156
v -0.10048 -0.10933 -0.41156
v -0.10048 -0.10933 -0.41156
v -0.10048 -0.10933 -0.41156
v -0.13120 -0.13249 0.24879
v -0.13120 -0.13249 0.24879
v -0.13120 -0.13249 0.24879
v -0.13120 -0.13249 0.24879
v -0.12571 -0.16658 0.26098
v -0.12571 -0.16658 0.26098
v -0.12571 -0.16658 0.26098
v -0.06692 -0.10318 0.41858
v -0.06692 -0.10318 0.41858
v -0.06692 -0.10318 0.41858
v -0.06692 -0.10318 0.41858
v -0.06692 -0.10318 0.41858
v -0.06692 -0.10318 0.41858
v -0.13097 -0.15728 0.24869
v -0.13097 -0.15728 0.24869
v -0.13097 -0.15728 0.24869
v -0.12348 -0.06543 0.45952
v -0.12348 -0.06543 0.45952
v -0.12348 -0.06543 0.45952
v -0.12348 -0.06543 0.45952
v -0.12348 -0.06543 0.45952
v -0.12436 -0.13895 0.24488
v -0.12436 -0.13895 0.24488
v -0.12436 -0.13895 0.24488
v -0.12479 -0.15848 0.28377
v -0.12479 -0.15848 0.28377
v -0.09250 -0.08258 -0.32310
v -0.09250 -0.08258 -0.32310
v -0.09250 -0.08258 -0.32310
v -0.09250 -0.08258 -0.32310
v -0.13083 -0.12939 -0.25434
v -0.13083 -0.12939 -0.25434
v -0.13083 -0.12939 -0.25434
v -0.13083 -0.12939 -0.25434
v -0.13366 0.13231 0.00114
v -0.13366 0.13231 0.00114
v -0.13366 0.13231 0.00114
v -0.13366 0.13231 0.00114
v -0.13366 0.13231 0.00114
v -0.13423 0.13240 -0.00676
v -0.13423 0.13240 -0.00676
v -0.13423 0.13240 -0.00676
v -0.12751 -0.12777 0.27975
v -0.12751 -0.12777 0.27975
v -0.12751 -0.12777 0.27975
v -0.12751 -0.12777 0.27975
v -0.12356 -0.16682 -0.33601
v -0.12356 -0.16682 -0.33601
v -0.12356 -0.16682 -0.33601
v -0.12394 0.12959 -0.00678
v -0.12394 0.12959 -0.00678
v -0.12394 0.12959 -0.00678
v -0.12394 0.12959 -0.00678
v -0.12394 0.12959 -0.00678
v -0.12529 -0.08100 -0.48933
v -0.12529 -0.08100 -0.48933
v -0.12529 -0.08100 -0.48933
v -0.12734 -0.09514 -0.14034
v -0.09896 -0.11041 0.40682
v -0.09896 -0.11041 0.40682
v -0.09896 -0.11041 0.40682
v -0.09896 -0.11041 0.40682
v -0.09896 -0.11041 0.40682
v -0.09896 -0.11041 0.40682
v -0.12847 -0.16645 0.33012
v -0.12847 -0.16645 0.33012
v -0.12847 -0.16645 0.33012
v -0.12847 -0.16645 0.33012
v -0.12847 -0.16645 0.33012
v -0.13027 -0.11005 0.31285
v -0.13027 -0.11005 0.31285
v -0.13027 -0.11005 0.31285
v -0.12986 -0.12412 0.26057
v -0.12986 -0.12412 0.26057
v -0.12986 -0.12412 0.26057
v -0.12036 -0.15982 -0.28595
v -0.12036 -0.15982 -0.28595
v -0.12036 -0.15982 -0.28595
v -0.13254 -0.16032 -0.28312
v -0.13254 -0.16032 -0.28312
v -0.13254 -0.16032 -0.28312
v -0.12382 -0.15746 -0.34836
v -0.12382 -0.15746 -0.34836
v -0.12417 -0.11017 0.34488
v -0.12417 -0.11017 0.34488
v -0.12417 -0.11017 0.34488
v -0.12417 -0.11017 0.34488
v -0.12870 -0.12311 0.32414
v -0.12870 -0.12311 0.32414
v -0.12779 0.10867 -0.03986
v -0.12779 0.10867 -0.03986
v -0.12779 0.10867 -0.03986
v -0.12779 0.10867 -0.03986
v -0.12779 0.10867 -0.03986
v -0.12554 -0.09735 -0.28621
v -0.12554 -0.09735 -0.28621
v -0.12554 -0.09735 -0.28621
v -0.12554 -0.09735 -0.28621
v -0.12454 -0.11076 -0.28594
v -0.12454 -0.11076 -0.28594
v -0.12454 -0.11076 -0.28594
v -0.12454 -0.11076 -0.28594
v -0.12454 -0.11076 -0.28594
v -0.12454 -0.11076 -0.28594
v -0.12357 -0.12584 -0.34114
v -0.12357 -0.12584 -0.34114
v -0.12357 -0.12584 -0.34114
v -0.12357 -0.12584 -0.34114
v -0.12357 -0.12584 -0.34114
v -0.12724 -0.12298 -0.33167
v -0.12724 -0.12298 -0.33167
v -0.12724 -0.12298 -0.33167
v -0.12245 -0.16677 0.27136
v -0.12245 -0.16677 0.27136
v -0.12245 -0.16677 0.27136
v -0.12245 -0.16677 0.27136
v -0.12245 -0.16677 0.27136
v -0.12407 -0.16481 0.31663
v -0.12407 -0.16481 0.31663
v -0.12275 -0.14640 -0.35197
v -0.12275 -0.14640 -0.35197
v -0.12275 -0.14640 -0.35197
v -0.07976 -0.10825 -0.46689
v -0.07976 -0.10825 -0.46689
v -0.07976 -0.10825 -0.46689
v -0.07976 -0.10825 -0.46689
v -0.07976 -0.10825 -0.46689
v -0.07976 -0.10825 -0.46689
v -0.11287 -0.08347 0.46341
v -0.12741 -0.09692 0.34368
v -0.12741 -0.09692 0.34368
v -0.12741 -0.09692 0.34368
v -0.12741 -0.09692 0.34368
v -0.12741 -0.09692 0.34368
v -0.12460 -0.11023 0.24835
v -0.12460 -0.11023 0.24835
v -0.12460 -0.11023 0.24835
v -0.12809 -0.09774 -0.31289
v -0.12809 -0.09774 -0.31289
v -0.12809 -0.09774 -0.31289
v -0.12809 -0.09774 -0.31289
v -0.12016 -0.13944 -0.24724
v -0.12016 -0.13944 -0.24724
v -0.12237 -0.14079 -0.30819
v -0.12237 -0.14079 -0.30819
v -0.12237 -0.14079 -0.30819
v -0.12237 -0.14079 -0.30819
v -0.12237 -0.14079 -0.30819
v -0.12237 -0.14079 -0.30819
v -0.09806 -0.11744 -0.26988
v -0.09806 -0.11744 -0.26988
v -0.09806 -0.11744 -0.26988
v -0.09806 -0.11744 -0.26988
v -0.09806 -0.11744 -0.26988
v -0.09806 -0.11744 -0.26988
v -0.12642 -0.14417 -0.29104
v -0.12642 -0.14417 -0.29104
v -0.05877 0.02395 -0.14411
v -0.05877 0.02395 -0.14411
v -0.05877 0.02395 -0.14411
v -0.11144 -0.13008 0.24884
v -0.11144 -0.13008 0.24884
v -0.11144 -0.13008 0.24884
v -0.11144 -0.13008 0.24884
v -0.11144 -0.13008 0.24884
v -0.11144 -0.13008 0.24884
v -0.12416 -0.16726 -0.26653
v -0.12416 -0.16726 -0.26653
v -0.12416 -0.16726 -0.26653
v -0.12416 -0.16726 -0.26653
v -0.09262 -0.11184 -0.25905
v -0.09262 -0.11184 -0.25905
v -0.09262 -0.11184 -0.25905
v -0.09262 -0.11184 -0.25905
v -0.09262 -0.11184 -0.25905
v -0.09262 -0.11184 -0.25905
v -0.09412 -0.08276 -0.27373
v -0.09412 -0.08276 -0.27373
v -0.09412 -0.08276 -0.27373
v -0.09412 -0.08276 -0.27373
v -0.09412 -0.08276 -0.27373
v -0.09412 -0.08276 -0.27373
v -0.09412 -0.08276 -0.27373
v -0.09412 -0.08276 -0.27373
v -0.09838 -0.11584 0.33210
v -0.09838 -0.11584 0.33210
v -0.09838 -0.11584 0.33210
v -0.09838 -0.11584 0.33210
v -0.09838 -0.11584 0.33210
v -0.09838 -0.11584 0.33210
v -0.09838 -0.11584 0.33210
v -0.10279 -0.08310 -0.42071
v -0.10279 -0.08310 -0.42071
v -0.10279 -0.08310 -0.42071
v -0.10279 -0.08310 -0.42071
v -0.10279 -0.08310 -0.42071
v -0.10279 -0.08310 -0.42071
v -0.10279 -0.08310 -0.42071
v -0.08886 -0.10834 -0.42133
v -0.08886 -0.10834 -0.42133
v -0.08886 -0.10834 -0.42133
v -0.08886 -0.10834 -0.42133
v -0.08886 -0.10834 -0.42133
v -0.08886 -0.10834 -0.42133
v -0.08886 -0.10834 -0.42133
v -0.08886 -0.10834 -0.42133
v -0.08886 -0.10834 -0.42133
v -0.12427 -0.06730 -0.13886
v -0.12041 -0.13418 0.28591
v -0.12041 -0.13418 0.28591
v -0.12486 -0.09752 0.28400
v -0.12486 -0.09752 0.28400
v -0.12486 -0.09752 0.28400
v -0.12486 -0.09752 0.28400
v -0.12199 -0.16233 -0.34449
v -0.12199 -0.16233 -0.34449
v -0.12199 -0.16233 -0.34449
v -0.12199 -0.16233 -0.34449
v -0.12544 0.19211 0.00315
v -0.12544 0.19211 0.00315
v -0.12544 0.19211 0.00315
v -0.12544 0.19211 0.00315
v -0.11661 -0.16657 -0.32244
v -0.11661 -0.16657 -0.32244
v -0.12532 0.13180 -0.00556
v -0.12532 0.13180 -0.00556
v -0.12532 0.13180 -0.00556
v -0.12532 0.13180 -0.00556
v -0.12532 0.13180 -0.00556
v -0.12404 0.19254 -0.00515
v -0.12404 0.19254 -0.00515
v -0.09864 -0.11038 -0.47719
v -0.09864 -0.11038 -0.47719
v -0.09864 -0.11038 -0.47719
v -0.09864 -0.11038 -0.47719
v -0.09864 -0.11038 -0.47719
v -0.09864 -0.11038 -0.47719
v -0.09864 -0.11038 -0.47719
v -0.12669 -0.13914 0.30529
v -0.12669 -0.13914 0.30529
v -0.12669 -0.13914 0.30529
v -0.12859 0.13365 0.00284
v -0.12859 0.13365 0.00284
v -0.12859 0.13365 0.00284
v -0.12859 0.13365 0.00284
v -0.11518 -0.06877 0.45950
v -0.11518 -0.06877 0.45950
v -0.11518 -0.06877 0.45950
v -0.11518 -0.06877 0.45950
v -0.12163 -0.12970 -0.28554
v -0.12163 -0.12970 -0.28554
v -0.12163 -0.12970 -0.28554
v -0.12163 -0.12970 -0.28554
v -0.10986 -0.13984 -0.29123
v -0.10986 -0.13984 -0.29123
v -0.10986 -0.13984 -0.29123
v -0.10986 -0.13984 -0.29123
v -0.11129 -0.06692 0.16391
v -0.11129 -0.06692 0.16391
v -0.11129 -0.06692 0.16391
v -0.11129 -0.06692 0.16391
v -0.11129 -0.06692 0.16391
v -0.09823 -0.11644 0.32526
v -0.09823 -0.11644 0.32526
v -0.09823 -0.11644 0.32526
v -0.12270 -0.15967 0.24896
v -0.12270 -0.15967 0.24896
v -0.12270 -0.15967 0.24896
v -0.12270 -0.15967 0.24896
v -0.12270 -0.15967 0.24896
v -0.09624 0.01940 0.13407
v -0.09624 0.01940 0.13407
v -0.09834 -0.11019 0.46390
v -0.09834 -0.11019 0.46390
v -0.09834 -0.11019 0.46390
v -0.09834 -0.11019 0.46390
v -0.09834 -0.11019 0.46390
v -0.09834 -0.11019 0.46390
v -0.03702 -0.12795 0.43188
v -0.03702 -0.12795 0.43188
v -0.03702 -0.12795 0.43188
v -0.03702 -0.12795 0.43188
v -0.12496 -0.14688 0.30461
v -0.12496 -0.14688 0.30461
v -0.10288 -0.08268 0.40606
v -0.10288 -0.08268 0.40606
v -0.10288 -0.08268 0.40606
v -0.10288 -0.08268 0.40606
v -0.09905 -0.12201 0.32321
v -0.09905 -0.12201 0.32321
v -0.09905 -0.12201 0.32321
v -0.11882 -0.16114 0.34259
v -0.11882 -0.16114 0.34259
v -0.11882 -0.16114 0.34259
v -0.11882 -0.16114 0.34259
v -0.11882 -0.16114 0.34259
v -0.11882 -0.16114 0.34259
v -0.11607 -0.14638 -0.24648
v -0.11607 -0.14638 -0.24648
v -0.11733 -0.15746 -0.31095
v -0.11733 -0.15746 -0.31095
v -0.11733 -0.15746 -0.31095
v -0.11733 -0.15746 -0.31095
v -0.11733 -0.15746 -0.31095
v -0.09471 -0.12222 -0.27351
v -0.09471 -0.12222 -0.27351
v -0.09471 -0.12222 -0.27351
v -0.09471 -0.12222 -0.27351
v -0.09471 -0.12222 -0.27351
v -0.09471 -0.12222 -0.27351
v -0.09471 -0.12222 -0.27351
v -0.09471 -0.12222 -0.27351
v -0.09471 -0.12222 -0.27351
v -0.11910 -0.16501 0.27700
v -0.11910 -0.16501 0.27700
v -0.09673 -0.08715 0.26464
v -0.09673 -0.08715 0.26464
v -0.09673 -0.08715 0.26464
v -0.09673 -0.08715 0.26464
v -0.09673 -0.08715 0.26464
v -0.09340 -0.12193 -0.32474
v -0.09340 -0.12193 -0.32474
v -0.09340 -0.12193 -0.32474
v -0.09340 -0.12193 -0.32474
v -0.09340 -0.12193 -0.32474
v -0.09340 -0.12193 -0.32474
v -0.09340 -0.12193 -0.32474
v -0.09340 -0.12193 -0.32474
v -0.09340 -0.12193 -0.32474
v -0.11715 -0.16482 -0.28004
v -0.11715 -0.16482 -0.28004
v -0.11715 -0.16482 -0.28004
v -0.11715 -0.16482 -0.28004
v -0.12413 -0.11010 -0.31232
v -0.12413 -0.11010 -0.31232
v -0.12413 -0.11010 -0.31232
v -0.12413 -0.11010 -0.31232
v -0.12493 -0.09757 0.24800
v -0.12493 -0.09757 0.24800
v -0.11167 -0.14829 0.28852
v -0.11167 -0.14829 0.28852
v -0.12487 -0.09768 -0.25075
v -0.12487 -0.09768 -0.25075
v -0.12487 -0.09768 -0.25075
v -0.12487 -0.09768 -0.25075
v -0.12487 -0.09768 -0.25075
v -0.12271 -0.12996 -0.31329
v -0.12271 -0.12996 -0.31329
v -0.12635 -0.09780 0.30911
v -0.12635 -0.09780 0.30911
v -0.12635 -0.09780 0.30911
v -0.09793 -0.12033 -0.26635
v -0.09793 -0.12033 -0.26635
v -0.09793 -0.12033 -0.26635
v -0.09793 -0.12033 -0.26635
v -0.09793 -0.12033 -0.26635
v -0.09845 -0.10946 0.41805
v -0.09845 -0.10946 0.41805
v -0.09845 -0.10946 0.41805
v -0.09845 -0.10946 0.41805
v -0.09845 -0.10946 0.41805
v -0.12144 -0.16092 0.31095
v -0.12144 -0.16092 0.31095
v -0.12144 -0.16092 0.31095
v -0.12144 -0.16092 0.31095
v 0.00555 0.04032 -0.15521
v 0.00555 0.04032 -0.15521
v 0.00555 0.04032 -0.15521
v 0.00555 0.04032 -0.15521
v -0.11842 -0.14626 0.24370
v -0.11842 -0.14626 0.24370
v -0.09809 -0.12060 0.33164
v -0.09809 -0.12060 0.33164
v -0.09809 -0.12060 0.33164
v -0.09809 -0.12060 0.33164
v -0.09809 -0.12060 0.33164
v -0.09809 -0.12060 0.33164
v -0.09809 -0.12060 0.33164
v -0.09809 -0.12060 0.33164
v -0.09809 -0.12060 0.33164
v -0.10024 -0.12115 -0.26829
v -0.10024 -0.12115 -0.26829
v -0.10024 -0.12115 -0.26829
v -0.10024 -0.12115 -0.26829
v -0.10024 -0.12115 -0.26829
v -0.12301 -0.11026 0.30925
v -0.12301 -0.11026 0.30925
v -0.12301 -0.11026 0.30925
v -0.12301 -0.11026 0.30925
v -0.12301 -0.11026 0.30925
v -0.08980 0.01469 -0.12439
v -0.08980 0.01469 -0.12439
v -0.08980 0.01469 -0.12439
v -0.08980 0.01469 -0.12439
v -0.08980 0.01469 -0.12439
v -0.08980 0.01469 -0.12439
v -0.08980 0.01469 -0.12439
v -0.08980 0.01469 -0.12439
v -0.09233 -0.12200 0.27157
v -0.09233 -0.12200 0.27157
v -0.09233 -0.12200 0.27157
v -0.09233 -0.12200 0.27157
v -0.09233 -0.12200 0.27157
v -0.10022 -0.12095 -0.32886
v -0.10022 -0.12095 -0.32886
v -0.10022 -0.12095 -0.32886
v -0.10022 -0.12095 -0.32886
v -0.10022 -0.12095 -0.32886
v -0.11212 0.12872 -0.01760
v -0.11212 0.12872 -0.01760
v -0.11212 0.12872 -0.01760
v -0.11212 0.12872 -0.01760
v -0.11212 0.12872 -0.01760
v -0.10191 -0.13131 -0.25069
v -0.10191 -0.13131 -0.25069
v -0.10191 -0.13131 -0.25069
v -0.09425 -0.08763 0.33148
v -0.09425 -0.08763 0.33148
v -0.09425 -0.08763 0.33148
v -0.09425 -0.08763 0.33148
v -0.09425 -0.08763 0.33148
v -0.11822 -0.16301 -0.25490
v -0.11822 -0.16301 -0.25490
v -0.11822 -0.16301 -0.25490
v -0.11822 -0.16301 -0.25490
v -0.11822 -0.16301 -0.25490
v -0.11995 0.10882 -0.03228
v -0.11995 0.10882 -0.03228
v -0.11995 0.10882 -0.03228
v -0.11131 -0.07975 0.16384
v -0.11131 -0.07975 0.16384
v -0.11131 -0.07975 0.16384
v -0.11131 -0.07975 0.16384
v -0.09357 -0.11422 -0.33504
v -0.09357 -0.11422 -0.33504
v -0.09357 -0.11422 -0.33504
v -0.09357 -0.11422 -0.33504
v -0.07723 -0.08573 0.40906
v -0.07723 -0.08573 0.40906
v -0.07723 -0.08573 0.40906
v -0.07723 -0.08573 0.40906
v -0.07723 -0.08573 0.40906
v 0.01044 0.06313 0.15468
v 0.01044 0.06313 0.15468
v -0.09458 -0.09415 0.31686
v -0.09458 -0.09415 0.31686
v -0.09458 -0.09415 0.31686
v -0.09458 -0.09415 0.31686
v -0.09458 -0.09415 0.31686
v -0.09835 -0.12147 0.26261
v -0.09835 -0.12147 0.26261
v -0.09835 -0.12147 0.26261
v -0.09835 -0.12147 0.26261
v -0.09835 -0.12147 0.26261
v -0.02113 -0.12980 0.28335
v -0.02113 -0.12980 0.28335
v -0.02113 -0.12980 0.28335
v -0.02113 -0.12980 0.28335
v -0.02113 -0.12980 0.28335
v -0.02399 -0.11062 -0.34675
v -0.02399 -0.11062 -0.34675
v -0.02399 -0.11062 -0.34675
v -0.02399 -0.11062 -0.34675
v -0.02399 -0.11062 -0.34675
v -0.10133 -0.11455 -0.32399
v -0.10133 -0.11455 -0.32399
v -0.10133 -0.11455 -0.32399
v -0.10133 -0.11455 -0.32399
v -0.10133 -0.11455 -0.32399
v -0.10133 -0.11455 -0.32399
v -0.09753 -0.08669 0.32579
v -0.09753 -0.08669 0.32579
v -0.09753 -0.08669 0.32579
v -0.09753 -0.08669 0.32579
v -0.07514 -0.08493 -0.41279
v -0.07514 -0.08493 -0.41279
v -0.07514 -0.08493 -0.41279
v -0.07514 -0.08493 -0.41279
v -0.07514 -0.08493 -0.41279
v -0.07514 -0.08493 -0.41279
v -0.07025 -0.09282 0.25861
v -0.07025 -0.09282 0.25861
v -0.07025 -0.09282 0.25861
v -0.07025 -0.09282 0.25861
v -0.09430 -0.08744 -0.26469
v -0.09430 -0.08744 -0.26469
v -0.09430 -0.08744 -0.26469
v -0.09430 -0.08744 -0.26469
v -0.09430 -0.08744 -0.26469
v -0.09430 -0.08744 -0.26469
v -0.09430 -0.08744 -0.26469
v -0.09430 -0.08744 -0.26469
v -0.11112 -0.06662 -0.16598
v -0.11112 -0.06662 -0.16598
v -0.11112 -0.06662 -0.16598
v -0.11594 0.11026 0.02263
v -0.11594 0.11026 0.02263
v -0.09810 -0.11049 0.47491
v -0.09810 -0.11049 0.47491
v -0.09810 -0.11049 0.47491
v -0.09810 -0.11049 0.47491
v -0.09810 -0.11049 0.47491
v -0.09810 -0.11049 0.47491
v -0.09810 -0.11049 0.47491
v -0.11107 -0.07961 -0.16596
v -0.11107 -0.07961 -0.16596
v -0.11107 -0.07961 -0.16596
v -0.10135 -0.07117 0.46997
v -0.10135 -0.07117 0.46997
v -0.10135 -0.07117 0.46997
v -0.09627 -0.11548 -0.27309
v -0.09627 -0.11548 -0.27309
v -0.09627 -0.11548 -0.27309
v -0.11440 0.10728 -0.02811
v -0.11440 0.10728 -0.02811
v -0.11440 0.10728 -0.02811
v -0.11440 0.10728 -0.02811
v -0.01988 -0.12779 0.34196
v -0.01988 -0.12779 0.34196
v -0.01988 -0.12779 0.34196
v -0.01988 -0.12779 0.34196
v -0.01988 -0.12779 0.34196
v -0.08941 -0.09474 -0.25823
v -0.08941 -0.09474 -0.25823
v -0.08941 -0.09474 -0.25823
v -0.08941 -0.09474 -0.25823
v -0.10261 -0.14976 0.34907
v -0.10261 -0.14976 0.34907
v -0.10261 -0.14976 0.34907
v -0.10261 -0.14976 0.34907
v -0.10261 -0.14976 0.34907
v -0.10261 -0.14976 0.34907
v -0.03473 -0.17247 0.42365
v -0.03473 -0.17247 0.42365
v -0.03473 -0.17247 0.42365
v -0.03473 -0.17247 0.42365
v -0.10123 -0.08268 -0.46646
v -0.10123 -0.08268 -0.46646
v -0.07186 0.10605 0.12173
v -0.07186 0.10605 0.12173
v -0.07186 0.10605 0.12173
v -0.07186 0.10605 0.12173
v -0.07186 0.10605 0.12173
v -0.09815 -0.11752 -0.33046
v -0.09815 -0.11752 -0.33046
v -0.09815 -0.11752 -0.33046
v -0.09815 -0.11752 -0.33046
v -0.09815 -0.11752 -0.33046
v -0.09815 -0.11752 -0.33046
v -0.09671 -0.11025 -0.46777
v -0.09671 -0.11025 -0.46777
v -0.09671 -0.11025 -0.46777
v -0.09671 -0.11025 -0.46777
v -0.09671 -0.11025 -0.46777
v -0.09671 -0.11025 -0.46777
v -0.09671 -0.11025 -0.46777
v -0.09629 -0.08774 0.26991
v -0.09629 -0.08774 0.26991
v -0.09629 -0.08774 0.26991
v -0.09629 -0.08774 0.26991
v -0.09629 -0.08774 0.26991
v -0.09629 -0.08774 0.26991
v -0.02584 -0.09657 0.28419
v -0.02584 -0.09657 0.28419
v -0.02584 -0.09657 0.28419
v -0.02584 -0.09657 0.28419
v -0.02584 -0.09657 0.28419
v -0.11230 0.10890 -0.01878
v -0.11230 0.10890 -0.01878
v -0.11230 0.10890 -0.01878
v -0.11230 0.10890 -0.01878
v -0.08404 0.00272 0.12383
v -0.08404 0.00272 0.12383
v -0.08404 0.00272 0.12383
v -0.08044 -0.08391 -0.48922
v -0.08044 -0.08391 -0.48922
v -0.08044 -0.08391 -0.48922
v -0.09261 -0.12206 -0.33495
v -0.09261 -0.12206 -0.33495
v -0.09261 -0.12206 -0.33495
v -0.09261 -0.12206 -0.33495
v -0.10855 0.10752 0.01105
v -0.10855 0.10752 0.01105
v -0.10855 0.10752 0.01105
v -0.10855 0.10752 0.01105
v -0.07699 -0.08845 -0.46909
v -0.07699 -0.08845 -0.46909
v -0.07699 -0.08845 -0.46909
v -0.07699 -0.08845 -0.46909
v -0.07699 -0.08845 -0.46909
v -0.08119 -0.08894 0.47359
v -0.08119 -0.08894 0.47359
v -0.08119 -0.08894 0.47359
v -0.08119 -0.08894 0.47359
v -0.08119 -0.08894 0.47359
v -0.08119 -0.08894 0.47359
v -0.08119 -0.08894 0.47359
v -0.08119 -0.08894 0.47359
v -0.09321 -0.08318 -0.33316
v -0.09321 -0.08318 -0.33316
v -0.09321 -0.08318 -0.33316
v -0.09321 -0.08318 -0.33316
v -0.06753 -0.14245 -0.35235
v -0.06753 -0.14245 -0.35235
v -0.06753 -0.14245 -0.35235
v -0.02261 -0.16654 0.31870
v -0.11035 0.10875 0.01060
v -0.11035 0.10875 0.01060
v -0.11035 0.10875 0.01060
v -0.11035 0.10875 0.01060
v -0.11035 0.10875 0.01060
v -0.09425 -0.08289 0.32297
v -0.09425 -0.08289 0.32297
v -0.09425 -0.08289 0.32297
v -0.09425 -0.08289 0.32297
v -0.09425 -0.08289 0.32297
v -0.09425 -0.08289 0.32297
v -0.01516 -0.16647 -0.27677
v -0.01516 -0.16647 -0.27677
v -0.01086 -0.12374 -0.33718
v -0.01086 -0.12374 -0.33718
v -0.08502 -0.09473 -0.31855
v -0.08502 -0.09473 -0.31855
v -0.08502 -0.09473 -0.31855
v -0.08502 -0.09473 -0.31855
v -0.08502 -0.09473 -0.31855
v -0.08502 -0.09473 -0.31855
v -0.08502 -0.09473 -0.31855
v -0.10123 -0.08266 0.47618
v -0.10123 -0.08266 0.47618
v -0.10123 -0.08266 0.47618
v -0.10123 -0.08266 0.47618
v -0.02871 -0.09659 -0.25053
v -0.02871 -0.09659 -0.25053
v -0.02871 -0.09659 -0.25053
v -0.02871 -0.09659 -0.25053
v 0.00383 -0.13237 0.30913
v 0.00383 -0.13237 0.30913
v 0.00383 -0.13237 0.30913
v 0.00383 -0.13237 0.30913
v 0.00383 -0.13237 0.30913
v -0.08080 -0.07444 -0.48897
v -0.08080 -0.07444 -0.48897
v -0.08080 -0.07444 -0.48897
v -0.08080 -0.07444 -0.48897
v -0.08080 -0.07444 -0.48897
v -0.08080 -0.07444 -0.48897
v -0.09634 -0.08516 -0.33040
v -0.09634 -0.08516 -0.33040
v -0.09634 -0.08516 -0.33040
v -0.09634 -0.08516 -0.33040
v -0.09634 -0.08516 -0.33040
v -0.11047 0.12882 0.00778
v -0.11047 0.12882 0.00778
v -0.07417 -0.11209 -0.27640
v -0.07417 -0.11209 -0.27640
v -0.07417 -0.11209 -0.27640
v -0.07417 -0.11209 -0.27640
v -0.07550 -0.08468 0.46236
v -0.07550 -0.08468 0.46236
v -0.07550 -0.08468 0.46236
v -0.07550 -0.08468 0.46236
v -0.07550 -0.08468 0.46236
v -0.09807 -0.07140 0.45871
v -0.09807 -0.07140 0.45871
v -0.09807 -0.07140 0.45871
v -0.09807 -0.07140 0.45871
v -0.09807 -0.07140 0.45871
v -0.00990 -0.12604 -0.25640
v -0.00990 -0.12604 -0.25640
v -0.00990 -0.12604 -0.25640
v -0.00990 -0.12604 -0.25640
v -0.09814 -0.11008 -0.42045
v -0.09814 -0.11008 -0.42045
v -0.09814 -0.11008 -0.42045
v -0.09814 -0.11008 -0.42045
v -0.09814 -0.11008 -0.42045
v -0.09814 -0.11008 -0.42045
v -0.09814 -0.11008 -0.42045
v -0.02539 -0.11027 0.24827
v -0.02539 -0.11027 0.24827
v -0.02539 -0.11027 0.24827
v -0.02539 -0.11027 0.24827
v -0.02539 -0.11027 0.24827
v -0.02539 -0.11027 0.24827
v -0.08746 -0.11136 -0.32012
v -0.08746 -0.11136 -0.32012
v -0.08746 -0.11136 -0.32012
v -0.08746 -0.11136 -0.32012
v -0.08746 -0.11136 -0.32012
v -0.07695 -0.10707 0.46273
v -0.07695 -0.10707 0.46273
v -0.07695 -0.10707 0.46273
v -0.07695 -0.10707 0.46273
v -0.07695 -0.10707 0.46273
v -0.03882 -0.12522 0.43944
v -0.03882 -0.12522 0.43944
v -0.03882 -0.12522 0.43944
v -0.07517 -0.09668 -0.28630
v -0.07517 -0.09668 -0.28630
v -0.07517 -0.09668 -0.28630
v -0.07865 -0.08455 -0.47886
v -0.07865 -0.08455 -0.47886
v -0.07865 -0.08455 -0.47886
v -0.02719 -0.09751 -0.31109
v -0.02719 -0.09751 -0.31109
v -0.02719 -0.09751 -0.31109
v -0.09365 -0.08097 0.48490
v -0.09365 -0.08097 0.48490
v -0.09365 -0.08097 0.48490
v -0.09365 -0.08097 0.48490
v -0.06004 -0.09454 0.27610
v -0.06004 -0.09454 0.27610
v -0.06004 -0.09454 0.27610
v -0.06004 -0.09454 0.27610
v -0.06004 -0.09454 0.27610
v -0.06004 -0.09454 0.27610
v -0.08090 0.00478 -0.12365
v -0.08090 0.00478 -0.12365
v -0.08090 0.00478 -0.12365
v -0.06104 -0.07463 -0.40110
v -0.06104 -0.07463 -0.40110
v -0.06104 -0.07463 -0.40110
v -0.06104 -0.07463 -0.40110
v -0.02572 -0.11038 -0.25071
v -0.02572 -0.11038 -0.25071
v -0.02572 -0.11038 -0.25071
v -0.02572 -0.11038 -0.25071
v -0.02572 -0.11038 -0.25071
v -0.07730 -0.07302 0.45966
v -0.07730 -0.07302 0.45966
v -0.07730 -0.07302 0.45966
v -0.07730 -0.07302 0.45966
v -0.07730 -0.07302 0.45966
v -0.07730 -0.07302 0.45966
v -0.00911 -0.14782 -0.29144
v -0.00911 -0.14782 -0.29144
v -0.00911 -0.14782 -0.29144
v -0.09329 -0.10843 -0.40967
v -0.09329 -0.10843 -0.40967
v -0.09329 -0.10843 -0.40967
v -0.09329 -0.10843 -0.40967
v -0.09329 -0.10843 -0.40967
v -0.09432 -0.11754 0.27109
v -0.09432 -0.11754 0.27109
v -0.09432 -0.11754 0.27109
v -0.09432 -0.11754 0.27109
v -0.09432 -0.11754 0.27109
v -0.09218 -0.08279 -0.26283
v -0.09218 -0.08279 -0.26283
v -0.09218 -0.08279 -0.26283
v -0.09218 -0.08279 -0.26283
v -0.09218 -0.08279 -0.26283
v -0.10971 0.07310 0.07000
v -0.10971 0.07310 0.07000
v -0.08902 0.07525 0.06861
v -0.08902 0.07525 0.06861
v -0.08902 0.07525 0.06861
v -0.08902 0.07525 0.06861
v -0.10689 0.07745 0.07231
v -0.10689 0.07745 0.07231
v -0.10689 0.07745 0.07231
v -0.10689 0.07745 0.07231
v -0.10689 0.07745 0.07231
v -0.10689 0.07745 0.07231
v -0.09252 -0.08729 -0.32479
v -0.09252 -0.08729 -0.32479
v -0.09252 -0.08729 -0.32479
v -0.09252 -0.08729 -0.32479
v -0.09252 -0.08729 -0.32479
v -0.09252 -0.08729 -0.32479
v -0.09037 0.01426 0.12223
v -0.09037 0.01426 0.12223
v -0.02946 -0.12818 -0.31411
v -0.02946 -0.12818 -0.31411
v -0.02946 -0.12818 -0.31411
v -0.02946 -0.12818 -0.31411
v -0.06579 -0.08398 0.40879
v -0.06579 -0.08398 0.40879
v -0.06579 -0.08398 0.40879
v -0.06579 -0.08398 0.40879
v -0.06579 -0.08398 0.40879
v -0.06579 -0.08398 0.40879
v -0.06579 -0.08398 0.40879
v -0.06579 -0.08398 0.40879
v -0.06579 -0.08398 0.40879
v -0.03466 -0.17860 0.45806
v -0.03466 -0.17860 0.45806
v -0.03466 -0.17860 0.45806
v -0.03466 -0.17860 0.45806
v -0.03466 -0.17860 0.45806
v -0.03466 -0.17860 0.45806
v -0.03304 -0.16942 -0.47113
v -0.03304 -0.16942 -0.47113
v -0.03304 -0.16942 -0.47113
v -0.03304 -0.16942 -0.47113
v -0.03304 -0.16942 -0.47113
v -0.08556 0.10026 -0.12856
v -0.08556 0.10026 -0.12856
v -0.08556 0.10026 -0.12856
v -0.08556 0.10026 -0.12856
v -0.08556 0.10026 -0.12856
v -0.09126 -0.10836 0.41895
v -0.09126 -0.10836 0.41895
v -0.09126 -0.10836 0.41895
v -0.09126 -0.10836 0.41895
v -0.09126 -0.10836 0.41895
v -0.09126 -0.10836 0.41895
v -0.09126 -0.10836 0.41895
v -0.03540 -0.14313 0.41853
v -0.03540 -0.14313 0.41853
v -0.03540 -0.14313 0.41853
v -0.02590 -0.09738 0.34485
v -0.02590 -0.09738 0.34485
v -0.02590 -0.09738 0.34485
v -0.02590 -0.09738 0.34485
v -0.02590 -0.09738 0.34485
v -0.03550 -0.18202 0.44138
v -0.03550 -0.18202 0.44138
v -0.09421 -0.08287 0.26264
v -0.09421 -0.08287 0.26264
v -0.09421 -0.08287 0.26264
v -0.09421 -0.08287 0.26264
v -0.09421 -0.08287 0.26264
v -0.09433 -0.08268 0.27189
v -0.09433 -0.08268 0.27189
v -0.09433 -0.08268 0.27189
v -0.09433 -0.08268 0.27189
v -0.01557 -0.12837 0.25000
v -0.01557 -0.12837 0.25000
v -0.01557 -0.12837 0.25000
v -0.09923 0.06840 0.07054
v -0.09923 0.06840 0.07054
v -0.09923 0.06840 0.07054
v -0.09923 0.06840 0.07054
v -0.09923 0.06840 0.07054
v -0.09923 0.06840 0.07054
v -0.09923 0.06840 0.07054
v -0.09923 0.06840 0.07054
v -0.09923 0.06840 0.07054
v -0.08518 -0.00685 0.12535
v -0.08518 -0.00685 0.12535
v -0.03374 -0.16233 0.41830
v -0.03374 -0.16233 0.41830
v -0.03374 -0.16233 0.41830
v -0.09670 -0.11883 0.32673
v -0.09670 -0.11883 0.32673
v -0.09670 -0.11883 0.32673
v -0.09670 -0.11883 0.32673
v -0.09670 -0.11883 0.32673
v -0.09670 -0.11883 0.32673
v -0.09250 -0.11047 0.40712
v -0.09250 -0.11047 0.40712
v -0.09250 -0.11047 0.40712
v -0.09250 -0.11047 0.40712
v -0.09250 -0.11047 0.40712
v -0.09250 -0.11047 0.40712
v -0.03644 -0.17431 -0.42836
v -0.03644 -0.17431 -0.42836
v -0.03644 -0.17431 -0.42836
v -0.03644 -0.17431 -0.42836
v -0.03644 -0.17431 -0.42836
v -0.01308 -0.16414 0.25337
v -0.01308 -0.16414 0.25337
v -0.01308 -0.16414 0.25337
v -0.01308 -0.16414 0.25337
v -0.08608 -0.01307 0.12348
v -0.08608 -0.01307 0.12348
v -0.08608 -0.01307 0.12348
v -0.08126 -0.07257 0.47240
v -0.08126 -0.07257 0.47240
v -0.08126 -0.07257 0.47240
v -0.08126 -0.07257 0.47240
v -0.01166 -0.13485 -0.24848
v -0.01166 -0.13485 -0.24848
v -0.01166 -0.13485 -0.24848
v -0.01166 -0.13485 -0.24848
v -0.00384 -0.14810 -0.30791
v -0.00384 -0.14810 -0.30791
v -0.08555 -0.11196 0.31846
v -0.08555 -0.11196 0.31846
v -0.08555 -0.11196 0.31846
v -0.08555 -0.11196 0.31846
v -0.08555 -0.11196 0.31846
v -0.06701 -0.08525 -0.33299
v -0.06701 -0.08525 -0.33299
v -0.06701 -0.08525 -0.33299
v -0.06701 -0.08525 -0.33299
v -0.06701 -0.08525 -0.33299
v -0.06701 -0.08525 -0.33299
v -0.06701 -0.08525 -0.33299
v -0.09693 -0.11868 0.26623
v -0.09693 -0.11868 0.26623
v -0.09695 -0.11852 -0.32651
v -0.09695 -0.11852 -0.32651
v -0.09695 -0.11852 -0.32651
v -0.09892 -0.11780 0.45961
v -0.09892 -0.11780 0.45961
v -0.09892 -0.11780 0.45961
v -0.09892 -0.11780 0.45961
v -0.09885 -0.11368 0.47777
v -0.09885 -0.11368 0.47777
v -0.09885 -0.11368 0.47777
v -0.09798 -0.11217 0.45852
v -0.09798 -0.11217 0.45852
v -0.09798 -0.11217 0.45852
v -0.09798 -0.11217 0.45852
v -0.08288 -0.11367 0.33390
v -0.08288 -0.11367 0.33390
v -0.08288 -0.11367 0.33390
v -0.08288 -0.11367 0.33390
v -0.08288 -0.11367 0.33390
v -0.08288 -0.11367 0.33390
v -0.08288 -0.11367 0.33390
v -0.07176 -0.08459 0.31958
v -0.07176 -0.08459 0.31958
v -0.07176 -0.08459 0.31958
v -0.07176 -0.08459 0.31958
v -0.09859 -0.11668 0.42679
v -0.09859 -0.11668 0.42679
v -0.09859 -0.11668 0.42679
v -0.09670 -0.11286 0.42862
v -0.09670 -0.11286 0.42862
v -0.09670 -0.11286 0.42862
v -0.09670 -0.11286 0.42862
v -0.09670 -0.11286 0.42862
v -0.09887 -0.11675 0.40451
v -0.09887 -0.11675 0.40451
v -0.09887 -0.11675 0.40451
v -0.09887 -0.11675 0.40451
v -0.09887 -0.11675 0.40451
v -0.01651 -0.08578 0.20326
v -0.01651 -0.08578 0.20326
v -0.01651 -0.08578 0.20326
v -0.01651 -0.08578 0.20326
v -0.09860 -0.11340 -0.43040
v -0.09860 -0.11340 -0.43040
v -0.09860 -0.11340 -0.43040
v -0.09860 -0.11340 -0.43040
v -0.09723 -0.11808 -0.43042
v -0.09723 -0.11808 -0.43042
v -0.09723 -0.11808 -0.43042
v -0.09875 -0.11588 -0.40700
v -0.09875 -0.11588 -0.40700
v -0.09875 -0.11588 -0.40700
v -0.09875 -0.11588 -0.40700
v -0.09875 -0.11588 -0.40700
v -0.09860 -0.11168 -0.48144
v -0.09860 -0.11168 -0.48144
v -0.09860 -0.11168 -0.48144
v -0.09860 -0.11168 -0.48144
v -0.09854 -0.11652 -0.48151
v -0.09854 -0.11652 -0.48151
v -0.09854 -0.11652 -0.48151
v -0.09875 -0.11691 -0.46255
v -0.09875 -0.11691 -0.46255
v -0.09875 -0.11691 -0.46255
v -0.09875 -0.11691 -0.46255
v -0.09875 -0.11691 -0.46255
v -0.09876 -0.11328 -0.46263
v -0.09876 -0.11328 -0.46263
v -0.09876 -0.11328 -0.46263
v -0.09876 -0.11328 -0.46263
v -0.09876 -0.11328 -0.46263
v -0.09725 -0.11808 0.47795
v -0.09725 -0.11808 0.47795
v -0.09725 -0.11808 0.47795
v -0.09725 -0.11808 0.47795
v -0.09405 -0.11795 0.42509
v -0.09405 -0.11795 0.42509
v -0.09405 -0.11795 0.42509
v -0.09405 -0.11795 0.42509
v -0.09405 -0.11795 0.42509
v -0.07558 -0.09502 -0.46796
v -0.07558 -0.09502 -0.46796
v -0.07558 -0.09502 -0.46796
v -0.07558 -0.09502 -0.46796
v -0.07558 -0.09502 -0.46796
v -0.00203 -0.16399 -0.31803
v -0.00203 -0.16399 -0.31803
v -0.00203 -0.16399 -0.31803
v -0.09779 -0.11243 -0.47095
v -0.09779 -0.11243 -0.47095
v -0.09410 -0.11355 0.45748
v -0.09410 -0.11355 0.45748
v -0.09410 -0.11355 0.45748
v -0.09383 -0.11675 0.45742
v -0.09383 -0.11675 0.45742
v -0.09383 -0.11675 0.45742
v -0.09383 -0.11675 0.45742
v -0.09383 -0.11675 0.45742
v -0.09383 -0.11675 0.45742
v -0.09006 -0.07040 0.46167
v -0.09006 -0.07040 0.46167
v -0.09922 0.08471 0.07762
v -0.09922 0.08471 0.07762
v -0.09922 0.08471 0.07762
v -0.08373 0.08455 0.07311
v -0.08373 0.08455 0.07311
v -0.08373 0.08455 0.07311
v -0.08373 0.08455 0.07311
v -0.08373 0.08455 0.07311
v -0.08373 0.08455 0.07311
v -0.08373 0.08455 0.07311
v -0.09485 0.06759 0.06745
v -0.09485 0.06759 0.06745
v -0.09485 0.06759 0.06745
v -0.09485 0.06759 0.06745
v -0.09657 -0.11242 0.42048
v -0.09657 -0.11242 0.42048
v -0.09657 -0.11242 0.42048
v -0.09657 -0.11242 0.42048
v -0.09657 -0.11242 0.42048
v -0.08219 -0.08350 0.47738
v -0.08219 -0.08350 0.47738
v -0.08219 -0.08350 0.47738
v -0.08219 -0.08350 0.47738
v -0.09396 -0.11818 0.40610
v -0.09396 -0.11818 0.40610
v -0.09396 -0.11818 0.40610
v -0.09396 -0.11818 0.40610
v -0.09397 -0.11812 -0.48137
v -0.09397 -0.11812 -0.48137
v -0.09397 -0.11812 -0.48137
v -0.09397 -0.11812 -0.48137
v -0.09386 -0.11343 -0.46270
v -0.09386 -0.11343 -0.46270
v -0.09386 -0.11343 -0.46270
v -0.09386 -0.11343 -0.46270
v -0.00868 -0.15531 -0.24863
v -0.00868 -0.15531 -0.24863
v -0.00868 -0.15531 -0.24863
v -0.09395 -0.11146 0.47780
v -0.09395 -0.11146 0.47780
v -0.09395 -0.11146 0.47780
v -0.01818 -0.15387 0.24521
v -0.01818 -0.15387 0.24521
v -0.01818 -0.15387 0.24521
v -0.01818 -0.15387 0.24521
v -0.09381 -0.11812 0.47780
v -0.09381 -0.11812 0.47780
v -0.09381 -0.11812 0.47780
v -0.09263 -0.11706 -0.40791
v -0.09263 -0.11706 -0.40791
v -0.09263 -0.11706 -0.40791
v -0.09263 -0.11706 -0.40791
v -0.09263 -0.11706 -0.40791
v -0.07294 -0.10494 -0.42284
v -0.07294 -0.10494 -0.42284
v -0.07294 -0.10494 -0.42284
v -0.07294 -0.10494 -0.42284
v -0.03525 -0.18219 -0.44956
v -0.03525 -0.18219 -0.44956
v -0.08539 -0.09452 -0.33877
v -0.08539 -0.09452 -0.33877
v -0.08539 -0.09452 -0.33877
v -0.08539 -0.09452 -0.33877
v -0.08539 -0.09452 -0.33877
v -0.08315 -0.11585 -0.27315
v -0.08315 -0.11585 -0.27315
v -0.08315 -0.11585 -0.27315
v -0.08315 -0.11585 -0.27315
v -0.08315 -0.11585 -0.27315
v -0.08315 -0.11585 -0.27315
v -0.09145 -0.10985 -0.47859
v -0.09145 -0.10985 -0.47859
v -0.09145 -0.10985 -0.47859
v -0.09145 -0.10985 -0.47859
v -0.09145 -0.10985 -0.47859
v -0.09145 -0.10985 -0.47859
v -0.09145 -0.10985 -0.47859
v -0.09145 -0.10985 -0.47859
v -0.08052 -0.11625 0.26468
v -0.08052 -0.11625 0.26468
v -0.08052 -0.11625 0.26468
v -0.08052 -0.11625 0.26468
v -0.08052 -0.11625 0.26468
v -0.08052 -0.11625 0.26468
v -0.09423 -0.11360 0.42866
v -0.09423 -0.11360 0.42866
v -0.09423 -0.11360 0.42866
v -0.09423 -0.11360 0.42866
v -0.09423 -0.11360 0.42866
v -0.09400 -0.11849 -0.46243
v -0.09400 -0.11849 -0.46243
v -0.09400 -0.11849 -0.46243
v -0.09279 -0.11610 -0.42979
v -0.09279 -0.11610 -0.42979
v -0.09279 -0.11610 -0.42979
v -0.09279 -0.11610 -0.42979
v -0.08145 -0.12034 0.32346
v -0.08145 -0.12034 0.32346
v -0.08145 -0.12034 0.32346
v -0.08145 -0.12034 0.32346
v -0.08145 -0.12034 0.32346
v -0.00767 0.09857 0.12555
v -0.00767 0.09857 0.12555
v -0.00767 0.09857 0.12555
v -0.00767 0.09857 0.12555
v -0.00767 0.09857 0.12555
v -0.00767 0.09857 0.12555
v -0.09297 -0.11035 -0.46767
v -0.09297 -0.11035 -0.46767
v -0.09297 -0.11035 -0.46767
v -0.09297 -0.11035 -0.46767
v -0.09297 -0.11035 -0.46767
v -0.09313 -0.11030 0.46374
v -0.09313 -0.11030 0.46374
v -0.09313 -0.11030 0.46374
v -0.09313 -0.11030 0.46374
v -0.09313 -0.11030 0.46374
v -0.09415 -0.11187 -0.43057
v -0.09415 -0.11187 -0.43057
v -0.09415 -0.11187 -0.43057
v -0.09415 -0.11187 -0.43057
v -0.09044 -0.08716 0.32160
v -0.09044 -0.08716 0.32160
v -0.09044 -0.08716 0.32160
v -0.09044 -0.08716 0.32160
v -0.09044 -0.08716 0.32160
v -0.07717 -0.08501 0.41818
v -0.07717 -0.08501 0.41818
v -0.07717 -0.08501 0.41818
v -0.07717 -0.08501 0.41818
v -0.07717 -0.08501 0.41818
v -0.07717 -0.08501 0.41818
v -0.07717 -0.08501 0.41818
v -0.07717 -0.08501 0.41818
v -0.09406 -0.08277 -0.26476
v -0.09406 -0.08277 -0.26476
v -0.09324 -0.11185 -0.42431
v -0.09324 -0.11185 -0.42431
v -0.09324 -0.11185 -0.42431
v -0.09324 -0.11185 -0.42431
v -0.02578 -0.09704 0.24825
v -0.02578 -0.09704 0.24825
v -0.02578 -0.09704 0.24825
v -0.03336 -0.17833 -0.46158
v -0.03336 -0.17833 -0.46158
v -0.03336 -0.17833 -0.46158
v -0.08136 -0.11600 0.32333
v -0.08136 -0.11600 0.32333
v -0.08136 -0.11600 0.32333
v -0.08136 -0.11600 0.32333
v -0.08136 -0.11600 0.32333
v -0.08292 -0.11954 0.26255
v -0.08292 -0.11954 0.26255
v -0.08292 -0.11954 0.26255
v -0.08292 -0.11954 0.26255
v -0.08292 -0.11954 0.26255
v -0.09262 -0.11104 0.41646
v -0.09262 -0.11104 0.41646
v -0.09262 -0.11104 0.41646
v -0.09262 -0.11104 0.41646
v -0.09262 -0.11104 0.41646
v -0.00037 -0.13697 -0.30937
v -0.00037 -0.13697 -0.30937
v -0.00037 -0.13697 -0.30937
v -0.09128 -0.10990 0.47445
v -0.09128 -0.10990 0.47445
v -0.09128 -0.10990 0.47445
v -0.09128 -0.10990 0.47445
v -0.09128 -0.10990 0.47445
v -0.09128 -0.10990 0.47445
v -0.07921 -0.09260 0.41808
v -0.07921 -0.09260 0.41808
v -0.07921 -0.09260 0.41808
v -0.07921 -0.09260 0.41808
v -0.07921 -0.09260 0.41808
v -0.09084 -0.10890 0.46430
v -0.09084 -0.10890 0.46430
v -0.09084 -0.10890 0.46430
v -0.09133 -0.10986 -0.41176
v -0.09133 -0.10986 -0.41176
v -0.09133 -0.10986 -0.41176
v -0.09133 -0.10986 -0.41176
v -0.02038 -0.11127 -0.33959
v -0.02038 -0.11127 -0.33959
v -0.02038 -0.11127 -0.33959
v -0.02038 -0.11127 -0.33959
v -0.02038 -0.11127 -0.33959
v -0.02038 -0.11127 -0.33959
v -0.02038 -0.11127 -0.33959
v -0.06294 -0.08894 -0.32658
v -0.06294 -0.08894 -0.32658
v -0.06294 -0.08894 -0.32658
v -0.07655 -0.08768 -0.32576
v -0.07655 -0.08768 -0.32576
v -0.07655 -0.08768 -0.32576
v -0.07655 -0.08768 -0.32576
v -0.07909 -0.12074 -0.33206
v -0.07909 -0.12074 -0.33206
v -0.07909 -0.12074 -0.33206
v -0.07909 -0.12074 -0.33206
v -0.07909 -0.12074 -0.33206
v -0.07909 -0.12074 -0.33206
v -0.01371 -0.16777 -0.26648
v -0.01371 -0.16777 -0.26648
v -0.07534 -0.09509 -0.42136
v -0.07534 -0.09509 -0.42136
v -0.07534 -0.09509 -0.42136
v -0.07534 -0.09509 -0.42136
v -0.07534 -0.09509 -0.42136
v -0.07534 -0.09509 -0.42136
v -0.08133 -0.12232 0.27153
v -0.08133 -0.12232 0.27153
v -0.08133 -0.12232 0.27153
v -0.08133 -0.12232 0.27153
v -0.08310 -0.11996 0.33154
v -0.08310 -0.11996 0.33154
v -0.08310 -0.11996 0.33154
v -0.03385 -0.13549 -0.46930
v -0.03385 -0.13549 -0.46930
v -0.03385 -0.13549 -0.46930
v -0.03385 -0.13549 -0.46930
v -0.03385 -0.13549 -0.46930
v -0.07744 -0.08987 0.33198
v -0.07744 -0.08987 0.33198
v -0.07744 -0.08987 0.33198
v -0.08828 -0.11440 -0.32310
v -0.08828 -0.11440 -0.32310
v -0.01997 -0.15167 0.30510
v -0.01997 -0.15167 0.30510
v -0.01997 -0.15167 0.30510
v -0.02364 -0.11076 -0.28599
v -0.02364 -0.11076 -0.28599
v -0.02364 -0.11076 -0.28599
v -0.02364 -0.11076 -0.28599
v -0.02364 -0.11076 -0.28599
v -0.02364 -0.11076 -0.28599
v -0.07581 -0.08450 -0.46568
v -0.07581 -0.08450 -0.46568
v -0.07581 -0.08450 -0.46568
v -0.07581 -0.08450 -0.46568
v -0.06690 -0.10299 0.40815
v -0.06690 -0.10299 0.40815
v -0.06690 -0.10299 0.40815
v -0.06690 -0.10299 0.40815
v -0.06690 -0.10299 0.40815
v -0.08068 -0.11448 -0.33377
v -0.08068 -0.11448 -0.33377
v -0.08068 -0.11448 -0.33377
v -0.08068 -0.11448 -0.33377
v -0.08068 -0.11448 -0.33377
v -0.08068 -0.11448 -0.33377
v -0.07720 -0.08462 0.33236
v -0.07720 -0.08462 0.33236
v -0.07720 -0.08462 0.33236
v -0.07720 -0.08462 0.33236
v -0.06293 -0.08540 -0.27028
v -0.06293 -0.08540 -0.27028
v -0.06293 -0.08540 -0.27028
v -0.06293 -0.08540 -0.27028
v -0.06293 -0.08540 -0.27028
v -0.06293 -0.08540 -0.27028
v -0.06293 -0.08540 -0.27028
v -0.06293 -0.08540 -0.27028
v -0.06293 -0.08540 -0.27028
v -0.08124 -0.11572 0.27058
v -0.08124 -0.11572 0.27058
v -0.08124 -0.11572 0.27058
v -0.08124 -0.11572 0.27058
v -0.08124 -0.11572 0.27058
v -0.08124 -0.11572 0.27058
v -0.08124 -0.11572 0.27058
v -0.08303 -0.11591 -0.26380
v -0.08303 -0.11591 -0.26380
v -0.08303 -0.11591 -0.26380
v -0.08303 -0.11591 -0.26380
v -0.08303 -0.11591 -0.26380
v -0.08303 -0.11591 -0.26380
v -0.00957 -0.14089 0.34913
v -0.00957 -0.14089 0.34913
v -0.00957 -0.14089 0.34913
v -0.00957 -0.14089 0.34913
v -0.02575 -0.10930 -0.31117
v -0.02575 -0.10930 -0.31117
v -0.02575 -0.10930 -0.31117
v -0.08476 -0.08255 0.48637
v -0.08476 -0.08255 0.48637
v -0.08476 -0.08255 0.48637
v -0.08476 -0.08255 0.48637
v -0.07356 -0.09270 0.46406
v -0.07356 -0.09270 0.46406
v -0.07356 -0.09270 0.46406
v -0.07356 -0.09270 0.46406
v -0.06730 -0.07441 0.41576
v -0.06730 -0.07441 0.41576
v -0.06730 -0.07441 0.41576
v -0.04585 -0.07474 0.32765
v -0.04585 -0.07474 0.32765
v -0.04585 -0.07474 0.32765
v -0.07912 -0.08716 -0.33395
v -0.07912 -0.08716 -0.33395
v -0.07131 -0.06647 0.46281
v -0.07131 -0.06647 0.46281
v -0.07131 -0.06647 0.46281
v -0.07131 -0.06647 0.46281
v -0.07131 -0.06647 0.46281
v -0.07131 -0.06647 0.46281
v -0.07792 -0.08602 0.26921
v -0.07792 -0.08602 0.26921
v -0.07792 -0.08602 0.26921
v -0.07792 -0.08602 0.26921
v -0.07792 -0.08602 0.26921
v -0.07513 -0.08424 -0.32508
v -0.07513 -0.08424 -0.32508
v -0.07513 -0.08424 -0.32508
v -0.07513 -0.08424 -0.32508
v -0.08090 -0.08526 0.32157
v -0.08090 -0.08526 0.32157
v -0.08090 -0.08526 0.32157
v -0.08090 -0.08526 0.32157
v -0.08055 -0.08611 -0.27235
v -0.08055 -0.08611 -0.27235
v -0.08055 -0.08611 -0.27235
v -0.08131 -0.11779 -0.33188
v -0.08131 -0.11779 -0.33188
v -0.08131 -0.11779 -0.33188
v -0.07856 -0.08641 0.26273
v -0.07856 -0.08641 0.26273
v -0.07856 -0.08641 0.26273
v -0.07856 -0.08641 0.26273
v -0.02456 -0.09528 -0.25698
v -0.02456 -0.09528 -0.25698
v -0.02456 -0.09528 -0.25698
v -0.02456 -0.09528 -0.25698
v -0.07541 -0.09477 -0.47768
v -0.07541 -0.09477 -0.47768
v -0.07541 -0.09477 -0.47768
v -0.07541 -0.09477 -0.47768
v -0.07541 -0.09477 -0.47768
v -0.08520 0.08989 -0.08401
v -0.08520 0.08989 -0.08401
v -0.08520 0.08989 -0.08401
v -0.07851 0.09056 -0.08117
v -0.07851 0.09056 -0.08117
v -0.07851 0.09056 -0.08117
v -0.07851 0.09056 -0.08117
v -0.07851 0.09056 -0.08117
v -0.07851 0.09056 -0.08117
v -0.07851 0.09056 -0.08117
v -0.07851 0.09056 -0.08117
v -0.07851 0.09056 -0.08117
v -0.08991 0.08777 -0.08176
v -0.08991 0.08777 -0.08176
v -0.08991 0.08777 -0.08176
v -0.08991 0.08777 -0.08176
v -0.08991 0.08777 -0.08176
v -0.08427 0.08696 0.08100
v -0.08427 0.08696 0.08100
v -0.08427 0.08696 0.08100
v -0.08427 0.08696 0.08100
v -0.08427 0.08696 0.08100
v -0.08427 0.08696 0.08100
v -0.08427 0.08696 0.08100
v -0.07516 0.08451 -0.08131
v -0.07516 0.08451 -0.08131
v -0.07516 0.08451 -0.08131
v -0.07516 0.08451 -0.08131
v -0.07516 0.08451 -0.08131
v -0.07156 0.08875 -0.08534
v -0.07156 0.08875 -0.08534
v -0.07156 0.08875 -0.08534
v -0.07156 0.08875 -0.08534
v -0.02047 -0.11110 0.31673
v -0.02047 -0.11110 0.31673
v -0.02047 -0.11110 0.31673
v -0.02047 -0.11110 0.31673
v -0.02047 -0.11110 0.31673
v -0.02047 -0.11110 0.31673
v -0.02047 -0.11110 0.31673
v 0.01386 0.02644 0.14207
v 0.01386 0.02644 0.14207
v 0.01386 0.02644 0.14207
v -0.06752 -0.10024 -0.41077
v -0.06752 -0.10024 -0.41077
v -0.06752 -0.10024 -0.41077
v -0.07984 -0.10916 0.40985
v -0.07984 -0.10916 0.40985
v -0.07984 -0.10916 0.40985
v -0.07984 -0.10916 0.40985
v -0.07711 -0.10824 0.41765
v -0.07711 -0.10824 0.41765
v -0.01057 -0.16233 -0.34497
v -0.01057 -0.16233 -0.34497
v -0.01057 -0.16233 -0.34497
v -0.01057 -0.16233 -0.34497
v -0.01057 -0.16233 -0.34497
v -0.06922 -0.08372 -0.43906
v -0.06922 -0.08372 -0.43906
v -0.06922 -0.08372 -0.43906
v -0.06922 -0.08372 -0.43906
v -0.06922 -0.08372 -0.43906
v -0.07513 -0.08500 -0.42037
v -0.07513 -0.08500 -0.42037
v -0.07513 -0.08500 -0.42037
v -0.07513 -0.08500 -0.42037
v -0.08390 0.04971 0.07099
v -0.08390 0.04971 0.07099
v -0.08390 0.04971 0.07099
v -0.08070 0.04295 0.07262
v -0.08070 0.04295 0.07262
v -0.08070 0.04295 0.07262
v -0.08070 0.04295 0.07262
v -0.08070 0.04295 0.07262
v -0.08070 0.04295 0.07262
v -0.08985 0.04729 0.06982
v -0.08985 0.04729 0.06982
v -0.08985 0.04729 0.06982
v -0.08399 0.08936 0.07980
v -0.08399 0.08936 0.07980
v -0.08399 0.08936 0.07980
v -0.07691 -0.12187 0.33011
v -0.07691 -0.12187 0.33011
v -0.07691 -0.12187 0.33011
v -0.07691 -0.12187 0.33011
v -0.07570 0.06108 0.06855
v -0.07570 0.06108 0.06855
v -0.07570 0.06108 0.06855
v -0.07570 0.06108 0.06855
v -0.08091 -0.08471 -0.26381
v -0.08091 -0.08471 -0.26381
v -0.08091 -0.08471 -0.26381
v -0.07712 -0.10824 -0.47625
v -0.07712 -0.10824 -0.47625
v -0.07712 -0.10824 -0.47625
v -0.07256 -0.10663 -0.41072
v -0.07256 -0.10663 -0.41072
v -0.06843 -0.10592 -0.41945
v -0.06843 -0.10592 -0.41945
v -0.06843 -0.10592 -0.41945
v -0.06843 -0.10592 -0.41945
v -0.06843 -0.10592 -0.41945
v -0.03610 -0.16400 0.47116
v -0.01843 -0.16783 -0.32705
v -0.01843 -0.16783 -0.32705
v -0.07220 -0.06636 0.47023
v -0.07220 -0.06636 0.47023
v -0.07220 -0.06636 0.47023
v -0.07220 -0.06636 0.47023
v -0.07896 -0.11772 -0.32885
v -0.07896 -0.11772 -0.32885
v -0.07896 -0.11772 -0.32885
v -0.07896 -0.11772 -0.32885
v -0.07896 -0.11772 -0.32885
v -0.07896 -0.11772 -0.32885
v -0.07896 -0.11772 -0.32885
v -0.02579 -0.09755 0.30865
v -0.02579 -0.09755 0.30865
v -0.02579 -0.09755 0.30865
v -0.02579 -0.09755 0.30865
v -0.02579 -0.09755 0.30865
v 0.00543 -0.13056 -0.28484
v 0.00543 -0.13056 -0.28484
v 0.00543 -0.13056 -0.28484
v 0.00543 -0.13056 -0.28484
v 0.00543 -0.13056 -0.28484
v -0.07841 0.04230 0.06897
v -0.07841 0.04230 0.06897
v -0.07841 0.04230 0.06897
v -0.07841 0.04230 0.06897
v -0.07841 0.04230 0.06897
v 0.00564 -0.16638 0.26191
v 0.00564 -0.16638 0.26191
v 0.00564 -0.16638 0.26191
v 0.00564 -0.16638 0.26191
v -0.08262 -0.11873 -0.27094
v -0.08262 -0.11873 -0.27094
v -0.08262 -0.11873 -0.27094
v -0.06265 -0.08484 0.27118
v -0.06265 -0.08484 0.27118
v -0.06265 -0.08484 0.27118
v -0.06265 -0.08484 0.27118
v -0.06265 -0.08484 0.27118
v -0.00862 -0.12966 -0.34635
v -0.00862 -0.12966 -0.34635
v -0.00862 -0.12966 -0.34635
v -0.00862 -0.12966 -0.34635
v -0.00862 -0.12966 -0.34635
v -0.00026 -0.19798 -0.07907
v -0.00026 -0.19798 -0.07907
v -0.00026 -0.19798 -0.07907
v -0.07925 -0.12088 0.26402
v -0.07925 -0.12088 0.26402
v -0.07925 -0.12088 0.26402
v -0.07925 -0.12088 0.26402
v -0.07925 -0.12088 0.26402
v -0.07925 -0.12088 0.26402
v -0.00690 -0.14828 0.28837
v -0.00690 -0.14828 0.28837
v -0.05363 -0.08488 0.26314
v -0.05363 -0.08488 0.26314
v -0.05363 -0.08488 0.26314
v -0.05363 -0.08488 0.26314
v -0.05363 -0.08488 0.26314
v -0.03217 -0.18065 -0.44339
v -0.03217 -0.18065 -0.44339
v -0.00459 -0.16667 0.33336
v -0.00459 -0.16667 0.33336
v -0.00459 -0.16667 0.33336
v -0.00459 -0.16667 0.33336
v -0.07473 -0.08610 0.32675
v -0.07473 -0.08610 0.32675
v -0.07473 -0.08610 0.32675
v -0.07473 -0.08610 0.32675
v -0.07473 -0.08610 0.32675
v -0.07473 -0.08610 0.32675
v -0.07328 0.08495 -0.07684
v -0.07328 0.08495 -0.07684
v -0.07328 0.08495 -0.07684
v -0.07328 0.08495 -0.07684
v -0.07871 0.08499 -0.07944
v -0.07871 0.08499 -0.07944
v -0.07871 0.08499 -0.07944
v -0.07871 0.08499 -0.07944
v -0.02697 -0.10829 0.30803
v -0.02697 -0.10829 0.30803
v -0.02697 -0.10829 0.30803
v -0.02697 -0.10829 0.30803
v -0.01347 -0.16248 0.34180
v -0.01347 -0.16248 0.34180
v -0.01347 -0.16248 0.34180
v -0.02630 -0.09862 -0.34800
v -0.02630 -0.09862 -0.34800
v -0.02630 -0.09862 -0.34800
v -0.02630 -0.09862 -0.34800
v -0.02630 -0.09862 -0.34800
v -0.06146 -0.08399 -0.26257
v -0.06146 -0.08399 -0.26257
v -0.06146 -0.08399 -0.26257
v -0.06146 -0.08399 -0.26257
v -0.06146 -0.08399 -0.26257
v -0.06146 -0.08399 -0.26257
v -0.05366 -0.08518 0.33258
v -0.05366 -0.08518 0.33258
v -0.06672 0.01194 0.11978
v -0.06672 0.01194 0.11978
v -0.06672 0.01194 0.11978
v -0.06672 0.01194 0.11978
v -0.06672 0.01194 0.11978
v -0.06672 0.01194 0.11978
v -0.06916 -0.10445 0.47338
v -0.06916 -0.10445 0.47338
v -0.06916 -0.10445 0.47338
v -0.06916 -0.10445 0.47338
v -0.07219 0.05201 0.06933
v -0.07219 0.05201 0.06933
v -0.07219 0.05201 0.06933
v -0.07219 0.05201 0.06933
v -0.07219 0.05201 0.06933
v -0.07219 0.05201 0.06933
v -0.02438 -0.10991 0.28387
v -0.02438 -0.10991 0.28387
v -0.02438 -0.10991 0.28387
v -0.02438 -0.10991 0.28387
v -0.02438 -0.10991 0.28387
v -0.07794 -0.08648 -0.26578
v -0.07794 -0.08648 -0.26578
v -0.07794 -0.08648 -0.26578
v -0.06666 -0.09963 -0.47761
v -0.06666 -0.09963 -0.47761
v -0.06666 -0.09963 -0.47761
v -0.06666 -0.09963 -0.47761
v -0.06878 -0.09983 0.47381
v -0.06878 -0.09983 0.47381
v -0.06878 -0.09983 0.47381
v 0.04347 -0.04714 0.10900
v -0.07387 -0.09468 0.47098
v -0.07387 -0.09468 0.47098
v -0.07387 -0.09468 0.47098
v -0.07387 -0.09468 0.47098
v -0.07387 -0.09468 0.47098
v -0.07387 -0.09468 0.47098
v -0.07557 -0.08369 0.44979
v -0.07557 -0.08369 0.44979
v -0.07557 -0.08369 0.44979
v -0.07557 -0.08369 0.44979
v -0.07557 -0.08369 0.44979
v -0.07560 0.07851 -0.07638
v -0.07560 0.07851 -0.07638
v -0.07560 0.07851 -0.07638
v -0.05929 0.09003 0.08383
v -0.05929 0.09003 0.08383
v -0.05929 0.09003 0.08383
v -0.05929 0.09003 0.08383
v -0.04956 -0.09465 0.33776
v -0.04956 -0.09465 0.33776
v -0.04956 -0.09465 0.33776
v -0.04956 -0.09465 0.33776
v -0.04956 -0.09465 0.33776
v -0.04956 -0.09465 0.33776
v -0.06875 -0.10464 0.46467
v -0.06875 -0.10464 0.46467
v -0.06875 -0.10464 0.46467
v -0.06875 -0.10464 0.46467
v -0.06676 -0.10007 -0.46727
v -0.06676 -0.10007 -0.46727
v -0.06676 -0.10007 -0.46727
v -0.06676 -0.10007 -0.46727
v -0.06676 -0.10007 -0.46727
v -0.01465 -0.15516 -0.30947
v -0.06674 -0.10328 -0.46723
v -0.06674 -0.10328 -0.46723
v -0.06674 -0.10328 -0.46723
v -0.06639 -0.08526 -0.32729
v -0.06639 -0.08526 -0.32729
v -0.06639 -0.08526 -0.32729
v -0.06639 -0.08526 -0.32729
v -0.06639 -0.08526 -0.32729
v -0.07303 -0.08638 -0.32883
v -0.07303 -0.08638 -0.32883
v -0.07303 -0.08638 -0.32883
v -0.06541 0.07711 -0.07283
v -0.06541 0.07711 -0.07283
v -0.06541 0.07711 -0.07283
v -0.06541 0.07711 -0.07283
v -0.06541 0.07711 -0.07283
v -0.06541 0.07711 -0.07283
v -0.06582 0.07458 -0.07478
v -0.06582 0.07458 -0.07478
v -0.06582 0.07458 -0.07478
v -0.06582 0.07458 -0.07478
v -0.06100 0.03785 0.07215
v -0.06100 0.03785 0.07215
v -0.06100 0.03785 0.07215
v -0.06100 0.03785 0.07215
v -0.04205 0.09097 0.08040
v -0.05960 -0.08928 0.33025
v -0.05960 -0.08928 0.33025
v -0.05960 -0.08928 0.33025
v -0.05960 -0.08928 0.33025
v -0.05960 -0.08928 0.33025
v -0.06531 -0.10288 -0.41236
v -0.06531 -0.10288 -0.41236
v -0.06531 -0.10288 -0.41236
v -0.06531 -0.10288 -0.41236
v -0.06695 -0.09854 -0.41205
v -0.06695 -0.09854 -0.41205
v -0.06695 -0.09854 -0.41205
v -0.06695 -0.09854 -0.41205
v -0.06695 -0.09854 -0.41205
v -0.06543 -0.10124 0.40987
v -0.06543 -0.10124 0.40987
v -0.06543 -0.10124 0.40987
v 0.00766 0.01816 -0.13344
v 0.00766 0.01816 -0.13344
v -0.02053 -0.11470 0.26727
v -0.02053 -0.11470 0.26727
v -0.02053 -0.11470 0.26727
v -0.02053 -0.11470 0.26727
v -0.02053 -0.11470 0.26727
v -0.03087 0.10431 -0.12642
v -0.03087 0.10431 -0.12642
v -0.03087 0.10431 -0.12642
v -0.03087 0.10431 -0.12642
v -0.06681 -0.09990 0.41742
v -0.06681 -0.09990 0.41742
v -0.06681 -0.09990 0.41742
v -0.06931 -0.09878 0.46368
v -0.06931 -0.09878 0.46368
v -0.06931 -0.09878 0.46368
v -0.06931 -0.09878 0.46368
v -0.06957 -0.08693 -0.33239
v -0.06957 -0.08693 -0.33239
v -0.06957 -0.08693 -0.33239
v -0.05117 -0.08903 0.26873
v -0.05117 -0.08903 0.26873
v -0.05117 -0.08903 0.26873
v -0.05117 -0.08903 0.26873
v -0.05117 -0.08903 0.26873
v -0.05117 -0.08903 0.26873
v -0.05421 -0.08479 0.35990
v -0.05421 -0.08479 0.35990
v -0.05421 -0.08479 0.35990
v -0.04578 -0.08837 -0.33441
v -0.04578 -0.08837 -0.33441
v -0.04578 -0.08837 -0.33441
v -0.04578 -0.08837 -0.33441
v -0.04578 -0.08837 -0.33441
v -0.00493 -0.16497 0.27686
v -0.00493 -0.16497 0.27686
v -0.00493 -0.16497 0.27686
v -0.06531 -0.10290 -0.47576
v -0.06531 -0.10290 -0.47576
v -0.06531 -0.10290 -0.47576
v -0.06531 -0.10290 -0.47576
v -0.06531 -0.10290 -0.47576
v -0.06554 -0.10005 -0.42088
v -0.06554 -0.10005 -0.42088
v -0.06554 -0.10005 -0.42088
v -0.06554 -0.10005 -0.42088
v -0.06554 -0.10005 -0.42088
v -0.04207 -0.08524 -0.32041
v -0.04207 -0.08524 -0.32041
v -0.04207 -0.08524 -0.32041
v -0.04207 -0.08524 -0.32041
v -0.04207 -0.08524 -0.32041
v -0.04207 -0.08524 -0.32041
v -0.04207 -0.08524 -0.32041
v -0.01479 -0.08568 0.17449
v -0.01479 -0.08568 0.17449
v -0.01479 -0.08568 0.17449
v -0.01479 -0.08568 0.17449
v -0.01479 -0.08568 0.17449
v -0.05847 -0.08471 -0.38881
v -0.05847 -0.08471 -0.38881
v -0.05847 -0.08471 -0.38881
v -0.05847 -0.08471 -0.38881
v -0.06878 0.09247 -0.08637
v -0.06878 0.09247 -0.08637
v -0.06878 0.09247 -0.08637
v -0.06878 0.09247 -0.08637
v -0.06231 0.09142 -0.08851
v -0.06231 0.09142 -0.08851
v -0.06231 0.09142 -0.08851
v -0.06231 0.09142 -0.08851
v -0.06231 0.09142 -0.08851
v -0.06231 0.09142 -0.08851
v -0.05224 -0.08584 0.26427
v -0.05224 -0.08584 0.26427
v -0.05224 -0.08584 0.26427
v -0.05224 -0.08584 0.26427
v -0.03720 -0.12496 -0.45175
v -0.03720 -0.12496 -0.45175
v -0.03720 -0.12496 -0.45175
v -0.03720 -0.12496 -0.45175
v -0.03720 -0.12496 -0.45175
v 0.06665 0.06934 0.06208
v 0.06665 0.06934 0.06208
v 0.06665 0.06934 0.06208
v 0.06665 0.06934 0.06208
v -0.06061 -0.08891 0.32447
v -0.06061 -0.08891 0.32447
v -0.06061 -0.08891 0.32447
v -0.06061 -0.08891 0.32447
v -0.04439 0.09834 -0.13038
v -0.04439 0.09834 -0.13038
v -0.04439 0.09834 -0.13038
v -0.06628 -0.08467 0.32409
v -0.06628 -0.08467 0.32409
v -0.06628 -0.08467 0.32409
v -0.05373 0.05173 0.06589
v -0.05373 0.05173 0.06589
v -0.05373 0.05173 0.06589
v -0.05373 0.05173 0.06589
v -0.02520 -0.09658 0.31323
v -0.02520 -0.09658 0.31323
v -0.02520 -0.09658 0.31323
v -0.02520 -0.09658 0.31323
v -0.03406 -0.07491 0.27583
v -0.03406 -0.07491 0.27583
v -0.03406 -0.07491 0.27583
v -0.05669 -0.08185 -0.17477
v -0.05669 -0.08185 -0.17477
v -0.05669 -0.08185 -0.17477
v -0.05669 -0.08185 -0.17477
v -0.05669 -0.08185 -0.17477
v -0.04570 -0.08728 -0.33261
v -0.04570 -0.08728 -0.33261
v -0.04570 -0.08728 -0.33261
v -0.04570 -0.08728 -0.33261
v -0.04570 -0.08728 -0.33261
v -0.04570 -0.08728 -0.33261
v -0.04570 -0.08728 -0.33261
v -0.05958 -0.08243 -0.17136
v -0.05958 -0.08243 -0.17136
v -0.05958 -0.08243 -0.17136
v -0.06214 0.09394 -0.08711
v -0.06214 0.09394 -0.08711
v -0.02842 -0.08992 -0.26270
v -0.02842 -0.08992 -0.26270
v -0.02842 -0.08992 -0.26270
v -0.02842 -0.08992 -0.26270
v -0.02056 -0.11222 -0.32058
v -0.02056 -0.11222 -0.32058
v -0.02056 -0.11222 -0.32058
v -0.02056 -0.11222 -0.32058
v -0.02056 -0.11222 -0.32058
v -0.04882 0.06798 0.06559
v -0.04882 0.06798 0.06559
v -0.04882 0.06798 0.06559
v -0.01825 -0.12252 -0.26496
v -0.01825 -0.12252 -0.26496
v -0.04241 -0.08538 0.30924
v -0.04241 -0.08538 0.30924
v -0.04241 -0.08538 0.30924
v -0.04241 -0.08538 0.30924
v -0.04792 -0.08664 -0.26645
v -0.04792 -0.08664 -0.26645
v -0.04792 -0.08664 -0.26645
v -0.04792 -0.08664 -0.26645
v -0.04792 -0.08664 -0.26645
v -0.04792 -0.08664 -0.26645
v -0.02050 -0.11454 -0.26539
v -0.02050 -0.11454 -0.26539
v -0.02050 -0.11454 -0.26539
v -0.02050 -0.11454 -0.26539
v -0.02050 -0.11454 -0.26539
v -0.04861 -0.08460 -0.26941
v -0.04861 -0.08460 -0.26941
v -0.04861 -0.08460 -0.26941
v -0.04861 -0.08460 -0.26941
v -0.04861 -0.08460 -0.26941
v -0.04861 -0.08460 -0.26941
v -0.04861 -0.08460 -0.26941
v -0.04861 -0.08460 -0.26941
v -0.05389 0.09192 0.08506
v -0.05389 0.09192 0.08506
v -0.05389 0.09192 0.08506
v -0.01047 -0.13536 -0.28951
v -0.01047 -0.13536 -0.28951
v -0.02633 0.04041 0.07440
v -0.02633 0.04041 0.07440
v -0.02633 0.04041 0.07440
v -0.05563 0.05379 0.07015
v -0.05563 0.05379 0.07015
v -0.05563 0.05379 0.07015
v -0.03817 0.09040 -0.08650
v -0.03817 0.09040 -0.08650
v -0.03817 0.09040 -0.08650
v -0.03817 0.09040 -0.08650
v -0.03817 0.09040 -0.08650
v -0.04575 -0.08851 0.32310
v -0.04575 -0.08851 0.32310
v -0.04575 -0.08851 0.32310
v -0.03743 -0.12631 -0.43913
v -0.03743 -0.12631 -0.43913
v -0.03230 -0.08815 -0.27404
v -0.03230 -0.08815 -0.27404
v -0.03230 -0.08815 -0.27404
v -0.03230 -0.08815 -0.27404
v -0.03230 -0.08815 -0.27404
v -0.03230 -0.08815 -0.27404
v -0.05671 -0.08898 0.32686
v -0.05671 -0.08898 0.32686
v -0.05671 -0.08898 0.32686
v -0.05671 -0.08898 0.32686
v -0.05671 -0.08898 0.32686
v -0.05671 -0.08898 0.32686
v -0.05126 0.07415 -0.07611
v -0.05126 0.07415 -0.07611
v -0.05126 0.07415 -0.07611
v -0.05126 0.07415 -0.07611
v -0.04681 0.09085 -0.08881
v -0.04681 0.09085 -0.08881
v -0.04681 0.09085 -0.08881
v -0.04469 -0.08527 0.27417
v -0.04469 -0.08527 0.27417
v -0.04469 -0.08527 0.27417
v -0.04821 -0.08705 -0.26891
v -0.04821 -0.08705 -0.26891
v -0.04821 -0.08705 -0.26891
v -0.04821 -0.08705 -0.26891
v -0.05379 -0.08811 -0.32897
v -0.05379 -0.08811 -0.32897
v -0.05379 -0.08811 -0.32897
v -0.05379 -0.08811 -0.32897
v -0.05379 -0.08811 -0.32897
v -0.05566 -0.08921 -0.33222
v -0.05566 -0.08921 -0.33222
v -0.05566 -0.08921 -0.33222
v -0.05566 -0.08921 -0.33222
v -0.05333 0.07309 -0.07308
v -0.05333 0.07309 -0.07308
v -0.05333 0.07309 -0.07308
v -0.05333 0.07309 -0.07308
v -0.05333 0.07309 -0.07308
v -0.05259 0.09477 -0.08712
v -0.05259 0.09477 -0.08712
v -0.05259 0.09477 -0.08712
v -0.05259 0.09477 -0.08712
v -0.05259 0.09477 -0.08712
v -0.04640 -0.08626 0.32883
v -0.04640 -0.08626 0.32883
v -0.04640 -0.08626 0.32883
v -0.04640 -0.08626 0.32883
v -0.04640 -0.08626 0.32883
v 0.00571 -0.16645 -0.33310
v 0.00571 -0.16645 -0.33310
v 0.00571 -0.16645 -0.33310
v -0.04056 0.09287 -0.08510
v -0.04056 0.09287 -0.08510
v -0.04056 0.09287 -0.08510
v -0.04056 0.09287 -0.08510
v -0.04056 0.09287 -0.08510
v -0.04056 0.09287 -0.08510
v 0.01237 0.07503 0.15089
v 0.01237 0.07503 0.15089
v -0.02052 -0.11114 0.33739
v -0.02052 -0.11114 0.33739
v -0.02052 -0.11114 0.33739
v -0.02052 -0.11114 0.33739
v -0.02052 -0.11114 0.33739
v -0.02052 -0.11114 0.33739
v -0.02052 -0.11114 0.33739
v -0.04080 0.09055 0.08288
v -0.04080 0.09055 0.08288
v -0.04080 0.09055 0.08288
v -0.04080 0.09055 0.08288
v -0.04080 0.09055 0.08288
v -0.04080 0.09055 0.08288
v -0.04080 0.09055 0.08288
v -0.04080 0.09055 0.08288
v -0.04394 -0.08845 -0.32507
v -0.04394 -0.08845 -0.32507
v -0.04394 -0.08845 -0.32507
v -0.04394 -0.08845 -0.32507
v -0.04394 -0.08845 -0.32507
v -0.01407 -0.16244 -0.25378
v -0.01407 -0.16244 -0.25378
v -0.01407 -0.16244 -0.25378
v -0.01407 -0.16244 -0.25378
v -0.00511 0.03641 0.06359
v -0.00511 0.03641 0.06359
v -0.00511 0.03641 0.06359
v -0.00511 0.03641 0.06359
v -0.01264 -0.08585 -0.19329
v -0.01264 -0.08585 -0.19329
v -0.01264 -0.08585 -0.19329
v -0.05410 -0.07885 -0.17262
v -0.05410 -0.07885 -0.17262
v -0.04673 -0.07267 0.17078
v -0.04673 -0.07267 0.17078
v -0.04673 -0.07267 0.17078
v 0.20283 -0.17841 0.05422
v 0.20283 -0.17841 0.05422
v 0.20283 -0.17841 0.05422
v 0.20283 -0.17841 0.05422
v 0.03398 -0.15050 0.11157
v 0.03398 -0.15050 0.11157
v -0.04755 -0.08469 -0.26231
v -0.04755 -0.08469 -0.26231
v -0.04755 -0.08469 -0.26231
v -0.04555 -0.09048 0.33380
v -0.04555 -0.09048 0.33380
v -0.04555 -0.09048 0.33380
v -0.04555 -0.09048 0.33380
v 0.00696 -0.16060 -0.28352
v 0.00696 -0.16060 -0.28352
v 0.00696 -0.16060 -0.28352
v 0.00696 -0.16060 -0.28352
v -0.04594 0.09109 0.08589
v -0.04594 0.09109 0.08589
v -0.04594 0.09109 0.08589
v -0.03032 0.00653 -0.11589
v -0.03032 0.00653 -0.11589
v -0.02561 -0.11069 0.34488
v -0.02561 -0.11069 0.34488
v -0.02561 -0.11069 0.34488
v -0.02561 -0.11069 0.34488
v -0.02561 -0.11069 0.34488
v -0.02057 -0.11475 -0.32636
v -0.02057 -0.11475 -0.32636
v -0.02057 -0.11475 -0.32636
v -0.02057 -0.11475 -0.32636
v -0.02043 -0.11453 -0.27045
v -0.02043 -0.11453 -0.27045
v -0.02043 -0.11453 -0.27045
v -0.02043 -0.11453 -0.27045
v -0.02254 -0.11510 0.32507
v -0.02254 -0.11510 0.32507
v -0.02254 -0.11510 0.32507
v -0.03413 -0.08819 0.26073
v -0.03413 -0.08819 0.26073
v -0.03413 -0.08819 0.26073
v -0.03413 -0.08819 0.26073
v -0.03413 -0.08819 0.26073
v -0.03413 -0.08819 0.26073
v -0.02291 -0.09512 -0.27975
v -0.02291 -0.09512 -0.27975
v -0.02291 -0.09512 -0.27975
v -0.02291 -0.09512 -0.27975
v -0.02291 -0.09512 -0.27975
v -0.01512 -0.15806 0.34577
v -0.01512 -0.15806 0.34577
v -0.01512 -0.15806 0.34577
v -0.05217 0.06951 -0.07287
v -0.05217 0.06951 -0.07287
v -0.05217 0.06951 -0.07287
v -0.05217 0.06951 -0.07287
v -0.04984 0.07310 -0.07084
v -0.04984 0.07310 -0.07084
v -0.04984 0.07310 -0.07084
v -0.04428 0.06515 -0.07236
v -0.04428 0.06515 -0.07236
v -0.04428 0.06515 -0.07236
v -0.04428 0.06515 -0.07236
v -0.02651 0.03741 0.07339
v -0.02651 0.03741 0.07339
v -0.04163 -0.07452 -0.31883
v -0.04163 -0.07452 -0.31883
v -0.04163 -0.07452 -0.31883
v -0.04163 -0.07452 -0.31883
v -0.04163 -0.07452 -0.31883
v -0.02254 -0.07610 0.22821
v -0.02254 -0.07610 0.22821
v -0.02254 -0.07610 0.22821
v -0.02254 -0.07610 0.22821
v -0.02418 -0.09653 -0.28592
v -0.02418 -0.09653 -0.28592
v -0.02418 -0.09653 -0.28592
v -0.03226 -0.08856 0.27199
v -0.03226 -0.08856 0.27199
v -0.03226 -0.08856 0.27199
v -0.03226 -0.08856 0.27199
v -0.03226 -0.08856 0.27199
v -0.00734 -0.12264 0.32655
v -0.00734 -0.12264 0.32655
v -0.00734 -0.12264 0.32655
v 0.01056 0.08337 0.07371
v 0.01056 0.08337 0.07371
v 0.01056 0.08337 0.07371
v 0.01056 0.08337 0.07371
v -0.02458 -0.09483 0.25466
v -0.02458 -0.09483 0.25466
v -0.02458 -0.09483 0.25466
v -0.02458 -0.09483 0.25466
v -0.02458 -0.09483 0.25466
v -0.01025 -0.13706 0.30562
v -0.01025 -0.13706 0.30562
v -0.04481 -0.08258 -0.17295
v -0.04481 -0.08258 -0.17295
v -0.04481 -0.08258 -0.17295
v -0.04481 -0.08258 -0.17295
v -0.03863 -0.08856 -0.26634
v -0.03863 -0.08856 -0.26634
v -0.03863 -0.08856 -0.26634
v -0.03863 -0.08856 -0.26634
v -0.03863 -0.08856 -0.26634
v -0.03863 -0.08856 -0.26634
v -0.03863 -0.08856 -0.26634
v -0.01084 -0.07623 0.17564
v -0.01084 -0.07623 0.17564
v -0.01084 -0.07623 0.17564
v -0.02038 -0.11090 0.25624
v -0.02038 -0.11090 0.25624
v -0.02038 -0.11090 0.25624
v -0.02038 -0.11090 0.25624
v 0.00563 -0.15159 -0.28940
v 0.00563 -0.15159 -0.28940
v -0.04369 -0.08796 0.27033
v -0.04369 -0.08796 0.27033
v -0.04369 -0.08796 0.27033
v -0.04369 -0.08796 0.27033
v 0.02013 0.08269 0.07890
v 0.02013 0.08269 0.07890
v 0.02013 0.08269 0.07890
v 0.02013 0.08269 0.07890
v 0.02013 0.08269 0.07890
v 0.02013 0.08269 0.07890
v 0.02013 0.08269 0.07890
v -0.04057 -0.08297 0.30191
v -0.04057 -0.08297 0.30191
v -0.04057 -0.08297 0.30191
v -0.04057 -0.08297 0.30191
v 0.02516 0.07381 -0.15339
v 0.02516 0.07381 -0.15339
v 0.02516 0.07381 -0.15339
v 0.02516 0.07381 -0.15339
v 0.00551 -0.14936 0.34795
v 0.00551 -0.14936 0.34795
v 0.00551 -0.14936 0.34795
v 0.01182 0.04465 0.07323
v 0.01182 0.04465 0.07323
v 0.01182 0.04465 0.07323
v -0.03201 -0.17051 0.46546
v -0.03201 -0.17051 0.46546
v -0.03201 -0.17051 0.46546
v -0.03201 -0.17051 0.46546
v -0.03023 -0.08666 -0.26251
v -0.03023 -0.08666 -0.26251
v -0.03023 -0.08666 -0.26251
v -0.03023 -0.08666 -0.26251
v -0.03023 -0.08666 -0.26251
v -0.03023 -0.08666 -0.26251
v -0.03023 -0.08666 -0.26251
v -0.03022 -0.07457 -0.26933
v -0.03022 -0.07457 -0.26933
v -0.03022 -0.07457 -0.26933
v -0.01240 0.08733 0.08268
v -0.01240 0.08733 0.08268
v -0.01240 0.08733 0.08268
v -0.01240 0.08733 0.08268
v -0.01240 0.08733 0.08268
v -0.01963 0.10313 0.12306
v -0.01963 0.10313 0.12306
v -0.01963 0.10313 0.12306
v -0.01963 0.10313 0.12306
v 0.00625 -0.12423 0.27060
v 0.00625 -0.12423 0.27060
v 0.00625 -0.12423 0.27060
v -0.03250 0.07337 -0.07001
v -0.03250 0.07337 -0.07001
v -0.00828 -0.15547 0.28621
v -0.00828 -0.15547 0.28621
v -0.00828 -0.15547 0.28621
v 0.00331 0.00622 0.10805
v 0.00331 0.00622 0.10805
v -0.04272 0.06396 -0.06977
v -0.04272 0.06396 -0.06977
v -0.04272 0.06396 -0.06977
v -0.04272 0.06396 -0.06977
v -0.04272 0.06396 -0.06977
v -0.04272 0.06396 -0.06977
v -0.04272 0.06396 -0.06977
v -0.03483 0.06162 -0.07078
v -0.03483 0.06162 -0.07078
v -0.03483 0.06162 -0.07078
v -0.03483 0.06162 -0.07078
v -0.03483 0.06162 -0.07078
v -0.03086 -0.08598 0.26228
v -0.03086 -0.08598 0.26228
v -0.03086 -0.08598 0.26228
v -0.03086 -0.08598 0.26228
v -0.03086 -0.08598 0.26228
v -0.02101 -0.09196 0.31932
v -0.02101 -0.09196 0.31932
v -0.02101 -0.09196 0.31932
v -0.02101 -0.09196 0.31932
v -0.02101 -0.09196 0.31932
v -0.01364 -0.07590 -0.19591
v -0.01364 -0.07590 -0.19591
v -0.01364 -0.07590 -0.19591
v -0.01364 -0.07590 -0.19591
v -0.02411 -0.07514 -0.24017
v -0.02411 -0.07514 -0.24017
v -0.02411 -0.07514 -0.24017
v -0.01027 -0.07632 -0.17688
v -0.01027 -0.07632 -0.17688
v -0.01027 -0.07632 -0.17688
v -0.02459 -0.09493 -0.31918
v -0.02459 -0.09493 -0.31918
v -0.02459 -0.09493 -0.31918
v -0.02459 -0.09493 -0.31918
v -0.02459 -0.09493 -0.31918
v 0.01412 0.03092 -0.14925
v 0.01412 0.03092 -0.14925
v 0.01412 0.03092 -0.14925
v 0.01412 0.03092 -0.14925
v -0.02049 -0.09243 -0.33861
v -0.02049 -0.09243 -0.33861
v -0.02049 -0.09243 -0.33861
v -0.02049 -0.09243 -0.33861
v -0.02049 -0.09243 -0.33861
v -0.02049 -0.09243 -0.33861
v -0.02049 -0.09243 -0.33861
v -0.02135 -0.09224 0.27485
v -0.02135 -0.09224 0.27485
v -0.02135 -0.09224 0.27485
v -0.02135 -0.09224 0.27485
v -0.02135 -0.09224 0.27485
v -0.03226 -0.15432 0.47125
v -0.03226 -0.15432 0.47125
v -0.03226 -0.15432 0.47125
v -0.03226 -0.15432 0.47125
v -0.03350 -0.13003 -0.46259
v -0.03350 -0.13003 -0.46259
v -0.03350 -0.13003 -0.46259
v -0.02042 -0.09215 -0.32211
v -0.02042 -0.09215 -0.32211
v -0.02042 -0.09215 -0.32211
v -0.02042 -0.09215 -0.32211
v -0.02042 -0.09215 -0.32211
v -0.02042 -0.09215 -0.32211
v -0.03240 -0.13379 -0.42996
v -0.03240 -0.13379 -0.42996
v -0.03240 -0.13379 -0.42996
v -0.03240 -0.13379 -0.42996
v -0.03240 -0.13379 -0.42996
v 0.02219 0.06247 -0.15708
v 0.02219 0.06247 -0.15708
v 0.02219 0.06247 -0.15708
v 0.02219 0.06247 -0.15708
v -0.03022 -0.14264 -0.47083
v -0.03022 -0.14264 -0.47083
v -0.03022 -0.14264 -0.47083
v -0.03022 -0.14264 -0.47083
v -0.03022 -0.14264 -0.47083
v -0.03414 -0.12596 0.44664
v -0.03414 -0.12596 0.44664
v -0.03199 -0.18069 0.44630
v -0.03199 -0.18069 0.44630
v -0.03199 -0.18069 0.44630
v -0.03199 -0.18069 0.44630
v -0.03013 -0.12968 -0.44219
v -0.03013 -0.12968 -0.44219
v -0.03013 -0.12968 -0.44219
v -0.03013 -0.12968 -0.44219
v -0.03013 -0.12968 -0.44219
v -0.03133 0.05015 -0.07112
v -0.03133 0.05015 -0.07112
v -0.03133 0.05015 -0.07112
v -0.03133 0.05015 -0.07112
v -0.03133 0.05015 -0.07112
v -0.03133 0.05015 -0.07112
v -0.02452 0.08944 0.08363
v -0.02452 0.08944 0.08363
v -0.02534 0.09089 0.08146
v -0.02534 0.09089 0.08146
v -0.02534 0.09089 0.08146
v -0.02534 0.09089 0.08146
v -0.02097 0.09058 -0.08596
v -0.02097 0.09058 -0.08596
v -0.02097 0.09058 -0.08596
v -0.02097 0.09058 -0.08596
v -0.02990 -0.13130 0.45354
v -0.02990 -0.13130 0.45354
v -0.02990 -0.13130 0.45354
v -0.02990 -0.13130 0.45354
v -0.02990 -0.13130 0.45354
v -0.03193 -0.17679 -0.43368
v -0.03193 -0.17679 -0.43368
v -0.03193 -0.17679 -0.43368
v -0.03193 -0.17679 -0.43368
v -0.02108 -0.09310 0.33599
v -0.02108 -0.09310 0.33599
v -0.02108 -0.09310 0.33599
v -0.02108 -0.09310 0.33599
v -0.02108 -0.09310 0.33599
v -0.02108 -0.09310 0.33599
v -0.00982 0.00887 0.11255
v -0.00982 0.00887 0.11255
v -0.02990 -0.17887 -0.44945
v -0.02990 -0.17887 -0.44945
v -0.03015 -0.14928 0.42046
v -0.03015 -0.14928 0.42046
v -0.03015 -0.14928 0.42046
v -0.03015 -0.14928 0.42046
v -0.03015 -0.14928 0.42046
v -0.03015 -0.14928 0.42046
v -0.03221 -0.16147 -0.42237
v -0.03221 -0.16147 -0.42237
v -0.03221 -0.16147 -0.42237
v -0.03221 -0.16147 -0.42237
v -0.03046 -0.13643 0.46234
v -0.03046 -0.13643 0.46234
v -0.03046 -0.13643 0.46234
v -0.03046 -0.13643 0.46234
v -0.03014 -0.15214 -0.47326
v -0.03014 -0.15214 -0.47326
v -0.03607 0.04557 -0.07228
v -0.03607 0.04557 -0.07228
v -0.03607 0.04557 -0.07228
v -0.03607 0.04557 -0.07228
v -0.03019 0.03973 -0.07463
v -0.03019 0.03973 -0.07463
v -0.03019 0.03973 -0.07463
v -0.03019 0.03973 -0.07463
v -0.02976 0.04973 -0.07352
v -0.02976 0.04973 -0.07352
v -0.02976 0.04973 -0.07352
v -0.02976 0.04973 -0.07352
v -0.03026 -0.16429 0.42208
v -0.03026 -0.16429 0.42208
v -0.02279 -0.09098 0.33429
v -0.02279 -0.09098 0.33429
v -0.02279 -0.09098 0.33429
v -0.02279 -0.09098 0.33429
v 0.01939 0.02352 -0.14107
v 0.01939 0.02352 -0.14107
v 0.01939 0.02352 -0.14107
v -0.02996 -0.16351 -0.47128
v -0.02996 -0.16351 -0.47128
v -0.02996 -0.16351 -0.47128
v -0.02996 -0.16351 -0.47128
v -0.02996 -0.16351 -0.47128
v -0.02849 -0.17367 0.43569
v -0.02849 -0.17367 0.43569
v -0.02849 -0.17367 0.43569
v -0.03040 -0.13619 0.42762
v -0.03040 -0.13619 0.42762
v -0.03040 -0.13619 0.42762
v -0.03040 -0.13619 0.42762
v -0.02861 -0.15372 -0.42575
v -0.02861 -0.15372 -0.42575
v -0.02861 -0.15372 -0.42575
v -0.02861 -0.15372 -0.42575
v -0.02861 -0.15372 -0.42575
v -0.02861 -0.15372 -0.42575
v -0.02837 -0.14619 0.46356
v -0.02837 -0.14619 0.46356
v -0.02837 -0.14619 0.46356
v -0.02837 -0.14619 0.46356
v -0.03022 -0.17502 0.45771
v -0.03022 -0.17502 0.45771
v -0.03022 -0.17502 0.45771
v -0.03022 -0.17502 0.45771
v 0.01085 0.01919 0.13237
v -0.02871 -0.13364 -0.45722
v -0.02871 -0.13364 -0.45722
v -0.02871 -0.13364 -0.45722
v 0.02108 0.08420 0.14388
v 0.02108 0.08420 0.14388
v 0.02108 0.08420 0.14388
v 0.00746 -0.12408 -0.33146
v 0.00746 -0.12408 -0.33146
v 0.00746 -0.12408 -0.33146
v 0.00746 -0.12408 -0.33146
v -0.02939 0.04024 -0.07104
v -0.02939 0.04024 -0.07104
v -0.02939 0.04024 -0.07104
v -0.02939 0.04024 -0.07104
v -0.02578 -0.09623 -0.25192
v -0.02578 -0.09623 -0.25192
v -0.02578 -0.09623 -0.25192
v -0.02856 -0.15160 -0.46998
v -0.02856 -0.15160 -0.46998
v -0.02858 -0.17151 -0.43427
v -0.02858 -0.17151 -0.43427
v -0.02858 -0.17151 -0.43427
v -0.02858 -0.17151 -0.43427
v -0.03026 0.04965 -0.06891
v -0.03026 0.04965 -0.06891
v -0.03026 0.04965 -0.06891
v -0.03026 0.04965 -0.06891
v -0.03026 0.04965 -0.06891
v -0.02301 0.03831 -0.07173
v -0.02301 0.03831 -0.07173
v -0.02301 0.03831 -0.07173
v -0.02301 0.03831 -0.07173
v 0.05449 0.07688 -0.07167
v 0.05449 0.07688 -0.07167
v 0.05449 0.07688 -0.07167
v 0.05449 0.07688 -0.07167
v -0.02049 -0.09205 -0.27674
v -0.02049 -0.09205 -0.27674
v -0.02049 -0.09205 -0.27674
v -0.02049 -0.09205 -0.27674
v -0.01005 -0.08591 -0.17664
v -0.01005 -0.08591 -0.17664
v -0.01005 -0.08591 -0.17664
v -0.01005 -0.08591 -0.17664
v 0.00209 0.10056 -0.12623
v 0.00209 0.10056 -0.12623
v 0.00209 0.10056 -0.12623
v 0.00209 0.10056 -0.12623
v -0.02049 -0.09230 -0.26007
v -0.02049 -0.09230 -0.26007
v -0.02049 -0.09230 -0.26007
v -0.02049 -0.09230 -0.26007
v -0.02049 -0.09230 -0.26007
v -0.02049 -0.09230 -0.26007
v -0.01580 0.03751 -0.07630
v -0.01580 0.03751 -0.07630
v -0.01580 0.03751 -0.07630
v -0.01580 0.03751 -0.07630
v -0.01853 0.08838 -0.08043
v -0.01853 0.08838 -0.08043
v -0.01853 0.08838 -0.08043
v -0.01853 0.08838 -0.08043
v -0.01853 0.08838 -0.08043
v -0.02160 -0.09213 0.25629
v -0.02160 -0.09213 0.25629
v -0.02160 -0.09213 0.25629
v -0.02160 -0.09213 0.25629
v -0.02160 -0.09213 0.25629
v -0.02160 -0.09213 0.25629
v -0.02160 -0.09213 0.25629
v -0.02160 -0.09213 0.25629
v -0.01216 -0.08600 0.18420
v -0.01216 -0.08600 0.18420
v -0.01216 -0.08600 0.18420
v -0.02460 -0.10380 0.34025
v -0.02460 -0.10380 0.34025
v 0.00686 -0.14624 0.24504
v 0.00686 -0.14624 0.24504
v 0.00686 -0.14624 0.24504
v 0.00686 -0.14624 0.24504
v -0.02373 -0.09739 -0.34177
v -0.02373 -0.09739 -0.34177
v -0.02373 -0.09739 -0.34177
v -0.02412 -0.10452 0.25384
v -0.02412 -0.10452 0.25384
v -0.02412 -0.10452 0.25384
v 0.00422 0.05005 0.15507
v 0.00422 0.05005 0.15507
v 0.00422 0.05005 0.15507
v 0.00638 -0.15925 0.31102
v 0.00638 -0.15925 0.31102
v 0.00638 -0.15925 0.31102
v 0.00638 -0.15925 0.31102
v 0.00638 -0.15925 0.31102
v 0.00638 -0.15925 0.31102
v 0.00694 -0.14964 -0.35036
v 0.00694 -0.14964 -0.35036
v 0.00694 -0.14964 -0.35036
v 0.00694 -0.14964 -0.35036
v 0.00694 -0.14964 -0.35036
v 0.00694 -0.14964 -0.35036
v 0.00549 -0.13499 0.24718
v 0.00549 -0.13499 0.24718
v 0.01610 0.06092 -0.07414
v 0.01610 0.06092 -0.07414
v 0.01610 0.06092 -0.07414
v 0.01610 0.06092 -0.07414
v 0.23804 -0.08293 -0.08713
v 0.23804 -0.08293 -0.08713
v 0.23804 -0.08293 -0.08713
v 0.23804 -0.08293 -0.08713
v 0.06565 0.05884 0.05623
v 0.06565 0.05884 0.05623
v 0.06565 0.05884 0.05623
v 0.06565 0.05884 0.05623
v 0.00585 -0.12392 0.26270
v 0.00585 -0.12392 0.26270
v 0.00585 -0.12392 0.26270
v 0.00655 -0.12563 0.31784
v 0.00655 -0.12563 0.31784
v 0.00655 -0.12563 0.31784
v 0.00851 0.10040 0.01253
v 0.00851 0.10040 0.01253
v 0.00851 0.10040 0.01253
v 0.00851 0.10040 0.01253
v 0.00851 0.10040 0.01253
v 0.02207 0.09088 -0.13881
v 0.02207 0.09088 -0.13881
v 0.02207 0.09088 -0.13881
v 0.00766 -0.12599 -0.32158
v 0.00766 -0.12599 -0.32158
v 0.00766 -0.12599 -0.32158
v 0.00766 -0.12599 -0.32158
v 0.00766 -0.12599 -0.32158
v 0.00412 -0.14355 -0.29053
v 0.00412 -0.14355 -0.29053
v 0.00412 -0.14355 -0.29053
v -0.00876 0.08716 -0.08470
v -0.00876 0.08716 -0.08470
v -0.00876 0.08716 -0.08470
v -0.00876 0.08716 -0.08470
v -0.00876 0.08716 -0.08470
v 0.00554 0.00640 -0.11002
v 0.00554 0.00640 -0.11002
v 0.00554 0.00640 -0.11002
v 0.00554 0.00640 -0.11002
v 0.00554 0.00640 -0.11002
v 0.00747 0.03654 -0.06542
v 0.00747 0.03654 -0.06542
v 0.00747 0.03654 -0.06542
v 0.00747 0.03654 -0.06542
v 0.01325 0.03536 -0.07897
v 0.01325 0.03536 -0.07897
v 0.00563 -0.13172 -0.31320
v 0.00563 -0.13172 -0.31320
v 0.00563 -0.13172 -0.31320
v 0.00563 -0.13172 -0.31320
v -0.00700 0.08731 -0.08313
v -0.00700 0.08731 -0.08313
v -0.00700 0.08731 -0.08313
v -0.00700 0.08731 -0.08313
v 0.00707 -0.16035 0.34147
v 0.00707 -0.16035 0.34147
v 0.00707 -0.16035 0.34147
v 0.00707 -0.16035 0.34147
v 0.00552 -0.14170 0.30578
v 0.00552 -0.14170 0.30578
v 0.00797 -0.15569 0.30910
v 0.00797 -0.15569 0.30910
v 0.00797 -0.15569 0.30910
v 0.00797 -0.15569 0.30910
v 0.00398 -0.13516 0.34625
v 0.00398 -0.13516 0.34625
v 0.00398 -0.13516 0.34625
v 0.00905 -0.16494 -0.27287
v 0.00905 -0.16494 -0.27287
v 0.00905 -0.16494 -0.27287
v 0.00905 -0.16494 -0.27287
v 0.00905 -0.16494 -0.27287
v 0.00690 -0.16510 -0.26151
v 0.00690 -0.16510 -0.26151
v 0.01719 0.03477 0.07696
v 0.01719 0.03477 0.07696
v 0.01719 0.03477 0.07696
v 0.01719 0.03477 0.07696
v 0.01054 0.09967 0.12167
v 0.01054 0.09967 0.12167
v 0.01054 0.09967 0.12167
v 0.01054 0.09967 0.12167
v 0.01054 0.09967 0.12167
v 0.01054 0.09967 0.12167
v 0.00761 -0.12409 -0.26708
v 0.00761 -0.12409 -0.26708
v 0.00761 -0.12409 -0.26708
v 0.00761 -0.12409 -0.26708
v 0.06125 0.06477 -0.06109
v 0.06125 0.06477 -0.06109
v 0.00903 -0.12570 -0.27533
v 0.00903 -0.12570 -0.27533
v 0.00903 -0.12570 -0.27533
v 0.00903 -0.12570 -0.27533
v 0.00903 -0.12570 -0.27533
v 0.00709 -0.12865 0.27955
v 0.00709 -0.12865 0.27955
v 0.00709 -0.12865 0.27955
v 0.00709 -0.12865 0.27955
v 0.01949 0.08038 -0.15020
v 0.01949 0.08038 -0.15020
v 0.00929 -0.16150 -0.25763
v 0.00929 -0.16150 -0.25763
v 0.00929 -0.16150 -0.25763
v 0.00929 -0.16150 -0.25763
v 0.00727 -0.12819 0.25350
v 0.00727 -0.12819 0.25350
v 0.00727 -0.12819 0.25350
v 0.00727 -0.12819 0.25350
v 0.00727 -0.12819 0.25350
v 0.00727 -0.12819 0.25350
v 0.00788 -0.14964 -0.24868
v 0.00788 -0.14964 -0.24868
v 0.00788 -0.14964 -0.24868
v 0.00579 -0.14380 0.28746
v 0.00579 -0.14380 0.28746
v 0.00579 -0.14380 0.28746
v 0.00736 -0.12415 0.33006
v 0.00736 -0.12415 0.33006
v 0.00736 -0.12415 0.33006
v 0.00736 -0.12415 0.33006
v 0.00609 -0.16456 0.31848
v 0.00609 -0.16456 0.31848
v 0.00609 -0.16456 0.31848
v 0.00943 0.03387 -0.07613
v 0.00943 0.03387 -0.07613
v 0.00943 0.03387 -0.07613
v 0.00745 -0.15784 -0.31343
v 0.00745 -0.15784 -0.31343
v 0.00745 -0.15784 -0.31343
v 0.00745 -0.15784 -0.31343
v 0.00745 -0.15784 -0.31343
v 0.04251 0.03247 0.05745
v 0.04251 0.03247 0.05745
v 0.04251 0.03247 0.05745
v 0.04251 0.03247 0.05745
v 0.00204 0.08461 0.07846
v 0.00204 0.08461 0.07846
v 0.00204 0.08461 0.07846
v 0.00204 0.08461 0.07846
v 0.00908 0.10029 -0.01517
v 0.00908 0.10029 -0.01517
v 0.00908 0.10029 -0.01517
v 0.00908 0.10029 -0.01517
v 0.00908 0.10029 -0.01517
v 0.00905 -0.16501 0.32941
v 0.00905 -0.16501 0.32941
v 0.00905 -0.16501 0.32941
v 0.00905 -0.16501 0.32941
v 0.00728 -0.15559 0.28410
v 0.00728 -0.15559 0.28410
v 0.00728 -0.15559 0.28410
v 0.00728 -0.15559 0.28410
v 0.00715 -0.15737 0.24861
v 0.00715 -0.15737 0.24861
v 0.00715 -0.15737 0.24861
v 0.00715 -0.15737 0.24861
v 0.00593 -0.15123 -0.30970
v 0.00593 -0.15123 -0.30970
v 0.00593 -0.15123 -0.30970
v 0.02073 0.04313 -0.07689
v 0.02073 0.04313 -0.07689
v 0.02073 0.04313 -0.07689
v 0.02073 0.04313 -0.07689
v 0.00143 0.08487 -0.08482
v 0.00143 0.08487 -0.08482
v 0.00143 0.08487 -0.08482
v 0.00143 0.08487 -0.08482
v 0.00143 0.08487 -0.08482
v 0.00939 -0.16156 0.27716
v 0.00939 -0.16156 0.27716
v 0.00939 -0.16156 0.27716
v 0.00939 -0.16156 0.27716
v 0.00939 -0.16156 0.27716
v 0.00910 -0.16485 -0.32589
v 0.00910 -0.16485 -0.32589
v 0.00910 -0.16485 -0.32589
v 0.00910 -0.16485 -0.32589
v 0.00910 -0.16485 -0.32589
v 0.02029 0.05110 -0.15733
v 0.02029 0.05110 -0.15733
v 0.02029 0.05110 -0.15733
v 0.10150 -0.14387 -0.10442
v 0.10150 -0.14387 -0.10442
v 0.10150 -0.14387 -0.10442
v 0.10150 -0.14387 -0.10442
v 0.02897 0.01665 0.12215
v 0.02897 0.01665 0.12215
v 0.02897 0.01665 0.12215
v 0.02897 0.01665 0.12215
v 0.02897 0.01665 0.12215
v 0.01217 0.08483 0.07839
v 0.01217 0.08483 0.07839
v 0.01217 0.08483 0.07839
v 0.01217 0.08483 0.07839
v 0.00896 -0.12943 -0.34279
v 0.00896 -0.12943 -0.34279
v 0.00896 -0.12943 -0.34279
v 0.00896 -0.12943 -0.34279
v 0.00900 -0.13117 -0.25459
v 0.00900 -0.13117 -0.25459
v 0.00900 -0.13117 -0.25459
v 0.00900 -0.13117 -0.25459
v 0.00900 -0.13117 -0.25459
v 0.00904 0.08569 -0.08175
v 0.00904 0.08569 -0.08175
v 0.00904 0.08569 -0.08175
v 0.00904 0.08569 -0.08175
v 0.00945 -0.16104 -0.31840
v 0.00945 -0.16104 -0.31840
v 0.00698 -0.12782 0.33903
v 0.00698 -0.12782 0.33903
v 0.00698 -0.12782 0.33903
v 0.00698 -0.12782 0.33903
v 0.00698 -0.12782 0.33903
v 0.00903 -0.16291 -0.33927
v 0.00903 -0.16291 -0.33927
v 0.00903 -0.16291 -0.33927
v 0.00903 -0.16291 -0.33927
v 0.00903 -0.16291 -0.33927
v 0.00903 -0.16291 -0.33927
v 0.00920 -0.13931 -0.31098
v 0.00920 -0.13931 -0.31098
v 0.00917 -0.13934 -0.28808
v 0.00917 -0.13934 -0.28808
v 0.00917 -0.13934 -0.28808
v 0.00691 -0.16087 -0.34412
v 0.00691 -0.16087 -0.34412
v 0.00691 -0.16087 -0.34412
v 0.00915 0.08420 -0.08363
v 0.00915 0.08420 -0.08363
v 0.00915 0.08420 -0.08363
v 0.00915 0.08420 -0.08363
v 0.00915 0.08420 -0.08363
v 0.01685 0.06958 0.07324
v 0.01685 0.06958 0.07324
v 0.01685 0.06958 0.07324
v 0.00951 -0.14063 -0.24992
v 0.00951 -0.14063 -0.24992
v 0.00951 -0.14063 -0.24992
v 0.00951 -0.14063 -0.24992
v 0.00951 -0.14063 -0.24992
v 0.05612 0.01464 0.12036
v 0.05612 0.01464 0.12036
v 0.05612 0.01464 0.12036
v 0.05612 0.01464 0.12036
v 0.00912 -0.16492 0.26965
v 0.00912 -0.16492 0.26965
v 0.00912 -0.16492 0.26965
v 0.00912 -0.16492 0.26965
v 0.00924 -0.12930 0.31449
v 0.00924 -0.12930 0.31449
v 0.00924 -0.12930 0.31449
v 0.00924 -0.12930 0.31449
v 0.20133 -0.08401 0.09064
v 0.20133 -0.08401 0.09064
v 0.20133 -0.08401 0.09064
v 0.20133 -0.08401 0.09064
v 0.00812 -0.14247 0.34722
v 0.00812 -0.14247 0.34722
v 0.00812 -0.14247 0.34722
v 0.00812 -0.14247 0.34722
v 0.01050 -0.12757 0.26024
v 0.01050 -0.12757 0.26024
v 0.01050 -0.12757 0.26024
v 0.01050 -0.12757 0.26024
v 0.01076 -0.15030 -0.28626
v 0.01076 -0.15030 -0.28626
v 0.01076 -0.15030 -0.28626
v 0.01076 -0.15030 -0.28626
v 0.01067 -0.16113 0.25715
v 0.01067 -0.16113 0.25715
v 0.01067 -0.16113 0.25715
v 0.01068 -0.12902 0.33551
v 0.01068 -0.12902 0.33551
v 0.01068 -0.12902 0.33551
v 0.01068 -0.12902 0.33551
v 0.01068 -0.12902 0.33551
v 0.01057 -0.13138 -0.28138
v 0.01057 -0.13138 -0.28138
v 0.01057 -0.13138 -0.28138
v 0.01057 -0.13138 -0.28138
v 0.01057 -0.13138 -0.28138
v 0.01062 -0.12723 -0.26359
v 0.01062 -0.12723 -0.26359
v 0.01062 -0.12723 -0.26359
v 0.01062 -0.12723 -0.26359
v 0.00915 -0.13950 0.24700
v 0.00915 -0.13950 0.24700
v 0.00915 -0.13950 0.24700
v 0.00915 -0.13950 0.24700
v 0.00915 -0.13950 0.24700
v 0.00915 -0.13950 0.24700
v 0.01055 -0.14257 0.28395
v 0.01055 -0.14257 0.28395
v 0.01055 -0.14257 0.28395
v 0.01055 -0.14257 0.28395
v 0.01055 -0.14257 0.28395
v 0.01011 -0.16034 0.33816
v 0.01011 -0.16034 0.33816
v 0.01011 -0.16034 0.33816
v 0.01011 -0.16034 0.33816
v 0.01011 -0.16034 0.33816
v 0.00962 -0.14917 0.30798
v 0.00962 -0.14917 0.30798
v 0.00962 -0.14917 0.30798
v 0.00962 -0.14917 0.30798
v 0.01034 -0.14804 -0.34852
v 0.01034 -0.14804 -0.34852
v 0.01034 -0.14804 -0.34852
v 0.01068 -0.13095 -0.31840
v 0.01068 -0.13095 -0.31840
v 0.01068 -0.13095 -0.31840
v 0.01068 -0.13095 -0.31840
v 0.01058 -0.12701 -0.33360
v 0.01058 -0.12701 -0.33360
v 0.01058 -0.12701 -0.33360
v 0.01058 -0.12701 -0.33360
v 0.01062 -0.13608 0.34292
v 0.01062 -0.13608 0.34292
v 0.01062 -0.13608 0.34292
v 0.01062 -0.13608 0.34292
v 0.01077 -0.15532 -0.31535
v 0.01077 -0.15532 -0.31535
v 0.01054 -0.16199 0.32030
v 0.01054 -0.16199 0.32030
v 0.01054 -0.16199 0.32030
v 0.01054 -0.16199 0.32030
v 0.02520 0.03442 -0.06370
v 0.02520 0.03442 -0.06370
v 0.02520 0.03442 -0.06370
v 0.02039 0.05845 0.07180
v 0.02039 0.05845 0.07180
v 0.02039 0.05845 0.07180
v 0.02039 0.05845 0.07180
v 0.01054 -0.15237 -0.25200
v 0.01054 -0.15237 -0.25200
v 0.01054 -0.15237 -0.25200
v 0.01054 -0.15237 -0.25200
v 0.01168 0.10913 -0.01307
v 0.01168 0.10913 -0.01307
v 0.01168 0.10913 -0.01307
v 0.01168 0.10913 -0.01307
v 0.01168 0.10913 -0.01307
v 0.01168 0.10913 -0.01307
v 0.01066 -0.14177 0.30915
v 0.01066 -0.14177 0.30915
v 0.01066 -0.14177 0.30915
v 0.01066 -0.14177 0.30915
v 0.01057 -0.16325 -0.26566
v 0.01057 -0.16325 -0.26566
v 0.01062 -0.12918 0.27476
v 0.01062 -0.12918 0.27476
v 0.01045 0.10881 0.01116
v 0.01045 0.10881 0.01116
v 0.01045 0.10881 0.01116
v 0.03185 0.01716 -0.12710
v 0.03185 0.01716 -0.12710
v 0.03185 0.01716 -0.12710
v 0.02089 0.03261 -0.08056
v 0.02089 0.03261 -0.08056
v 0.02089 0.03261 -0.08056
v 0.02089 0.03261 -0.08056
v 0.03347 0.09106 0.13275
v 0.03347 0.09106 0.13275
v 0.03347 0.09106 0.13275
v 0.03347 0.09106 0.13275
v 0.10105 -0.18828 -0.06785
v 0.10105 -0.18828 -0.06785
v 0.10105 -0.18828 -0.06785
v 0.10105 -0.18828 -0.06785
v 0.03301 0.10886 0.01132
v 0.03301 0.10886 0.01132
v 0.03301 0.10886 0.01132
v 0.03301 0.10886 0.01132
v 0.04904 0.01081 -0.11788
v 0.04904 0.01081 -0.11788
v 0.04904 0.01081 -0.11788
v 0.04904 0.01081 -0.11788
v 0.02696 0.08444 -0.08361
v 0.02696 0.08444 -0.08361
v 0.02696 0.08444 -0.08361
v 0.02696 0.08444 -0.08361
v 0.02297 0.09880 -0.01495
v 0.02297 0.09880 -0.01495
v 0.06065 0.05045 0.14900
v 0.06065 0.05045 0.14900
v 0.06065 0.05045 0.14900
v 0.03462 0.09633 -0.01532
v 0.03462 0.09633 -0.01532
v 0.03462 0.09633 -0.01532
v 0.03462 0.09633 -0.01532
v 0.15762 0.00222 0.08076
v 0.15762 0.00222 0.08076
v 0.15762 0.00222 0.08076
v 0.15762 0.00222 0.08076
v 0.03008 0.03334 0.07908
v 0.03008 0.03334 0.07908
v 0.03008 0.03334 0.07908
v 0.03008 0.03334 0.07908
v 0.03008 0.03334 0.07908
v 0.03374 0.09775 0.01234
v 0.03374 0.09775 0.01234
v 0.03374 0.09775 0.01234
v 0.03374 0.09775 0.01234
v 0.03374 0.09775 0.01234
v 0.03374 0.09775 0.01234
v 0.03261 0.10897 -0.01284
v 0.03261 0.10897 -0.01284
v 0.03261 0.10897 -0.01284
v 0.06101 0.04929 -0.08140
v 0.06101 0.04929 -0.08140
v 0.06101 0.04929 -0.08140
v 0.06101 0.04929 -0.08140
v 0.03693 0.08134 -0.08606
v 0.03693 0.08134 -0.08606
v 0.03693 0.08134 -0.08606
v 0.10042 0.00501 -0.09383
v 0.10042 0.00501 -0.09383
v 0.10042 0.00501 -0.09383
v 0.10042 0.00501 -0.09383
v 0.03922 0.03241 -0.06228
v 0.03922 0.03241 -0.06228
v 0.03922 0.03241 -0.06228
v 0.02649 0.08078 0.08125
v 0.02649 0.08078 0.08125
v 0.02757 0.03101 -0.08383
v 0.02757 0.03101 -0.08383
v 0.02757 0.03101 -0.08383
v 0.05280 0.02826 -0.08293
v 0.05280 0.02826 -0.08293
v 0.05280 0.02826 -0.08293
v 0.05280 0.02826 -0.08293
v 0.05280 0.02826 -0.08293
v 0.02713 0.04576 0.14366
v 0.02713 0.04576 0.14366
v 0.02713 0.04576 0.14366
v 0.02713 0.04576 0.14366
v 0.02894 0.03023 0.13555
v 0.02894 0.03023 0.13555
v 0.02894 0.03023 0.13555
v 0.02894 0.03023 0.13555
v 0.02686 0.02819 0.12544
v 0.02686 0.02819 0.12544
v 0.02686 0.02819 0.12544
v 0.02700 0.08310 -0.13183
v 0.02700 0.08310 -0.13183
v 0.02715 0.04972 -0.14755
v 0.02715 0.04972 -0.14755
v 0.02715 0.04972 -0.14755
v 0.02875 0.06507 -0.14946
v 0.02875 0.06507 -0.14946
v 0.02875 0.06507 -0.14946
v 0.02875 0.06507 -0.14946
v 0.02875 0.06507 -0.14946
v 0.02826 0.03019 -0.13759
v 0.02826 0.03019 -0.13759
v 0.02826 0.03019 -0.13759
v 0.02826 0.03019 -0.13759
v 0.02713 0.04186 -0.08866
v 0.02713 0.04186 -0.08866
v 0.02713 0.04186 -0.08866
v 0.02897 0.02620 -0.10860
v 0.02897 0.02620 -0.10860
v 0.02897 0.02620 -0.10860
v 0.02859 0.07284 0.14343
v 0.02859 0.07284 0.14343
v 0.02859 0.07284 0.14343
v 0.02859 0.07284 0.14343
v 0.02713 0.08118 0.09252
v 0.02713 0.08118 0.09252
v 0.02713 0.08118 0.09252
v 0.02713 0.08118 0.09252
v 0.02713 0.08118 0.09252
v 0.02722 0.08315 0.12986
v 0.02722 0.08315 0.12986
v 0.02853 0.07716 -0.14342
v 0.02853 0.07716 -0.14342
v 0.02853 0.07716 -0.14342
v 0.02853 0.07716 -0.14342
v 0.02853 0.07716 -0.14342
v 0.02880 0.08297 -0.13744
v 0.02880 0.08297 -0.13744
v 0.02880 0.08297 -0.13744
v 0.02880 0.08297 -0.13744
v 0.02871 0.08695 -0.12967
v 0.02871 0.08695 -0.12967
v 0.02871 0.08695 -0.12967
v 0.02938 0.08899 -0.12319
v 0.02938 0.08899 -0.12319
v 0.02904 0.08098 0.13728
v 0.02904 0.08098 0.13728
v 0.02904 0.08098 0.13728
v 0.02904 0.08098 0.13728
v 0.02863 0.02614 -0.13171
v 0.02863 0.02614 -0.13171
v 0.02863 0.02614 -0.13171
v 0.02863 0.02614 -0.13171
v 0.02905 0.04625 -0.14950
v 0.02905 0.04625 -0.14950
v 0.02905 0.04625 -0.14950
v 0.02905 0.04625 -0.14950
v 0.02725 0.07323 -0.08861
v 0.02725 0.07323 -0.08861
v 0.02725 0.07323 -0.08861
v 0.02725 0.07323 -0.08861
v 0.02826 0.03443 0.08921
v 0.02826 0.03443 0.08921
v 0.02826 0.03443 0.08921
v 0.02826 0.03443 0.08921
v 0.02826 0.03443 0.08921
v 0.02816 0.03018 0.09834
v 0.02816 0.03018 0.09834
v 0.02816 0.03018 0.09834
v 0.09458 -0.00924 -0.09436
v 0.09458 -0.00924 -0.09436
v 0.02917 0.08676 -0.09878
v 0.02917 0.08676 -0.09878
v 0.02917 0.08676 -0.09878
v 0.02917 0.08676 -0.09878
v 0.02917 0.08676 -0.09878
v 0.02910 0.02442 0.11292
v 0.02910 0.02442 0.11292
v 0.02910 0.02442 0.11292
v 0.02910 0.02442 0.11292
v 0.02899 0.05027 0.14754
v 0.02899 0.05027 0.14754
v 0.02899 0.05027 0.14754
v 0.02897 0.03624 0.14147
v 0.02897 0.03624 0.14147
v 0.02897 0.03624 0.14147
v 0.02902 0.02423 0.12161
v 0.02902 0.02423 0.12161
v 0.02902 0.02423 0.12161
v 0.02902 0.02423 0.12161
v 0.02902 0.02423 0.12161
v 0.02871 0.06513 0.07900
v 0.02871 0.06513 0.07900
v 0.02871 0.06513 0.07900
v 0.02924 0.08893 0.10471
v 0.02924 0.08893 0.10471
v 0.02924 0.08893 0.10471
v 0.02888 0.06676 -0.08281
v 0.02888 0.06676 -0.08281
v 0.02888 0.06676 -0.08281
v 0.02888 0.06676 -0.08281
v 0.02888 0.06676 -0.08281
v 0.02949 0.08666 0.09509
v 0.02949 0.08666 0.09509
v 0.02949 0.08666 0.09509
v 0.02907 0.04655 -0.08283
v 0.02907 0.04655 -0.08283
v 0.02907 0.04655 -0.08283
v 0.02907 0.04655 -0.08283
v 0.02881 0.03633 -0.08893
v 0.02881 0.03633 -0.08893
v 0.02881 0.03633 -0.08893
v 0.02881 0.03633 -0.08893
v 0.02881 0.03633 -0.08893
v 0.02916 0.07678 0.08506
v 0.02916 0.07678 0.08506
v 0.02916 0.07678 0.08506
v 0.02916 0.07678 0.08506
v 0.03004 0.08693 0.12880
v 0.03004 0.08693 0.12880
v 0.03004 0.08693 0.12880
v 0.03004 0.08693 0.12880
v 0.02927 0.03033 -0.09501
v 0.02927 0.03033 -0.09501
v 0.02927 0.03033 -0.09501
v 0.02891 0.04850 0.07895
v 0.02891 0.04850 0.07895
v 0.02891 0.04850 0.07895
v 0.02904 0.07867 -0.08880
v 0.02904 0.07867 -0.08880
v 0.02904 0.07867 -0.08880
v 0.02904 0.07867 -0.08880
v 0.02904 0.07867 -0.08880
v 0.02904 0.07867 -0.08880
v 0.02904 0.06254 0.14747
v 0.02904 0.06254 0.14747
v 0.02904 0.06254 0.14747
v 0.03065 0.05541 -0.15097
v 0.03065 0.05541 -0.15097
v 0.03065 0.05541 -0.15097
v 0.07060 0.08970 -0.12333
v 0.07060 0.08970 -0.12333
v 0.07060 0.08970 -0.12333
v 0.06191 0.03534 0.14190
v 0.06191 0.03534 0.14190
v 0.06191 0.03534 0.14190
v 0.06191 0.03534 0.14190
v 0.06191 0.03534 0.14190
v 0.07433 0.08944 0.10776
v 0.07433 0.08944 0.10776
v 0.07433 0.08944 0.10776
v 0.06207 0.05240 -0.15217
v 0.06207 0.05240 -0.15217
v 0.06207 0.05240 -0.15217
v 0.06207 0.05240 -0.15217
v 0.06350 0.02061 0.12243
v 0.06350 0.02061 0.12243
v 0.06350 0.02061 0.12243
v 0.06350 0.02061 0.12243
v 0.06350 0.02061 0.12243
v 0.06350 0.02061 0.12243
v 0.03258 0.03671 0.08548
v 0.03258 0.03671 0.08548
v 0.03258 0.03671 0.08548
v 0.03863 0.08135 0.08306
v 0.03863 0.08135 0.08306
v 0.03863 0.08135 0.08306
v 0.03863 0.08135 0.08306
v 0.03863 0.08135 0.08306
v 0.06188 0.06596 0.07903
v 0.06188 0.06596 0.07903
v 0.06188 0.06596 0.07903
v 0.03496 0.03201 -0.08661
v 0.03496 0.03201 -0.08661
v 0.03496 0.03201 -0.08661
v 0.03496 0.03201 -0.08661
v 0.03496 0.03201 -0.08661
v 0.06240 0.02972 0.09638
v 0.06240 0.02972 0.09638
v 0.06240 0.02972 0.09638
v 0.06240 0.02972 0.09638
v 0.04939 0.08300 -0.08584
v 0.04939 0.08300 -0.08584
v 0.04939 0.08300 -0.08584
v 0.06241 0.06762 -0.08433
v 0.06241 0.06762 -0.08433
v 0.06241 0.06762 -0.08433
v 0.06241 0.06762 -0.08433
v 0.06241 0.06762 -0.08433
v 0.06241 0.06762 -0.08433
v 0.06241 0.06762 -0.08433
v 0.06226 0.05671 0.14651
v 0.06226 0.05671 0.14651
v 0.06226 0.05671 0.14651
v 0.06226 0.05671 0.14651
v 0.06226 0.05671 0.14651
v 0.06226 0.05671 0.14651
v 0.06226 0.05671 0.14651
v 0.06229 0.06939 -0.14935
v 0.06229 0.06939 -0.14935
v 0.06229 0.06939 -0.14935
v 0.06229 0.06939 -0.14935
v 0.06229 0.06939 -0.14935
v 0.06229 0.06939 -0.14935
v 0.06229 0.06939 -0.14935
v 0.06229 0.06939 -0.14935
v 0.06229 0.06939 -0.14935
v 0.06239 0.07329 0.08463
v 0.06239 0.07329 0.08463
v 0.06239 0.07329 0.08463
v 0.06239 0.07329 0.08463
v 0.06275 0.07994 0.09018
v 0.06275 0.07994 0.09018
v 0.06275 0.07994 0.09018
v 0.06275 0.07994 0.09018
v 0.06275 0.07994 0.09018
v 0.06275 0.07994 0.09018
v 0.06300 0.08534 -0.12792
v 0.06300 0.08534 -0.12792
v 0.06300 0.08534 -0.12792
v 0.06300 0.08534 -0.12792
v 0.06207 0.05250 -0.08333
v 0.06207 0.05250 -0.08333
v 0.06207 0.05250 -0.08333
v 0.06225 0.06314 -0.14875
v 0.06225 0.06314 -0.14875
v 0.06225 0.06314 -0.14875
v 0.06228 0.03943 -0.14490
v 0.06228 0.03943 -0.14490
v 0.06228 0.03943 -0.14490
v 0.06228 0.03943 -0.14490
v 0.06228 0.07631 0.13876
v 0.06228 0.07631 0.13876
v 0.06228 0.07631 0.13876
v 0.06228 0.07631 0.13876
v 0.06228 0.07631 0.13876
v 0.06228 0.07631 0.13876
v 0.06237 0.05068 -0.14923
v 0.06237 0.05068 -0.14923
v 0.06237 0.05068 -0.14923
v 0.06237 0.05068 -0.14923
v 0.06461 0.08822 -0.12742
v 0.06461 0.08822 -0.12742
v 0.06461 0.08822 -0.12742
v 0.06461 0.08822 -0.12742
v 0.06530 0.08570 0.12302
v 0.06530 0.08570 0.12302
v 0.06530 0.08570 0.12302
v 0.06530 0.08570 0.12302
v 0.06530 0.08570 0.12302
v 0.06530 0.08570 0.12302
v 0.06162 0.00422 0.09832
v 0.06162 0.00422 0.09832
v 0.06162 0.00422 0.09832
v 0.06208 0.05833 -0.08068
v 0.06208 0.05833 -0.08068
v 0.06208 0.05833 -0.08068
v 0.06210 0.05143 0.07822
v 0.06210 0.05143 0.07822
v 0.06210 0.05143 0.07822
v 0.06210 0.05143 0.07822
v 0.06210 0.05143 0.07822
v 0.06210 0.05143 0.07822
v 0.04647 0.03014 0.08395
v 0.04647 0.03014 0.08395
v 0.06309 0.08299 -0.13547
v 0.06309 0.08299 -0.13547
v 0.06309 0.08299 -0.13547
v 0.06262 0.02780 -0.10235
v 0.06262 0.02780 -0.10235
v 0.06262 0.02780 -0.10235
v 0.06262 0.02780 -0.10235
v 0.06262 0.02780 -0.10235
v 0.06262 0.02780 -0.10235
v 0.06262 0.02780 -0.10235
v 0.06217 0.04615 0.14499
v 0.06217 0.04615 0.14499
v 0.06217 0.04615 0.14499
v 0.06217 0.04615 0.14499
v 0.06217 0.04615 0.14499
v 0.04750 0.03300 -0.08779
v 0.04750 0.03300 -0.08779
v 0.06232 0.02849 -0.13811
v 0.06232 0.02849 -0.13811
v 0.06232 0.02849 -0.13811
v 0.06232 0.02849 -0.13811
v 0.06232 0.02849 -0.13811
v 0.05056 0.03180 0.08655
v 0.05056 0.03180 0.08655
v 0.04754 0.02947 -0.08695
v 0.04754 0.02947 -0.08695
v 0.04754 0.02947 -0.08695
v 0.06208 0.03916 -0.14772
v 0.06208 0.03916 -0.14772
v 0.06208 0.03916 -0.14772
v 0.06208 0.03916 -0.14772
v 0.06208 0.03916 -0.14772
v 0.06588 0.08170 0.09466
v 0.06588 0.08170 0.09466
v 0.06588 0.08170 0.09466
v 0.06253 0.02977 0.13200
v 0.06253 0.02977 0.13200
v 0.06253 0.02977 0.13200
v 0.06253 0.02977 0.13200
v 0.06253 0.02977 0.13200
v 0.06213 0.08167 -0.14028
v 0.06213 0.08167 -0.14028
v 0.06213 0.08167 -0.14028
v 0.06213 0.08167 -0.14028
v 0.06213 0.08167 -0.14028
v 0.06213 0.08167 -0.14028
v 0.06790 0.02806 0.05622
v 0.06790 0.02806 0.05622
v 0.06790 0.02806 0.05622
v 0.04736 0.08288 0.08164
v 0.04736 0.08288 0.08164
v 0.04736 0.08288 0.08164
v 0.07958 0.08694 0.12257
v 0.07958 0.08694 0.12257
v 0.07958 0.08694 0.12257
v 0.07958 0.08694 0.12257
v 0.07958 0.08694 0.12257
v 0.06342 0.02314 0.11551
v 0.06342 0.02314 0.11551
v 0.06342 0.02314 0.11551
v 0.06342 0.02314 0.11551
v 0.06342 0.02314 0.11551
v 0.06342 0.02314 0.11551
v 0.06208 0.06236 0.08092
v 0.06208 0.06236 0.08092
v 0.06208 0.06236 0.08092
v 0.06208 0.06236 0.08092
v 0.06208 0.06236 0.08092
v 0.06307 0.02403 -0.12376
v 0.06307 0.02403 -0.12376
v 0.06307 0.02403 -0.12376
v 0.06307 0.02403 -0.12376
v 0.06228 0.04337 -0.08613
v 0.06228 0.04337 -0.08613
v 0.06228 0.04337 -0.08613
v 0.06228 0.04337 -0.08613
v 0.06250 0.08144 -0.09606
v 0.06250 0.08144 -0.09606
v 0.06250 0.08144 -0.09606
v 0.06250 0.08144 -0.09606
v 0.06250 0.08144 -0.09606
v 0.06332 0.02053 -0.12489
v 0.06332 0.02053 -0.12489
v 0.06332 0.02053 -0.12489
v 0.06332 0.02053 -0.12489
v 0.06332 0.02053 -0.12489
v 0.06332 0.02053 -0.12489
v 0.06332 0.02053 -0.12489
v 0.06332 0.02053 -0.12489
v 0.06332 0.02053 -0.12489
v 0.08725 0.02419 -0.05613
v 0.08725 0.02419 -0.05613
v 0.08725 0.02419 -0.05613
v 0.06192 0.04348 0.08076
v 0.06192 0.04348 0.08076
v 0.06192 0.04348 0.08076
v 0.06192 0.04348 0.08076
v 0.06192 0.04348 0.08076
v 0.06126 0.08120 -0.08518
v 0.06126 0.08120 -0.08518
v 0.06126 0.08120 -0.08518
v 0.06126 0.08120 -0.08518
v 0.06387 0.08858 0.12385
v 0.06387 0.08858 0.12385
v 0.06387 0.08858 0.12385
v 0.06387 0.08858 0.12385
v 0.09425 0.02189 -0.10783
v 0.09425 0.02189 -0.10783
v 0.06352 0.07840 -0.09152
v 0.06352 0.07840 -0.09152
v 0.06352 0.07840 -0.09152
v 0.06352 0.07840 -0.09152
v 0.06194 0.07387 0.14370
v 0.06194 0.07387 0.14370
v 0.06194 0.07387 0.14370
v 0.06194 0.07387 0.14370
v 0.06194 0.07387 0.14370
v 0.06398 0.08037 -0.08988
v 0.06398 0.08037 -0.08988
v 0.06398 0.08037 -0.08988
v 0.06398 0.08037 -0.08988
v 0.06398 0.08037 -0.08988
v 0.06398 0.08037 -0.08988
v 0.06398 0.08037 -0.08988
v 0.06398 0.08037 -0.08988
v 0.05864 0.03087 0.05564
v 0.05864 0.03087 0.05564
v 0.05864 0.03087 0.05564
v 0.06242 0.04384 0.08264
v 0.06242 0.04384 0.08264
v 0.06242 0.04384 0.08264
v 0.06242 0.04384 0.08264
v 0.06087 0.07635 0.08423
v 0.06087 0.07635 0.08423
v 0.06087 0.07635 0.08423
v 0.06087 0.07635 0.08423
v 0.06087 0.07635 0.08423
v 0.06235 0.03073 -0.13667
v 0.06235 0.03073 -0.13667
v 0.06235 0.03073 -0.13667
v 0.06235 0.03073 -0.13667
v 0.06235 0.03073 -0.13667
v 0.06206 0.03075 -0.09326
v 0.06206 0.03075 -0.09326
v 0.06206 0.03075 -0.09326
v 0.06206 0.03075 -0.09326
v 0.06206 0.03075 -0.09326
v 0.05583 0.03010 -0.09254
v 0.05583 0.03010 -0.09254
v 0.05583 0.03010 -0.09254
v 0.05583 0.03010 -0.09254
v 0.05448 0.07941 0.08488
v 0.05448 0.07941 0.08488
v 0.05811 0.02806 0.08785
v 0.05811 0.02806 0.08785
v 0.05811 0.02806 0.08785
v 0.05811 0.02806 0.08785
v 0.06323 0.02664 -0.09070
v 0.06323 0.02664 -0.09070
v 0.06323 0.02664 -0.09070
v 0.06323 0.02664 -0.09070
v 0.06219 0.08016 0.13870
v 0.06219 0.08016 0.13870
v 0.06219 0.08016 0.13870
v 0.06219 0.08016 0.13870
v 0.06219 0.08016 0.13870
v 0.06219 0.08016 0.13870
v 0.06299 0.08498 0.12790
v 0.06299 0.08498 0.12790
v 0.06299 0.08498 0.12790
v 0.10903 0.06549 0.06378
v 0.10903 0.06549 0.06378
v 0.10903 0.06549 0.06378
v 0.10903 0.06549 0.06378
v 0.06204 0.03226 0.08913
v 0.06204 0.03226 0.08913
v 0.06204 0.03226 0.08913
v 0.06204 0.03226 0.08913
v 0.06305 0.02739 0.08881
v 0.06305 0.02739 0.08881
v 0.06305 0.02739 0.08881
v 0.06305 0.02739 0.08881
v 0.06544 0.08043 0.08477
v 0.06544 0.08043 0.08477
v 0.06544 0.08043 0.08477
v 0.06544 0.08043 0.08477
v 0.06544 0.08043 0.08477
v 0.06544 0.08043 0.08477
v 0.10728 0.01633 -0.11860
v 0.10728 0.01633 -0.11860
v 0.10728 0.01633 -0.11860
v 0.10728 0.01633 -0.11860
v 0.08359 0.08250 -0.12583
v 0.08359 0.08250 -0.12583
v 0.08359 0.08250 -0.12583
v 0.08359 0.08250 -0.12583
v 0.08449 0.08444 -0.12602
v 0.08449 0.08444 -0.12602
v 0.08449 0.08444 -0.12602
v 0.08449 0.08444 -0.12602
v 0.12210 0.07263 0.11859
v 0.12210 0.07263 0.11859
v 0.12210 0.07263 0.11859
v 0.20759 -0.01944 -0.07595
v 0.11336 0.01948 -0.11984
v 0.11336 0.01948 -0.11984
v 0.11336 0.01948 -0.11984
v 0.11846 0.02120 0.11607
v 0.11846 0.02120 0.11607
v 0.11846 0.02120 0.11607
v 0.13355 -0.14079 0.09822
v 0.13355 -0.14079 0.09822
v 0.27621 -0.05663 -0.07722
v 0.15094 0.05012 -0.05283
v 0.15094 0.05012 -0.05283
v 0.15094 0.05012 -0.05283
v 0.15094 0.05012 -0.05283
v 0.15094 0.05012 -0.05283
v 0.12210 0.06815 -0.08524
v 0.09501 0.02231 0.05212
v 0.09501 0.02231 0.05212
v 0.09501 0.02231 0.05212
v 0.09501 0.02231 0.05212
v 0.12165 0.06377 -0.06675
v 0.12165 0.06377 -0.06675
v 0.09506 0.02217 -0.05630
v 0.09506 0.02217 -0.05630
v 0.09506 0.02217 -0.05630
v 0.09506 0.02217 -0.05630
v 0.09506 0.02217 -0.05630
v 0.11003 0.02035 0.05133
v 0.11003 0.02035 0.05133
v 0.13728 0.07081 0.11686
v 0.13728 0.07081 0.11686
v 0.13728 0.07081 0.11686
v 0.13728 0.07081 0.11686
v 0.13728 0.07081 0.11686
v 0.13728 0.07081 0.11686
v 0.13728 0.07081 0.11686
v 0.13728 0.07081 0.11686
v 0.12720 0.06569 0.07586
v 0.12720 0.06569 0.07586
v 0.12720 0.06569 0.07586
v 0.12387 0.02259 0.10504
v 0.12387 0.02259 0.10504
v 0.12387 0.02259 0.10504
v 0.09731 0.02231 -0.05409
v 0.09731 0.02231 -0.05409
v 0.09731 0.02231 -0.05409
v 0.10846 0.02303 -0.05145
v 0.10846 0.02303 -0.05145
v 0.10846 0.02303 -0.05145
v 0.10846 0.02303 -0.05145
v 0.14596 0.01873 -0.04591
v 0.14596 0.01873 -0.04591
v 0.14596 0.01873 -0.04591
v 0.14103 0.01654 0.10966
v 0.14103 0.01654 0.10966
v 0.14103 0.01654 0.10966
v 0.14103 0.01654 0.10966
v 0.14103 0.01654 0.10966
v 0.14103 0.01654 0.10966
v 0.15032 0.04616 0.04755
v 0.15032 0.04616 0.04755
v 0.15032 0.04616 0.04755
v 0.13863 0.07147 -0.11852
v 0.13863 0.07147 -0.11852
v 0.13863 0.07147 -0.11852
v 0.13863 0.07147 -0.11852
v 0.13627 0.00208 -0.08662
v 0.13911 0.02287 -0.11612
v 0.13911 0.02287 -0.11612
v 0.13911 0.02287 -0.11612
v 0.13911 0.02287 -0.11612
v 0.14004 0.07320 -0.10806
v 0.14004 0.07320 -0.10806
v 0.13551 0.00513 -0.08902
v 0.13551 0.00513 -0.08902
v 0.13551 0.00513 -0.08902
v 0.13551 0.00513 -0.08902
v 0.12121 0.07375 -0.12198
v 0.12121 0.07375 -0.12198
v 0.14330 0.02409 -0.11211
v 0.14330 0.02409 -0.11211
v 0.14330 0.02409 -0.11211
v 0.14330 0.02409 -0.11211
v 0.16572 0.01938 -0.04173
v 0.16572 0.01938 -0.04173
v 0.16572 0.01938 -0.04173
v 0.16572 0.01938 -0.04173
v 0.23087 -0.17525 -0.05328
v 0.23087 -0.17525 -0.05328
v 0.23087 -0.17525 -0.05328
v 0.17891 0.01921 0.03782
v 0.17891 0.01921 0.03782
v 0.17891 0.01921 0.03782
v 0.17891 0.01921 0.03782
v 0.27263 -0.01362 0.06018
v 0.27263 -0.01362 0.06018
v 0.27263 -0.01362 0.06018
v 0.27263 -0.01362 0.06018
v 0.16911 0.05511 -0.11085
v 0.16911 0.05511 -0.11085
v 0.16911 0.05511 -0.11085
v 0.16911 0.05511 -0.11085
v 0.16911 0.05511 -0.11085
v 0.16978 0.05438 -0.08342
v 0.15799 0.06724 0.10671
v 0.15799 0.06724 0.10671
v 0.28108 -0.05846 0.07519
v 0.28108 -0.05846 0.07519
v 0.28108 -0.05846 0.07519
v 0.19633 0.02989 -0.03780
v 0.19633 0.02989 -0.03780
v 0.19633 0.02989 -0.03780
v 0.17393 0.02811 0.10690
v 0.17393 0.02811 0.10690
v 0.17393 0.02811 0.10690
v 0.17393 0.02811 0.10690
v 0.16795 0.05143 -0.06318
v 0.16795 0.05143 -0.06318
v 0.16198 0.05748 0.10577
v 0.16198 0.05748 0.10577
v 0.16108 0.05386 0.06308
v 0.16108 0.05386 0.06308
v 0.16108 0.05386 0.06308
v 0.16108 0.05386 0.06308
v 0.16258 0.06293 -0.11473
v 0.16258 0.06293 -0.11473
v 0.16258 0.06293 -0.11473
v 0.16258 0.06293 -0.11473
v 0.16258 0.06293 -0.11473
v 0.17923 0.01683 0.04201
v 0.17923 0.01683 0.04201
v 0.19270 0.01690 -0.03973
v 0.19270 0.01690 -0.03973
v 0.19270 0.01690 -0.03973
v 0.19270 0.01690 -0.03973
v 0.19231 0.04483 0.06934
v 0.19231 0.04483 0.06934
v 0.18204 0.02490 -0.11018
v 0.18204 0.02490 -0.11018
v 0.18204 0.02490 -0.11018
v 0.18204 0.02490 -0.11018
v 0.18204 0.02490 -0.11018
v 0.18467 0.03055 -0.10802
v 0.18467 0.03055 -0.10802
v 0.18467 0.03055 -0.10802
v 0.18467 0.03055 -0.10802
v 0.18467 0.03055 -0.10802
v 0.22296 0.02222 0.03242
v 0.22296 0.02222 0.03242
v 0.22296 0.02222 0.03242
v 0.22296 0.02222 0.03242
v 0.22296 0.02222 0.03242
v 0.22296 0.02222 0.03242
v 0.17687 -0.13692 0.09229
v 0.17687 -0.13692 0.09229
v 0.19047 0.00221 0.07490
v 0.19047 0.00221 0.07490
v 0.27915 0.02363 0.04188
v 0.27915 0.02363 0.04188
v 0.18125 0.04806 0.10186
v 0.18125 0.04806 0.10186
v 0.18125 0.04806 0.10186
v 0.19035 0.03373 0.10594
v 0.19035 0.03373 0.10594
v 0.19035 0.03373 0.10594
v 0.19035 0.03373 0.10594
v 0.19035 0.03373 0.10594
v 0.19745 0.02960 0.10560
v 0.19745 0.02960 0.10560
v 0.19745 0.02960 0.10560
v 0.21817 0.04574 -0.09781
v 0.21817 0.04574 -0.09781
v 0.21817 0.04574 -0.09781
v 0.20124 0.02392 0.07324
v 0.20124 0.02392 0.07324
v 0.20124 0.02392 0.07324
v 0.18385 0.05672 0.10652
v 0.18385 0.05672 0.10652
v 0.18451 0.04849 0.10751
v 0.18451 0.04849 0.10751
v 0.18451 0.04849 0.10751
v 0.18451 0.04849 0.10751
v 0.19825 0.01918 -0.03587
v 0.19825 0.01918 -0.03587
v 0.19825 0.01918 -0.03587
v 0.19825 0.01918 -0.03587
v 0.19825 0.01918 -0.03587
v 0.18988 0.04999 0.10802
v 0.18988 0.04999 0.10802
v 0.18988 0.04999 0.10802
v 0.18988 0.04999 0.10802
v 0.18988 0.04999 0.10802
v 0.21514 0.02800 -0.03957
v 0.21514 0.02800 -0.03957
v 0.21514 0.02800 -0.03957
v 0.21514 0.02800 -0.03957
v 0.18944 0.00070 -0.07722
v 0.18944 0.00070 -0.07722
v 0.18944 0.00070 -0.07722
v 0.21606 0.02042 -0.09907
v 0.21606 0.02042 -0.09907
v 0.18805 0.04378 -0.10220
v 0.18805 0.04378 -0.10220
v 0.18805 0.04378 -0.10220
v 0.18805 0.04378 -0.10220
v 0.18805 0.04378 -0.10220
v 0.19811 0.02905 0.03566
v 0.19811 0.02905 0.03566
v 0.19811 0.02905 0.03566
v 0.21118 0.02221 -0.06254
v 0.21118 0.02221 -0.06254
v 0.21118 0.02221 -0.06254
v 0.19042 0.04435 -0.10942
v 0.19042 0.04435 -0.10942
v 0.19042 0.04435 -0.10942
v 0.19042 0.04435 -0.10942
v 0.19042 0.04435 -0.10942
v 0.19037 0.03855 -0.10635
v 0.19037 0.03855 -0.10635
v 0.19037 0.03855 -0.10635
v 0.19037 0.03855 -0.10635
v 0.19020 0.03638 0.10451
v 0.19020 0.03638 0.10451
v 0.19020 0.03638 0.10451
v 0.19020 0.03638 0.10451
v 0.19020 0.03638 0.10451
v 0.19020 0.03638 0.10451
v 0.19039 0.03982 0.10041
v 0.19039 0.03982 0.10041
v 0.19039 0.03982 0.10041
v 0.19039 0.03982 0.10041
v 0.20518 0.03775 0.07339
v 0.20518 0.03775 0.07339
v 0.20518 0.03775 0.07339
v 0.20518 0.03775 0.07339
v 0.19140 0.03584 -0.10264
v 0.21354 0.03411 -0.06312
v 0.21354 0.03411 -0.06312
v 0.21354 0.03411 -0.06312
v 0.23062 0.00536 -0.07065
v 0.23062 0.00536 -0.07065
v 0.23062 0.00536 -0.07065
v 0.23062 0.00536 -0.07065
v 0.23062 0.00536 -0.07065
v 0.23062 0.00536 -0.07065
v 0.20406 0.03244 -0.08685
v 0.20406 0.03244 -0.08685
v 0.20406 0.03244 -0.08685
v 0.20406 0.03244 -0.08685
v 0.22144 0.01814 -0.03790
v 0.22144 0.01814 -0.03790
v 0.22144 0.01814 -0.03790
v 0.22144 0.01814 -0.03790
v 0.22144 0.01814 -0.03790
v 0.20809 0.03541 -0.07893
v 0.20809 0.03541 -0.07893
v 0.20809 0.03541 -0.07893
v 0.20809 0.03541 -0.07893
v 0.19891 0.03370 0.08948
v 0.19891 0.03370 0.08948
v 0.19891 0.03370 0.08948
v 0.19891 0.03370 0.08948
v 0.19891 0.03370 0.08948
v 0.19891 0.03370 0.08948
v 0.21571 0.03066 0.04873
v 0.21571 0.03066 0.04873
v 0.21571 0.03066 0.04873
v 0.21571 0.03066 0.04873
v 0.21051 0.01947 0.03196
v 0.21051 0.01947 0.03196
v 0.21051 0.01947 0.03196
v 0.21051 0.01947 0.03196
v 0.23026 0.03863 -0.09925
v 0.23026 0.03863 -0.09925
v 0.31789 -0.08111 0.07350
v 0.31789 -0.08111 0.07350
v 0.22713 0.03591 0.10028
v 0.22713 0.03591 0.10028
v 0.22713 0.03591 0.10028
v 0.22759 0.03311 -0.10234
v 0.22356 0.01752 0.09138
v 0.22356 0.01752 0.09138
v 0.22356 0.01752 0.09138
v 0.22356 0.01752 0.09138
v 0.23924 0.02840 0.09464
v 0.23924 0.02840 0.09464
v 0.23924 0.02840 0.09464
v 0.23924 0.02840 0.09464
v 0.23924 0.02840 0.09464
v 0.20383 0.03540 0.08230
v 0.20383 0.03540 0.08230
v 0.20383 0.03540 0.08230
v 0.21971 0.02839 -0.04824
v 0.21971 0.02839 -0.04824
v 0.21971 0.02839 -0.04824
v 0.21971 0.02839 -0.04824
v 0.21036 0.01938 -0.03387
v 0.21036 0.01938 -0.03387
v 0.21036 0.01938 -0.03387
v 0.21238 0.02773 -0.07161
v 0.21238 0.02773 -0.07161
v 0.21238 0.02773 -0.07161
v 0.22109 0.02245 -0.03402
v 0.22109 0.02245 -0.03402
v 0.22109 0.02245 -0.03402
v 0.22109 0.02245 -0.03402
v 0.22109 0.02245 -0.03402
v 0.22109 0.02245 -0.03402
v 0.22305 0.01837 0.03739
v 0.22305 0.01837 0.03739
v 0.22305 0.01837 0.03739
v 0.22305 0.01837 0.03739
v 0.21614 0.00483 0.07127
v 0.21614 0.00483 0.07127
v 0.21614 0.00483 0.07127
v 0.21614 0.00483 0.07127
v 0.21614 0.00483 0.07127
v 0.21614 0.00483 0.07127
v 0.20994 0.03191 0.07304
v 0.20994 0.03191 0.07304
v 0.21841 0.02370 0.05247
v 0.21841 0.02370 0.05247
v 0.21841 0.02370 0.05247
v 0.21841 0.02370 0.05247
v 0.21308 0.02764 0.06606
v 0.21308 0.02764 0.06606
v 0.21308 0.02764 0.06606
v 0.21308 0.02764 0.06606
v 0.21308 0.02764 0.06606
v 0.21365 0.03210 0.06271
v 0.21365 0.03210 0.06271
v 0.21184 0.03135 -0.07480
v 0.21184 0.03135 -0.07480
v 0.22645 0.04036 0.09807
v 0.22645 0.04036 0.09807
v 0.22645 0.04036 0.09807
v 0.22645 0.04036 0.09807
v 0.22645 0.04036 0.09807
v 0.21780 0.02986 -0.05981
v 0.21780 0.02986 -0.05981
v 0.21780 0.02986 -0.05981
v 0.21780 0.02986 -0.05981
v 0.22289 0.01902 0.03242
v 0.22289 0.01902 0.03242
v 0.22289 0.01902 0.03242
v 0.22289 0.01902 0.03242
v 0.22340 0.02125 -0.04109
v 0.22340 0.02125 -0.04109
v 0.22340 0.02125 -0.04109
v 0.22340 0.02125 -0.04109
v 0.21699 0.02574 -0.06003
v 0.21699 0.02574 -0.06003
v 0.21699 0.02574 -0.06003
v 0.22370 0.01925 -0.03535
v 0.22370 0.01925 -0.03535
v 0.22370 0.01925 -0.03535
v 0.22370 0.01925 -0.03535
v 0.23992 0.02767 -0.09673
v 0.23992 0.02767 -0.09673
v 0.21910 0.02674 0.05202
v 0.21910 0.02674 0.05202
v 0.24577 0.01707 -0.08363
v 0.24577 0.01707 -0.08363
v 0.24577 0.01707 -0.08363
v 0.22169 0.02441 0.04404
v 0.22169 0.02441 0.04404
v 0.22169 0.02441 0.04404
v 0.22169 0.02441 0.04404
v 0.22169 0.02441 0.04404
v 0.23856 0.00331 0.06535
v 0.23856 0.00331 0.06535
v 0.23856 0.00331 0.06535
v 0.23856 0.00331 0.06535
v 0.31804 -0.00951 -0.05006
v 0.31804 -0.00951 -0.05006
v 0.25016 0.01933 0.08217
v 0.25016 0.01933 0.08217
v 0.25016 0.01933 0.08217
v 0.25016 0.01933 0.08217
v 0.25016 0.01933 0.08217
v 0.25016 0.01933 0.08217
v 0.25016 0.01933 0.08217
v 0.24389 0.03228 0.09099
v 0.24389 0.03228 0.09099
v 0.24389 0.03228 0.09099
v 0.24771 0.02417 -0.09072
v 0.24771 0.02417 -0.09072
v 0.24771 0.02417 -0.09072
v 0.24771 0.02417 -0.09072
v 0.24771 0.02417 -0.09072
v 0.25964 0.03013 -0.05614
v 0.25964 0.03013 -0.05614
v 0.24416 0.03167 -0.09391
v 0.24416 0.03167 -0.09391
v 0.24416 0.03167 -0.09391
v 0.24416 0.03167 -0.09391
v 0.26155 0.01125 -0.06350
v 0.26155 0.01125 -0.06350
v 0.26155 0.01125 -0.06350
v 0.26155 0.01125 -0.06350
v 0.26650 0.02482 0.05935
v 0.26650 0.02482 0.05935
v 0.26650 0.02482 0.05935
v 0.26650 0.02482 0.05935
v 0.26650 0.02482 0.05935
v 0.26650 0.02482 0.05935
v 0.25280 0.02861 0.08296
v 0.25280 0.02861 0.08296
v 0.25280 0.02861 0.08296
v 0.25280 0.02861 0.08296
v 0.25289 0.02836 -0.08520
v 0.25289 0.02836 -0.08520
v 0.25289 0.02836 -0.08520
v 0.25289 0.02836 -0.08520
v 0.25493 0.02306 0.08116
v 0.25493 0.02306 0.08116
v 0.25493 0.02306 0.08116
v 0.25493 0.02306 0.08116
v 0.26388 0.01847 -0.06734
v 0.26388 0.01847 -0.06734
v 0.26388 0.01847 -0.06734
v 0.28302 0.01340 -0.05384
v 0.28302 0.01340 -0.05384
v 0.28302 0.01340 -0.05384
v 0.28302 0.01340 -0.05384
v 0.28302 0.01340 -0.05384
v 0.28302 0.01340 -0.05384
v 0.26954 0.02026 0.05952
v 0.26954 0.02026 0.05952
v 0.26954 0.02026 0.05952
v 0.26406 0.01182 0.06145
v 0.26406 0.01182 0.06145
v 0.26406 0.01182 0.06145
v 0.27018 0.02218 -0.05858
v 0.27018 0.02218 -0.05858
v 0.27018 0.02218 -0.05858
v 0.27018 0.02218 -0.05858
v 0.27763 0.01781 0.05394
v 0.27763 0.01781 0.05394
v 0.27763 0.01781 0.05394
v 0.27763 0.01781 0.05394
v 0.40824 -0.04934 0.05232
v 0.40824 -0.04934 0.05232
v 0.30207 0.01456 -0.04115
v 0.30207 0.01456 -0.04115
v 0.54281 -0.13293 0.02605
v 0.54281 -0.13293 0.02605
v 0.33536 -0.12606 -0.07123
v 0.33536 -0.12606 -0.07123
v 0.34232 -0.01267 0.04302
v 0.34232 -0.01267 0.04302
v 0.34232 -0.01267 0.04302
v 0.37902 -0.12133 0.06372
v 0.37902 -0.12133 0.06372
v 0.37902 -0.12133 0.06372
v 0.37319 -0.01308 0.02890
v 0.37319 -0.01308 0.02890
v 0.37319 -0.01308 0.02890
v 0.34492 -0.16465 -0.03893
v 0.34492 -0.16465 -0.03893
v 0.34492 -0.16465 -0.03893
v 0.35513 -0.08085 -0.06954
v 0.35513 -0.08085 -0.06954
v 0.48372 -0.14063 -0.03348
v 0.48372 -0.14063 -0.03348
v 0.48372 -0.14063 -0.03348
v 0.35704 -0.01592 -0.04191
v 0.35704 -0.01592 -0.04191
v 0.35704 -0.01592 -0.04191
v 0.35704 -0.01592 -0.04191
v 0.38316 -0.01497 -0.02895
v 0.38316 -0.01497 -0.02895
v 0.38316 -0.01497 -0.02895
v 0.38316 -0.01497 -0.02895
v 0.52097 -0.08724 0.04360
v 0.52097 -0.08724 0.04360
v 0.52097 -0.08724 0.04360
v 0.52097 -0.08724 0.04360
v 0.39819 -0.05189 -0.05675
v 0.39819 -0.05189 -0.05675
v 0.38241 -0.03642 -0.05176
v 0.38241 -0.03642 -0.05176
v 0.38241 -0.03642 -0.05176
v 0.37180 -0.01706 0.03679
v 0.37180 -0.01706 0.03679
v 0.37180 -0.01706 0.03679
v 0.37180 -0.01706 0.03679
v 0.42127 -0.15687 0.02856
v 0.42127 -0.15687 0.02856
v 0.42127 -0.15687 0.02856
v 0.43483 -0.03663 0.04082
v 0.43483 -0.03663 0.04082
v 0.45841 -0.02258 -0.02482
v 0.45841 -0.02258 -0.02482
v 0.45841 -0.02258 -0.02482
v 0.47321 -0.02435 0.02215
v 0.47321 -0.02435 0.02215
v 0.47321 -0.02435 0.02215
v 0.46029 -0.15300 -0.02550
v 0.46029 -0.15300 -0.02550
v 0.46029 -0.15300 -0.02550
v 0.51731 -0.07155 -0.04440
v 0.51731 -0.07155 -0.04440
v 0.51731 -0.07155 -0.04440
v 0.51731 -0.07155 -0.04440
v 0.44879 -0.11742 -0.05523
v 0.44879 -0.11742 -0.05523
v 0.45680 -0.15302 0.02504
v 0.45680 -0.15302 0.02504
v 0.45680 -0.15302 0.02504
v 0.45680 -0.15302 0.02504
v 0.64092 -0.05371 -0.01737
v 0.64092 -0.05371 -0.01737
v 0.64092 -0.05371 -0.01737
v 0.64092 -0.05371 -0.01737
v 0.64092 -0.05371 -0.01737
v 0.64092 -0.05371 -0.01737
v 0.56891 -0.10904 0.03587
v 0.65754 -0.07060 0.02147
v 0.65754 -0.07060 0.02147
v 0.55034 -0.14305 -0.01572
v 0.55034 -0.14305 -0.01572
v 0.55034 -0.14305 -0.01572
v 0.55034 -0.14305 -0.01572
v 0.55034 -0.14305 -0.01572
v 0.57768 -0.10843 -0.03640
v 0.57768 -0.10843 -0.03640
v 0.59723 -0.03619 -0.00947
v 0.59723 -0.03619 -0.00947
v 0.59723 -0.03619 -0.00947
v 0.65222 -0.06683 -0.02302
v 0.65222 -0.06683 -0.02302
v 0.55371 -0.14220 0.01427
v 0.55371 -0.14220 0.01427
v 0.55371 -0.14220 0.01427
v 0.55371 -0.14220 0.01427
v 0.55371 -0.14220 0.01427
v 0.69095 -0.11446 0.01088
v 0.69095 -0.11446 0.01088
v 0.69095 -0.11446 0.01088
v 0.69095 -0.11446 0.01088
v 0.57593 -0.03415 0.01062
v 0.57593 -0.03415 0.01062
v 0.57593 -0.03415 0.01062
v 0.57593 -0.03415 0.01062
v 0.55493 -0.14394 0.00283
v 0.55615 -0.14394 -0.00494
v 0.65019 -0.05996 0.02007
v 0.65019 -0.05996 0.02007
v 0.65019 -0.05996 0.02007
v 0.65019 -0.05996 0.02007
v 0.65019 -0.05996 0.02007
v 0.65019 -0.05996 0.02007
v 0.55619 -0.14807 -0.00912
v 0.55619 -0.14807 -0.00912
v 0.55619 -0.14807 -0.00912
v 0.55619 -0.14807 -0.00912
v 0.55885 -0.15369 0.00719
v 0.55885 -0.15369 0.00719
v 0.55885 -0.15369 0.00719
v 0.55885 -0.15369 0.00719
v 0.56853 -0.14160 -0.00757
v 0.56853 -0.14160 -0.00757
v 0.56853 -0.14160 -0.00757
v 0.56853 -0.14160 -0.00757
v 0.56853 -0.14160 -0.00757
v 0.56853 -0.14160 -0.00757
v 0.65811 -0.11637 -0.01704
v 0.65811 -0.11637 -0.01704
v 0.65811 -0.11637 -0.01704
v 0.65811 -0.11637 -0.01704
v 0.56732 -0.14377 0.00482
v 0.56732 -0.14377 0.00482
v 0.56732 -0.14377 0.00482
v 0.56732 -0.14377 0.00482
v 0.56732 -0.14377 0.00482
v 0.56732 -0.14377 0.00482
v 0.56732 -0.14377 0.00482
v 0.56732 -0.14377 0.00482
v 0.56979 -0.16837 -0.00894
v 0.56979 -0.16837 -0.00894
v 0.56979 -0.16837 -0.00894
v 0.56979 -0.16837 -0.00894
v 0.56979 -0.16837 -0.00894
v 0.56649 -0.14733 -0.00663
v 0.56649 -0.14733 -0.00663
v 0.56649 -0.14733 -0.00663
v 0.56649 -0.14733 -0.00663
v 0.56649 -0.14733 -0.00663
v 0.56649 -0.14733 -0.00663
v 0.56649 -0.14733 -0.00663
v 0.56649 -0.14733 -0.00663
v 0.56550 -0.14836 0.00716
v 0.56550 -0.14836 0.00716
v 0.56550 -0.14836 0.00716
v 0.56550 -0.14836 0.00716
v 0.58070 -0.17260 -0.01072
v 0.58070 -0.17260 -0.01072
v 0.58070 -0.17260 -0.01072
v 0.58070 -0.17260 -0.01072
v 0.58070 -0.17260 -0.01072
v 0.58070 -0.17260 -0.01072
v 0.58070 -0.17260 -0.01072
v 0.58070 -0.17260 -0.01072
v 0.57808 -0.14124 -0.00839
v 0.57808 -0.14124 -0.00839
v 0.57808 -0.14124 -0.00839
v 0.57808 -0.14124 -0.00839
v 0.57808 -0.14124 -0.00839
v 0.57808 -0.14124 -0.00839
v 0.57808 -0.14124 -0.00839
v 0.56722 -0.14874 -0.00886
v 0.56722 -0.14874 -0.00886
v 0.56722 -0.14874 -0.00886
v 0.57275 -0.16100 0.00717
v 0.57275 -0.16100 0.00717
v 0.57275 -0.16100 0.00717
v 0.57275 -0.16100 0.00717
v 0.57816 -0.14100 0.00828
v 0.57816 -0.14100 0.00828
v 0.57816 -0.14100 0.00828
v 0.57816 -0.14100 0.00828
v 0.57816 -0.14100 0.00828
v 0.57816 -0.14100 0.00828
v 0.57816 -0.14100 0.00828
v 0.57942 -0.18182 0.00473
v 0.57942 -0.18182 0.00473
v 0.57942 -0.18182 0.00473
v 0.57942 -0.18182 0.00473
v 0.57942 -0.18182 0.00473
v 0.57942 -0.18182 0.00473
v 0.56934 -0.15098 0.00507
v 0.56934 -0.15098 0.00507
v 0.57880 -0.18139 -0.00670
v 0.57880 -0.18139 -0.00670
v 0.57880 -0.18139 -0.00670
v 0.57880 -0.18139 -0.00670
v 0.57880 -0.18139 -0.00670
v 0.57880 -0.18139 -0.00670
v 0.57880 -0.18139 -0.00670
v 0.57880 -0.18139 -0.00670
v 0.57755 -0.14541 0.00653
v 0.57755 -0.14541 0.00653
v 0.57755 -0.14541 0.00653
v 0.57755 -0.14541 0.00653
v 0.57751 -0.14342 -0.00746
v 0.57751 -0.14342 -0.00746
v 0.57751 -0.14342 -0.00746
v 0.57751 -0.14342 -0.00746
v 0.57919 -0.16430 -0.01084
v 0.57919 -0.16430 -0.01084
v 0.58064 -0.17251 0.00882
v 0.58064 -0.17251 0.00882
v 0.58064 -0.17251 0.00882
v 0.58064 -0.17251 0.00882
v 0.58064 -0.17251 0.00882
v 0.58064 -0.17251 0.00882
v 0.58253 -0.15599 0.00554
v 0.58253 -0.15599 0.00554
v 0.58253 -0.15599 0.00554
v 0.58253 -0.15599 0.00554
v 0.57845 -0.14250 0.00383
v 0.57845 -0.14250 0.00383
v 0.57845 -0.14250 0.00383
v 0.58195 -0.17560 -0.01455
v 0.58195 -0.17560 -0.01455
v 0.58195 -0.17560 -0.01455
v 0.58611 -0.18683 0.00366
v 0.58611 -0.18683 0.00366
v 0.58611 -0.18683 0.00366
v 0.58611 -0.18683 0.00366
v 0.58611 -0.18683 0.00366
v 0.58923 -0.17335 -0.00621
v 0.58923 -0.17335 -0.00621
v 0.58923 -0.17335 -0.00621
v 0.58440 -0.17258 -0.00876
v 0.58440 -0.17258 -0.00876
v 0.58440 -0.17258 -0.00876
v 0.58440 -0.17258 -0.00876
v 0.58440 -0.17258 -0.00876
v 0.58217 -0.17726 -0.01885
v 0.58217 -0.17726 -0.01885
v 0.58217 -0.17726 -0.01885
v 0.58217 -0.17726 -0.01885
v 0.58217 -0.17726 -0.01885
v 0.58217 -0.17726 -0.01885
v 0.58472 -0.17603 -0.01873
v 0.58472 -0.17603 -0.01873
v 0.58472 -0.17603 -0.01873
v 0.58472 -0.17603 -0.01873
v 0.58472 -0.17603 -0.01873
v 0.58472 -0.17603 -0.01873
v 0.58262 -0.17672 0.01650
v 0.58262 -0.17672 0.01650
v 0.58262 -0.17672 0.01650
v 0.58262 -0.17672 0.01650
v 0.58262 -0.17672 0.01650
v 0.58407 -0.17463 0.01051
v 0.58407 -0.17463 0.01051
v 0.58407 -0.17463 0.01051
v 0.58407 -0.17463 0.01051
v 0.58407 -0.17463 0.01051
v 0.58724 -0.16903 0.00440
v 0.58724 -0.16903 0.00440
v 0.58724 -0.16903 0.00440
v 0.58600 -0.18240 0.00722
v 0.58600 -0.18240 0.00722
v 0.58600 -0.18240 0.00722
v 0.58600 -0.18240 0.00722
v 0.58600 -0.18240 0.00722
v 0.58600 -0.18240 0.00722
v 0.58600 -0.18240 0.00722
v 0.58481 -0.17658 0.01689
v 0.58481 -0.17658 0.01689
v 0.58481 -0.17658 0.01689
v 0.58481 -0.17658 0.01689
v 0.58626 -0.18504 -0.01484
v 0.58626 -0.18504 -0.01484
v 0.58626 -0.18504 -0.01484
v 0.58626 -0.18504 -0.01484
v 0.58837 -0.18045 -0.00910
v 0.58837 -0.18045 -0.00910
v 0.58837 -0.18045 -0.00910
v 0.58837 -0.18045 -0.00910
v 0.58837 -0.18045 -0.00910
v 0.58837 -0.18045 -0.00910
v 0.59651 -0.19791 -0.00580
v 0.59651 -0.19791 -0.00580
v 0.59651 -0.19791 -0.00580
v 0.59651 -0.19791 -0.00580
v 0.59651 -0.19791 -0.00580
v 0.59651 -0.19791 -0.00580
v 0.60679 -0.20809 -0.01932
v 0.60679 -0.20809 -0.01932
v 0.60679 -0.20809 -0.01932
v 0.60679 -0.20809 -0.01932
v 0.59117 -0.18334 -0.01226
v 0.59117 -0.18334 -0.01226
v 0.59117 -0.18334 -0.01226
v 0.59117 -0.18334 -0.01226
v 0.59117 -0.18334 -0.01226
v 0.59117 -0.18334 -0.01226
v 0.59117 -0.18334 -0.01226
v 0.60125 -0.19326 -0.01798
v 0.60125 -0.19326 -0.01798
v 0.60125 -0.19326 -0.01798
v 0.60125 -0.19326 -0.01798
v 0.60125 -0.19326 -0.01798
v 0.59797 -0.19774 0.00273
v 0.59797 -0.19774 0.00273
v 0.59797 -0.19774 0.00273
v 0.59797 -0.19774 0.00273
v 0.59797 -0.19774 0.00273
v 0.59797 -0.19774 0.00273
v 0.59797 -0.19774 0.00273
v 0.59221 -0.18640 0.00673
v 0.59221 -0.18640 0.00673
v 0.59221 -0.18640 0.00673
v 0.59221 -0.18640 0.00673
v 0.59530 -0.18469 0.00512
v 0.59530 -0.18469 0.00512
v 0.59530 -0.18469 0.00512
v 0.59530 -0.18469 0.00512
v 0.59530 -0.18469 0.00512
v 0.59530 -0.18469 0.00512
v 0.59530 -0.18469 0.00512
v 0.59530 -0.18469 0.00512
v 0.60242 -0.19572 0.01027
v 0.60242 -0.19572 0.01027
v 0.60242 -0.19572 0.01027
v 0.60242 -0.19572 0.01027
v 0.60242 -0.19572 0.01027
v 0.60242 -0.19572 0.01027
v 0.60242 -0.19572 0.01027
v 0.60015 -0.20064 0.01714
v 0.60015 -0.20064 0.01714
v 0.60015 -0.20064 0.01714
v 0.60015 -0.20064 0.01714
v 0.60015 -0.20064 0.01714
v 0.59879 -0.19025 -0.00710
v 0.59879 -0.19025 -0.00710
v 0.59879 -0.19025 -0.00710
v 0.60395 -0.20774 -0.01274
v 0.60395 -0.20774 -0.01274
v 0.60395 -0.20774 -0.01274
v 0.60395 -0.20774 -0.01274
v 0.60395 -0.20774 -0.01274
v 0.60395 -0.20774 -0.01274
v 0.59597 -0.19030 -0.01182
v 0.59597 -0.19030 -0.01182
v 0.59597 -0.19030 -0.01182
v 0.60549 -0.19694 -0.01233
v 0.60549 -0.19694 -0.01233
v 0.60549 -0.19694 -0.01233
v 0.60549 -0.19694 -0.01233
v 0.60549 -0.19694 -0.01233
v 0.60549 -0.19694 -0.01233
v 0.60549 -0.19694 -0.01233
v 0.59854 -0.19824 0.00914
v 0.59854 -0.19824 0.00914
v 0.59854 -0.19824 0.00914
v 0.59854 -0.19824 0.00914
v 0.59854 -0.19824 0.00914
v 0.59854 -0.19824 0.00914
v 0.59854 -0.19824 0.00914
v 0.59854 -0.19824 0.00914
v 0.59777 -0.19024 0.00573
v 0.59777 -0.19024 0.00573
v 0.59777 -0.19024 0.00573
v 0.59398 -0.20753 0.00743
v 0.59398 -0.20753 0.00743
v 0.59398 -0.20753 0.00743
v 0.59398 -0.20753 0.00743
v 0.59344 -0.20961 -0.00924
v 0.59344 -0.20961 -0.00924
v 0.59344 -0.20961 -0.00924
v 0.59303 -0.22019 -0.00788
v 0.59303 -0.22019 -0.00788
v 0.59411 -0.22232 0.00744
v 0.59411 -0.22232 0.00744
v 0.59411 -0.22232 0.00744
v 0.60245 -0.19543 0.01718
v 0.60245 -0.19543 0.01718
v 0.60245 -0.19543 0.01718
v 0.60245 -0.19543 0.01718
v 0.60245 -0.19543 0.01718
v 0.65191 -0.05816 -0.02065
v 0.65191 -0.05816 -0.02065
v 0.65191 -0.05816 -0.02065
v 0.60004 -0.23140 -0.00769
v 0.60004 -0.23140 -0.00769
v 0.60004 -0.23140 -0.00769
v 0.60004 -0.23140 -0.00769
v 0.60004 -0.23140 -0.00769
v 0.59567 -0.22168 -0.01082
v 0.59567 -0.22168 -0.01082
v 0.59567 -0.22168 -0.01082
v 0.59567 -0.22168 -0.01082
v 0.60004 -0.22337 0.00936
v 0.60004 -0.22337 0.00936
v 0.60004 -0.22337 0.00936
v 0.60122 -0.23167 0.00745
v 0.60122 -0.23167 0.00745
v 0.60122 -0.23167 0.00745
v 0.60122 -0.23167 0.00745
v 0.60122 -0.23167 0.00745
v 0.60754 -0.20812 0.01717
v 0.60754 -0.20812 0.01717
v 0.60754 -0.20812 0.01717
v 0.60754 -0.20812 0.01717
v 0.60754 -0.20812 0.01717
v 0.60754 -0.20812 0.01717
v 0.60003 -0.19638 -0.00621
v 0.60003 -0.19638 -0.00621
v 0.60003 -0.19638 -0.00621
v 0.60003 -0.19638 -0.00621
v 0.60003 -0.19638 -0.00621
v 0.59798 -0.20036 0.00656
v 0.59798 -0.20036 0.00656
v 0.59798 -0.20036 0.00656
v 0.59798 -0.20036 0.00656
v 0.59996 -0.19997 -0.01077
v 0.59996 -0.19997 -0.01077
v 0.59996 -0.19997 -0.01077
v 0.59996 -0.19997 -0.01077
v 0.59996 -0.19997 -0.01077
v 0.59996 -0.19997 -0.01077
v 0.59996 -0.19997 -0.01077
v 0.60102 -0.19517 0.00124
v 0.60102 -0.19517 0.00124
v 0.60102 -0.19517 0.00124
v 0.60102 -0.19517 0.00124
v 0.60102 -0.19517 0.00124
v 0.60102 -0.19517 0.00124
v 0.60102 -0.19517 0.00124
v 0.60561 -0.20933 0.00902
v 0.60561 -0.20933 0.00902
v 0.60561 -0.20933 0.00902
v 0.60561 -0.20933 0.00902
v 0.60561 -0.20933 0.00902
v 0.60727 -0.19446 0.00606
v 0.60727 -0.19446 0.00606
v 0.60727 -0.19446 0.00606
v 0.60727 -0.19446 0.00606
v 0.60727 -0.19446 0.00606
v 0.60874 -0.23534 -0.00940
v 0.60874 -0.23534 -0.00940
v 0.60874 -0.23534 -0.00940
v 0.60874 -0.23534 -0.00940
v 0.60833 -0.20507 -0.02039
v 0.60833 -0.20507 -0.02039
v 0.60833 -0.20507 -0.02039
v 0.60795 -0.22314 -0.01084
v 0.60795 -0.22314 -0.01084
v 0.60795 -0.22314 -0.01084
v 0.60795 -0.22314 -0.01084
v 0.60424 -0.21951 0.00883
v 0.60424 -0.21951 0.00883
v 0.60424 -0.21951 0.00883
v 0.60424 -0.21951 0.00883
v 0.60858 -0.21693 -0.00897
v 0.60858 -0.21693 -0.00897
v 0.60858 -0.21693 -0.00897
v 0.60858 -0.21693 -0.00897
v 0.60858 -0.21693 -0.00897
v 0.61138 -0.21159 0.00813
v 0.61138 -0.21159 0.00813
v 0.61138 -0.21159 0.00813
v 0.61138 -0.21159 0.00813
v 0.61138 -0.21159 0.00813
v 0.61138 -0.21159 0.00813
v 0.61307 -0.22564 0.00876
v 0.61307 -0.22564 0.00876
v 0.64937 -0.04039 0.00047
v 0.64937 -0.04039 0.00047
v 0.64937 -0.04039 0.00047
v 0.64937 -0.04039 0.00047
v 0.64937 -0.04039 0.00047
v 0.60864 -0.21893 0.00325
v 0.60864 -0.21893 0.00325
v 0.60864 -0.21893 0.00325
v 0.60864 -0.21893 0.00325
v 0.60864 -0.21893 0.00325
v 0.61323 -0.20632 0.00869
v 0.61323 -0.20632 0.00869
v 0.61323 -0.20632 0.00869
v 0.61323 -0.20632 0.00869
v 0.61323 -0.20632 0.00869
v 0.61323 -0.20632 0.00869
v 0.61323 -0.20632 0.00869
v 0.60988 -0.20685 0.01713
v 0.60988 -0.20685 0.01713
v 0.60988 -0.20685 0.01713
v 0.60988 -0.20685 0.01713
v 0.61142 -0.20962 -0.01233
v 0.61142 -0.20962 -0.01233
v 0.61142 -0.20962 -0.01233
v 0.61142 -0.20962 -0.01233
v 0.61142 -0.20962 -0.01233
v 0.61142 -0.20962 -0.01233
v 0.67132 -0.10200 -0.02220
v 0.67132 -0.10200 -0.02220
v 0.67132 -0.10200 -0.02220
v 0.61606 -0.19432 -0.00924
v 0.61606 -0.19432 -0.00924
v 0.61606 -0.19432 -0.00924
v 0.61127 -0.20412 -0.01206
v 0.61127 -0.20412 -0.01206
v 0.61127 -0.20412 -0.01206
v 0.61127 -0.20412 -0.01206
v 0.61127 -0.20412 -0.01206
v 0.61395 -0.22271 -0.00740
v 0.61395 -0.22271 -0.00740
v 0.61395 -0.22271 -0.00740
v 0.61402 -0.23683 0.00600
v 0.61402 -0.23683 0.00600
v 0.61831 -0.19520 0.00785
v 0.61831 -0.19520 0.00785
v 0.61831 -0.19520 0.00785
v 0.61464 -0.21818 -0.01066
v 0.61464 -0.21818 -0.01066
v 0.61464 -0.21818 -0.01066
v 0.61464 -0.21818 -0.01066
v 0.61464 -0.21818 -0.01066
v 0.61464 -0.21818 -0.01066
v 0.62224 -0.23528 0.00736
v 0.62224 -0.23528 0.00736
v 0.62224 -0.23528 0.00736
v 0.62224 -0.23528 0.00736
v 0.62224 -0.23528 0.00736
v 0.61596 -0.21780 0.00743
v 0.61596 -0.21780 0.00743
v 0.61596 -0.21780 0.00743
v 0.61596 -0.21780 0.00743
v 0.61596 -0.21780 0.00743
v 0.61922 -0.22156 0.00092
v 0.61922 -0.22156 0.00092
v 0.61922 -0.22156 0.00092
v 0.61922 -0.22156 0.00092
v 0.61922 -0.22156 0.00092
v 0.61514 -0.21995 0.00296
v 0.61514 -0.21995 0.00296
v 0.61514 -0.21995 0.00296
v 0.61514 -0.21995 0.00296
v 0.61514 -0.21995 0.00296
v 0.61763 -0.20964 -0.00968
v 0.61763 -0.20964 -0.00968
v 0.61763 -0.20964 -0.00968
v 0.61763 -0.20964 -0.00968
v 0.61763 -0.20964 -0.00968
v 0.61821 -0.21090 0.00553
v 0.61821 -0.21090 0.00553
v 0.61821 -0.21090 0.00553
v 0.62942 -0.22963 -0.01073
v 0.62942 -0.22963 -0.01073
v 0.62942 -0.22963 -0.01073
v 0.62942 -0.22963 -0.01073
v 0.62942 -0.22963 -0.01073
v 0.62942 -0.22963 -0.01073
v 0.62119 -0.23554 -0.00946
v 0.62119 -0.23554 -0.00946
v 0.62119 -0.23554 -0.00946
v 0.62119 -0.23554 -0.00946
v 0.61774 -0.22405 -0.01014
v 0.61774 -0.22405 -0.01014
v 0.61774 -0.22405 -0.01014
v 0.61774 -0.22405 -0.01014
v 0.61774 -0.22405 -0.01014
v 0.64926 -0.04062 -0.00240
v 0.64926 -0.04062 -0.00240
v 0.64926 -0.04062 -0.00240
v 0.64926 -0.04062 -0.00240
v 0.64926 -0.04062 -0.00240
v 0.64926 -0.04062 -0.00240
v 0.61986 -0.21120 -0.00469
v 0.61986 -0.21120 -0.00469
v 0.61986 -0.21120 -0.00469
v 0.61986 -0.21120 -0.00469
v 0.61986 -0.21120 -0.00469
v 0.61986 -0.21120 -0.00469
v 0.62847 -0.20077 0.00881
v 0.62847 -0.20077 0.00881
v 0.62847 -0.20077 0.00881
v 0.62847 -0.20077 0.00881
v 0.62847 -0.20077 0.00881
v 0.62232 -0.22142 0.00873
v 0.62232 -0.22142 0.00873
v 0.62232 -0.22142 0.00873
v 0.62089 -0.21134 0.00486
v 0.62089 -0.21134 0.00486
v 0.62089 -0.21134 0.00486
v 0.62089 -0.21134 0.00486
v 0.62089 -0.21134 0.00486
v 0.62352 -0.20947 0.00884
v 0.62352 -0.20947 0.00884
v 0.62352 -0.20947 0.00884
v 0.62352 -0.20947 0.00884
v 0.62352 -0.20947 0.00884
v 0.62352 -0.20947 0.00884
v 0.62602 -0.19773 -0.00946
v 0.62602 -0.19773 -0.00946
v 0.62602 -0.19773 -0.00946
v 0.62602 -0.19773 -0.00946
v 0.62142 -0.20946 -0.01022
v 0.62142 -0.20946 -0.01022
v 0.62142 -0.20946 -0.01022
v 0.62142 -0.20946 -0.01022
v 0.62142 -0.20946 -0.01022
v 0.62345 -0.21842 -0.01076
v 0.62345 -0.21842 -0.01076
v 0.62345 -0.21842 -0.01076
v 0.62345 -0.21842 -0.01076
v 0.62345 -0.21842 -0.01076
v 0.62345 -0.21842 -0.01076
v 0.71443 -0.09841 0.01462
v 0.71443 -0.09841 0.01462
v 0.71443 -0.09841 0.01462
v 0.71443 -0.09841 0.01462
v 0.71443 -0.09841 0.01462
v 0.63395 -0.22494 0.00782
v 0.63395 -0.22494 0.00782
v 0.63395 -0.22494 0.00782
v 0.69862 -0.12575 -0.00123
v 0.69862 -0.12575 -0.00123
v 0.69862 -0.12575 -0.00123
v 0.69862 -0.12575 -0.00123
v 0.69862 -0.12575 -0.00123
v 0.62858 -0.19893 0.00658
v 0.62858 -0.19893 0.00658
v 0.62858 -0.19893 0.00658
v 0.62858 -0.19893 0.00658
v 0.62858 -0.19893 0.00658
v 0.63326 -0.22825 0.00227
v 0.63326 -0.22825 0.00227
v 0.63326 -0.22825 0.00227
v 0.63560 -0.21900 -0.01058
v 0.63560 -0.21900 -0.01058
v 0.63560 -0.21900 -0.01058
v 0.63314 -0.22758 -0.00910
v 0.63314 -0.22758 -0.00910
v 0.63314 -0.22758 -0.00910
v 0.63314 -0.22758 -0.00910
v 0.63314 -0.22758 -0.00910
v 0.63438 -0.20792 0.00811
v 0.63438 -0.20792 0.00811
v 0.63438 -0.20792 0.00811
v 0.63514 -0.20708 -0.00796
v 0.63514 -0.20708 -0.00796
v 0.63514 -0.20708 -0.00796
v 0.63514 -0.20708 -0.00796
v 0.63687 -0.21819 0.00639
v 0.63687 -0.21819 0.00639
v 0.63687 -0.21819 0.00639
v 0.67435 -0.03676 0.01977
v 0.67435 -0.03676 0.01977
v 0.67435 -0.03676 0.01977
v 0.67435 -0.03676 0.01977
v 0.67290 -0.03564 -0.02088
v 0.67290 -0.03564 -0.02088
v 0.67290 -0.03564 -0.02088
v 0.67290 -0.03564 -0.02088
v 0.67290 -0.03564 -0.02088
v 0.68243 -0.06312 0.01998
v 0.68243 -0.06312 0.01998
v 0.68243 -0.06312 0.01998
v 0.68243 -0.06312 0.01998
v 0.68243 -0.06312 0.01998
v 0.68243 -0.06312 0.01998
v 0.68243 -0.06312 0.01998
v 0.68243 -0.06312 0.01998
v 0.68201 -0.06523 -0.02085
v 0.68201 -0.06523 -0.02085
v 0.68201 -0.06523 -0.02085
v 0.68201 -0.06523 -0.02085
v 0.68201 -0.06523 -0.02085
v 0.68639 0.00204 -0.00102
v 0.68639 0.00204 -0.00102
v 0.68639 0.00204 -0.00102
v 0.68639 0.00204 -0.00102
v 0.67991 -0.04005 -0.02115
v 0.67991 -0.04005 -0.02115
v 0.67991 -0.04005 -0.02115
v 0.67991 -0.04005 -0.02115
v 0.67991 -0.04005 -0.02115
v 0.67991 -0.04005 -0.02115
v 0.68444 -0.04055 0.02031
v 0.68444 -0.04055 0.02031
v 0.68444 -0.04055 0.02031
v 0.68444 -0.04055 0.02031
v 0.73361 -0.11994 -0.00050
v 0.73361 -0.11994 -0.00050
v 0.73361 -0.11994 -0.00050
v 0.73361 -0.11994 -0.00050
v 0.73361 -0.11994 -0.00050
v 0.68399 -0.05002 0.02081
v 0.68399 -0.05002 0.02081
v 0.68399 -0.05002 0.02081
v 0.68399 -0.05002 0.02081
v 0.68539 -0.04126 -0.02691
v 0.68539 -0.04126 -0.02691
v 0.68539 -0.04126 -0.02691
v 0.68539 -0.04126 -0.02691
v 0.68539 -0.04126 -0.02691
v 0.68575 -0.04898 -0.02361
v 0.68575 -0.04898 -0.02361
v 0.68575 -0.04898 -0.02361
v 0.68575 -0.04898 -0.02361
v 0.68712 -0.06100 -0.03189
v 0.68712 -0.06100 -0.03189
v 0.68712 -0.06100 -0.03189
v 0.68712 -0.06100 -0.03189
v 0.68712 -0.06100 -0.03189
v 0.68712 -0.06100 -0.03189
v 0.68712 -0.06100 -0.03189
v 0.68712 -0.06100 -0.03189
v 0.68371 -0.06120 0.02604
v 0.68371 -0.06120 0.02604
v 0.68371 -0.06120 0.02604
v 0.68493 -0.05078 -0.02868
v 0.68493 -0.05078 -0.02868
v 0.68493 -0.05078 -0.02868
v 0.68493 -0.05078 -0.02868
v 0.68493 -0.05078 -0.02868
v 0.68493 -0.05078 -0.02868
v 0.68389 -0.05113 0.02657
v 0.68389 -0.05113 0.02657
v 0.68389 -0.05113 0.02657
v 0.68389 -0.05113 0.02657
v 0.68389 -0.05113 0.02657
v 0.68774 -0.06058 0.03283
v 0.68774 -0.06058 0.03283
v 0.68774 -0.06058 0.03283
v 0.68774 -0.06058 0.03283
v 0.68774 -0.06058 0.03283
v 0.68774 -0.06058 0.03283
v 0.68774 -0.06058 0.03283
v 0.68774 -0.06058 0.03283
v 0.68558 -0.04136 0.02538
v 0.68558 -0.04136 0.02538
v 0.68558 -0.04136 0.02538
v 0.68558 -0.04136 0.02538
v 0.68558 -0.04136 0.02538
v 0.68558 -0.04136 0.02538
v 0.71428 -0.06347 -0.01897
v 0.71428 -0.06347 -0.01897
v 0.71428 -0.06347 -0.01897
v 0.72556 -0.03618 -0.01827
v 0.72556 -0.03618 -0.01827
v 0.72556 -0.03618 -0.01827
v 0.69546 0.01299 -0.00059
v 0.69546 0.01299 -0.00059
v 0.69546 0.01299 -0.00059
v 0.69546 0.01299 -0.00059
v 0.68735 -0.05074 0.03055
v 0.68735 -0.05074 0.03055
v 0.68735 -0.05074 0.03055
v 0.69264 -0.06336 0.01934
v 0.69264 -0.06336 0.01934
v 0.69264 -0.06336 0.01934
v 0.69250 -0.06357 -0.02104
v 0.69250 -0.06357 -0.02104
v 0.72917 -0.03920 0.01632
v 0.72917 -0.03920 0.01632
v 0.72917 -0.03920 0.01632
v 0.72917 -0.03920 0.01632
v 0.68775 -0.06063 -0.17230
v 0.68775 -0.06063 -0.17230
v 0.68775 -0.06063 -0.17230
v 0.68775 -0.06063 -0.17230
v 0.68777 -0.05102 -0.16188
v 0.68777 -0.05102 -0.16188
v 0.68777 -0.05102 -0.16188
v 0.68871 -0.05094 0.25083
v 0.68871 -0.05094 0.25083
v 0.68871 -0.05094 0.25083
v 0.68871 -0.05094 0.25083
v 0.68993 -0.05095 -0.29456
v 0.68993 -0.05095 -0.29456
v 0.68993 -0.05095 -0.29456
v 0.68993 -0.05095 -0.29456
v 0.68783 -0.06043 -0.29415
v 0.68783 -0.06043 -0.29415
v 0.68783 -0.06043 -0.29415
v 0.68783 -0.06043 -0.29415
v 0.68832 -0.06081 0.25026
v 0.68832 -0.06081 0.25026
v 0.68832 -0.06081 0.25026
v 0.68832 -0.06081 0.25026
v 0.76955 -0.06218 0.02790
v 0.76955 -0.06218 0.02790
v 0.76955 -0.06218 0.02790
v 0.76955 -0.06218 0.02790
v 0.76955 -0.06218 0.02790
v 0.77182 -0.04015 -0.01656
v 0.77182 -0.04015 -0.01656
v 0.77182 -0.04015 -0.01656
v 0.77182 -0.04015 -0.01656
v 0.77182 -0.04015 -0.01656
v 0.77182 -0.04015 -0.01656
v 0.71225 -0.06421 0.01651
v 0.71225 -0.06421 0.01651
v 0.71225 -0.06421 0.01651
v 0.76849 -0.05116 -0.29426
v 0.76849 -0.05116 -0.29426
v 0.76849 -0.05116 -0.29426
v 0.76849 -0.05116 -0.29426
v 0.75063 0.05133 0.01843
v 0.75063 0.05133 0.01843
v 0.76772 -0.04978 0.02797
v 0.76772 -0.04978 0.02797
v 0.76772 -0.04978 0.02797
v 0.76772 -0.04978 0.02797
v 0.78257 -0.04089 -0.02726
v 0.78257 -0.04089 -0.02726
v 0.78257 -0.04089 -0.02726
v 0.78257 -0.04089 -0.02726
v 0.78257 -0.04089 -0.02726
v 0.78257 -0.04089 -0.02726
v 0.78257 -0.04089 -0.02726
v 0.76904 -0.06099 0.15189
v 0.76904 -0.06099 0.15189
v 0.76904 -0.06099 0.15189
v 0.76904 -0.06099 0.15189
v 0.76884 -0.06047 0.25094
v 0.76884 -0.06047 0.25094
v 0.76884 -0.06047 0.25094
v 0.76884 -0.06047 0.25094
v 0.72220 0.04281 -0.00090
v 0.72220 0.04281 -0.00090
v 0.76913 -0.06085 -0.03554
v 0.76913 -0.06085 -0.03554
v 0.76913 -0.06085 -0.03554
v 0.76913 -0.06085 -0.03554
v 0.76913 -0.06085 -0.03554
v 0.76597 -0.04009 0.01643
v 0.76597 -0.04009 0.01643
v 0.76597 -0.04009 0.01643
v 0.76597 -0.04009 0.01643
v 0.75856 -0.11470 -0.00054
v 0.75856 -0.11470 -0.00054
v 0.75856 -0.11470 -0.00054
v 0.75856 -0.11470 -0.00054
v 0.78249 -0.04013 0.02533
v 0.78249 -0.04013 0.02533
v 0.78249 -0.04013 0.02533
v 0.78249 -0.04013 0.02533
v 0.78249 -0.04013 0.02533
v 0.78249 -0.04013 0.02533
v 0.78249 -0.04013 0.02533
v 0.76892 -0.06119 -0.13208
v 0.76892 -0.06119 -0.13208
v 0.75065 0.05327 -0.01963
v 0.75065 0.05327 -0.01963
v 0.75065 0.05327 -0.01963
v 0.74875 -0.09590 0.00953
v 0.74875 -0.09590 0.00953
v 0.74875 -0.09590 0.00953
v 0.76868 -0.05096 0.25086
v 0.76868 -0.05096 0.25086
v 0.76868 -0.05096 0.25086
v 0.76868 -0.05096 0.25086
v 0.76886 -0.06064 -0.29448
v 0.76886 -0.06064 -0.29448
v 0.76886 -0.06064 -0.29448
v 0.76886 -0.06064 -0.29448
v 0.73712 -0.06595 0.01437
v 0.73712 -0.06595 0.01437
v 0.75722 -0.06598 -0.01452
v 0.75722 -0.06598 -0.01452
v 0.75722 -0.06598 -0.01452
v 0.73114 0.24516 0.02006
v 0.73114 0.24516 0.02006
v 0.73114 0.24516 0.02006
v 0.73114 0.24516 0.02006
v 0.73114 0.24516 0.02006
v 0.74230 0.25471 0.02019
v 0.74230 0.25471 0.02019
v 0.74230 0.25471 0.02019
v 0.73189 0.24697 0.01448
v 0.73189 0.24697 0.01448
v 0.73189 0.24697 0.01448
v 0.74840 -0.09699 -0.01106
v 0.74840 -0.09699 -0.01106
v 0.76364 -0.06466 0.01194
v 0.76364 -0.06466 0.01194
v 0.76364 -0.06466 0.01194
v 0.76364 -0.06466 0.01194
v 0.76364 -0.06466 0.01194
v 0.76364 -0.06466 0.01194
v 0.76364 -0.06466 0.01194
v 0.86088 0.12876 -0.01711
v 0.86088 0.12876 -0.01711
v 0.86088 0.12876 -0.01711
v 0.86088 0.12876 -0.01711
v 0.74885 0.07263 -0.00090
v 0.74885 0.07263 -0.00090
v 0.74885 0.07263 -0.00090
v 0.74885 0.07263 -0.00090
v 0.76522 0.20625 0.01520
v 0.76522 0.20625 0.01520
v 0.76522 0.20625 0.01520
v 0.76522 0.20625 0.01520
v 0.76522 0.20625 0.01520
v 0.76522 0.20625 0.01520
v 0.76522 0.20625 0.01520
v 0.75907 -0.06316 -0.01768
v 0.76948 -0.05001 -0.02852
v 0.76948 -0.05001 -0.02852
v 0.76948 -0.05001 -0.02852
v 0.76948 -0.05001 -0.02852
v 0.74409 0.02532 0.03896
v 0.74409 0.02532 0.03896
v 0.74409 0.02532 0.03896
v 0.75602 0.01558 0.03768
v 0.75602 0.01558 0.03768
v 0.75602 0.01558 0.03768
v 0.75602 0.01558 0.03768
v 0.75602 0.01558 0.03768
v 0.75602 0.01558 0.03768
v 0.75602 0.01558 0.03768
v 0.74996 0.01990 0.04491
v 0.74996 0.01990 0.04491
v 0.74996 0.01990 0.04491
v 0.74996 0.01990 0.04491
v 0.76061 0.04726 0.03862
v 0.76061 0.04726 0.03862
v 0.76061 0.04726 0.03862
v 0.76061 0.04726 0.03862
v 0.75886 0.26519 0.01471
v 0.75886 0.26519 0.01471
v 0.75886 0.26519 0.01471
v 0.75886 0.26519 0.01471
v 0.75886 0.26519 0.01471
v 0.78566 0.09239 -0.01944
v 0.78566 0.09239 -0.01944
v 0.78566 0.09239 -0.01944
v 0.78566 0.09239 -0.01944
v 0.76690 0.20475 0.02068
v 0.76690 0.20475 0.02068
v 0.76690 0.20475 0.02068
v 0.76183 0.03374 0.04591
v 0.76183 0.03374 0.04591
v 0.76183 0.03374 0.04591
v 0.76183 0.03374 0.04591
v 0.76183 0.03374 0.04591
v 0.75877 0.26640 0.01967
v 0.75877 0.26640 0.01967
v 0.75877 0.26640 0.01967
v 0.75200 0.01833 0.05133
v 0.75200 0.01833 0.05133
v 0.75200 0.01833 0.05133
v 0.75200 0.01833 0.05133
v 0.75200 0.01833 0.05133
v 0.75601 0.01544 0.05220
v 0.75601 0.01544 0.05220
v 0.75601 0.01544 0.05220
v 0.77187 -0.08596 -0.00084
v 0.77187 -0.08596 -0.00084
v 0.77187 -0.08596 -0.00084
v 0.77187 -0.08596 -0.00084
v 0.79470 0.00512 0.01386
v 0.79470 0.00512 0.01386
v 0.79470 0.00512 0.01386
v 0.79470 0.00512 0.01386
v 0.77703 0.10382 0.00034
v 0.77703 0.10382 0.00034
v 0.77703 0.10382 0.00034
v 0.77703 0.10382 0.00034
v 0.77189 0.04382 0.05220
v 0.77189 0.04382 0.05220
v 0.77189 0.04382 0.05220
v 0.77189 0.04382 0.05220
v 0.77189 0.04382 0.05220
v 0.80262 0.02065 -0.01577
v 0.80262 0.02065 -0.01577
v 0.80262 0.02065 -0.01577
v 0.77327 -0.03555 -0.01442
v 0.77327 -0.03555 -0.01442
v 0.77060 -0.06357 -0.00939
v 0.77060 -0.06357 -0.00939
v 0.77060 -0.06357 -0.00939
v 0.77060 -0.06357 -0.00939
v 0.77060 -0.06357 -0.00939
v 0.77387 0.04958 0.04564
v 0.77387 0.04958 0.04564
v 0.77387 0.04958 0.04564
v 0.77387 0.04958 0.04564
v 0.77595 0.24528 0.01475
v 0.77595 0.24528 0.01475
v 0.77595 0.24528 0.01475
v 0.79275 0.10236 0.01696
v 0.79275 0.10236 0.01696
v 0.79275 0.10236 0.01696
v 0.79275 0.10236 0.01696
v 0.79275 0.10236 0.01696
v 0.79275 0.10236 0.01696
v 0.79275 0.10236 0.01696
v 0.77899 0.04439 0.05231
v 0.77899 0.04439 0.05231
v 0.77899 0.04439 0.05231
v 0.77000 0.25299 0.02044
v 0.77000 0.25299 0.02044
v 0.77000 0.25299 0.02044
v 0.77096 0.06092 0.03874
v 0.77096 0.06092 0.03874
v 0.77096 0.06092 0.03874
v 0.77096 0.06092 0.03874
v 0.76896 -0.06339 0.00957
v 0.76896 -0.06339 0.00957
v 0.77559 -0.04015 0.01458
v 0.78261 -0.06250 0.02690
v 0.78261 -0.06250 0.02690
v 0.78261 -0.06250 0.02690
v 0.78261 -0.06250 0.02690
v 0.78261 -0.06250 0.02690
v 0.78205 -0.06321 -0.02681
v 0.78205 -0.06321 -0.02681
v 0.78205 -0.06321 -0.02681
v 0.78205 -0.06321 -0.02681
v 0.78205 -0.06321 -0.02681
v 0.78205 -0.06321 -0.02681
v 0.77978 0.24123 0.02058
v 0.77978 0.24123 0.02058
v 0.77978 0.24123 0.02058
v 0.77978 0.24123 0.02058
v 0.77978 0.24123 0.02058
v 0.77034 -0.05108 0.01587
v 0.77034 -0.05108 0.01587
v 0.77034 -0.05108 0.01587
v 0.77187 -0.05381 0.01462
v 0.77187 -0.05381 0.01462
v 0.77187 -0.05381 0.01462
v 0.77187 -0.05381 0.01462
v 0.77182 -0.05037 0.00707
v 0.77182 -0.05037 0.00707
v 0.77182 -0.05037 0.00707
v 0.77182 -0.05037 0.00707
v 0.77182 -0.05037 0.00707
v 0.77182 -0.05037 0.00707
v 0.77182 -0.05037 0.00707
v 0.76977 -0.05117 -0.01526
v 0.76977 -0.05117 -0.01526
v 0.76977 -0.05117 -0.01526
v 0.76977 -0.05117 -0.01526
v 0.77427 -0.04758 -0.00980
v 0.77427 -0.04758 -0.00980
v 0.77427 -0.04758 -0.00980
v 0.77427 -0.04758 -0.00980
v 0.77427 -0.04758 -0.00980
v 0.77427 -0.04758 -0.00980
v 0.77427 -0.04758 -0.00980
v 0.77206 -0.05352 -0.00949
v 0.77206 -0.05352 -0.00949
v 0.77206 -0.05352 -0.00949
v 0.77206 -0.05352 -0.00949
v 0.77263 -0.05302 -0.01833
v 0.77263 -0.05302 -0.01833
v 0.77263 -0.05302 -0.01833
v 0.77263 -0.05302 -0.01833
v 0.77385 -0.04863 -0.01695
v 0.77385 -0.04863 -0.01695
v 0.77385 -0.04863 -0.01695
v 0.77853 -0.07064 -0.00093
v 0.77853 -0.07064 -0.00093
v 0.77853 -0.07064 -0.00093
v 0.77275 -0.05304 -0.02811
v 0.84411 0.09838 0.01461
v 0.84411 0.09838 0.01461
v 0.84411 0.09838 0.01461
v 0.84411 0.09838 0.01461
v 0.84411 0.09838 0.01461
v 0.77368 -0.04848 0.01490
v 0.77368 -0.04848 0.01490
v 0.77368 -0.04848 0.01490
v 0.77368 -0.04848 0.01490
v 0.77368 -0.04848 0.01490
v 0.78790 -0.06239 0.00143
v 0.78790 -0.06239 0.00143
v 0.78790 -0.06239 0.00143
v 0.78790 -0.06239 0.00143
v 0.78790 -0.06239 0.00143
v 0.78790 -0.06239 0.00143
v 0.78790 -0.06239 0.00143
v 0.78584 -0.05561 0.00443
v 0.78584 -0.05561 0.00443
v 0.78584 -0.05561 0.00443
v 0.78584 -0.05561 0.00443
v 0.78719 0.18165 0.02085
v 0.78719 0.18165 0.02085
v 0.78719 0.18165 0.02085
v 0.78719 0.18165 0.02085
v 0.81193 0.20511 0.01996
v 0.81193 0.20511 0.01996
v 0.81193 0.20511 0.01996
v 0.81193 0.20511 0.01996
v 0.79794 0.22047 0.01469
v 0.79794 0.22047 0.01469
v 0.79794 0.22047 0.01469
v 0.79794 0.22047 0.01469
v 0.79850 0.16820 0.01464
v 0.79850 0.16820 0.01464
v 0.79850 0.16820 0.01464
v 0.79850 0.16820 0.01464
v 0.79850 0.16820 0.01464
v 0.77552 -0.04820 0.00862
v 0.77570 -0.04983 -0.00674
v 0.77570 -0.04983 -0.00674
v 0.77570 -0.04983 -0.00674
v 0.77570 -0.04983 -0.00674
v 0.78505 -0.04979 -0.01887
v 0.78505 -0.04979 -0.01887
v 0.78505 -0.04979 -0.01887
v 0.78505 -0.04979 -0.01887
v 0.78505 -0.04979 -0.01887
v 0.78505 -0.04979 -0.01887
v 0.78505 -0.04979 -0.01887
v 0.78537 -0.04857 0.01643
v 0.78537 -0.04857 0.01643
v 0.78537 -0.04857 0.01643
v 0.78537 -0.04857 0.01643
v 0.78537 -0.04857 0.01643
v 0.77832 -0.03979 -0.01114
v 0.77832 -0.03979 -0.01114
v 0.77832 -0.03979 -0.01114
v 0.78543 -0.05618 -0.01849
v 0.78543 -0.05618 -0.01849
v 0.78543 -0.05618 -0.01849
v 0.78543 -0.05618 -0.01849
v 0.79791 0.06806 0.03772
v 0.79791 0.06806 0.03772
v 0.79791 0.06806 0.03772
v 0.79791 0.06806 0.03772
v 0.77966 -0.05349 -0.00506
v 0.77966 -0.05349 -0.00506
v 0.77966 -0.05349 -0.00506
v 0.78802 -0.05605 -0.00429
v 0.78802 -0.05605 -0.00429
v 0.78802 -0.05605 -0.00429
v 0.78802 -0.05605 -0.00429
v 0.78802 -0.05605 -0.00429
v 0.78208 -0.05031 0.00283
v 0.78208 -0.05031 0.00283
v 0.78208 -0.05031 0.00283
v 0.78920 -0.05328 -0.00080
v 0.78920 -0.05328 -0.00080
v 0.78920 -0.05328 -0.00080
v 0.78920 -0.05328 -0.00080
v 0.78920 -0.05328 -0.00080
v 0.78920 -0.05328 -0.00080
v 0.78920 -0.05328 -0.00080
v 0.78534 -0.05551 0.01448
v 0.78534 -0.05551 0.01448
v 0.78534 -0.05551 0.01448
v 0.78534 -0.05551 0.01448
v 0.78479 0.07785 0.03883
v 0.78479 0.07785 0.03883
v 0.78479 0.07785 0.03883
v 0.78479 0.07785 0.03883
v 0.78479 0.07785 0.03883
v 0.79527 0.06512 0.05262
v 0.79527 0.06512 0.05262
v 0.79527 0.06512 0.05262
v 0.79384 0.10402 -0.01795
v 0.79384 0.10402 -0.01795
v 0.79384 0.10402 -0.01795
v 0.79384 0.10402 -0.01795
v 0.79384 0.10402 -0.01795
v 0.79384 0.10402 -0.01795
v 0.80050 0.08157 0.04607
v 0.80050 0.08157 0.04607
v 0.80050 0.08157 0.04607
v 0.80050 0.08157 0.04607
v 0.78095 0.11202 0.00248
v 0.78095 0.11202 0.00248
v 0.78095 0.11202 0.00248
v 0.78095 0.11202 0.00248
v 0.78095 0.11202 0.00248
v 0.78095 0.11202 0.00248
v 0.78644 -0.04035 0.00705
v 0.78644 -0.04035 0.00705
v 0.78644 -0.04035 0.00705
v 0.79033 -0.04933 -0.00083
v 0.79033 -0.04933 -0.00083
v 0.79033 -0.04933 -0.00083
v 0.79033 -0.04933 -0.00083
v 0.79033 -0.04933 -0.00083
v 0.79033 -0.04933 -0.00083
v 0.79033 -0.04933 -0.00083
v 0.78895 -0.04543 -0.00536
v 0.78895 -0.04543 -0.00536
v 0.78895 -0.04543 -0.00536
v 0.78778 0.10856 0.01192
v 0.78778 0.10856 0.01192
v 0.78778 0.10856 0.01192
v 0.79136 0.06924 0.05153
v 0.79136 0.06924 0.05153
v 0.79136 0.06924 0.05153
v 0.78534 0.12770 0.00201
v 0.78708 -0.04008 -0.00699
v 0.78708 -0.04008 -0.00699
v 0.78708 -0.04008 -0.00699
v 0.78708 -0.04008 -0.00699
v 0.78585 0.12850 0.01267
v 0.78585 0.12850 0.01267
v 0.78585 0.12850 0.01267
v 0.79212 0.12329 -0.01656
v 0.79212 0.12329 -0.01656
v 0.79212 0.12329 -0.01656
v 0.79212 0.12329 -0.01656
v 0.79118 -0.03875 -0.00094
v 0.79118 -0.03875 -0.00094
v 0.79118 -0.03875 -0.00094
v 0.79118 -0.03875 -0.00094
v 0.79118 -0.03875 -0.00094
v 0.79118 -0.03875 -0.00094
v 0.79118 -0.03875 -0.00094
v 0.79118 -0.03875 -0.00094
v 0.79118 -0.03875 -0.00094
v 0.79528 0.13956 -0.00462
v 0.79528 0.13956 -0.00462
v 0.79528 0.13956 -0.00462
v 0.79528 0.13956 -0.00462
v 0.78918 0.11906 0.02713
v 0.78918 0.11906 0.02713
v 0.78918 0.11906 0.02713
v 0.78918 0.11906 0.02713
v 0.78918 0.11906 0.02713
v 0.78711 -0.05960 0.00785
v 0.78711 -0.05960 0.00785
v 0.78711 -0.05960 0.00785
v 0.79152 0.13054 0.02947
v 0.79152 0.13054 0.02947
v 0.79152 0.13054 0.02947
v 0.79468 0.14023 0.01915
v 0.79468 0.14023 0.01915
v 0.79468 0.14023 0.01915
v 0.79468 0.14023 0.01915
v 0.79575 0.10666 0.01837
v 0.79575 0.10666 0.01837
v 0.79575 0.10666 0.01837
v 0.79575 0.10666 0.01837
v 0.79575 0.10666 0.01837
v 0.81295 0.00282 -0.00119
v 0.81295 0.00282 -0.00119
v 0.81295 0.00282 -0.00119
v 0.80115 0.14097 -0.01326
v 0.80115 0.14097 -0.01326
v 0.80115 0.14097 -0.01326
v 0.80115 0.14097 -0.01326
v 0.79630 0.12117 0.03807
v 0.79630 0.12117 0.03807
v 0.79630 0.12117 0.03807
v 0.79630 0.12117 0.03807
v 0.79630 0.12117 0.03807
v 0.79979 0.12930 0.04260
v 0.79979 0.12930 0.04260
v 0.79979 0.12930 0.04260
v 0.79979 0.12930 0.04260
v 0.79979 0.12930 0.04260
v 0.81493 0.11211 0.04533
v 0.81493 0.11211 0.04533
v 0.81493 0.11211 0.04533
v 0.81493 0.11211 0.04533
v 0.81493 0.11211 0.04533
v 0.81493 0.11211 0.04533
v 0.81007 0.15403 0.01300
v 0.81007 0.15403 0.01300
v 0.81007 0.15403 0.01300
v 0.81007 0.15403 0.01300
v 0.81007 0.15403 0.01300
v 0.81117 0.15504 0.02125
v 0.81117 0.15504 0.02125
v 0.81117 0.15504 0.02125
v 0.81117 0.15504 0.02125
v 0.81117 0.15504 0.02125
v 0.81117 0.15504 0.02125
v 0.79831 0.13587 0.03683
v 0.79831 0.13587 0.03683
v 0.79831 0.13587 0.03683
v 0.80045 0.13273 -0.01825
v 0.80045 0.13273 -0.01825
v 0.80045 0.13273 -0.01825
v 0.80256 0.14725 -0.00139
v 0.80256 0.14725 -0.00139
v 0.80418 0.14402 0.03412
v 0.80418 0.14402 0.03412
v 0.80418 0.14402 0.03412
v 0.80418 0.14402 0.03412
v 0.80907 0.10419 0.03874
v 0.80907 0.10419 0.03874
v 0.80907 0.10419 0.03874
v 0.80907 0.10419 0.03874
v 0.80907 0.10419 0.03874
v 0.81245 0.15308 0.02296
v 0.81245 0.15308 0.02296
v 0.81245 0.15308 0.02296
v 0.81245 0.15308 0.02296
v 0.81591 0.14774 -0.01683
v 0.81591 0.14774 -0.01683
v 0.81591 0.14774 -0.01683
v 0.80386 0.12751 0.04644
v 0.80386 0.12751 0.04644
v 0.80386 0.12751 0.04644
v 0.81147 0.08590 0.05247
v 0.81147 0.08590 0.05247
v 0.81147 0.08590 0.05247
v 0.80689 0.08891 0.04846
v 0.80689 0.08891 0.04846
v 0.80689 0.08891 0.04846
v 0.80689 0.08891 0.04846
v 0.82375 0.19162 0.01509
v 0.82375 0.19162 0.01509
v 0.82375 0.19162 0.01509
v 0.82375 0.19162 0.01509
v 0.80990 0.10436 0.01924
v 0.80990 0.10436 0.01924
v 0.80990 0.10436 0.01924
v 0.80990 0.10436 0.01924
v 0.81300 0.11174 0.04000
v 0.81300 0.11174 0.04000
v 0.81300 0.11174 0.04000
v 0.81522 0.15186 -0.01185
v 0.81522 0.15186 -0.01185
v 0.81522 0.15186 -0.01185
v 0.81398 0.09856 0.05392
v 0.81398 0.09856 0.05392
v 0.81398 0.09856 0.05392
v 0.81398 0.09856 0.05392
v 0.81056 0.15679 0.01438
v 0.81056 0.15679 0.01438
v 0.81056 0.15679 0.01438
v 0.81056 0.15679 0.01438
v 0.81056 0.15679 0.01438
v 0.81056 0.15679 0.01438
v 0.81371 0.12483 0.05122
v 0.81371 0.12483 0.05122
v 0.81307 0.14505 0.04428
v 0.81307 0.14505 0.04428
v 0.81307 0.14505 0.04428
v 0.81746 0.14201 0.05052
v 0.81746 0.14201 0.05052
v 0.82076 0.01819 -0.00110
v 0.82076 0.01819 -0.00110
v 0.82076 0.01819 -0.00110
v 0.82076 0.01819 -0.00110
v 0.81304 0.09987 0.04916
v 0.81304 0.09987 0.04916
v 0.81304 0.09987 0.04916
v 0.81304 0.09987 0.04916
v 0.82277 0.13508 0.05524
v 0.82277 0.13508 0.05524
v 0.82277 0.13508 0.05524
v 0.81810 0.11436 0.04477
v 0.81810 0.11436 0.04477
v 0.81810 0.11436 0.04477
v 0.81810 0.11436 0.04477
v 0.81810 0.11436 0.04477
v 0.83654 0.15898 0.03756
v 0.83654 0.15898 0.03756
v 0.83654 0.15898 0.03756
v 0.83654 0.15898 0.03756
v 0.83654 0.15898 0.03756
v 0.82249 0.10011 0.03742
v 0.82249 0.10011 0.03742
v 0.82249 0.10011 0.03742
v 0.82249 0.10011 0.03742
v 0.82249 0.10011 0.03742
v 0.83422 0.16116 -0.00861
v 0.83422 0.16116 -0.00861
v 0.83422 0.16116 -0.00861
v 0.83422 0.16116 -0.00861
v 0.82102 0.09916 0.05241
v 0.82102 0.09916 0.05241
v 0.82102 0.09916 0.05241
v 0.82102 0.09916 0.05241
v 0.82614 0.13071 0.05547
v 0.82614 0.13071 0.05547
v 0.82745 0.18755 0.02006
v 0.82745 0.18755 0.02006
v 0.82318 0.10552 0.04616
v 0.82318 0.10552 0.04616
v 0.82318 0.10552 0.04616
v 0.82318 0.10552 0.04616
v 0.82318 0.10552 0.04616
v 0.82447 0.16081 0.01239
v 0.82447 0.16081 0.01239
v 0.82447 0.16081 0.01239
v 0.83813 0.10936 0.02104
v 0.83813 0.10936 0.02104
v 0.83813 0.10936 0.02104
v 0.83813 0.10936 0.02104
v 0.83813 0.10936 0.02104
v 0.83813 0.10936 0.02104
v 0.83813 0.10936 0.02104
v 0.83813 0.10936 0.02104
v 0.83813 0.10936 0.02104
v 0.84368 0.16718 0.01499
v 0.84368 0.16718 0.01499
v 0.84368 0.16718 0.01499
v 0.84368 0.16718 0.01499
v 0.84368 0.16718 0.01499
v 0.84699 0.15435 -0.01829
v 0.84699 0.15435 -0.01829
v 0.84699 0.15435 -0.01829
v 0.84699 0.15435 -0.01829
v 0.84699 0.15435 -0.01829
v 0.82596 0.14706 0.05051
v 0.82596 0.14706 0.05051
v 0.82596 0.14706 0.05051
v 0.82596 0.14706 0.05051
v 0.84114 0.15995 -0.01393
v 0.84114 0.15995 -0.01393
v 0.84114 0.15995 -0.01393
v 0.84114 0.15995 -0.01393
v 0.83658 0.04933 -0.00103
v 0.83658 0.04933 -0.00103
v 0.83658 0.04933 -0.00103
v 0.83195 0.16295 0.02231
v 0.83195 0.16295 0.02231
v 0.83195 0.16295 0.02231
v 0.83649 0.14147 0.05530
v 0.83649 0.14147 0.05530
v 0.83649 0.14147 0.05530
v 0.83649 0.14147 0.05530
v 0.83233 0.11753 0.04325
v 0.83233 0.11753 0.04325
v 0.83233 0.11753 0.04325
v 0.83639 0.13289 0.05525
v 0.83639 0.13289 0.05525
v 0.83639 0.13289 0.05525
v 0.83846 0.16267 0.03037
v 0.83846 0.16267 0.03037
v 0.83846 0.16267 0.03037
v 0.83846 0.16267 0.03037
v 0.84018 0.10408 0.01677
v 0.84018 0.10408 0.01677
v 0.84018 0.10408 0.01677
v 0.83755 0.16467 0.01192
v 0.83755 0.16467 0.01192
v 0.83890 0.17360 0.02082
v 0.83890 0.17360 0.02082
v 0.83890 0.17360 0.02082
v 0.84243 0.16001 0.03984
v 0.84243 0.16001 0.03984
v 0.84243 0.16001 0.03984
v 0.84779 0.13366 0.05165
v 0.84779 0.13366 0.05165
v 0.84779 0.13366 0.05165
v 0.84779 0.13366 0.05165
v 0.85204 0.16300 -0.00985
v 0.85204 0.16300 -0.00985
v 0.85204 0.16300 -0.00985
v 0.84122 0.17037 0.03889
v 0.84122 0.17037 0.03889
v 0.84122 0.17037 0.03889
v 0.84122 0.17037 0.03889
v 0.84122 0.17037 0.03889
v 0.84122 0.17037 0.03889
v 0.84122 0.17037 0.03889
v 0.84122 0.17037 0.03889
v 0.83731 0.17827 0.03390
v 0.83731 0.17827 0.03390
v 0.83731 0.17827 0.03390
v 0.83731 0.17827 0.03390
v 0.83731 0.17827 0.03390
v 0.84057 0.18218 0.02534
v 0.84057 0.18218 0.02534
v 0.84057 0.18218 0.02534
v 0.84057 0.18218 0.02534
v 0.83802 0.17460 0.02855
v 0.83802 0.17460 0.02855
v 0.83802 0.17460 0.02855
v 0.83802 0.17460 0.02855
v 0.83802 0.17460 0.02855
v 0.85048 0.15225 0.04770
v 0.85048 0.15225 0.04770
v 0.85048 0.15225 0.04770
v 0.85048 0.15225 0.04770
v 0.85048 0.15225 0.04770
v 0.84149 0.17100 0.03432
v 0.84149 0.17100 0.03432
v 0.84149 0.17100 0.03432
v 0.84149 0.17100 0.03432
v 0.84564 0.16538 0.02147
v 0.84564 0.16538 0.02147
v 0.84564 0.16538 0.02147
v 0.84564 0.16538 0.02147
v 0.84027 0.16503 0.03232
v 0.84027 0.16503 0.03232
v 0.84027 0.16503 0.03232
v 0.84027 0.16503 0.03232
v 0.84027 0.16503 0.03232
v 0.84387 0.16541 -0.00040
v 0.84387 0.16541 -0.00040
v 0.84617 0.18949 0.03549
v 0.84617 0.18949 0.03549
v 0.84617 0.18949 0.03549
v 0.84617 0.18949 0.03549
v 0.84617 0.18949 0.03549
v 0.84821 0.09686 0.01469
v 0.84821 0.09686 0.01469
v 0.84821 0.09686 0.01469
v 0.84821 0.09686 0.01469
v 0.84821 0.09686 0.01469
v 0.85310 0.12716 0.04193
v 0.85310 0.12716 0.04193
v 0.85310 0.12716 0.04193
v 0.85310 0.12716 0.04193
v 0.85310 0.12716 0.04193
v 0.85297 0.08150 -0.00101
v 0.85297 0.08150 -0.00101
v 0.85297 0.08150 -0.00101
v 0.85297 0.08150 -0.00101
v 0.85297 0.08150 -0.00101
v 0.87060 0.17708 0.02536
v 0.87060 0.17708 0.02536
v 0.87060 0.17708 0.02536
v 0.87060 0.17708 0.02536
v 0.87060 0.17708 0.02536
v 0.84674 0.18452 0.04001
v 0.84674 0.18452 0.04001
v 0.84674 0.18452 0.04001
v 0.85093 0.14166 0.05207
v 0.85093 0.14166 0.05207
v 0.85093 0.14166 0.05207
v 0.85880 0.20696 0.02548
v 0.85880 0.20696 0.02548
v 0.85845 0.18239 0.04017
v 0.85845 0.18239 0.04017
v 0.85845 0.18239 0.04017
v 0.85845 0.18239 0.04017
v 0.86354 0.16974 0.02682
v 0.86354 0.16974 0.02682
v 0.86354 0.16974 0.02682
v 0.86354 0.16974 0.02682
v 0.86354 0.16974 0.02682
v 0.86354 0.16974 0.02682
v 0.86354 0.16974 0.02682
v 0.86354 0.16974 0.02682
v 0.86499 0.07868 0.02054
v 0.86499 0.07868 0.02054
v 0.86499 0.07868 0.02054
v 0.86499 0.07868 0.02054
v 0.86499 0.07868 0.02054
v 0.84876 0.16096 0.03854
v 0.84876 0.16096 0.03854
v 0.84876 0.16096 0.03854
v 0.84876 0.16096 0.03854
v 0.84876 0.16096 0.03854
v 0.84876 0.16096 0.03854
v 0.85965 0.16103 -0.01111
v 0.85965 0.16103 -0.01111
v 0.85069 0.09971 0.01405
v 0.85069 0.09971 0.01405
v 0.85069 0.09971 0.01405
v 0.85069 0.09971 0.01405
v 0.85069 0.09971 0.01405
v 0.85191 0.10211 0.01125
v 0.85191 0.10211 0.01125
v 0.85191 0.10211 0.01125
v 0.85191 0.10211 0.01125
v 0.85191 0.10211 0.01125
v 0.85191 0.10211 0.01125
v 0.86512 0.14625 -0.01863
v 0.86512 0.14625 -0.01863
v 0.86512 0.14625 -0.01863
v 0.86512 0.14625 -0.01863
v 0.85356 0.18711 0.04003
v 0.85356 0.18711 0.04003
v 0.85356 0.18711 0.04003
v 0.85356 0.18711 0.04003
v 0.85036 0.19554 0.03361
v 0.85036 0.19554 0.03361
v 0.85036 0.19554 0.03361
v 0.85036 0.19554 0.03361
v 0.85036 0.19554 0.03361
v 0.85036 0.19554 0.03361
v 0.85804 0.12175 0.02324
v 0.86015 0.16537 0.01713
v 0.86015 0.16537 0.01713
v 0.86015 0.16537 0.01713
v 0.85088 0.16545 0.03785
v 0.85088 0.16545 0.03785
v 0.85088 0.16545 0.03785
v 0.86414 0.15260 -0.01707
v 0.86414 0.15260 -0.01707
v 0.86414 0.15260 -0.01707
v 0.86414 0.15260 -0.01707
v 0.86163 0.14433 0.04549
v 0.86163 0.14433 0.04549
v 0.86163 0.14433 0.04549
v 0.86163 0.14433 0.04549
v 0.85981 0.13815 0.04572
v 0.85981 0.13815 0.04572
v 0.85981 0.13815 0.04572
v 0.86558 0.10706 -0.00076
v 0.86558 0.10706 -0.00076
v 0.86558 0.10706 -0.00076
v 0.86558 0.10706 -0.00076
v 0.86545 0.16479 0.00169
v 0.86545 0.16479 0.00169
v 0.86545 0.16479 0.00169
v 0.86545 0.16479 0.00169
v 0.86106 0.17963 0.03379
v 0.86106 0.17963 0.03379
v 0.86106 0.17963 0.03379
v 0.86106 0.17963 0.03379
v 0.86106 0.17963 0.03379
v 0.86106 0.17963 0.03379
v 0.86106 0.17963 0.03379
v 0.86106 0.17963 0.03379
v 0.86425 0.15524 0.03795
v 0.86425 0.15524 0.03795
v 0.86425 0.15524 0.03795
v 0.86425 0.15524 0.03795
v 0.86425 0.15524 0.03795
v 0.86866 0.14122 0.03704
v 0.86866 0.14122 0.03704
v 0.86866 0.14122 0.03704
v 0.86866 0.14122 0.03704
v 0.86866 0.14122 0.03704
v 0.86133 0.11614 0.01061
v 0.86133 0.11614 0.01061
v 0.86133 0.11614 0.01061
v 0.86121 0.11240 0.01378
v 0.86121 0.11240 0.01378
v 0.86121 0.11240 0.01378
v 0.86869 0.12594 0.02007
v 0.86869 0.12594 0.02007
v 0.86869 0.12594 0.02007
v 0.86869 0.12594 0.02007
v 0.86869 0.12594 0.02007
v 0.86869 0.12594 0.02007
v 0.86869 0.12594 0.02007
v 0.87731 0.13041 -0.00066
v 0.87731 0.13041 -0.00066
v 0.87731 0.13041 -0.00066
v 0.87731 0.13041 -0.00066
v 0.87731 0.13041 -0.00066
v 0.86888 0.15082 0.03664
v 0.86888 0.15082 0.03664
v 0.86888 0.15082 0.03664
v 0.86515 0.16925 0.02820
v 0.86515 0.16925 0.02820
v 0.86515 0.16925 0.02820
v 0.86515 0.16925 0.02820
v 0.87375 0.16046 0.01059
v 0.87375 0.16046 0.01059
v 0.87375 0.16046 0.01059
v 0.87375 0.16046 0.01059
v 0.87375 0.16046 0.01059
v 0.86917 0.12380 0.01457
v 0.86917 0.12380 0.01457
v 0.86917 0.12380 0.01457
v 0.86917 0.12380 0.01457
v 0.86917 0.12380 0.01457
v 0.86917 0.12380 0.01457
v 0.86917 0.12380 0.01457
v 0.86917 0.12380 0.01457
v 0.87228 0.16015 -0.00199
v 0.87228 0.16015 -0.00199
v 0.87228 0.16015 -0.00199
v 0.86966 0.15905 0.02609
v 0.86966 0.15905 0.02609
v 0.86966 0.15905 0.02609
v 0.87069 0.17710 0.03038
v 0.87069 0.17710 0.03038
v 0.87069 0.17710 0.03038
v 0.87069 0.17710 0.03038
v 0.86524 0.12013 0.01210
v 0.86524 0.12013 0.01210
v 0.86524 0.12013 0.01210
v 0.86524 0.12013 0.01210
v 0.88014 0.23472 0.03318
v 0.88014 0.23472 0.03318
v 0.88014 0.23472 0.03318
v 0.88238 0.23800 0.02550
v 0.88238 0.23800 0.02550
v 0.88238 0.23800 0.02550
v 0.87809 0.06428 0.01466
v 0.87809 0.06428 0.01466
v 0.87809 0.06428 0.01466
v 0.87809 0.06428 0.01466
v 0.87456 0.13736 0.02158
v 0.87456 0.13736 0.02158
v 0.87456 0.13736 0.02158
v 0.87456 0.13736 0.02158
v 0.87456 0.13736 0.02158
v 0.90023 0.21579 0.02541
v 0.90023 0.21579 0.02541
v 0.90023 0.21579 0.02541
v 0.89165 0.20428 0.03038
v 0.89165 0.20428 0.03038
v 0.89165 0.20428 0.03038
v 0.89165 0.20428 0.03038
v 0.92319 0.26567 0.03296
v 0.92319 0.26567 0.03296
v 0.92319 0.26567 0.03296
v 0.92319 0.26567 0.03296
v 0.87697 0.15695 0.01149
v 0.87697 0.15695 0.01149
v 0.87697 0.15695 0.01149
v 0.87905 0.15320 -0.00086
v 0.87905 0.15320 -0.00086
v 0.87905 0.15320 -0.00086
v 0.87905 0.15320 -0.00086
v 0.87905 0.15320 -0.00086
v 0.87564 0.14773 0.02703
v 0.89431 0.09635 0.01464
v 0.89431 0.09635 0.01464
v 0.89431 0.09635 0.01464
v 0.88102 0.14411 -0.00152
v 0.87884 0.15033 0.01744
v 0.87884 0.15033 0.01744
v 0.88012 0.14205 0.00912
v 0.88012 0.14205 0.00912
v 0.88012 0.14205 0.00912
v 0.89533 0.09565 0.02076
v 0.89533 0.09565 0.02076
v 0.89507 0.25430 0.02527
v 0.89507 0.25430 0.02527
v 0.89507 0.25430 0.02527
v 0.89507 0.25430 0.02527
v 0.90720 0.03060 0.01539
v 0.90720 0.03060 0.01539
v 0.90720 0.03060 0.01539
v 0.90720 0.03060 0.01539
v 0.90720 0.03060 0.01539
v 0.90346 0.21986 0.03050
v 0.90346 0.21986 0.03050
v 0.90346 0.21986 0.03050
v 0.91146 0.27430 0.03302
v 0.91146 0.27430 0.03302
v 0.91146 0.27430 0.03302
v 0.91135 0.27441 0.02582
v 0.91135 0.27441 0.02582
v 0.91135 0.27441 0.02582
v 0.91135 0.27441 0.02582
v 0.91135 0.27441 0.02582
v 0.90368 0.08627 0.02015
v 0.90368 0.08627 0.02015
v 0.90368 0.08627 0.02015
v 0.92004 0.01611 0.02056
v 0.92004 0.01611 0.02056
v 0.92004 0.01611 0.02056
v 0.92004 0.01611 0.02056
v 0.92004 0.01611 0.02056
v 0.91718 0.07053 0.01458
v 0.91718 0.07053 0.01458
v 0.91718 0.07053 0.01458
v 0.92099 0.06649 0.02078
v 0.92099 0.06649 0.02078
v 0.92099 0.06649 0.02078
v 0.92099 0.06649 0.02078
v 0.92099 0.06649 0.02078
v 0.92075 0.24156 0.02551
v 0.92075 0.24156 0.02551
v 0.94778 0.03608 0.01522
v 0.94778 0.03608 0.01522
v 0.94778 0.03608 0.01522
v 0.94778 0.03608 0.01522
v 0.94778 0.03608 0.01522
v 0.94778 0.03608 0.01522
v 0.92268 0.24352 0.02980
v 0.92268 0.24352 0.02980
v 0.92069 0.01468 0.01571
v 0.92069 0.01468 0.01571
v 0.92069 0.01468 0.01571
v 0.93231 0.25662 0.03075
v 0.93231 0.25662 0.03075
v 0.93348 0.25800 0.02675
v 0.93348 0.25800 0.02675
v 0.93348 0.25800 0.02675
v 0.93348 0.25800 0.02675
v 0.94766 0.03700 0.01964
v 0.94766 0.03700 0.01964
v 0.94590 0.03372 0.02049
v 0.94590 0.03372 0.02049
v 0.94590 0.03372 0.02049
v 0.81742 0.10548 0.04191
v 0.81742 0.10548 0.04191
v 0.81742 0.10548 0.04191
v 0.81742 0.10548 0.04191
v 0.56176 -0.14936 -0.00035
v 0.56176 -0.14936 -0.00035
v -0.39785 -0.22590 0.18605
v -0.39785 -0.22590 0.18605
v -0.39785 -0.22590 0.18605
v -0.39785 -0.22590 0.18605
vt 0.458621 0.971319
vt 0.890651 0.137984
vt 0.215681 0.837037
vt 0.458621 0.971319
vt 0.890651 0.137984
vt 0.456961 0.971937
vt 0.510044 0.966474
vt 0.975961 0.511139
vt 0.982583 0.001792
vt 0.456961 0.971937
vt 0.217082 0.836587
vt 0.217082 0.836587
vt 0.456736 0.970969
vt 0.217082 0.836587
vt 0.511904 0.967134
vt 0.458651 0.973173
vt 0.511904 0.967134
vt 0.458651 0.973173
vt 0.075358 0.962137
vt 0.949587 0.458950
vt 0.949587 0.458950
vt 0.459480 0.975904
vt 0.459480 0.975904
vt 0.949587 0.458950
vt 0.077282 0.962088
vt 0.458064 0.975773
vt 0.894370 0.138411
vt 0.460018 0.974856
vt 0.894370 0.138411
vt 0.950602 0.459030
vt 0.950602 0.459030
vt 0.218528 0.836564
vt 0.926633 0.975616
vt 0.167541 0.989504
vt 0.218528 0.836564
vt 0.926633 0.975616
vt 0.981376 0.001553
vt 0.455361 0.971506
vt 0.931082 0.975616
vt 0.080101 0.962482
vt 0.080101 0.962482
vt 0.167541 0.994833
vt 0.455361 0.976835
vt 0.931082 0.975616
vt 0.955215 0.107387
vt 0.455361 0.976835
vt 0.955215 0.107387
vt 0.945616 0.458847
vt 0.221460 0.837502
vt 0.952098 0.108109
vt 0.165808 0.992251
vt 0.221460 0.837502
vt 0.457647 0.977217
vt 0.947333 0.458982
vt 0.947333 0.458982
vt 0.930068 0.970795
vt 0.892614 0.137003
vt 0.892614 0.137003
vt 0.698147 0.989504
vt 0.928271 0.965738
vt 0.975961 0.521121
vt 0.975961 0.521121
vt 0.981376 0.011569
vt 0.510044 0.976016
vt 0.978195 0.520291
vt 0.076074 0.971361
vt 0.076074 0.971361
vt 0.511760 0.976380
vt 0.076074 0.971361
vt 0.511760 0.976380
vt 0.698147 0.992245
vt 0.077822 0.972196
vt 0.077822 0.972196
vt 0.930704 0.965685
vt 0.219382 0.849149
vt 0.219382 0.849149
vt 0.219382 0.849149
vt 0.967285 0.935939
vt 0.977288 0.522423
vt 0.075358 0.973226
vt 0.510215 0.978034
vt 0.700189 0.991137
vt 0.967285 0.960855
vt 0.944341 0.383632
vt 0.221460 0.873982
vt 0.944341 0.383632
vt 0.952098 0.144591
vt 0.978026 0.398900
vt 0.893836 0.101683
vt 0.893836 0.101683
vt 0.913637 0.142548
vt 0.950602 0.495751
vt 0.945801 0.494576
vt 0.979858 0.403063
vt 0.470836 0.971647
vt 0.945801 0.494576
vt 0.945801 0.494576
vt 0.956117 0.143069
vt 0.979858 0.403063
vt 0.908650 0.142548
vt 0.219488 0.869817
vt 0.946192 0.379339
vt 0.150926 0.934245
vt 0.964745 0.956457
vt 0.948144 0.496536
vt 0.910736 0.144176
vt 0.948144 0.496536
vt 0.910736 0.144176
vt 0.948144 0.496536
vt 0.148452 0.939410
vt 0.580912 0.902845
vt 0.214347 0.869620
vt 0.148452 0.939410
vt 0.214347 0.869620
vt 0.580912 0.902845
vt 0.890578 0.105384
vt 0.608106 0.947615
vt 0.938325 0.380274
vt 0.938325 0.380274
vt 0.149798 0.926349
vt 0.158665 0.945436
vt 0.841316 0.912435
vt 0.932222 0.596982
vt 0.158665 0.945436
vt 0.158665 0.925811
vt 0.616976 0.947591
vt 0.616976 0.947591
vt 0.821691 0.912517
vt 0.941038 0.596669
vt 0.149870 0.945832
vt 0.587367 0.901965
vt 0.941038 0.596669
vt 0.582092 0.905927
vt 0.890683 0.102093
vt 0.890683 0.102093
vt 0.687183 0.964159
vt 0.687183 0.964159
vt 0.942726 0.384895
vt 0.976375 0.398671
vt 0.942726 0.384895
vt 0.976375 0.398671
vt 0.607768 0.922854
vt 0.836368 0.202301
vt 0.938325 0.405049
vt 0.836368 0.202301
vt 0.607768 0.922854
vt 0.944300 0.390622
vt 0.681370 0.964159
vt 0.944300 0.390622
vt 0.983468 0.836256
vt 0.944300 0.390622
vt 0.584447 0.907451
vt 0.890632 0.099939
vt 0.584447 0.907451
vt 0.584447 0.907451
vt 0.890632 0.099939
vt 0.032350 0.928745
vt 0.890632 0.099939
vt 0.984167 0.214550
vt 0.731785 0.989504
vt 0.686715 0.971159
vt 0.976375 0.405630
vt 0.976600 0.887978
vt 0.466835 0.968545
vt 0.912865 0.147999
vt 0.976600 0.896751
vt 0.202802 0.001553
vt 0.466835 0.977205
vt 0.899341 0.098626
vt 0.912865 0.147999
vt 0.816436 0.922526
vt 0.731785 0.993194
vt 0.195557 0.004587
vt 0.972476 0.890105
vt 0.813283 0.921131
vt 0.684928 0.972583
vt 0.813283 0.921131
vt 0.730564 0.991083
vt 0.684928 0.972583
vt 0.813283 0.921131
vt 0.983468 0.845062
vt 0.617563 0.922854
vt 0.826573 0.202475
vt 0.820738 0.887794
vt 0.826573 0.202475
vt 0.584900 0.912816
vt 0.173757 0.972406
vt 0.305463 0.989504
vt 0.584900 0.912816
vt 0.769436 0.989504
vt 0.034445 0.933601
vt 0.305463 0.989504
vt 0.826699 0.181667
vt 0.841546 0.887794
vt 0.826699 0.181667
vt 0.932222 0.572336
vt 0.841546 0.887794
vt 0.902380 0.094907
vt 0.203562 0.005365
vt 0.902380 0.094907
vt 0.902380 0.094907
vt 0.902380 0.094907
vt 0.560988 0.955795
vt 0.897558 0.090399
vt 0.984300 0.079676
vt 0.560988 0.955795
vt 0.602206 0.992076
vt 0.897558 0.090399
vt 0.897558 0.090399
vt 0.984167 0.224139
vt 0.805897 0.924566
vt 0.945496 0.391210
vt 0.982095 0.837362
vt 0.805897 0.924566
vt 0.805897 0.924566
vt 0.032350 0.934468
vt 0.279577 0.992951
vt 0.767217 0.989839
vt 0.984300 0.073568
vt 0.984795 0.219541
vt 0.769436 0.991776
vt 0.277242 0.993341
vt 0.174137 0.972203
vt 0.303205 0.989504
vt 0.560368 0.964885
vt 0.812271 0.928948
vt 0.812271 0.928948
vt 0.560368 0.964885
vt 0.411518 0.992810
vt 0.593793 0.924197
vt 0.942160 0.573559
vt 0.593793 0.924197
vt 0.942160 0.573559
vt 0.593793 0.924197
vt 0.817632 0.927209
vt 0.194132 0.009285
vt 0.817632 0.927209
vt 0.194132 0.009285
vt 0.817632 0.927209
vt 0.942746 0.394120
vt 0.804502 0.927411
vt 0.804502 0.927411
vt 0.942746 0.394120
vt 0.303595 0.990913
vt 0.174612 0.970886
vt 0.303595 0.990913
vt 0.174257 0.968614
vt 0.174257 0.968614
vt 0.305224 0.993324
vt 0.177349 0.968914
vt 0.277242 0.989504
vt 0.986150 0.077369
vt 0.177349 0.968914
vt 0.177349 0.968914
vt 0.600555 0.989504
vt 0.177349 0.968914
vt 0.203056 0.011288
vt 0.904091 0.089029
vt 0.203056 0.011288
vt 0.394104 0.989504
vt 0.413900 0.990562
vt 0.809084 0.928009
vt 0.809084 0.928009
vt 0.809084 0.928009
vt 0.394104 0.989504
vt 0.411518 0.989504
vt 0.560203 0.962019
vt 0.394104 0.991797
vt 0.603093 0.989504
vt 0.179483 0.967011
vt 0.559644 0.958491
vt 0.179106 0.964672
vt 0.314421 0.970038
vt 0.557303 0.957968
vt 0.179106 0.964672
vt 0.179106 0.964672
vt 0.314421 0.970038
vt 0.557303 0.957968
vt 0.557538 0.962343
vt 0.391611 0.992754
vt 0.810183 0.931588
vt 0.314536 0.965662
vt 0.557538 0.962343
vt 0.314536 0.965662
vt 0.391611 0.992754
vt 0.173757 0.963724
vt 0.308940 0.972094
vt 0.587903 0.920924
vt 0.587903 0.920924
vt 0.308940 0.972094
vt 0.587903 0.920924
vt 0.173757 0.963724
vt 0.192819 0.020893
vt 0.810656 0.938997
vt 0.843567 0.197784
vt 0.810656 0.938997
vt 0.810656 0.938997
vt 0.843567 0.197784
vt 0.194163 0.015197
vt 0.194163 0.015197
vt 0.817297 0.933131
vt 0.807972 0.929966
vt 0.392027 0.989586
vt 0.807972 0.929966
vt 0.805133 0.932361
vt 0.944363 0.399029
vt 0.805133 0.932361
vt 0.309542 0.963003
vt 0.805133 0.932361
vt 0.944363 0.399029
vt 0.578872 0.926165
vt 0.111112 0.966681
vt 0.308940 0.961981
vt 0.608735 0.992063
vt 0.943380 0.401103
vt 0.943380 0.401103
vt 0.203518 0.017601
vt 0.902302 0.082663
vt 0.203518 0.017601
vt 0.902302 0.082663
vt 0.902302 0.082663
vt 0.554110 0.955795
vt 0.117661 0.956822
vt 0.554110 0.955795
vt 0.896154 0.083534
vt 0.896154 0.083534
vt 0.117661 0.966845
vt 0.811048 0.933638
vt 0.555717 0.965702
vt 0.555717 0.965702
vt 0.811048 0.933638
vt 0.309599 0.966374
vt 0.309599 0.966374
vt 0.947741 0.399645
vt 0.897746 0.079233
vt 0.897746 0.079233
vt 0.897746 0.079233
vt 0.897746 0.079233
vt 0.112065 0.956809
vt 0.588646 0.924200
vt 0.112065 0.956809
vt 0.588646 0.924200
vt 0.890578 0.082688
vt 0.113173 0.966280
vt 0.113173 0.966280
vt 0.606198 0.992063
vt 0.111090 0.966867
vt 0.606796 0.989504
vt 0.943323 0.404317
vt 0.804502 0.937624
vt 0.837413 0.197281
vt 0.193386 0.022711
vt 0.193386 0.022711
vt 0.810793 0.940807
vt 0.193386 0.022711
vt 0.590346 0.926165
vt 0.890885 0.080317
vt 0.590346 0.926165
vt 0.837800 0.186134
vt 0.896067 0.079276
vt 0.896067 0.079276
vt 0.205617 0.020812
vt 0.205617 0.020812
vt 0.842963 0.184984
vt 0.842963 0.184984
vt 0.896067 0.079276
vt 0.837462 0.180766
vt 0.837462 0.180766
vt 0.595690 0.925279
vt 0.837462 0.180766
vt 0.943012 0.572010
vt 0.203318 0.023583
vt 0.897060 0.076521
vt 0.203318 0.023583
vt 0.897060 0.076521
vt 0.326835 0.743230
vt 0.822091 0.234125
vt 0.326835 0.743230
vt 0.518360 0.679330
vt 0.822091 0.234125
vt 0.822091 0.234125
vt 0.056341 0.753434
vt 0.518428 0.593852
vt 0.518428 0.593852
vt 0.822091 0.148646
vt 0.518428 0.593852
vt 0.056341 0.753434
vt 0.822091 0.148646
vt 0.184622 0.020794
vt 0.184622 0.020794
vt 0.842829 0.205979
vt 0.077205 0.755486
vt 0.241097 0.020823
vt 0.843064 0.149505
vt 0.077205 0.755486
vt 0.241097 0.020823
vt 0.843064 0.149505
vt 0.156760 0.020742
vt 0.306087 0.744337
vt 0.842861 0.233841
vt 0.153714 0.052914
vt 0.057616 0.732532
vt 0.057616 0.732532
vt 0.057616 0.732532
vt 0.244568 0.058829
vt 0.244568 0.058829
vt 0.244568 0.058829
vt 0.244568 0.058829
vt 0.244568 0.058829
vt 0.078065 0.749367
vt 0.244265 0.027017
vt 0.509339 0.592388
vt 0.053438 0.743961
vt 0.509339 0.592388
vt 0.509339 0.592388
vt 0.326824 0.733947
vt 0.509129 0.684015
vt 0.326824 0.733947
vt 0.326824 0.733947
vt 0.139977 0.054107
vt 0.304380 0.710816
vt 0.304380 0.710816
vt 0.506416 0.680071
vt 0.506416 0.680071
vt 0.332280 0.730834
vt 0.506416 0.680071
vt 0.249700 0.037796
vt 0.078774 0.738609
vt 0.078774 0.738609
vt 0.249700 0.037796
vt 0.326950 0.723900
vt 0.152851 0.075210
vt 0.152851 0.075210
vt 0.152851 0.075210
vt 0.325263 0.685354
vt 0.325263 0.685354
vt 0.325263 0.685354
vt 0.080500 0.722367
vt 0.080500 0.722367
vt 0.257798 0.054159
vt 0.455123 0.702126
vt 0.348253 0.678060
vt 0.783196 0.137927
vt 0.342599 0.679037
vt 0.342599 0.679037
vt 0.342599 0.679037
vt 0.788887 0.143180
vt 0.342599 0.679037
vt 0.471576 0.640300
vt 0.783167 0.076110
vt 0.783167 0.076110
vt 0.783167 0.076110
vt 0.783616 0.037450
vt 0.471927 0.601640
vt 0.783616 0.037450
vt 0.385549 0.957796
vt 0.082066 0.710076
vt 0.263387 0.066576
vt 0.130785 0.073894
vt 0.302842 0.690999
vt 0.302842 0.690999
vt 0.302842 0.690999
vt 0.472652 0.596136
vt 0.784864 0.031950
vt 0.466699 0.583822
vt 0.784709 0.019633
vt 0.788887 0.001553
vt 0.042635 0.688225
vt 0.317738 0.973104
vt 0.455123 0.565738
vt 0.061476 0.695966
vt 0.471615 0.674178
vt 0.783109 0.109988
vt 0.783109 0.109988
vt 0.783109 0.109988
vt 0.467043 0.685737
vt 0.783147 0.121544
vt 0.467043 0.685737
vt 0.783147 0.121544
vt 0.659756 0.864116
vt 0.782050 0.104947
vt 0.266869 0.073957
vt 0.266869 0.073957
vt 0.082935 0.702762
vt 0.266869 0.073957
vt 0.082935 0.702762
vt 0.246216 0.074589
vt 0.246216 0.074589
vt 0.781544 0.070492
vt 0.772631 0.069231
vt 0.505321 0.003137
vt 0.742212 0.114711
vt 0.742212 0.114711
vt 0.954123 0.967465
vt 0.742212 0.114711
vt 0.742212 0.114711
vt 0.785813 0.007583
vt 0.385619 0.937134
vt 0.767833 0.036569
vt 0.763755 0.037150
vt 0.763755 0.037150
vt 0.384641 0.930954
vt 0.763755 0.037150
vt 0.764398 0.075069
vt 0.086689 0.669207
vt 0.266990 0.107707
vt 0.927191 0.735124
vt 0.086689 0.669207
vt 0.266990 0.107707
vt 0.763890 0.108034
vt 0.659455 0.840435
vt 0.954123 0.947158
vt 0.659455 0.840435
vt 0.763890 0.108034
vt 0.660370 0.849537
vt 0.660370 0.849537
vt 0.771386 0.106357
vt 0.751025 0.072837
vt 0.751025 0.072837
vt 0.954392 0.942160
vt 0.032546 0.679263
vt 0.777824 0.002826
vt 0.777824 0.002826
vt 0.032546 0.679263
vt 0.032546 0.679263
vt 0.765832 0.004857
vt 0.021521 0.670245
vt 0.765832 0.004857
vt 0.742977 0.029737
vt 0.742977 0.029737
vt 0.951268 0.898648
vt 0.420358 0.001553
vt 0.742977 0.029737
vt 0.420358 0.001553
vt 0.742977 0.029737
vt 0.356024 0.668452
vt 0.774659 0.141104
vt 0.356024 0.668452
vt 0.774659 0.141104
vt 0.356024 0.668452
vt 0.385619 0.925705
vt 0.759132 0.035365
vt 0.759132 0.035365
vt 0.759132 0.035365
vt 0.039521 0.683315
vt 0.318454 0.977470
vt 0.755759 0.107871
vt 0.951268 0.954856
vt 0.660370 0.828948
vt 0.755759 0.107871
vt 0.002973 0.654088
vt 0.745541 0.008226
vt 0.002973 0.654088
vt 0.398708 0.012458
vt 0.754072 0.035478
vt 0.036928 0.677918
vt 0.036928 0.677918
vt 0.036928 0.677918
vt 0.036928 0.677918
vt 0.317738 0.982687
vt 0.344617 0.670587
vt 0.344617 0.670587
vt 0.344617 0.670587
vt 0.751057 0.237978
vt 0.353510 0.667274
vt 0.353510 0.667274
vt 0.353510 0.667274
vt 0.353510 0.667274
vt 0.028561 0.672662
vt 0.028561 0.672662
vt 0.028561 0.672662
vt 0.302447 0.657010
vt 0.302447 0.657010
vt 0.953708 0.509026
vt 0.302447 0.657010
vt 0.750478 0.108027
vt 0.748346 0.074986
vt 0.951268 0.944053
vt 0.748346 0.074986
vt 0.745015 0.110041
vt 0.361141 0.658800
vt 0.361141 0.658800
vt 0.361141 0.658800
vt 0.747791 0.035356
vt 0.973025 0.089529
vt 0.324580 0.627983
vt 0.973025 0.089529
vt 0.324580 0.627983
vt 0.031186 0.952079
vt 0.324580 0.627983
vt 0.324580 0.627983
vt 0.324580 0.627983
vt 0.867028 0.226551
vt 0.339655 0.623159
vt 0.574918 0.520676
vt 0.751057 0.285664
vt 0.339655 0.623159
vt 0.339655 0.623159
vt 0.212761 0.922590
vt 0.264199 0.804868
vt 0.666620 0.326798
vt 0.666620 0.314832
vt 0.200793 0.922418
vt 0.508688 0.877286
vt 0.666620 0.314832
vt 0.508688 0.877286
vt 0.254825 0.810926
vt 0.675996 0.327423
vt 0.675996 0.327423
vt 0.254825 0.810926
vt 0.675996 0.327423
vt 0.953708 0.494900
vt 0.744452 0.941686
vt 0.191515 0.874796
vt 0.191515 0.874796
vt 0.721557 0.315270
vt 0.211242 0.864121
vt 0.939785 0.898648
vt 0.211242 0.864121
vt 0.211242 0.864121
vt 0.744452 0.921926
vt 0.621479 0.806252
vt 0.756890 0.941698
vt 0.720883 0.327691
vt 0.720883 0.327691
vt 0.022796 0.667384
vt 0.022796 0.667384
vt 0.091880 0.624105
vt 0.091880 0.624105
vt 0.267026 0.153092
vt 0.091880 0.624105
vt 0.267026 0.153092
vt 0.807046 0.966480
vt 0.979384 0.726077
vt 0.091880 0.624105
vt 0.023830 0.665703
vt 0.185139 0.864738
vt 0.205745 0.978491
vt 0.711397 0.315667
vt 0.185139 0.864738
vt 0.205745 0.978491
vt 0.604313 0.962120
vt 0.063443 0.639840
vt 0.959223 0.130177
vt 0.063443 0.639840
vt 0.959223 0.130177
vt 0.604313 0.962120
vt 0.370485 0.652802
vt 0.370485 0.652802
vt 0.376708 0.651728
vt 0.376708 0.651728
vt 0.376708 0.651728
vt 0.752709 0.137439
vt 0.752709 0.137439
vt 0.746926 0.125115
vt 0.746926 0.125115
vt 0.340609 0.624993
vt 0.750033 0.283734
vt 0.340609 0.624993
vt 0.508236 0.870048
vt 0.508236 0.870048
vt 0.883855 0.968171
vt 0.310335 0.975200
vt 0.508236 0.870048
vt 0.883855 0.968171
vt 0.310335 0.975200
vt 0.508236 0.870048
vt 0.513881 0.868726
vt 0.675047 0.314498
vt 0.675047 0.314498
vt 0.947180 0.776812
vt 0.969716 0.472364
vt 0.192276 0.867470
vt 0.591863 0.975524
vt 0.964466 0.582438
vt 0.591863 0.975524
vt 0.969716 0.472364
vt 0.205745 0.984061
vt 0.919122 0.720867
vt 0.710941 0.321199
vt 0.032009 0.924666
vt 0.967898 0.096320
vt 0.032009 0.924666
vt 0.710941 0.321199
vt 0.757306 0.921864
vt 0.632420 0.786434
vt 0.632420 0.786434
vt 0.926931 0.898758
vt 0.711216 0.327691
vt 0.631098 0.812562
vt 0.631098 0.812562
vt 0.631098 0.812562
vt 0.925601 0.720867
vt 0.925601 0.720867
vt 0.631098 0.812562
vt 0.241349 0.927358
vt 0.309449 0.655484
vt 0.960755 0.507578
vt 0.309449 0.655484
vt 0.960755 0.507578
vt 0.309449 0.655484
vt 0.045436 0.633524
vt 0.965295 0.627292
vt 0.045436 0.633524
vt 0.965295 0.627292
vt 0.049025 0.632972
vt 0.966424 0.630952
vt 0.049025 0.632972
vt 0.372066 0.649609
vt 0.372066 0.649609
vt 0.013339 0.659336
vt 0.013339 0.659336
vt 0.200119 0.942074
vt 0.488789 0.866997
vt 0.939848 0.895543
vt 0.488789 0.866997
vt 0.488789 0.866997
vt 0.676713 0.319954
vt 0.676713 0.319954
vt 0.961196 0.495153
vt 0.228956 0.927397
vt 0.676713 0.319954
vt 0.020018 0.925640
vt 0.918139 0.732832
vt 0.077609 0.667826
vt 0.077609 0.667826
vt 0.918139 0.732832
vt 0.918139 0.732832
vt 0.020018 0.925640
vt 0.747801 0.131406
vt 0.015331 0.659388
vt 0.015331 0.659388
vt 0.320369 0.911174
vt 0.888398 0.961308
vt 0.320369 0.911174
vt 0.888398 0.961308
vt 0.314536 0.975348
vt 0.327987 0.913456
vt 0.888059 0.968175
vt 0.327987 0.913456
vt 0.512136 0.864549
vt 0.310697 0.980602
vt 0.184561 0.979784
vt 0.512136 0.864549
vt 0.212977 0.942074
vt 0.253232 0.785412
vt 0.253232 0.785412
vt 0.926990 0.895536
vt 0.525880 0.012743
vt 0.746016 0.135394
vt 0.383065 0.647209
vt 0.459927 0.920338
vt 0.587720 0.975753
vt 0.973871 0.472364
vt 0.465801 0.917597
vt 0.973611 0.478324
vt 0.465801 0.917597
vt 0.225174 0.924898
vt 0.329810 0.907659
vt 0.185450 0.983676
vt 0.185450 0.983676
vt 0.314536 0.980626
vt 0.314536 0.980626
vt 0.329810 0.907659
vt 0.691616 0.950728
vt 0.254212 0.823934
vt 0.954912 0.507870
vt 0.954912 0.507870
vt 0.303627 0.656073
vt 0.254212 0.823934
vt 0.196494 0.950309
vt 0.493393 0.862317
vt 0.883855 0.953727
vt 0.493393 0.862317
vt 0.455424 0.915185
vt 0.587720 0.980957
vt 0.587720 0.980957
vt 0.969719 0.093932
vt 0.202894 0.981969
vt 0.202894 0.981969
vt 0.455424 0.915185
vt 0.969719 0.093932
vt 0.203026 0.977838
vt 0.187830 0.862187
vt 0.591843 0.980833
vt 0.326739 0.911820
vt 0.326739 0.911820
vt 0.326739 0.911820
vt 0.083342 0.667728
vt 0.631737 0.824568
vt 0.923836 0.732769
vt 0.923836 0.732769
vt 0.230241 0.927087
vt 0.230241 0.927087
vt 0.230241 0.927087
vt 0.230241 0.927087
vt 0.959814 0.496502
vt 0.230241 0.927087
vt 0.959814 0.496502
vt 0.182789 0.979562
vt 0.513988 0.865906
vt 0.677868 0.314816
vt 0.677868 0.314816
vt 0.412143 0.950736
vt 0.206889 0.858353
vt 0.412143 0.950736
vt 0.206889 0.858353
vt 0.961720 0.597060
vt 0.192025 0.949760
vt 0.312486 0.909088
vt 0.888317 0.954129
vt 0.312486 0.909088
vt 0.888317 0.954129
vt 0.192025 0.949760
vt 0.378393 0.644597
vt 0.378393 0.644597
vt 0.378393 0.644597
vt 0.378393 0.644597
vt 0.378393 0.644597
vt 0.947935 0.790478
vt 0.973347 0.484788
vt 0.472147 0.913980
vt 0.182789 0.985292
vt 0.227758 0.925475
vt 0.227758 0.925475
vt 0.227758 0.925475
vt 0.678649 0.320528
vt 0.488202 0.839511
vt 0.939848 0.868051
vt 0.244455 0.901162
vt 0.659819 0.786434
vt 0.910297 0.408155
vt 0.926633 0.926159
vt 0.009744 0.653093
vt 0.009744 0.653093
vt 0.575766 0.341389
vt 0.009744 0.653093
vt 0.385634 0.643332
vt 0.525777 0.016414
vt 0.385634 0.643332
vt 0.525777 0.016414
vt 0.525777 0.016414
vt 0.525777 0.016414
vt 0.034446 0.921084
vt 0.034446 0.921084
vt 0.968090 0.092788
vt 0.968090 0.092788
vt 0.473942 0.911994
vt 0.416738 0.949923
vt 0.966382 0.597060
vt 0.947180 0.793047
vt 0.399390 0.015476
vt 0.399390 0.015476
vt 0.001553 0.650898
vt 0.001553 0.650898
vt 0.399390 0.015476
vt 0.085913 0.649386
vt 0.650257 0.825486
vt 0.085913 0.649386
vt 0.650257 0.825486
vt 0.239467 0.902898
vt 0.239467 0.902898
vt 0.239467 0.902898
vt 0.376914 0.622452
vt 0.376914 0.622452
vt 0.376914 0.622452
vt 0.301151 0.627137
vt 0.301151 0.627137
vt 0.301151 0.627137
vt 0.015476 0.978188
vt 0.225174 0.824999
vt 0.028905 0.900341
vt 0.028905 0.900341
vt 0.318382 0.629836
vt 0.318382 0.629836
vt 0.980646 0.033976
vt 0.011390 0.631328
vt 0.011390 0.631328
vt 0.574918 0.363157
vt 0.227961 0.906803
vt 0.227961 0.906803
vt 0.690334 0.968910
vt 0.416738 0.966721
vt 0.472970 0.895209
vt 0.221728 0.934839
vt 0.221728 0.934839
vt 0.295728 0.603041
vt 0.954315 0.672515
vt 0.131040 0.162119
vt 0.131040 0.162119
vt 0.940322 0.727432
vt 0.954315 0.672515
vt 0.968570 0.510395
vt 0.493247 0.844856
vt 0.778224 0.935102
vt 0.196519 0.967768
vt 0.493247 0.844856
vt 0.976565 0.932779
vt 0.015476 0.968525
vt 0.221728 0.972077
vt 0.225865 0.815352
vt 0.296292 0.949242
vt 0.221728 0.972077
vt 0.256817 0.931086
vt 0.416724 0.965144
vt 0.473942 0.896772
vt 0.416724 0.965144
vt 0.034484 0.901862
vt 0.220669 0.952652
vt 0.034484 0.901862
vt 0.455123 0.894822
vt 0.969480 0.073568
vt 0.220669 0.952652
vt 0.969480 0.073568
vt 0.257670 0.901162
vt 0.225740 0.785412
vt 0.257670 0.901162
vt 0.926633 0.868042
vt 0.013574 0.618113
vt 0.013574 0.618113
vt 0.013574 0.618113
vt 0.575766 0.376625
vt 0.013574 0.618113
vt 0.967898 0.074836
vt 0.033148 0.903154
vt 0.033148 0.903154
vt 0.424414 0.037745
vt 0.424414 0.037745
vt 0.424414 0.037745
vt 0.308940 0.891677
vt 0.308940 0.891677
vt 0.773735 0.935399
vt 0.192025 0.967528
vt 0.773735 0.935399
vt 0.691616 0.970694
vt 0.327385 0.887791
vt 0.588117 0.989504
vt 0.226876 0.904955
vt 0.327385 0.887791
vt 0.959223 0.147091
vt 0.020018 0.899889
vt 0.020018 0.899889
vt 0.080111 0.642197
vt 0.498935 0.037991
vt 0.498935 0.037991
vt 0.491386 0.975603
vt 0.461207 0.037995
vt 0.491386 0.975603
vt 0.461207 0.037995
vt 0.461207 0.037995
vt 0.491386 0.975603
vt 0.211242 0.836678
vt 0.923450 0.408155
vt 0.939785 0.926091
vt 0.923450 0.408155
vt 0.939785 0.926091
vt 0.910585 0.435313
vt 0.910585 0.435313
vt 0.910585 0.435313
vt 0.659886 0.813606
vt 0.659886 0.813606
vt 0.910585 0.435313
vt 0.217366 0.966566
vt 0.231304 0.903858
vt 0.588117 0.994231
vt 0.979842 0.928453
vt 0.378809 0.620598
vt 0.867304 0.186817
vt 0.217192 0.933281
vt 0.412098 0.967066
vt 0.206483 0.842027
vt 0.412098 0.967066
vt 0.241349 0.902734
vt 0.308136 0.630890
vt 0.241349 0.902734
vt 0.980646 0.044306
vt 0.660661 0.825842
vt 0.086962 0.639025
vt 0.086962 0.639025
vt 0.086962 0.639025
vt 0.910932 0.447522
vt 0.457492 0.040704
vt 0.696224 0.323427
vt 0.457492 0.040704
vt 0.491594 0.971926
vt 0.696224 0.323427
vt 0.457492 0.040704
vt 0.221728 0.956423
vt 0.030774 0.900284
vt 0.860350 0.976482
vt 0.030774 0.900284
vt 0.589117 0.992139
vt 0.217970 0.964917
vt 0.772843 0.957080
vt 0.217970 0.964917
vt 0.329810 0.885645
vt 0.217970 0.964917
vt 0.218226 0.959529
vt 0.514538 0.843102
vt 0.778224 0.956429
vt 0.216105 0.954544
vt 0.185195 0.841243
vt 0.861447 0.970750
vt 0.185195 0.841243
vt 0.965295 0.601165
vt 0.019642 0.630782
vt 0.019642 0.630782
vt 0.867682 0.210797
vt 0.355142 0.622707
vt 0.355142 0.622707
vt 0.867682 0.210797
vt 0.182789 0.838153
vt 0.858338 0.970690
vt 0.858338 0.970690
vt 0.221728 0.960268
vt 0.516683 0.839511
vt 0.245059 0.929617
vt 0.027044 0.968146
vt 0.027044 0.968146
vt 0.235435 0.901162
vt 0.298275 0.942249
vt 0.976565 0.925284
vt 0.235435 0.901162
vt 0.031186 0.968324
vt 0.239576 0.901329
vt 0.308400 0.629446
vt 0.978913 0.043788
vt 0.239576 0.901329
vt 0.065940 0.945622
vt 0.065940 0.945622
vt 0.065940 0.945622
vt 0.025977 0.899243
vt 0.065940 0.945622
vt 0.965214 0.147078
vt 0.623174 0.989504
vt 0.960826 0.146380
vt 0.021662 0.898805
vt 0.960826 0.146380
vt 0.960826 0.146380
vt 0.183223 0.836564
vt 0.183223 0.836564
vt 0.856755 0.970607
vt 0.923012 0.436157
vt 0.867777 0.202791
vt 0.362994 0.621825
vt 0.916382 0.438005
vt 0.916382 0.438005
vt 0.028367 0.896754
vt 0.856755 0.977239
vt 0.499618 0.051871
vt 0.499618 0.051871
vt 0.499618 0.051871
vt 0.499618 0.051871
vt 0.499618 0.051871
vt 0.499618 0.051871
vt 0.499618 0.051871
vt 0.053611 0.621849
vt 0.053611 0.621849
vt 0.053611 0.621849
vt 0.600142 0.962582
vt 0.066670 0.928937
vt 0.963422 0.130479
vt 0.600142 0.962582
vt 0.027325 0.952779
vt 0.976890 0.089529
vt 0.298275 0.926883
vt 0.026095 0.896855
vt 0.621687 0.991368
vt 0.916883 0.440280
vt 0.498906 0.949707
vt 0.976921 0.098181
vt 0.289623 0.926786
vt 0.498906 0.949707
vt 0.498906 0.949707
vt 0.976921 0.098181
vt 0.765177 0.628010
vt 0.502677 0.963368
vt 0.506938 0.976233
vt 0.765177 0.628010
vt 0.506936 0.963202
vt 0.053159 0.969214
vt 0.502677 0.976056
vt 0.053187 0.959784
vt 0.053187 0.959784
vt 0.502728 0.966627
vt 0.699169 0.314498
vt 0.765177 0.618251
vt 0.696224 0.317510
vt 0.506938 0.966474
vt 0.696224 0.317510
vt 0.765177 0.618251
vt 0.696224 0.317510
vt 0.830488 0.145541
vt 0.051847 0.961050
vt 0.231859 0.968407
vt 0.051847 0.961050
vt 0.488390 0.976748
vt 0.767237 0.623784
vt 0.051127 0.968067
vt 0.224834 0.968239
vt 0.051127 0.968067
vt 0.100274 0.964831
vt 0.224834 0.968239
vt 0.890477 0.141672
vt 0.295719 0.945731
vt 0.890477 0.141672
vt 0.011898 0.970918
vt 0.295719 0.945731
vt 0.488202 0.979250
vt 0.768443 0.626298
vt 0.983371 0.456060
vt 0.873038 0.967001
vt 0.466361 0.038960
vt 0.466361 0.038960
vt 0.464710 0.039603
vt 0.490707 0.979089
vt 0.981086 0.457125
vt 0.464710 0.039603
vt 0.068891 0.948020
vt 0.623174 0.993306
vt 0.914518 0.440318
vt 0.885518 0.624153
vt 0.914518 0.440318
vt 0.914518 0.440318
vt 0.304545 0.626713
vt 0.304545 0.626713
vt 0.012088 0.976981
vt 0.896536 0.141672
vt 0.144446 0.993329
vt 0.502677 0.953746
vt 0.983091 0.449481
vt 0.502677 0.953746
vt 0.774788 0.628640
vt 0.879407 0.624688
vt 0.914402 0.446399
vt 0.083558 0.638380
vt 0.879407 0.624688
vt 0.083558 0.638380
vt 0.228656 0.960940
vt 0.228656 0.960940
vt 0.934819 0.959773
vt 0.228656 0.960940
vt 0.932486 0.962305
vt 0.225361 0.959893
vt 0.932486 0.962305
vt 0.100274 0.956506
vt 0.488202 0.973029
vt 0.767884 0.620088
vt 0.697517 0.320065
vt 0.767884 0.620088
vt 0.933852 0.955800
vt 0.231859 0.959529
vt 0.933852 0.955800
vt 0.822091 0.142101
vt 0.822091 0.142101
vt 0.933852 0.955800
vt 0.603164 0.971980
vt 0.603164 0.971980
vt 0.861447 0.949091
vt 0.065216 0.630088
vt 0.861447 0.949091
vt 0.603164 0.971980
vt 0.350496 0.621993
vt 0.866373 0.215624
vt 0.367690 0.620232
vt 0.367690 0.620232
vt 0.866373 0.198141
vt 0.367690 0.620232
vt 0.027415 0.630745
vt 0.966734 0.609110
vt 0.966734 0.609110
vt 0.027415 0.630745
vt 0.027415 0.630745
vt 0.884811 0.629224
vt 0.074009 0.947305
vt 0.074009 0.947305
vt 0.884811 0.629224
vt 0.856282 0.965763
vt 0.075581 0.946213
vt 0.075581 0.946213
vt 0.856282 0.965763
vt 0.884745 0.630748
vt 0.978270 0.001553
vt 0.705208 0.317023
vt 0.830163 0.140625
vt 0.047049 0.959561
vt 0.830163 0.140625
vt 0.830163 0.140625
vt 0.303155 0.619682
vt 0.303155 0.619682
vt 0.509095 0.957070
vt 0.047049 0.969513
vt 0.096170 0.964136
vt 0.979073 0.985304
vt 0.509095 0.957070
vt 0.096919 0.956530
vt 0.928713 0.962580
vt 0.096919 0.956530
vt 0.096919 0.956530
vt 0.928713 0.962580
vt 0.069112 0.989504
vt 0.384124 0.606256
vt 0.524289 0.053488
vt 0.524289 0.053488
vt 0.704336 0.324156
vt 0.704336 0.324156
vt 0.983752 0.035718
vt 0.704336 0.324156
vt 0.600061 0.971289
vt 0.075377 0.928937
vt 0.858376 0.948620
vt 0.699577 0.321783
vt 0.699577 0.321783
vt 0.770566 0.618462
vt 0.498906 0.967982
vt 0.289778 0.945061
vt 0.891249 0.147562
vt 0.085597 0.628438
vt 0.975099 0.738139
vt 0.085597 0.628438
vt 0.979384 0.718429
vt 0.975099 0.738139
vt 0.305377 0.620287
vt 0.494026 0.967682
vt 0.896138 0.147999
vt 0.305377 0.620287
vt 0.305377 0.620287
vt 0.896138 0.147999
vt 0.341300 0.611241
vt 0.083329 0.632264
vt 0.083329 0.632264
vt 0.083329 0.632264
vt 0.861447 0.967501
vt 0.879407 0.630712
vt 0.285832 0.968010
vt 0.372341 0.608724
vt 0.372341 0.608724
vt 0.372341 0.608724
vt 0.666337 0.976572
vt 0.466126 0.040825
vt 0.873382 0.965116
vt 0.466423 0.045184
vt 0.873199 0.960763
vt 0.873199 0.960763
vt 0.822888 0.137576
vt 0.929711 0.953803
vt 0.903733 0.960353
vt 0.929711 0.953803
vt 0.397740 0.967127
vt 0.017094 0.618544
vt 0.017094 0.618544
vt 0.113208 0.969973
vt 0.113208 0.969973
vt 0.141635 0.993329
vt 0.465911 0.045041
vt 0.875093 0.960813
vt 0.981086 0.451487
vt 0.875093 0.960813
vt 0.875093 0.960813
vt 0.981086 0.451487
vt 0.375239 0.609084
vt 0.375239 0.609084
vt 0.699492 0.326279
vt 0.985441 0.040294
vt 0.457095 0.045035
vt 0.457095 0.045035
vt 0.865818 0.978755
vt 0.575542 0.536004
vt 0.494800 0.949094
vt 0.323870 0.618378
vt 0.972825 0.099159
vt 0.285832 0.957517
vt 0.382158 0.607334
vt 0.285832 0.957517
vt 0.382158 0.607334
vt 0.381536 0.969026
vt 0.382158 0.607334
vt 0.064601 0.628314
vt 0.604313 0.973708
vt 0.064601 0.628314
vt 0.064601 0.628314
vt 0.064601 0.628314
vt 0.583218 0.972563
vt 0.976524 0.983023
vt 0.507698 0.953716
vt 0.507698 0.953716
vt 0.488613 0.063572
vt 0.488613 0.063572
vt 0.431619 0.864120
vt 0.488613 0.063572
vt 0.818986 0.126558
vt 0.516156 0.057132
vt 0.516156 0.057132
vt 0.945616 0.499642
vt 0.464339 0.050583
vt 0.806445 0.243153
vt 0.873038 0.955351
vt 0.464339 0.050583
vt 0.464339 0.050583
vt 0.873038 0.955351
vt 0.926633 0.961504
vt 0.094596 0.957300
vt 0.903373 0.968676
vt 0.094596 0.957300
vt 0.926633 0.961504
vt 0.398363 0.052409
vt 0.974985 0.137807
vt 0.005067 0.614118
vt 0.005067 0.614118
vt 0.974985 0.137807
vt 0.896504 0.962622
vt 0.976392 0.006141
vt 0.830488 0.136642
vt 0.976392 0.006141
vt 0.495389 0.954991
vt 0.318052 0.619576
vt 0.495389 0.954991
vt 0.078365 0.630219
vt 0.078365 0.630219
vt 0.078365 0.630219
vt 0.078365 0.630219
vt 0.974794 0.731163
vt 0.071991 0.629816
vt 0.315611 0.618453
vt 0.315611 0.618453
vt 0.493909 0.957332
vt 0.303041 0.616683
vt 0.303041 0.616683
vt 0.881868 0.975325
vt 0.881868 0.975325
vt 0.968570 0.494900
vt 0.307172 0.617531
vt 0.307172 0.617531
vt 0.882052 0.971280
vt 0.307172 0.617531
vt 0.307172 0.617531
vt 0.092112 0.963750
vt 0.583874 0.968424
vt 0.896852 0.966467
vt 0.978270 0.009519
vt 0.896852 0.966467
vt 0.979073 0.980174
vt 0.580194 0.962389
vt 0.707462 0.320931
vt 0.707462 0.320931
vt 0.974568 0.003769
vt 0.984326 0.398059
vt 0.315486 0.615396
vt 0.574918 0.544151
vt 0.315486 0.615396
vt 0.865818 0.973517
vt 0.865818 0.973517
vt 0.985804 0.035892
vt 0.865818 0.973517
vt 0.903733 0.962955
vt 0.926633 0.955357
vt 0.874856 0.958335
vt 0.874856 0.958335
vt 0.874856 0.958335
vt 0.072476 0.626708
vt 0.072476 0.626708
vt 0.866916 0.975783
vt 0.583017 0.969435
vt 0.583017 0.969435
vt 0.977910 0.979887
vt 0.583017 0.969435
vt 0.144233 0.989504
vt 0.578913 0.970104
vt 0.578913 0.970104
vt 0.805811 0.237310
vt 0.878921 0.955708
vt 0.984546 0.405630
vt 0.504238 0.950204
vt 0.800844 0.243153
vt 0.869428 0.975649
vt 0.869428 0.975649
vt 0.458728 0.049812
vt 0.458728 0.049812
vt 0.581852 0.965422
vt 0.975668 0.007079
vt 0.581852 0.965422
vt 0.090702 0.628244
vt 0.974794 0.743239
vt 0.982122 0.722753
vt 0.090702 0.628244
vt 0.982964 0.401503
vt 0.985804 0.033976
vt 0.982964 0.401503
vt 0.706992 0.325191
vt 0.865822 0.971176
vt 0.801397 0.237402
vt 0.578913 0.964832
vt 0.984546 0.400115
vt 0.578913 0.964832
vt 0.984546 0.400115
vt 0.297356 0.615115
vt 0.964302 0.498976
vt 0.297356 0.615115
vt 0.297356 0.615115
vt 0.433972 0.971810
vt 0.882052 0.980874
vt 0.302097 0.615668
vt 0.880274 0.976135
vt 0.880274 0.976135
vt 0.083654 0.627096
vt 0.977366 0.735823
vt 0.006857 0.616177
vt 0.205745 0.974468
vt 0.397740 0.956374
vt 0.006857 0.616177
vt 0.320110 0.612461
vt 0.069564 0.622559
vt 0.069564 0.622559
vt 0.807046 0.943913
vt 0.069564 0.622559
vt 0.302392 0.612994
vt 0.436190 0.966579
vt 0.436190 0.966579
vt 0.302392 0.612994
vt 0.804287 0.960135
vt 0.085846 0.624941
vt 0.804287 0.960135
vt 0.405288 0.055031
vt 0.634239 0.966168
vt 0.981272 0.659979
vt 0.974548 0.130177
vt 0.433522 0.062967
vt 0.456308 0.705231
vt 0.433522 0.062967
vt 0.433522 0.062967
vt 0.042111 0.614414
vt 0.042111 0.614414
vt 0.042111 0.614414
vt 0.282523 0.968065
vt 0.282523 0.968065
vt 0.974851 0.632301
vt 0.663226 0.977378
vt 0.116916 0.970803
vt 0.401671 0.966375
vt 0.439296 0.975172
vt 0.401671 0.966375
vt 0.205745 0.967973
vt 0.439785 0.966913
vt 0.403900 0.958415
vt 0.205745 0.967973
vt 0.205745 0.967973
vt 0.439785 0.966913
vt 0.974931 0.624052
vt 0.279868 0.960266
vt 0.381536 0.975587
vt 0.086151 0.623794
vt 0.086151 0.623794
vt 0.806431 0.960609
vt 0.123453 0.983609
vt 0.378269 0.970608
vt 0.382095 0.603942
vt 0.069112 0.992961
vt 0.123453 0.983609
vt 0.378269 0.970608
vt 0.314986 0.611319
vt 0.434914 0.953910
vt 0.314986 0.611319
vt 0.302542 0.611911
vt 0.302542 0.611911
vt 0.302542 0.611911
vt 0.433972 0.966379
vt 0.202269 0.972861
vt 0.634662 0.976553
vt 0.006967 0.612575
vt 0.202269 0.972861
vt 0.407505 0.993220
vt 0.974548 0.140590
vt 0.857962 0.242129
vt 0.117661 0.975665
vt 0.444199 0.975493
vt 0.857962 0.242129
vt 0.117661 0.975665
vt 0.444199 0.975493
vt 0.969840 0.632458
vt 0.230856 0.940708
vt 0.663450 0.982375
vt 0.227977 0.940694
vt 0.227977 0.940694
vt 0.372367 0.602427
vt 0.666337 0.982836
vt 0.666337 0.982836
vt 0.022305 0.611829
vt 0.022305 0.611829
vt 0.022305 0.611829
vt 0.016401 0.610880
vt 0.113208 0.977496
vt 0.016401 0.610880
vt 0.751209 0.288770
vt 0.862527 0.241910
vt 0.201345 0.967616
vt 0.444199 0.966843
vt 0.857962 0.233479
vt 0.056268 0.614717
vt 0.971292 0.355904
vt 0.056268 0.614717
vt 0.971292 0.355904
vt 0.406355 0.989504
vt 0.977878 0.138954
vt 0.981272 0.650459
vt 0.527725 0.055281
vt 0.065773 0.991495
vt 0.527725 0.055281
vt 0.123178 0.979942
vt 0.347143 0.604250
vt 0.969099 0.111730
vt 0.969099 0.111730
vt 0.347143 0.604250
vt 0.969099 0.111730
vt 0.230856 0.931886
vt 0.376436 0.975909
vt 0.376436 0.975909
vt 0.969840 0.623622
vt 0.318938 0.545324
vt 0.318938 0.545324
vt 0.318938 0.545324
vt 0.318938 0.545324
vt 0.959050 0.173426
vt 0.296772 0.600150
vt 0.296772 0.600150
vt 0.296772 0.600150
vt 0.948162 0.898701
vt 0.948162 0.898701
vt 0.948162 0.898701
vt 0.092546 0.614905
vt 0.092546 0.614905
vt 0.267111 0.162294
vt 0.948162 0.898701
vt 0.121129 0.980328
vt 0.121129 0.980328
vt 0.527327 0.057357
vt 0.121129 0.980328
vt 0.950181 0.509952
vt 0.950181 0.509952
vt 0.007284 0.600202
vt 0.007284 0.600202
vt 0.398048 0.066483
vt 0.398048 0.066483
vt 0.398048 0.066483
vt 0.121869 0.983444
vt 0.376823 0.971145
vt 0.226189 0.930503
vt 0.356884 0.602826
vt 0.228065 0.956163
vt 0.356884 0.602826
vt 0.967414 0.101752
vt 0.356884 0.602826
vt 0.227047 0.943003
vt 0.370081 0.603023
vt 0.370081 0.603023
vt 0.979263 0.650903
vt 0.408412 0.989504
vt 0.631255 0.975042
vt 0.200526 0.968930
vt 0.859313 0.232849
vt 0.200526 0.968930
vt 0.273008 0.989504
vt 0.942891 0.898648
vt 0.982604 0.023888
vt 0.263047 0.162366
vt 0.985953 0.897303
vt 0.263047 0.162366
vt 0.981061 0.224139
vt 0.947255 0.504078
vt 0.520786 0.056897
vt 0.947255 0.504078
vt 0.968747 0.127071
vt 0.331717 0.603642
vt 0.331717 0.603642
vt 0.225174 0.932217
vt 0.380724 0.601314
vt 0.225174 0.932217
vt 0.380724 0.601314
vt 0.945616 0.511956
vt 0.121129 0.985448
vt 0.006243 0.610484
vt 0.200119 0.974732
vt 0.398095 0.056149
vt 0.634662 0.974356
vt 0.865118 0.231777
vt 0.383507 0.601821
vt 0.947072 0.509132
vt 0.947072 0.509132
vt 0.524997 0.057962
vt 0.947072 0.509132
vt 0.366656 0.915408
vt 0.372941 0.601812
vt 0.226922 0.940051
vt 0.372941 0.601812
vt 0.226922 0.940051
vt 0.372941 0.601812
vt 0.022551 0.610285
vt 0.022551 0.610285
vt 0.022551 0.610285
vt 0.022551 0.610285
vt 0.225242 0.941824
vt 0.371123 0.601726
vt 0.225242 0.941824
vt 0.371123 0.601726
vt 0.371123 0.601726
vt 0.349221 0.603487
vt 0.968060 0.109513
vt 0.040997 0.611937
vt 0.525097 0.061843
vt 0.382543 0.598003
vt 0.525097 0.061843
vt 0.525097 0.061843
vt 0.016907 0.606959
vt 0.016907 0.606959
vt 0.750324 0.292709
vt 0.333708 0.602925
vt 0.967414 0.124922
vt 0.055492 0.612672
vt 0.970065 0.353966
vt 0.055492 0.612672
vt 0.368009 0.917690
vt 0.372590 0.599610
vt 0.372590 0.599610
vt 0.366656 0.937231
vt 0.371107 0.580079
vt 0.371107 0.580079
vt 0.371107 0.580079
vt 0.758564 0.774881
vt 0.175575 0.911159
vt 0.175575 0.911159
vt 0.175929 0.917927
vt 0.175929 0.917927
vt 0.175929 0.917927
vt 0.175929 0.917927
vt 0.554779 0.827311
vt 0.165254 0.914837
vt 0.165254 0.914837
vt 0.165254 0.914837
vt 0.166016 0.920805
vt 0.166016 0.920805
vt 0.765141 0.918414
vt 0.765141 0.918414
vt 0.765141 0.918414
vt 0.765141 0.918414
vt 0.766017 0.914114
vt 0.719959 0.822521
vt 0.775870 0.912893
vt 0.775870 0.912893
vt 0.775201 0.920583
vt 0.775201 0.920583
vt 0.359532 0.581341
vt 0.359532 0.581341
vt 0.759284 0.786524
vt 0.359532 0.581341
vt 0.359532 0.581341
vt 0.759284 0.786524
vt 0.716476 0.825274
vt 0.776648 0.917315
vt 0.716476 0.825274
vt 0.177415 0.912003
vt 0.560738 0.828633
vt 0.548811 0.829247
vt 0.176680 0.923960
vt 0.176680 0.923960
vt 0.548811 0.829247
vt 0.765301 0.924461
vt 0.765301 0.924461
vt 0.656350 0.845451
vt 0.763145 0.919128
vt 0.655287 0.838373
vt 0.763678 0.911964
vt 0.763678 0.911964
vt 0.165374 0.924974
vt 0.257407 0.834459
vt 0.164486 0.909407
vt 0.164486 0.909407
vt 0.243190 0.828105
vt 0.243190 0.828105
vt 0.163977 0.916500
vt 0.163977 0.916500
vt 0.163977 0.916500
vt 0.250029 0.830158
vt 0.250029 0.830158
vt 0.013537 0.926823
vt 0.774773 0.905131
vt 0.975031 0.849043
vt 0.775508 0.926397
vt 0.038442 0.955676
vt 0.775508 0.926397
vt 0.977389 0.691815
vt 0.978112 0.585717
vt 0.775508 0.926397
vt 0.003291 0.928117
vt 0.764518 0.907182
vt 0.652913 0.833896
vt 0.652913 0.833896
vt 0.163473 0.922235
vt 0.254536 0.834173
vt 0.254536 0.834173
vt 0.254536 0.834173
vt 0.763754 0.927082
vt 0.656202 0.853517
vt 0.763754 0.927082
vt 0.656202 0.853517
vt 0.130785 0.217000
vt 0.291954 0.548255
vt 0.130785 0.217000
vt 0.130785 0.217000
vt 0.291954 0.548255
vt 0.291954 0.548255
vt 0.686633 0.992921
vt 0.816575 0.458328
vt 0.940322 0.672515
vt 0.726292 0.822278
vt 0.726292 0.822278
vt 0.777459 0.907813
vt 0.726292 0.822278
vt 0.726292 0.822278
vt 0.165824 0.903742
vt 0.571887 0.900644
vt 0.165824 0.903742
vt 0.571887 0.900644
vt 0.766297 0.929354
vt 0.766297 0.929354
vt 0.975925 0.594810
vt 0.035707 0.591629
vt 0.967536 0.849043
vt 0.035707 0.591629
vt 0.176673 0.907271
vt 0.176673 0.907271
vt 0.565519 0.829404
vt 0.565519 0.829404
vt 0.972825 0.073568
vt 0.559960 0.831894
vt 0.559960 0.831894
vt 0.559960 0.831894
vt 0.559960 0.831894
vt 0.978974 0.694055
vt 0.711075 0.833674
vt 0.711075 0.833674
vt 0.711075 0.833674
vt 0.711075 0.833674
vt 0.777459 0.926809
vt 0.652641 0.839476
vt 0.981564 0.742275
vt 0.177432 0.926829
vt 0.546030 0.831664
vt 0.635332 0.904659
vt 0.546030 0.831664
vt 0.232355 0.834134
vt 0.232355 0.834134
vt 0.330907 0.583752
vt 0.758759 0.815560
vt 0.330907 0.583752
vt 0.648512 0.852682
vt 0.648512 0.852682
vt 0.648512 0.852682
vt 0.523940 0.102387
vt 0.379952 0.557532
vt 0.523940 0.102387
vt 0.633058 0.904935
vt 0.175164 0.929109
vt 0.633058 0.904935
vt 0.633058 0.904935
vt 0.868256 0.460254
vt 0.943669 0.899593
vt 0.274136 0.990559
vt 0.574870 0.596522
vt 0.868256 0.460254
vt 0.943669 0.899593
vt 0.175484 0.902139
vt 0.562191 0.902074
vt 0.175484 0.902139
vt 0.653787 0.858842
vt 0.764608 0.931996
vt 0.897006 0.913069
vt 0.978112 0.597576
vt 0.038442 0.967930
vt 0.164639 0.930313
vt 0.622513 0.906766
vt 0.260566 0.840582
vt 0.622513 0.906766
vt 0.252046 0.835621
vt 0.252046 0.835621
vt 0.252046 0.835621
vt 0.252046 0.835621
vt 0.252046 0.835621
vt 0.238094 0.829383
vt 0.573920 0.901021
vt 0.163795 0.905244
vt 0.238094 0.829383
vt 0.177432 0.902654
vt 0.560228 0.903250
vt 0.570317 0.833902
vt 0.570317 0.833902
vt 0.818986 0.204862
vt 0.818986 0.204862
vt 0.499851 0.141953
vt 0.818986 0.204862
vt 0.499851 0.141953
vt 0.015334 0.925701
vt 0.728882 0.821382
vt 0.776605 0.905264
vt 0.728882 0.821382
vt 0.931596 0.408155
vt 0.959204 0.672603
vt 0.301381 0.926786
vt 0.944049 0.725305
vt 0.968614 0.036012
vt 0.816575 0.405607
vt 0.931596 0.408155
vt 0.001553 0.922186
vt 0.646509 0.831349
vt 0.913130 0.981418
vt 0.646509 0.831349
vt 0.369362 0.580478
vt 0.369362 0.580478
vt 0.759819 0.776504
vt 0.369362 0.580478
vt 0.575738 0.605634
vt 0.944106 0.912031
vt 0.944106 0.912031
vt 0.966496 0.044628
vt 0.957552 0.682942
vt 0.957552 0.682942
vt 0.359335 0.961186
vt 0.722882 0.829966
vt 0.722882 0.829966
vt 0.333478 0.583219
vt 0.333478 0.583219
vt 0.759819 0.812794
vt 0.972678 0.856576
vt 0.043943 0.958922
vt 0.907525 0.913338
vt 0.955588 0.683652
vt 0.955588 0.683652
vt 0.286923 0.599212
vt 0.286923 0.599212
vt 0.004007 0.921044
vt 0.915055 0.979061
vt 0.004007 0.921044
vt 0.623258 0.909833
vt 0.982146 0.511139
vt 0.623258 0.909833
vt 0.623258 0.909833
vt 0.432227 0.071316
vt 0.456529 0.713592
vt 0.456529 0.713592
vt 0.432227 0.071316
vt 0.456529 0.713592
vt 0.091373 0.608553
vt 0.091373 0.608553
vt 0.091373 0.608553
vt 0.018601 0.593202
vt 0.750033 0.306564
vt 0.018601 0.593202
vt 0.750033 0.306564
vt 0.285024 0.596251
vt 0.539478 0.839570
vt 0.982146 0.522374
vt 0.634435 0.912433
vt 0.634435 0.912433
vt 0.013021 0.922711
vt 0.013021 0.922711
vt 0.013021 0.922711
vt 0.295832 0.595707
vt 0.641685 0.904659
vt 0.295832 0.595707
vt 0.295832 0.595707
vt 0.641685 0.904659
vt 0.295832 0.595707
vt 0.641685 0.904659
vt 0.909905 0.919839
vt 0.710941 0.845694
vt 0.909905 0.919839
vt 0.975031 0.862856
vt 0.977389 0.703293
vt 0.896307 0.918004
vt 0.649341 0.862171
vt 0.649341 0.862171
vt 0.649341 0.862171
vt 0.896307 0.918004
vt 0.434024 0.070835
vt 0.461005 0.713059
vt 0.461005 0.713059
vt 0.434024 0.070835
vt 0.461005 0.713059
vt 0.719206 0.838491
vt 0.719206 0.838491
vt 0.359335 0.969478
vt 0.677452 0.964257
vt 0.359335 0.969478
vt 0.231871 0.831160
vt 0.572284 0.905135
vt 0.572284 0.905135
vt 0.984732 0.891553
vt 0.273008 0.995361
vt 0.864043 0.462758
vt 0.955218 0.001655
vt 0.260665 0.845383
vt 0.621646 0.911165
vt 0.260665 0.845383
vt 0.621646 0.911165
vt 0.260665 0.845383
vt 0.621646 0.911165
vt 0.731883 0.827882
vt 0.731883 0.827882
vt 0.088582 0.963985
vt 0.088582 0.963985
vt 0.247049 0.840861
vt 0.088582 0.963985
vt 0.088582 0.963985
vt 0.893918 0.794948
vt 0.239249 0.839532
vt 0.772843 0.960186
vt 0.088582 0.956256
vt 0.088582 0.956256
vt 0.239249 0.839532
vt 0.093691 0.609084
vt 0.949188 0.001873
vt 0.093691 0.609084
vt 0.649263 0.844167
vt 0.649263 0.844167
vt 0.649263 0.844167
vt 0.421616 0.993542
vt 0.949526 0.029760
vt 0.639553 0.841669
vt 0.978108 0.616304
vt 0.116362 0.602532
vt 0.639553 0.841669
vt 0.911819 0.992131
vt 0.949526 0.029760
vt 0.123043 0.472871
vt 0.241368 0.307082
vt 0.818639 0.141964
vt 0.818639 0.141964
vt 0.431619 0.879762
vt 0.491254 0.079000
vt 0.561732 0.906438
vt 0.561732 0.906438
vt 0.573766 0.836906
vt 0.561732 0.906438
vt 0.946260 0.923036
vt 0.946260 0.923036
vt 0.946260 0.923036
vt 0.259998 0.850814
vt 0.259998 0.850814
vt 0.621479 0.916446
vt 0.539478 0.848487
vt 0.539478 0.848487
vt 0.635332 0.921359
vt 0.635332 0.921359
vt 0.057393 0.595605
vt 0.969961 0.336794
vt 0.969961 0.336794
vt 0.057393 0.595605
vt 0.967536 0.871100
vt 0.057393 0.595605
vt 0.907127 0.919357
vt 0.907127 0.919357
vt 0.907127 0.919357
vt 0.571871 0.970660
vt 0.955218 0.023809
vt 0.955218 0.023809
vt 0.864594 0.481014
vt 0.571871 0.970660
vt 0.864594 0.481014
vt 0.955218 0.023809
vt 0.818591 0.129826
vt 0.431208 0.867506
vt 0.818591 0.129826
vt 0.488373 0.079980
vt 0.488373 0.079980
vt 0.810413 0.142866
vt 0.810413 0.142866
vt 0.488373 0.079980
vt 0.810413 0.142866
vt 0.926556 0.432983
vt 0.433807 0.982767
vt 0.726888 0.971988
vt 0.554269 0.837496
vt 0.554269 0.837496
vt 0.926556 0.432983
vt 0.981301 0.519513
vt 0.631523 0.912143
vt 0.631523 0.912143
vt 0.644706 0.840327
vt 0.644706 0.840327
vt 0.948162 0.926593
vt 0.948162 0.926593
vt 0.115148 0.607721
vt 0.948162 0.926593
vt 0.560228 0.913649
vt 0.575050 0.844086
vt 0.575050 0.844086
vt 0.560228 0.913649
vt 0.560228 0.913649
vt 0.275122 0.592876
vt 0.275122 0.592876
vt 0.575781 0.972190
vt 0.943398 0.925581
vt 0.574870 0.615550
vt 0.868256 0.482213
vt 0.943398 0.925581
vt 0.943398 0.925581
vt 0.433807 0.974915
vt 0.974455 0.081982
vt 0.562247 0.840398
vt 0.643278 0.850885
vt 0.643278 0.850885
vt 0.942895 0.935541
vt 0.643278 0.850885
vt 0.643278 0.850885
vt 0.946487 0.932771
vt 0.946487 0.932771
vt 0.644714 0.846199
vt 0.644714 0.846199
vt 0.738083 0.824042
vt 0.738083 0.824042
vt 0.014267 0.917798
vt 0.738083 0.824042
vt 0.014267 0.917798
vt 0.228091 0.835486
vt 0.572980 0.910625
vt 0.572980 0.910625
vt 0.228091 0.835486
vt 0.228091 0.835486
vt 0.572980 0.910625
vt 0.094219 0.607034
vt 0.267045 0.170322
vt 0.982604 0.015489
vt 0.096343 0.607459
vt 0.951081 0.003478
vt 0.981061 0.214992
vt 0.980614 0.016323
vt 0.929227 0.433270
vt 0.436190 0.981878
vt 0.929227 0.433270
vt 0.929227 0.433270
vt 0.953279 0.001553
vt 0.953279 0.001553
vt 0.978831 0.216927
vt 0.985953 0.889969
vt 0.074405 0.556943
vt 0.074405 0.556943
vt 0.301381 0.957761
vt 0.932173 0.431092
vt 0.981266 0.105675
vt 0.270216 0.592849
vt 0.959204 0.703579
vt 0.968614 0.061045
vt 0.981266 0.105675
vt 0.635784 0.863455
vt 0.635784 0.863455
vt 0.635784 0.863455
vt 0.635784 0.863455
vt 0.639758 0.906790
vt 0.639758 0.906790
vt 0.813423 0.411593
vt 0.937533 0.409150
vt 0.639758 0.906790
vt 0.294013 0.594876
vt 0.639620 0.905290
vt 0.814438 0.411793
vt 0.722431 0.834565
vt 0.361140 0.964641
vt 0.361140 0.964641
vt 0.623172 0.918567
vt 0.623172 0.918567
vt 0.260665 0.853346
vt 0.736413 0.826090
vt 0.736413 0.826090
vt 0.736413 0.826090
vt 0.736413 0.826090
vt 0.726953 0.831466
vt 0.360163 0.959064
vt 0.673495 0.979646
vt 0.726953 0.831466
vt 0.726953 0.831466
vt 0.252295 0.846178
vt 0.252295 0.846178
vt 0.642275 0.930261
vt 0.275151 0.589663
vt 0.443050 0.978599
vt 0.642275 0.930261
vt 0.632801 0.915846
vt 0.632801 0.915846
vt 0.632801 0.915846
vt 0.897747 0.924185
vt 0.897747 0.924185
vt 0.024902 0.590409
vt 0.969075 0.790222
vt 0.024902 0.590409
vt 0.638438 0.921376
vt 0.936879 0.422424
vt 0.638438 0.921376
vt 0.087631 0.959574
vt 0.087631 0.959574
vt 0.011522 0.915084
vt 0.011522 0.915084
vt 0.003485 0.914462
vt 0.003485 0.914462
vt 0.913130 0.972539
vt 0.003485 0.914462
vt 0.003485 0.914462
vt 0.563003 0.841461
vt 0.975480 0.082816
vt 0.975480 0.082816
vt 0.083802 0.961471
vt 0.083802 0.961471
vt 0.483560 0.961795
vt 0.483560 0.961795
vt 0.083802 0.961471
vt 0.483560 0.961795
vt 0.933624 0.429438
vt 0.304928 0.950643
vt 0.933624 0.429438
vt 0.561610 0.912631
vt 0.561610 0.912631
vt 0.561610 0.912631
vt 0.673495 0.985059
vt 0.983287 0.070088
vt 0.365217 0.962904
vt 0.685937 0.314498
vt 0.365217 0.962904
vt 0.430243 0.082317
vt 0.456631 0.724614
vt 0.456631 0.724614
vt 0.455689 0.783116
vt 0.455689 0.783116
vt 0.455689 0.783116
vt 0.420534 0.140708
vt 0.455689 0.783116
vt 0.570098 0.847840
vt 0.570098 0.847840
vt 0.570098 0.847840
vt 0.083915 0.964602
vt 0.484852 0.964646
vt 0.083915 0.964602
vt 0.364729 0.966813
vt 0.682395 0.316219
vt 0.672291 0.964257
vt 0.672291 0.964257
vt 0.632558 0.833036
vt 0.632558 0.833036
vt 0.632558 0.833036
vt 0.632558 0.833036
vt 0.632558 0.833036
vt 0.724456 0.856809
vt 0.724456 0.856809
vt 0.711406 0.924566
vt 0.724456 0.856809
vt 0.724456 0.856809
vt 0.435868 0.976119
vt 0.850272 0.970696
vt 0.933390 0.428827
vt 0.972825 0.083787
vt 0.983320 0.433035
vt 0.933390 0.428827
vt 0.972825 0.083787
vt 0.085186 0.968461
vt 0.483764 0.969689
vt 0.897535 0.790399
vt 0.483764 0.969689
vt 0.897535 0.790399
vt 0.568634 0.970421
vt 0.676230 0.980858
vt 0.729931 0.832790
vt 0.983287 0.063378
vt 0.034566 0.971533
vt 0.568634 0.970421
vt 0.729931 0.832790
vt 0.640674 0.929165
vt 0.640674 0.929165
vt 0.640674 0.929165
vt 0.643285 0.838362
vt 0.643285 0.838362
vt 0.980472 0.733209
vt 0.480637 0.960172
vt 0.083261 0.958724
vt 0.933261 0.443743
vt 0.983970 0.667939
vt 0.083261 0.958724
vt 0.480637 0.960172
vt 0.778435 0.960847
vt 0.676592 0.961299
vt 0.720207 0.841546
vt 0.676592 0.961299
vt 0.676592 0.961299
vt 0.484096 0.966426
vt 0.484096 0.966426
vt 0.484096 0.966426
vt 0.484096 0.966426
vt 0.575130 0.977580
vt 0.575130 0.977580
vt 0.642800 0.847996
vt 0.943612 0.932324
vt 0.637990 0.855079
vt 0.637990 0.855079
vt 0.982453 0.567224
vt 0.979042 0.106099
vt 0.932332 0.431045
vt 0.439296 0.983199
vt 0.932332 0.431045
vt 0.979042 0.106099
vt 0.930332 0.437135
vt 0.930332 0.437135
vt 0.930332 0.437135
vt 0.930332 0.437135
vt 0.930332 0.437135
vt 0.981266 0.112119
vt 0.267676 0.989693
vt 0.931514 0.439420
vt 0.550752 0.844821
vt 0.725089 0.964884
vt 0.931514 0.439420
vt 0.984333 0.880968
vt 0.689312 0.314861
vt 0.564133 0.970085
vt 0.689312 0.314861
vt 0.985186 0.067933
vt 0.638655 0.974574
vt 0.672005 0.961601
vt 0.681755 0.319516
vt 0.681755 0.319516
vt 0.672005 0.961601
vt 0.249819 0.848530
vt 0.893494 0.789052
vt 0.249819 0.848530
vt 0.641138 0.865032
vt 0.896307 0.926571
vt 0.641138 0.865032
vt 0.641333 0.838756
vt 0.641333 0.838756
vt 0.981564 0.731163
vt 0.911819 0.989504
vt 0.641333 0.838756
vt 0.909128 0.926860
vt 0.714019 0.852207
vt 0.909128 0.926860
vt 0.909128 0.926860
vt 0.233264 0.848197
vt 0.233264 0.848197
vt 0.233264 0.848197
vt 0.772843 0.970486
vt 0.570660 0.915826
vt 0.570660 0.915826
vt 0.570660 0.915826
vt 0.570660 0.915826
vt 0.721158 0.848342
vt 0.721158 0.848342
vt 0.677939 0.955413
vt 0.721158 0.848342
vt 0.721158 0.848342
vt 0.721158 0.848342
vt 0.481104 0.962752
vt 0.301724 0.976756
vt 0.769558 0.977750
vt 0.301724 0.976756
vt 0.481104 0.962752
vt 0.547239 0.856477
vt 0.547239 0.856477
vt 0.547239 0.856477
vt 0.547239 0.856477
vt 0.726888 0.953356
vt 0.638089 0.845326
vt 0.952317 0.031862
vt 0.979347 0.563006
vt 0.974782 0.618412
vt 0.952317 0.031862
vt 0.304492 0.976758
vt 0.482385 0.965206
vt 0.482385 0.965206
vt 0.831770 0.237310
vt 0.058576 0.593658
vt 0.971292 0.334718
vt 0.058576 0.593658
vt 0.002067 0.912506
vt 0.002067 0.912506
vt 0.636423 0.828948
vt 0.638655 0.967638
vt 0.168916 0.983912
vt 0.688058 0.316681
vt 0.638655 0.967638
vt 0.638655 0.967638
vt 0.688058 0.316681
vt 0.907517 0.928804
vt 0.907517 0.928804
vt 0.907517 0.928804
vt 0.907517 0.928804
vt 0.932999 0.435606
vt 0.304912 0.959473
vt 0.932999 0.435606
vt 0.932999 0.435606
vt 0.564361 0.844893
vt 0.975401 0.086423
vt 0.982554 0.312114
vt 0.853594 0.973844
vt 0.853594 0.973844
vt 0.165851 0.984104
vt 0.411664 0.970171
vt 0.690558 0.318821
vt 0.690558 0.318821
vt 0.125805 0.972572
vt 0.303490 0.981027
vt 0.303490 0.981027
vt 0.019803 0.588704
vt 0.970381 0.785096
vt 0.019803 0.588704
vt 0.751209 0.311208
vt 0.013958 0.912464
vt 0.013958 0.912464
vt 0.742029 0.827707
vt 0.123639 0.971632
vt 0.301381 0.981577
vt 0.764716 0.976513
vt 0.684543 0.318982
vt 0.793676 0.237350
vt 0.640136 0.971692
vt 0.640136 0.971692
vt 0.225361 0.849508
vt 0.741050 0.894926
vt 0.225361 0.849508
vt 0.573481 0.924565
vt 0.225361 0.849508
vt 0.573481 0.924565
vt 0.478838 0.962523
vt 0.768895 0.975854
vt 0.931917 0.446380
vt 0.985575 0.670637
vt 0.640568 0.840852
vt 0.910807 0.991434
vt 0.422857 0.994455
vt 0.640568 0.840852
vt 0.126261 0.974925
vt 0.305589 0.981577
vt 0.826764 0.237785
vt 0.126261 0.974925
vt 0.126261 0.974925
vt 0.126261 0.974925
vt 0.168934 0.978715
vt 0.643852 0.967730
vt 0.683994 0.975689
vt 0.168934 0.978715
vt 0.683994 0.975689
vt 0.644236 0.971902
vt 0.644236 0.971902
vt 0.683253 0.979857
vt 0.797739 0.238026
vt 0.937533 0.436532
vt 0.937533 0.436532
vt 0.639712 0.938239
vt 0.639712 0.938239
vt 0.937533 0.436532
vt 0.937533 0.436532
vt 0.777473 0.965686
vt 0.928142 0.445016
vt 0.928142 0.445016
vt 0.565282 0.974002
vt 0.565282 0.974002
vt 0.692918 0.317514
vt 0.774126 0.966147
vt 0.236160 0.844787
vt 0.439296 0.978750
vt 0.643512 0.934363
vt 0.643512 0.934363
vt 0.937071 0.430406
vt 0.981459 0.436986
vt 0.643512 0.934363
vt 0.957498 0.964391
vt 0.639440 0.847555
vt 0.571871 0.978307
vt 0.639440 0.847555
vt 0.954274 0.033352
vt 0.639440 0.847555
vt 0.791981 0.240172
vt 0.791981 0.240172
vt 0.684141 0.322310
vt 0.791981 0.240172
vt 0.374978 0.541533
vt 0.744432 0.836320
vt 0.744432 0.836320
vt 0.744432 0.836320
vt 0.744432 0.836320
vt 0.015476 0.904256
vt 0.898705 0.929079
vt 0.933312 0.438072
vt 0.269902 0.989504
vt 0.933312 0.438072
vt 0.933312 0.438072
vt 0.933312 0.438072
vt 0.225174 0.841475
vt 0.572803 0.917280
vt 0.572803 0.917280
vt 0.572803 0.917280
vt 0.011431 0.910470
vt 0.011431 0.910470
vt 0.671682 0.957056
vt 0.682817 0.324075
vt 0.682817 0.324075
vt 0.671682 0.957056
vt 0.035336 0.968059
vt 0.568730 0.973850
vt 0.568730 0.973850
vt 0.732798 0.834898
vt 0.412013 0.975880
vt 0.165851 0.978456
vt 0.412013 0.975880
vt 0.687183 0.975890
vt 0.797663 0.242082
vt 0.687183 0.980917
vt 0.797663 0.242082
vt 0.416738 0.976549
vt 0.687183 0.980917
vt 0.639075 0.852283
vt 0.639075 0.852283
vt 0.639075 0.852283
vt 0.632559 0.923176
vt 0.961183 0.966030
vt 0.984669 0.733270
vt 0.850272 0.978717
vt 0.983320 0.441049
vt 0.850272 0.978717
vt 0.121152 0.973265
vt 0.764576 0.973558
vt 0.764576 0.973558
vt 0.980153 0.070088
vt 0.121152 0.973265
vt 0.933261 0.453695
vt 0.831770 0.242822
vt 0.898412 0.785866
vt 0.478838 0.969960
vt 0.898412 0.785866
vt 0.933261 0.453695
vt 0.831770 0.242822
vt 0.828627 0.985454
vt 0.685079 0.981224
vt 0.797739 0.240206
vt 0.797739 0.240206
vt 0.596955 0.978917
vt 0.826504 0.239914
vt 0.827908 0.979669
vt 0.125093 0.976836
vt 0.676470 0.955792
vt 0.676470 0.955792
vt 0.723434 0.846027
vt 0.676470 0.955792
vt 0.723434 0.846027
vt 0.562268 0.918512
vt 0.562268 0.918512
vt 0.562268 0.918512
vt 0.562268 0.918512
vt 0.562268 0.918512
vt 0.479659 0.770330
vt 0.427658 0.128175
vt 0.479659 0.770330
vt 0.427658 0.128175
vt 0.632104 0.840173
vt 0.632104 0.840173
vt 0.632104 0.840173
vt 0.632104 0.840173
vt 0.249248 0.855611
vt 0.249248 0.855611
vt 0.249248 0.855611
vt 0.249248 0.855611
vt 0.740361 0.844743
vt 0.740361 0.844743
vt 0.740361 0.844743
vt 0.740361 0.844743
vt 0.740361 0.844743
vt 0.034566 0.955676
vt 0.957498 0.974696
vt 0.983343 0.876585
vt 0.269902 0.993521
vt 0.638438 0.942861
vt 0.935839 0.440637
vt 0.957498 0.974696
vt 0.928076 0.448577
vt 0.983970 0.674996
vt 0.928076 0.448577
vt 0.929550 0.448750
vt 0.980181 0.065063
vt 0.769558 0.972517
vt 0.980181 0.065063
vt 0.635835 0.842203
vt 0.422857 0.989504
vt 0.883141 0.140049
vt 0.976547 0.559597
vt 0.229500 0.989504
vt 0.974782 0.614562
vt 0.564133 0.976870
vt 0.693118 0.320576
vt 0.765060 0.958794
vt 0.693118 0.320576
vt 0.353893 0.580352
vt 0.757126 0.792391
vt 0.353893 0.580352
vt 0.757126 0.792391
vt 0.757126 0.792391
vt 0.002740 0.905280
vt 0.002740 0.905280
vt 0.002740 0.905280
vt 0.629434 0.830941
vt 0.002740 0.905280
vt 0.122435 0.976836
vt 0.595101 0.979692
vt 0.976590 0.070088
vt 0.643393 0.937717
vt 0.960106 0.968076
vt 0.643393 0.937717
vt 0.960106 0.968076
vt 0.635528 0.851204
vt 0.976547 0.568458
vt 0.635528 0.851204
vt 0.887371 0.147999
vt 0.635528 0.851204
vt 0.887371 0.147999
vt 0.984200 0.563007
vt 0.596955 0.985417
vt 0.930766 0.452677
vt 0.826292 0.985454
vt 0.930766 0.452677
vt 0.976311 0.064150
vt 0.930766 0.452677
vt 0.121129 0.975446
vt 0.978492 0.069969
vt 0.978492 0.069969
vt 0.978492 0.069969
vt 0.044832 0.591342
vt 0.969573 0.858236
vt 0.044832 0.591342
vt 0.970381 0.810547
vt 0.416738 0.970962
vt 0.687422 0.324074
vt 0.687422 0.324074
vt 0.416738 0.970962
vt 0.687422 0.324074
vt 0.792057 0.243153
vt 0.672722 0.954556
vt 0.684068 0.326199
vt 0.765651 0.969411
vt 0.765651 0.969411
vt 0.622280 0.926407
vt 0.255911 0.859891
vt 0.622280 0.926407
vt 0.255911 0.859891
vt 0.255911 0.859891
vt 0.689544 0.323774
vt 0.689544 0.323774
vt 0.689544 0.323774
vt 0.689544 0.323774
vt 0.568765 0.977251
vt 0.734488 0.837895
vt 0.734488 0.837895
vt 0.769738 0.957571
vt 0.568765 0.977251
vt 0.246475 0.852739
vt 0.795915 0.973275
vt 0.893494 0.783851
vt 0.246475 0.852739
vt 0.246475 0.852739
vt 0.800030 0.972084
vt 0.932351 0.455664
vt 0.897630 0.783966
vt 0.932351 0.455664
vt 0.799649 0.962028
vt 0.777969 0.967895
vt 0.926965 0.447109
vt 0.685671 0.325887
vt 0.764576 0.967813
vt 0.685671 0.325887
vt 0.073607 0.951126
vt 0.981266 0.317021
vt 0.985910 0.731163
vt 0.852086 0.978685
vt 0.236041 0.848104
vt 0.795915 0.961857
vt 0.795915 0.961857
vt 0.236041 0.848104
vt 0.774319 0.969260
vt 0.624853 0.926081
vt 0.624853 0.926081
vt 0.013854 0.902533
vt 0.013854 0.902533
vt 0.746038 0.837290
vt 0.013854 0.902533
vt 0.013854 0.902533
vt 0.746038 0.837290
vt 0.570475 0.921631
vt 0.570475 0.921631
vt 0.570475 0.921631
vt 0.151614 0.218590
vt 0.151614 0.218590
vt 0.247520 0.863684
vt 0.247520 0.863684
vt 0.247520 0.863684
vt 0.741050 0.920893
vt 0.247520 0.863684
vt 0.634910 0.865334
vt 0.897450 0.932770
vt 0.897450 0.932770
vt 0.897450 0.932770
vt 0.559096 0.853208
vt 0.982554 0.321955
vt 0.075503 0.955865
vt 0.250127 0.989504
vt 0.559096 0.853208
vt 0.928758 0.453070
vt 0.928758 0.453070
vt 0.800788 0.967821
vt 0.928758 0.453070
vt 0.021735 0.551398
vt 0.021735 0.551398
vt 0.982661 0.391587
vt 0.021735 0.551398
vt 0.021735 0.551398
vt 0.554296 0.852914
vt 0.984333 0.872132
vt 0.250127 0.994290
vt 0.554296 0.852914
vt 0.961874 0.973425
vt 0.769738 0.968980
vt 0.676706 0.952086
vt 0.727547 0.847409
vt 0.769738 0.968980
vt 0.433668 0.107801
vt 0.574917 0.454552
vt 0.736187 0.851879
vt 0.736187 0.851879
vt 0.736187 0.851879
vt 0.736187 0.851879
vt 0.736187 0.851879
vt 0.908313 0.933092
vt 0.718765 0.856408
vt 0.908313 0.933092
vt 0.908313 0.933092
vt 0.908313 0.933092
vt 0.098915 0.560520
vt 0.266790 0.217033
vt 0.098915 0.560520
vt 0.098915 0.560520
vt 0.690625 0.326199
vt 0.765141 0.963516
vt 0.765141 0.963516
vt 0.342915 0.544033
vt 0.342915 0.544033
vt 0.342915 0.544033
vt 0.769194 0.963159
vt 0.732701 0.844529
vt 0.769194 0.963159
vt 0.799415 0.964943
vt 0.926556 0.451116
vt 0.799415 0.964943
vt 0.926556 0.451116
vt 0.073607 0.958674
vt 0.248333 0.992833
vt 0.961950 0.971863
vt 0.961950 0.971863
vt 0.985910 0.738460
vt 0.049226 0.554190
vt 0.049226 0.554190
vt 0.049226 0.554190
vt 0.799596 0.970119
vt 0.929721 0.455214
vt 0.799596 0.970119
vt 0.540039 0.853623
vt 0.540039 0.853623
vt 0.634343 0.926494
vt 0.230842 0.993660
vt 0.882869 0.145824
vt 0.630717 0.848429
vt 0.630717 0.848429
vt 0.229500 0.995193
vt 0.630717 0.848429
vt 0.982453 0.559597
vt 0.630717 0.848429
vt 0.881817 0.147999
vt 0.005088 0.902522
vt 0.005088 0.902522
vt 0.005088 0.902522
vt 0.721337 0.894926
vt 0.560546 0.923592
vt 0.573666 0.854100
vt 0.981201 0.678102
vt 0.560546 0.923592
vt 0.595178 0.962120
vt 0.979781 0.681754
vt 0.570092 0.855875
vt 0.570092 0.855875
vt 0.796735 0.966592
vt 0.239356 0.852385
vt 0.239356 0.852385
vt 0.796735 0.966592
vt 0.796735 0.966592
vt 0.487555 0.085679
vt 0.487555 0.085679
vt 0.631908 0.929977
vt 0.631908 0.929977
vt 0.631908 0.929977
vt 0.730705 0.926064
vt 0.001553 0.897673
vt 0.622935 0.839643
vt 0.622935 0.839643
vt 0.622935 0.839643
vt 0.724655 0.901630
vt 0.724655 0.901630
vt 0.715880 0.927462
vt 0.905523 0.936376
vt 0.905523 0.936376
vt 0.492861 0.092186
vt 0.818024 0.155131
vt 0.818024 0.155131
vt 0.492861 0.092186
vt 0.238792 0.855702
vt 0.238792 0.855702
vt 0.238792 0.855702
vt 0.238792 0.855702
vt 0.238792 0.855702
vt 0.238792 0.855702
vt 0.559597 0.857804
vt 0.559597 0.857804
vt 0.559597 0.857804
vt 0.559597 0.857804
vt 0.722901 0.857915
vt 0.713021 0.926471
vt 0.908353 0.936830
vt 0.739470 0.923668
vt 0.623043 0.932289
vt 0.250411 0.863993
vt 0.623043 0.932289
vt 0.739470 0.923668
vt 0.544261 0.859889
vt 0.633562 0.932828
vt 0.728937 0.923215
vt 0.544261 0.859889
vt 0.728937 0.923215
vt 0.977980 0.462699
vt 0.628995 0.862651
vt 0.723908 0.925283
vt 0.897406 0.938153
vt 0.976427 0.947788
vt 0.569990 0.928829
vt 0.737511 0.896607
vt 0.569990 0.928829
vt 0.737511 0.896607
vt 0.737511 0.896607
vt 0.561752 0.929760
vt 0.729259 0.898350
vt 0.561752 0.929760
vt 0.596955 0.969710
vt 0.729259 0.898350
vt 0.625144 0.844855
vt 0.625144 0.844855
vt 0.625144 0.844855
vt 0.978122 0.941833
vt 0.625724 0.857134
vt 0.625724 0.857134
vt 0.740710 0.912359
vt 0.238217 0.863693
vt 0.238217 0.863693
vt 0.740710 0.912359
vt 0.548325 0.862087
vt 0.727881 0.919233
vt 0.727881 0.919233
vt 0.011996 0.899080
vt 0.746556 0.841426
vt 0.714271 0.897728
vt 0.714271 0.897728
vt 0.559065 0.861973
vt 0.559065 0.861973
vt 0.559065 0.861973
vt 0.713070 0.903750
vt 0.744290 0.848149
vt 0.713070 0.903750
vt 0.744290 0.848149
vt 0.563431 0.863193
vt 0.727949 0.904185
vt 0.981201 0.688709
vt 0.563431 0.863193
vt 0.595178 0.975812
vt 0.727949 0.904185
vt 0.004251 0.896718
vt 0.721900 0.900874
vt 0.004251 0.896718
vt 0.721900 0.900874
vt 0.740810 0.901849
vt 0.229267 0.857912
vt 0.740810 0.901849
vt 0.229267 0.857912
vt 0.740810 0.901849
vt 0.712647 0.919851
vt 0.712647 0.919851
vt 0.731475 0.857915
vt 0.712647 0.919851
vt 0.712647 0.919851
vt 0.710941 0.907404
vt 0.741111 0.850038
vt 0.741111 0.850038
vt 0.732020 0.856522
vt 0.711268 0.918544
vt 0.732020 0.856522
vt 0.397269 0.117172
vt 0.982661 0.382342
vt 0.397269 0.117172
vt 0.012979 0.549828
vt 0.012979 0.549828
vt 0.397269 0.117172
vt 0.738637 0.900500
vt 0.738637 0.900500
vt 0.977980 0.449481
vt 0.723919 0.913435
vt 0.621479 0.851777
vt 0.723919 0.913435
vt 0.723919 0.913435
vt 0.976427 0.935939
vt 0.724655 0.907274
vt 0.621479 0.845560
vt 0.621479 0.845560
vt 0.553018 0.863715
vt 0.727761 0.914610
vt 0.432396 0.099368
vt 0.472954 0.741522
vt 0.575664 0.463713
vt 0.723892 0.919512
vt 0.976786 0.455670
vt 0.723892 0.919512
vt 0.737770 0.915512
vt 0.737770 0.915512
vt 0.721425 0.907128
vt 0.721425 0.907128
vt 0.712471 0.912504
vt 0.712471 0.912504
vt 0.738322 0.854674
vt 0.801173 0.182187
vt 0.801173 0.182187
vt 0.729539 0.911527
vt 0.729539 0.911527
vt 0.729370 0.907712
vt 0.729370 0.907712
vt 0.729370 0.907712
vt 0.729370 0.907712
vt 0.739745 0.908557
vt 0.234389 0.862967
vt 0.739745 0.908557
vt 0.495181 0.110555
vt 0.818155 0.173487
vt 0.818155 0.173487
vt 0.495181 0.110555
vt 0.486976 0.111703
vt 0.486976 0.111703
vt 0.486976 0.111703
vt 0.492262 0.139254
vt 0.107225 0.940664
vt 0.492262 0.139254
vt 0.791992 0.201893
vt 0.492262 0.139254
vt 0.492262 0.139254
vt 0.791992 0.201893
vt 0.368227 0.542129
vt 0.368227 0.542129
vt 0.150713 0.949031
vt 0.771447 0.234114
vt 0.150713 0.949031
vt 0.515593 0.947846
vt 0.773975 0.235466
vt 0.782290 0.967672
vt 0.772386 0.240426
vt 0.787236 0.967731
vt 0.341259 0.930598
vt 0.772386 0.240426
vt 0.787236 0.967731
vt 0.985530 0.657985
vt 0.787236 0.967731
vt 0.788875 0.235895
vt 0.850330 0.765402
vt 0.788875 0.235895
vt 0.850330 0.765402
vt 0.785413 0.236969
vt 0.490758 0.968820
vt 0.785413 0.236969
vt 0.966684 0.559597
vt 0.964058 0.107387
vt 0.787185 0.232001
vt 0.961720 0.559654
vt 0.964058 0.107387
vt 0.749981 0.233506
vt 0.774556 0.223652
vt 0.965409 0.296792
vt 0.749981 0.233506
vt 0.771637 0.224927
vt 0.434971 0.841868
vt 0.434971 0.841868
vt 0.434971 0.841868
vt 0.431208 0.842116
vt 0.769902 0.221167
vt 0.964139 0.441944
vt 0.964139 0.441944
vt 0.431208 0.842116
vt 0.561069 0.932866
vt 0.777997 0.223274
vt 0.561069 0.932866
vt 0.777997 0.223274
vt 0.777997 0.223274
vt 0.968834 0.296341
vt 0.968834 0.296341
vt 0.777594 0.225704
vt 0.621479 0.935935
vt 0.156825 0.967358
vt 0.407422 0.733917
vt 0.786269 0.238763
vt 0.407422 0.733917
vt 0.407422 0.733917
vt 0.786269 0.238763
vt 0.853177 0.765804
vt 0.962590 0.726787
vt 0.780137 0.224940
vt 0.780137 0.224940
vt 0.780137 0.224940
vt 0.488591 0.968691
vt 0.783252 0.237239
vt 0.971676 0.620424
vt 0.971912 0.151145
vt 0.783252 0.237239
vt 0.777717 0.243153
vt 0.398791 0.734133
vt 0.777717 0.243153
vt 0.398791 0.734133
vt 0.398791 0.734133
vt 0.777717 0.243153
vt 0.780014 0.218370
vt 0.780014 0.218370
vt 0.780014 0.218370
vt 0.780014 0.218370
vt 0.556173 0.933010
vt 0.556173 0.933010
vt 0.780014 0.218370
vt 0.779912 0.240502
vt 0.333733 0.930598
vt 0.779912 0.240502
vt 0.966467 0.449481
vt 0.985530 0.650459
vt 0.837061 0.765398
vt 0.837061 0.765398
vt 0.788875 0.222626
vt 0.788875 0.222626
vt 0.788875 0.222626
vt 0.836647 0.936960
vt 0.786857 0.225968
vt 0.836647 0.936960
vt 0.768468 0.217483
vt 0.831319 0.615924
vt 0.831319 0.615924
vt 0.805384 0.634265
vt 0.831319 0.615924
vt 0.767850 0.220817
vt 0.966189 0.441863
vt 0.966189 0.441863
vt 0.763309 0.222816
vt 0.810702 0.634565
vt 0.763309 0.222816
vt 0.810702 0.634565
vt 0.148452 0.948938
vt 0.771067 0.231854
vt 0.957989 0.328010
vt 0.957989 0.328010
vt 0.765514 0.222995
vt 0.644236 0.946239
vt 0.968562 0.441944
vt 0.644236 0.946239
vt 0.774265 0.225373
vt 0.160143 0.967727
vt 0.404744 0.934557
vt 0.160143 0.967727
vt 0.774297 0.216384
vt 0.774297 0.216384
vt 0.960544 0.218995
vt 0.960544 0.218995
vt 0.960544 0.218995
vt 0.773343 0.215893
vt 0.836210 0.616170
vt 0.836210 0.616170
vt 0.961489 0.218984
vt 0.742212 0.233506
vt 0.840199 0.615629
vt 0.777338 0.214965
vt 0.840199 0.615629
vt 0.777338 0.214965
vt 0.840199 0.615629
vt 0.832769 0.936984
vt 0.959033 0.893464
vt 0.832769 0.936984
vt 0.786311 0.222092
vt 0.786311 0.222092
vt 0.745697 0.233399
vt 0.771855 0.219391
vt 0.745697 0.233399
vt 0.770040 0.241631
vt 0.391143 0.734121
vt 0.241349 0.930503
vt 0.829538 0.634265
vt 0.391143 0.734121
vt 0.763392 0.236042
vt 0.235091 0.932447
vt 0.763392 0.236042
vt 0.823928 0.634694
vt 0.823928 0.634694
vt 0.958600 0.245066
vt 0.649719 0.989504
vt 0.766774 0.237026
vt 0.816848 0.461434
vt 0.816848 0.461434
vt 0.460018 0.949480
vt 0.640196 0.945967
vt 0.765830 0.227042
vt 0.640196 0.945967
vt 0.765490 0.232014
vt 0.963567 0.328010
vt 0.963604 0.245502
vt 0.649719 0.994673
vt 0.765490 0.232014
vt 0.963604 0.245502
vt 0.777933 0.216318
vt 0.777933 0.216318
vt 0.956908 0.218995
vt 0.554110 0.932866
vt 0.776190 0.234650
vt 0.517823 0.947916
vt 0.776190 0.234650
vt 0.776190 0.234650
vt 0.781407 0.235878
vt 0.966610 0.491795
vt 0.969840 0.620516
vt 0.966610 0.491795
vt 0.778875 0.235524
vt 0.520492 0.947761
vt 0.778875 0.235524
vt 0.961487 0.449481
vt 0.963612 0.491751
vt 0.963612 0.491751
vt 0.780857 0.232885
vt 0.780857 0.232885
vt 0.963612 0.491751
vt 0.784575 0.218243
vt 0.832643 0.765804
vt 0.847427 0.615971
vt 0.847427 0.615971
vt 0.784428 0.220917
vt 0.784428 0.220917
vt 0.960886 0.893635
vt 0.960886 0.893635
vt 0.962099 0.107522
vt 0.785191 0.230315
vt 0.962099 0.107522
vt 0.785191 0.230315
vt 0.962099 0.107522
vt 0.770728 0.227518
vt 0.455123 0.949197
vt 0.770728 0.227518
vt 0.437560 0.841868
vt 0.770728 0.227518
vt 0.772730 0.228536
vt 0.401586 0.934826
vt 0.772730 0.228536
vt 0.401586 0.934826
vt 0.772730 0.228536
vt 0.780232 0.238440
vt 0.964407 0.449568
vt 0.780232 0.238440
vt 0.338458 0.930636
vt 0.338458 0.930636
vt 0.984378 0.655165
vt 0.338458 0.930636
vt 0.649028 0.991773
vt 0.960630 0.245276
vt 0.960630 0.245276
vt 0.835477 0.615259
vt 0.835477 0.615259
vt 0.835477 0.615259
vt 0.964162 0.893897
vt 0.781176 0.222847
vt 0.964483 0.375795
vt 0.372606 0.949426
vt 0.397740 0.934557
vt 0.774161 0.232376
vt 0.372606 0.949426
vt 0.393069 0.734953
vt 0.393069 0.734953
vt 0.393069 0.734953
vt 0.768936 0.230460
vt 0.960094 0.327968
vt 0.960094 0.327968
vt 0.784856 0.228228
vt 0.967273 0.726359
vt 0.784856 0.228228
vt 0.838902 0.936960
vt 0.967273 0.726359
vt 0.784856 0.228228
vt 0.967273 0.726359
vt 0.782321 0.230747
vt 0.959223 0.107610
vt 0.961486 0.491795
vt 0.368716 0.949426
vt 0.628149 0.935934
vt 0.778050 0.232372
vt 0.368716 0.949426
vt 0.628149 0.935934
vt 0.778050 0.232372
vt 0.779728 0.228503
vt 0.624284 0.935984
vt 0.779728 0.228503
vt 0.624284 0.935984
vt 0.781778 0.226658
vt 0.964176 0.725894
vt 0.960631 0.376238
vt 0.960631 0.376238
vt 0.964176 0.725894
vt 0.770113 0.236993
vt 0.153589 0.949042
vt 0.770113 0.236993
vt 0.153589 0.949042
vt 0.813506 0.461528
vt 0.959950 0.773706
vt 0.093438 0.933962
vt 0.093438 0.933962
vt 0.594916 0.878170
vt 0.594916 0.878170
vt 0.959950 0.773706
vt 0.122880 0.934103
vt 0.596517 0.881563
vt 0.596517 0.881563
vt 0.122880 0.934103
vt 0.122880 0.934103
vt 0.595426 0.882772
vt 0.931852 0.990400
vt 0.268433 0.954834
vt 0.595426 0.882772
vt 0.595426 0.882772
vt 0.595426 0.882772
vt 0.915151 0.989504
vt 0.127587 0.934103
vt 0.598102 0.876877
vt 0.127587 0.934103
vt 0.598102 0.876877
vt 0.922708 0.967763
vt 0.580729 0.876359
vt 0.845487 0.133153
vt 0.488202 0.836049
vt 0.962156 0.151105
vt 0.962156 0.151105
vt 0.090332 0.933804
vt 0.580729 0.876359
vt 0.845487 0.133153
vt 0.088103 0.933671
vt 0.088103 0.933671
vt 0.088103 0.933671
vt 0.580824 0.878591
vt 0.580705 0.881518
vt 0.580705 0.881518
vt 0.580705 0.881518
vt 0.085175 0.933702
vt 0.085175 0.933702
vt 0.200119 0.945180
vt 0.279868 0.954411
vt 0.279868 0.954411
vt 0.588793 0.897084
vt 0.200119 0.945180
vt 0.835836 0.376096
vt 0.587973 0.898656
vt 0.835836 0.376096
vt 0.835836 0.376096
vt 0.580702 0.894070
vt 0.843154 0.376180
vt 0.827777 0.133288
vt 0.495411 0.836134
vt 0.587926 0.871389
vt 0.587926 0.871389
vt 0.495411 0.836134
vt 0.495411 0.836134
vt 0.585741 0.876732
vt 0.585741 0.876732
vt 0.769738 0.954465
vt 0.967172 0.151105
vt 0.585741 0.876732
vt 0.769738 0.954465
vt 0.272292 0.954269
vt 0.591560 0.881399
vt 0.591560 0.881399
vt 0.591560 0.881399
vt 0.596349 0.890417
vt 0.247684 0.934192
vt 0.596349 0.890417
vt 0.247684 0.934192
vt 0.244455 0.934372
vt 0.448329 0.965494
vt 0.598961 0.893680
vt 0.781484 0.989504
vt 0.244455 0.934372
vt 0.286517 0.954411
vt 0.595440 0.896156
vt 0.869428 0.948744
vt 0.595440 0.896156
vt 0.869428 0.948744
vt 0.286517 0.954411
vt 0.578872 0.879593
vt 0.842240 0.133200
vt 0.582821 0.886031
vt 0.964430 0.851734
vt 0.480922 0.937699
vt 0.480922 0.937699
vt 0.959033 0.851888
vt 0.959033 0.851888
vt 0.308940 0.958826
vt 0.580659 0.891402
vt 0.959033 0.851888
vt 0.959033 0.851888
vt 0.502486 0.836294
vt 0.595002 0.871188
vt 0.502486 0.836294
vt 0.502486 0.836294
vt 0.506758 0.836405
vt 0.599280 0.873224
vt 0.599280 0.873224
vt 0.599280 0.873224
vt 0.506758 0.836405
vt 0.601084 0.895418
vt 0.822759 0.376315
vt 0.822759 0.376315
vt 0.847880 0.246259
vt 0.594818 0.898860
vt 0.594818 0.898860
vt 0.828989 0.376116
vt 0.828989 0.376116
vt 0.828989 0.376116
vt 0.312774 0.958875
vt 0.584498 0.893374
vt 0.312774 0.958875
vt 0.312774 0.958875
vt 0.864553 0.948620
vt 0.593858 0.891268
vt 0.965082 0.731248
vt 0.965082 0.731248
vt 0.113882 0.934459
vt 0.113882 0.934459
vt 0.592625 0.888517
vt 0.113882 0.934459
vt 0.113882 0.934459
vt 0.110853 0.934103
vt 0.595646 0.886651
vt 0.915151 0.993381
vt 0.947910 0.990199
vt 0.657818 0.968478
vt 0.914925 0.991355
vt 0.948645 0.992119
vt 0.657818 0.968478
vt 0.930970 0.992023
vt 0.594927 0.873195
vt 0.710118 0.931425
vt 0.964924 0.773598
vt 0.710118 0.931425
vt 0.588071 0.877078
vt 0.100274 0.933671
vt 0.588071 0.877078
vt 0.965323 0.913424
vt 0.965323 0.913424
vt 0.965323 0.913424
vt 0.591874 0.879916
vt 0.096485 0.933919
vt 0.591874 0.879916
vt 0.096485 0.933919
vt 0.591874 0.879916
vt 0.096485 0.933919
vt 0.083261 0.933783
vt 0.582100 0.883449
vt 0.652154 0.949037
vt 0.083261 0.933783
vt 0.269606 0.954465
vt 0.930970 0.989504
vt 0.660078 0.968433
vt 0.269606 0.954465
vt 0.590015 0.872650
vt 0.705201 0.931492
vt 0.705201 0.931492
vt 0.705201 0.931492
vt 0.963410 0.222504
vt 0.314771 0.958875
vt 0.586490 0.891508
vt 0.586490 0.891508
vt 0.586490 0.891508
vt 0.963410 0.222504
vt 0.604549 0.891777
vt 0.604549 0.891777
vt 0.781484 0.995076
vt 0.851559 0.246605
vt 0.604549 0.891777
vt 0.851559 0.246605
vt 0.851559 0.246605
vt 0.451212 0.965677
vt 0.601847 0.892634
vt 0.781660 0.992375
vt 0.963763 0.838311
vt 0.578975 0.891609
vt 0.830223 0.133116
vt 0.830223 0.133116
vt 0.205635 0.945359
vt 0.589386 0.891573
vt 0.205635 0.945359
vt 0.589386 0.891573
vt 0.960614 0.731163
vt 0.589386 0.891573
vt 0.963453 0.222492
vt 0.203216 0.945235
vt 0.203216 0.945235
vt 0.587802 0.893973
vt 0.587802 0.893973
vt 0.655259 0.968414
vt 0.111722 0.934323
vt 0.655259 0.968414
vt 0.948645 0.989504
vt 0.597574 0.886926
vt 0.962156 0.173590
vt 0.251190 0.934298
vt 0.962156 0.173590
vt 0.960790 0.223045
vt 0.587128 0.888900
vt 0.960790 0.223045
vt 0.602343 0.887920
vt 0.968476 0.838084
vt 0.966933 0.173687
vt 0.602343 0.887920
vt 0.968476 0.838084
vt 0.602343 0.887920
vt 0.966933 0.173687
vt 0.588162 0.874058
vt 0.968345 0.913424
vt 0.588162 0.874058
vt 0.703362 0.931467
vt 0.484008 0.937760
vt 0.484008 0.937760
vt 0.958600 0.222465
vt 0.585900 0.886694
vt 0.585900 0.886694
vt 0.120766 0.934207
vt 0.212977 0.945180
vt 0.597927 0.883695
vt 0.212977 0.945180
vt 0.597927 0.883695
vt 0.604549 0.878381
vt 0.864945 0.247156
vt 0.512025 0.835916
vt 0.864945 0.247156
vt 0.864945 0.247156
vt 0.048455 0.956455
vt 0.048455 0.956455
vt 0.208934 0.945180
vt 0.601969 0.883589
vt 0.601969 0.883589
vt 0.601969 0.883589
vt 0.763145 0.954465
vt 0.585802 0.883319
vt 0.585802 0.883319
vt 0.648451 0.949186
vt 0.648451 0.949186
vt 0.053239 0.956059
vt 0.602630 0.878793
vt 0.053239 0.956059
vt 0.602630 0.878793
vt 0.918160 0.967763
vt 0.274885 0.954264
vt 0.353395 0.942137
vt 0.274885 0.954264
vt 0.353395 0.942137
vt 0.588960 0.882248
vt 0.348552 0.942257
vt 0.348552 0.942257
vt 0.588841 0.887091
vt 0.117661 0.934306
vt 0.348552 0.942257
vt 0.591715 0.890363
vt 0.962930 0.731295
vt 0.591715 0.890363
vt 0.962930 0.731295
vt 0.478727 0.955146
vt 0.478727 0.955146
vt 0.964052 0.869178
vt 0.433712 0.121963
vt 0.433712 0.121963
vt 0.433712 0.121963
vt 0.575664 0.439831
vt 0.433712 0.121963
vt 0.433712 0.121963
vt 0.433712 0.121963
vt 0.842309 0.744293
vt 0.842309 0.744293
vt 0.842309 0.744293
vt 0.768651 0.935102
vt 0.983868 0.764619
vt 0.966280 0.170484
vt 0.768651 0.935102
vt 0.966280 0.170484
vt 0.283339 0.936871
vt 0.283339 0.936871
vt 0.283339 0.936871
vt 0.841376 0.595683
vt 0.841376 0.595683
vt 0.841376 0.595683
vt 0.841376 0.595683
vt 0.625287 0.953541
vt 0.625287 0.953541
vt 0.787257 0.209077
vt 0.965468 0.191142
vt 0.965468 0.191142
vt 0.060543 0.969911
vt 0.919639 0.949485
vt 0.053430 0.937715
vt 0.060543 0.969911
vt 0.060543 0.969911
vt 0.919639 0.949485
vt 0.749073 0.215308
vt 0.905291 0.142797
vt 0.965068 0.278577
vt 0.400705 0.756021
vt 0.400705 0.756021
vt 0.400705 0.756021
vt 0.156694 0.948938
vt 0.621479 0.954338
vt 0.785540 0.205303
vt 0.156694 0.948938
vt 0.621479 0.954338
vt 0.015939 0.549989
vt 0.983717 0.385727
vt 0.241349 0.952697
vt 0.824646 0.655841
vt 0.047049 0.938593
vt 0.209354 0.963095
vt 0.209354 0.963095
vt 0.047049 0.938593
vt 0.209354 0.963095
vt 0.061372 0.976348
vt 0.333856 0.949192
vt 0.966325 0.468072
vt 0.333856 0.949192
vt 0.966325 0.468072
vt 0.853309 0.630401
vt 0.515120 0.966249
vt 0.782693 0.949270
vt 0.853309 0.630401
vt 0.782693 0.949270
vt 0.710786 0.941422
vt 0.963329 0.763652
vt 0.510753 0.814567
vt 0.510753 0.814567
vt 0.866595 0.268465
vt 0.555390 0.950920
vt 0.555390 0.950920
vt 0.899642 0.146356
vt 0.956757 0.200900
vt 0.899642 0.146356
vt 0.956757 0.200900
vt 0.839899 0.239377
vt 0.965334 0.579288
vt 0.965334 0.579288
vt 0.490758 0.949094
vt 0.839899 0.239377
vt 0.965334 0.579288
vt 0.840079 0.354151
vt 0.840079 0.354151
vt 0.840079 0.354151
vt 0.036408 0.551781
vt 0.036408 0.551781
vt 0.833571 0.113691
vt 0.833571 0.113691
vt 0.836096 0.954661
vt 0.836096 0.954661
vt 0.836096 0.954661
vt 0.837474 0.242953
vt 0.837474 0.242953
vt 0.966155 0.472449
vt 0.969840 0.601165
vt 0.971912 0.170484
vt 0.834876 0.237310
vt 0.962351 0.124846
vt 0.962351 0.124846
vt 0.962351 0.124846
vt 0.834798 0.591959
vt 0.834798 0.591959
vt 0.123805 0.951711
vt 0.123805 0.951711
vt 0.123805 0.951711
vt 0.847989 0.743797
vt 0.843234 0.111919
vt 0.083865 0.557227
vt 0.083865 0.557227
vt 0.083865 0.557227
vt 0.295367 0.545842
vt 0.685397 0.989504
vt 0.295367 0.545842
vt 0.295367 0.545842
vt 0.295367 0.545842
vt 0.956757 0.197087
vt 0.341220 0.542955
vt 0.341220 0.542955
vt 0.956757 0.151105
vt 0.341220 0.542955
vt 0.097431 0.557971
vt 0.097431 0.557971
vt 0.708064 0.949046
vt 0.708064 0.949046
vt 0.965011 0.755951
vt 0.708064 0.949046
vt 0.965011 0.755951
vt 0.132080 0.218063
vt 0.132080 0.218063
vt 0.291577 0.547236
vt 0.685397 0.993480
vt 0.388740 0.756442
vt 0.827982 0.656628
vt 0.827982 0.656628
vt 0.827982 0.656628
vt 0.116057 0.951869
vt 0.347493 0.959852
vt 0.116057 0.951869
vt 0.152494 0.967440
vt 0.152494 0.967440
vt 0.284297 0.976519
vt 0.828807 0.111175
vt 0.843652 0.354079
vt 0.354722 0.541787
vt 0.354722 0.541787
vt 0.354722 0.541787
vt 0.084414 0.953150
vt 0.084414 0.953150
vt 0.980665 0.769630
vt 0.652154 0.968390
vt 0.963897 0.820670
vt 0.451873 0.948064
vt 0.963897 0.820670
vt 0.963897 0.820670
vt 0.369647 0.537742
vt 0.369647 0.537742
vt 0.369647 0.537742
vt 0.083261 0.951120
vt 0.651381 0.966357
vt 0.160143 0.949018
vt 0.782089 0.205315
vt 0.403841 0.953249
vt 0.782089 0.205315
vt 0.813424 0.480063
vt 0.283351 0.977647
vt 0.153589 0.967576
vt 0.283351 0.977647
vt 0.813424 0.480063
vt 0.370833 0.967972
vt 0.783083 0.211768
vt 0.370833 0.967972
vt 0.370833 0.967972
vt 0.783083 0.211768
vt 0.833455 0.955373
vt 0.833455 0.955373
vt 0.901510 0.972241
vt 0.960814 0.875148
vt 0.848460 0.593833
vt 0.833432 0.743683
vt 0.833432 0.743683
vt 0.848460 0.593833
vt 0.833432 0.743683
vt 0.098943 0.952058
vt 0.098943 0.952058
vt 0.963890 0.931807
vt 0.372746 0.968118
vt 0.399187 0.953268
vt 0.781129 0.209991
vt 0.399187 0.953268
vt 0.781129 0.209991
vt 0.579541 0.978791
vt 0.096846 0.953057
vt 0.096846 0.953057
vt 0.579541 0.978791
vt 0.096846 0.953057
vt 0.455123 0.967863
vt 0.436963 0.860531
vt 0.818775 0.237310
vt 0.818775 0.237310
vt 0.268588 0.936511
vt 0.660078 0.950453
vt 0.660078 0.950453
vt 0.268588 0.936511
vt 0.962104 0.263173
vt 0.962104 0.263173
vt 0.962104 0.263173
vt 0.962104 0.263173
vt 0.905545 0.147663
vt 0.962552 0.200192
vt 0.744966 0.214671
vt 0.905545 0.147663
vt 0.962552 0.200192
vt 0.744966 0.214671
vt 0.958600 0.264632
vt 0.958600 0.264632
vt 0.279868 0.976594
vt 0.958600 0.264632
vt 0.279868 0.976594
vt 0.816848 0.480962
vt 0.088578 0.953063
vt 0.963142 0.170389
vt 0.980707 0.765467
vt 0.310756 0.939709
vt 0.310756 0.939709
vt 0.860158 0.141478
vt 0.959481 0.871065
vt 0.860158 0.141478
vt 0.959481 0.871065
vt 0.310756 0.939709
vt 0.860158 0.141478
vt 0.860158 0.141478
vt 0.058243 0.976348
vt 0.121033 0.952581
vt 0.212483 0.963547
vt 0.121033 0.952581
vt 0.812024 0.656514
vt 0.517796 0.965785
vt 0.851566 0.628186
vt 0.517796 0.965785
vt 0.851566 0.628186
vt 0.785231 0.949775
vt 0.856194 0.630965
vt 0.785231 0.949775
vt 0.856194 0.630965
vt 0.279877 0.971413
vt 0.962613 0.310199
vt 0.963877 0.263366
vt 0.279877 0.971413
vt 0.817561 0.193360
vt 0.817561 0.193360
vt 0.249016 0.952600
vt 0.249016 0.952600
vt 0.828380 0.971274
vt 0.959758 0.125284
vt 0.959758 0.125284
vt 0.961595 0.474111
vt 0.959758 0.125284
vt 0.093438 0.951571
vt 0.961379 0.756069
vt 0.961379 0.756069
vt 0.093438 0.951571
vt 0.961379 0.756069
vt 0.489035 0.137860
vt 0.489035 0.137860
vt 0.489035 0.137860
vt 0.202678 0.963636
vt 0.202678 0.963636
vt 0.871816 0.624330
vt 0.202678 0.963636
vt 0.833380 0.355085
vt 0.833380 0.355085
vt 0.833380 0.355085
vt 0.052996 0.546606
vt 0.052996 0.546606
vt 0.052996 0.546606
vt 0.052996 0.546606
vt 0.325849 0.535987
vt 0.325849 0.535987
vt 0.325849 0.535987
vt 0.357911 0.535400
vt 0.357911 0.535400
vt 0.357911 0.535400
vt 0.960142 0.239979
vt 0.960142 0.239979
vt 0.484852 0.955276
vt 0.960142 0.239979
vt 0.149098 0.967519
vt 0.149098 0.967519
vt 0.958415 0.309428
vt 0.284180 0.973125
vt 0.284180 0.973125
vt 0.958415 0.309428
vt 0.031811 0.544444
vt 0.031811 0.544444
vt 0.031811 0.544444
vt 0.967851 0.424100
vt 0.967851 0.424100
vt 0.967851 0.424100
vt 0.644236 0.964095
vt 0.821575 0.242970
vt 0.967851 0.424100
vt 0.764190 0.936962
vt 0.647373 0.966625
vt 0.764190 0.936962
vt 0.764190 0.936962
vt 0.270625 0.936880
vt 0.270625 0.936880
vt 0.270625 0.936880
vt 0.270625 0.936880
vt 0.639197 0.964532
vt 0.823274 0.238224
vt 0.823274 0.238224
vt 0.823274 0.238224
vt 0.823274 0.238224
vt 0.642085 0.963912
vt 0.823398 0.241161
vt 0.642085 0.963912
vt 0.642085 0.963912
vt 0.823398 0.241161
vt 0.314252 0.941369
vt 0.314252 0.941369
vt 0.964117 0.240011
vt 0.964117 0.240011
vt 0.314252 0.941369
vt 0.960716 0.309689
vt 0.960716 0.309689
vt 0.281770 0.971171
vt 0.960716 0.309689
vt 0.483088 0.957066
vt 0.483088 0.957066
vt 0.865304 0.144184
vt 0.865304 0.144184
vt 0.958600 0.241783
vt 0.703362 0.949675
vt 0.868086 0.989504
vt 0.762892 0.989504
vt 0.968378 0.931629
vt 0.968378 0.931629
vt 0.492667 0.814318
vt 0.849011 0.111308
vt 0.982427 0.474428
vt 0.492667 0.814318
vt 0.492667 0.814318
vt 0.497764 0.813963
vt 0.981425 0.479722
vt 0.497764 0.813963
vt 0.520492 0.966418
vt 0.851566 0.625318
vt 0.851566 0.625318
vt 0.961934 0.468131
vt 0.961934 0.468131
vt 0.851566 0.625318
vt 0.558507 0.951508
vt 0.899719 0.142819
vt 0.558507 0.951508
vt 0.959950 0.748758
vt 0.874414 0.624153
vt 0.874414 0.624153
vt 0.205063 0.962938
vt 0.959950 0.748758
vt 0.851803 0.270365
vt 0.851803 0.270365
vt 0.971720 0.059368
vt 0.898193 0.971782
vt 0.964162 0.874206
vt 0.964483 0.395455
vt 0.898193 0.971782
vt 0.809601 0.655779
vt 0.826513 0.594678
vt 0.809601 0.655779
vt 0.822889 0.237310
vt 0.459138 0.967317
vt 0.638438 0.963733
vt 0.967115 0.191241
vt 0.967115 0.191241
vt 0.968251 0.820528
vt 0.839899 0.242524
vt 0.488202 0.951081
vt 0.970278 0.168684
vt 0.897472 0.977057
vt 0.963199 0.708250
vt 0.897472 0.977057
vt 0.959391 0.393867
vt 0.963199 0.708250
vt 0.502994 0.814344
vt 0.502994 0.814344
vt 0.502994 0.814344
vt 0.982427 0.484868
vt 0.050213 0.938742
vt 0.050213 0.938742
vt 0.050213 0.938742
vt 0.050213 0.938742
vt 0.062649 0.973213
vt 0.112439 0.953540
vt 0.656171 0.976806
vt 0.112439 0.953540
vt 0.655907 0.949190
vt 0.850097 0.267638
vt 0.820018 0.355092
vt 0.850097 0.267638
vt 0.974467 0.061045
vt 0.820018 0.355092
vt 0.850097 0.267638
vt 0.850097 0.267638
vt 0.857879 0.629704
vt 0.340895 0.949156
vt 0.857879 0.629704
vt 0.787236 0.949171
vt 0.251190 0.951863
vt 0.962156 0.191157
vt 0.962156 0.191157
vt 0.251190 0.951863
vt 0.251190 0.951863
vt 0.959821 0.860245
vt 0.959821 0.860245
vt 0.959821 0.860245
vt 0.863732 0.267505
vt 0.974467 0.047412
vt 0.863732 0.267505
vt 0.851767 0.744723
vt 0.408993 0.754999
vt 0.922108 0.949451
vt 0.058074 0.969936
vt 0.127444 0.952422
vt 0.127444 0.952422
vt 0.876244 0.629029
vt 0.876244 0.629029
vt 0.865214 0.968007
vt 0.865214 0.968007
vt 0.876244 0.629029
vt 0.965082 0.750612
vt 0.876244 0.629029
vt 0.072320 0.509938
vt 0.072320 0.509938
vt 0.072320 0.509938
vt 0.970442 0.001553
vt 0.064809 0.547172
vt 0.064809 0.547172
vt 0.064809 0.547172
vt 0.785362 0.211768
vt 0.368558 0.967795
vt 0.627940 0.954302
vt 0.785362 0.211768
vt 0.964309 0.125144
vt 0.961720 0.577412
vt 0.961720 0.577412
vt 0.351302 0.959509
vt 0.351302 0.959509
vt 0.351302 0.959509
vt 0.017619 0.533301
vt 0.017619 0.533301
vt 0.435317 0.861015
vt 0.435317 0.861015
vt 0.818145 0.238861
vt 0.435317 0.861015
vt 0.818145 0.238861
vt 0.818145 0.238861
vt 0.349338 0.961330
vt 0.656018 0.971584
vt 0.117661 0.953389
vt 0.349338 0.961330
vt 0.431647 0.860830
vt 0.818572 0.242718
vt 0.964885 0.423239
vt 0.964885 0.423239
vt 0.353395 0.961342
vt 0.273784 0.935090
vt 0.660078 0.971584
vt 0.273784 0.935090
vt 0.959223 0.127037
vt 0.834885 0.241127
vt 0.962987 0.472364
vt 0.962987 0.472364
vt 0.834885 0.241127
vt 0.869428 0.968070
vt 0.872489 0.630946
vt 0.285209 0.935090
vt 0.872489 0.630946
vt 0.866906 0.967102
vt 0.866906 0.967102
vt 0.875396 0.630946
vt 0.825171 0.970330
vt 0.825171 0.970330
vt 0.245836 0.953399
vt 0.245836 0.953399
vt 0.825171 0.970330
vt 0.823537 0.970645
vt 0.244679 0.952344
vt 0.448329 0.947491
vt 0.448329 0.947491
vt 0.826672 0.354292
vt 0.826672 0.354292
vt 0.826672 0.354292
vt 0.826672 0.354292
vt 0.862655 0.139866
vt 0.962017 0.870046
vt 0.962017 0.870046
vt 0.962017 0.870046
vt 0.966928 0.708705
vt 0.838437 0.954601
vt 0.966928 0.708705
vt 0.348792 0.534155
vt 0.032205 0.542570
vt 0.032205 0.542570
vt 0.032205 0.542570
vt 0.404817 0.756394
vt 0.404817 0.756394
vt 0.404817 0.756394
vt 0.404817 0.756394
vt 0.336895 0.950210
vt 0.857273 0.625680
vt 0.336895 0.950210
vt 0.857273 0.625680
vt 0.062879 0.546094
vt 0.062879 0.546094
vt 0.359166 0.532766
vt 0.359166 0.532766
vt 0.359166 0.532766
vt 0.359166 0.532766
vt 0.359166 0.532766
vt 0.359166 0.532766
vt 0.361348 0.532755
vt 0.361348 0.532755
vt 0.361348 0.532755
vt 0.327446 0.535242
vt 0.327446 0.535242
vt 0.963671 0.468208
vt 0.852862 0.623747
vt 0.963671 0.468208
vt 0.963671 0.468208
vt 0.961166 0.393433
vt 0.961166 0.393433
vt 0.896504 0.975398
vt 0.961166 0.393433
vt 0.133869 0.239010
vt 0.290914 0.526261
vt 0.133869 0.239010
vt 0.290914 0.526261
vt 0.290914 0.526261
vt 0.560544 0.951445
vt 0.901614 0.141562
vt 0.901614 0.141562
vt 0.968834 0.277729
vt 0.560544 0.951445
vt 0.029954 0.539221
vt 0.029954 0.539221
vt 0.575436 0.547257
vt 0.029954 0.539221
vt 0.029954 0.539221
vt 0.870178 0.626652
vt 0.280333 0.935090
vt 0.870178 0.626652
vt 0.200119 0.964510
vt 0.870178 0.626652
vt 0.966329 0.931600
vt 0.867317 0.991410
vt 0.966329 0.931600
vt 0.876302 0.626180
vt 0.962615 0.749936
vt 0.962615 0.749936
vt 0.396034 0.756551
vt 0.591863 0.960959
vt 0.891264 0.558943
vt 0.591863 0.960959
vt 0.194985 0.833459
vt 0.407430 0.157580
vt 0.318261 0.882539
vt 0.860984 0.623747
vt 0.173757 0.975695
vt 0.852030 0.991579
vt 0.891227 0.989504
vt 0.160143 0.970833
vt 0.318261 0.882539
vt 0.783220 0.970837
vt 0.858115 0.768621
vt 0.860984 0.627404
vt 0.157321 0.975036
vt 0.860984 0.627404
vt 0.157321 0.975036
vt 0.315213 0.882490
vt 0.157281 0.972211
vt 0.221728 0.982097
vt 0.221728 0.982097
vt 0.011682 0.893612
vt 0.350436 0.977784
vt 0.011682 0.893612
vt 0.350436 0.977784
vt 0.011682 0.893612
vt 0.291807 0.992576
vt 0.351379 0.978674
vt 0.475051 0.974220
vt 0.871192 0.989504
vt 0.351379 0.978674
vt 0.351379 0.978674
vt 0.475051 0.974220
vt 0.008996 0.893039
vt 0.132475 0.966261
vt 0.349902 0.980922
vt 0.349902 0.980922
vt 0.028424 0.758592
vt 0.981817 0.786833
vt 0.028424 0.758592
vt 0.028424 0.758592
vt 0.981817 0.786833
vt 0.981817 0.786833
vt 0.979708 0.792418
vt 0.382050 0.994278
vt 0.883421 0.634956
vt 0.042011 0.978785
vt 0.543961 0.973863
vt 0.883421 0.634956
vt 0.883421 0.634956
vt 0.979708 0.792418
vt 0.981001 0.787925
vt 0.547201 0.971833
vt 0.981001 0.787925
vt 0.880855 0.634265
vt 0.039698 0.978048
vt 0.136110 0.967115
vt 0.871192 0.994262
vt 0.352806 0.983210
vt 0.039698 0.978048
vt 0.014280 0.893501
vt 0.030779 0.758598
vt 0.352806 0.976431
vt 0.477408 0.973065
vt 0.549873 0.970229
vt 0.979708 0.785096
vt 0.333787 0.882502
vt 0.730977 0.972632
vt 0.730977 0.972632
vt 0.866551 0.136390
vt 0.878421 0.951706
vt 0.732005 0.976447
vt 0.878421 0.951706
vt 0.732005 0.976447
vt 0.878421 0.951706
vt 0.730094 0.975022
vt 0.864121 0.136439
vt 0.864121 0.136439
vt 0.732143 0.972992
vt 0.874910 0.951650
vt 0.874910 0.951650
vt 0.298557 0.747442
vt 0.755065 0.213458
vt 0.877297 0.136591
vt 0.298557 0.747442
vt 0.755065 0.213458
vt 0.755065 0.213458
vt 0.062649 0.950710
vt 0.261602 0.954910
vt 0.756623 0.214415
vt 0.756623 0.214415
vt 0.062649 0.950710
vt 0.445591 0.992522
vt 0.058134 0.951157
vt 0.058134 0.951157
vt 0.754117 0.218180
vt 0.754117 0.218180
vt 0.862208 0.485664
vt 0.759316 0.214247
vt 0.881253 0.136615
vt 0.881253 0.136615
vt 0.759696 0.218494
vt 0.858887 0.485739
vt 0.858887 0.485739
vt 0.858887 0.485739
vt 0.264671 0.954750
vt 0.235091 0.970731
vt 0.264671 0.954750
vt 0.759060 0.216277
vt 0.264671 0.954750
vt 0.913866 0.340594
vt 0.913866 0.340594
vt 0.730924 0.977012
vt 0.862177 0.136570
vt 0.017701 0.995675
vt 0.703362 0.975041
vt 0.733663 0.978898
vt 0.916690 0.341351
vt 0.880750 0.952245
vt 0.916690 0.341351
vt 0.866494 0.398600
vt 0.339871 0.882501
vt 0.916743 0.147999
vt 0.017701 0.989504
vt 0.030331 0.971430
vt 0.708558 0.973670
vt 0.916743 0.147999
vt 0.339871 0.882501
vt 0.919605 0.341313
vt 0.019278 0.992575
vt 0.919605 0.341313
vt 0.920231 0.147747
vt 0.239572 0.970960
vt 0.448154 0.992522
vt 0.239572 0.970960
vt 0.756100 0.219688
vt 0.756100 0.219688
vt 0.239572 0.970960
vt 0.756100 0.219688
vt 0.381359 0.747696
vt 0.755619 0.220829
vt 0.854703 0.486783
vt 0.854703 0.486783
vt 0.378440 0.747442
vt 0.304519 0.748273
vt 0.304519 0.748273
vt 0.753087 0.219355
vt 0.753087 0.219355
vt 0.753087 0.219355
vt 0.891227 0.993619
vt 0.719797 0.975413
vt 0.785420 0.974311
vt 0.785420 0.974311
vt 0.719797 0.975413
vt 0.719797 0.975413
vt 0.850250 0.991844
vt 0.174795 0.975511
vt 0.721553 0.974414
vt 0.891027 0.991507
vt 0.156110 0.975228
vt 0.218798 0.982134
vt 0.313561 0.881628
vt 0.985458 0.625195
vt 0.983003 0.627782
vt 0.160143 0.978132
vt 0.278304 0.747654
vt 0.706355 0.978147
vt 0.783220 0.978136
vt 0.861018 0.630946
vt 0.716868 0.977182
vt 0.025807 0.759322
vt 0.982558 0.789345
vt 0.025807 0.759322
vt 0.887122 0.634975
vt 0.038442 0.976982
vt 0.203224 0.996469
vt 0.294180 0.993232
vt 0.871333 0.992446
vt 0.038442 0.976982
vt 0.027044 0.972583
vt 0.336402 0.882475
vt 0.733663 0.971159
vt 0.336402 0.882475
vt 0.873038 0.951393
vt 0.336402 0.882475
vt 0.787236 0.974461
vt 0.862388 0.767947
vt 0.862388 0.767947
vt 0.862388 0.767947
vt 0.864961 0.768571
vt 0.280485 0.747443
vt 0.785314 0.977419
vt 0.901763 0.147999
vt 0.901763 0.147999
vt 0.959413 0.200328
vt 0.959413 0.200328
vt 0.078713 0.761710
vt 0.337720 0.875654
vt 0.078713 0.761710
vt 0.337720 0.875654
vt 0.337720 0.875654
vt 0.337720 0.875654
vt 0.202348 0.992964
vt 0.294180 0.989504
vt 0.475051 0.978091
vt 0.300939 0.748143
vt 0.300939 0.748143
vt 0.753087 0.215012
vt 0.061042 0.953795
vt 0.061042 0.953795
vt 0.061042 0.953795
vt 0.671132 0.647775
vt 0.882247 0.641359
vt 0.882247 0.641359
vt 0.671132 0.647775
vt 0.883615 0.492523
vt 0.136110 0.974719
vt 0.882247 0.641359
vt 0.821769 0.657893
vt 0.821769 0.657893
vt 0.821769 0.657893
vt 0.821769 0.657893
vt 0.173757 0.980865
vt 0.865183 0.625945
vt 0.173757 0.980865
vt 0.865183 0.625945
vt 0.057867 0.953935
vt 0.239572 0.974357
vt 0.239572 0.974357
vt 0.446251 0.989504
vt 0.264345 0.961137
vt 0.236257 0.977159
vt 0.264345 0.961137
vt 0.264345 0.961137
vt 0.973342 0.636396
vt 0.977560 0.764912
vt 0.102575 0.471081
vt 0.102575 0.471081
vt 0.867041 0.627514
vt 0.706355 0.984054
vt 0.864093 0.991977
vt 0.867041 0.627514
vt 0.867041 0.627514
vt 0.421363 0.158916
vt 0.482120 0.801120
vt 0.182789 0.800287
vt 0.482120 0.801120
vt 0.072067 0.759485
vt 0.920231 0.143709
vt 0.497312 0.992403
vt 0.920231 0.143709
vt 0.920824 0.345334
vt 0.979934 0.334967
vt 0.979934 0.334967
vt 0.236427 0.974082
vt 0.265327 0.958084
vt 0.705088 0.971094
vt 0.705088 0.971094
vt 0.868415 0.395552
vt 0.705088 0.971094
vt 0.875942 0.947508
vt 0.875942 0.947508
vt 0.875942 0.947508
vt 0.027254 0.977207
vt 0.875942 0.947508
vt 0.298799 0.751261
vt 0.298799 0.751261
vt 0.298799 0.751261
vt 0.518162 0.829748
vt 0.295784 0.752923
vt 0.879181 0.131007
vt 0.879181 0.131007
vt 0.879181 0.131007
vt 0.295784 0.752923
vt 0.872400 0.825926
vt 0.972204 0.103079
vt 0.707681 0.970219
vt 0.030331 0.975172
vt 0.707681 0.970219
vt 0.383478 0.990171
vt 0.544003 0.968917
vt 0.544003 0.968917
vt 0.952681 0.991773
vt 0.042011 0.973123
vt 0.382050 0.989504
vt 0.951751 0.990783
vt 0.042011 0.973123
vt 0.502988 0.992262
vt 0.753503 0.991705
vt 0.856957 0.489717
vt 0.856957 0.489717
vt 0.174629 0.978203
vt 0.174629 0.978203
vt 0.174629 0.978203
vt 0.174629 0.978203
vt 0.850250 0.989504
vt 0.301229 0.751055
vt 0.517154 0.831958
vt 0.301229 0.751055
vt 0.517154 0.831958
vt 0.717376 0.972513
vt 0.703362 0.981631
vt 0.717376 0.972513
vt 0.334006 0.876211
vt 0.334006 0.876211
vt 0.867859 0.130061
vt 0.334006 0.876211
vt 0.867859 0.130061
vt 0.867859 0.130061
vt 0.007875 0.888638
vt 0.817590 0.989504
vt 0.007875 0.888638
vt 0.007875 0.888638
vt 0.877023 0.490544
vt 0.978037 0.621967
vt 0.007875 0.888638
vt 0.130785 0.970357
vt 0.515120 0.979942
vt 0.877023 0.490544
vt 0.133658 0.970388
vt 0.818944 0.991838
vt 0.133658 0.970388
vt 0.668088 0.644583
vt 0.311655 0.877594
vt 0.311655 0.877594
vt 0.272877 0.752186
vt 0.311655 0.877594
vt 0.983003 0.621967
vt 0.079829 0.976332
vt 0.317639 0.875895
vt 0.317639 0.875895
vt 0.221728 0.975183
vt 0.317639 0.875895
vt 0.317639 0.875895
vt 0.863190 0.491217
vt 0.881934 0.131034
vt 0.863190 0.491217
vt 0.863190 0.491217
vt 0.881934 0.131034
vt 0.863190 0.491217
vt 0.069289 0.760040
vt 0.918067 0.345930
vt 0.918067 0.345930
vt 0.012661 0.888063
vt 0.012661 0.888063
vt 0.032805 0.764071
vt 0.012661 0.888063
vt 0.032805 0.764071
vt 0.012661 0.888063
vt 0.032805 0.764071
vt 0.879214 0.948883
vt 0.879214 0.948883
vt 0.879214 0.948883
vt 0.865797 0.395578
vt 0.257764 0.965469
vt 0.304925 0.754006
vt 0.518162 0.836363
vt 0.378235 0.753172
vt 0.304925 0.754006
vt 0.378235 0.753172
vt 0.026289 0.762468
vt 0.026289 0.762468
vt 0.523944 0.993123
vt 0.902943 0.787117
vt 0.218623 0.980178
vt 0.218623 0.980178
vt 0.313507 0.879715
vt 0.860259 0.127827
vt 0.913843 0.349433
vt 0.860259 0.127827
vt 0.913843 0.349433
vt 0.886410 0.640167
vt 0.901518 0.789184
vt 0.886410 0.640167
vt 0.886410 0.640167
vt 0.024096 0.764464
vt 0.024096 0.764464
vt 0.901518 0.789184
vt 0.861996 0.765271
vt 0.284326 0.750643
vt 0.861996 0.765271
vt 0.861996 0.765271
vt 0.323290 0.877585
vt 0.861048 0.763736
vt 0.861048 0.763736
vt 0.323290 0.877585
vt 0.861048 0.763736
vt 0.545813 0.969111
vt 0.478323 0.977296
vt 0.546307 0.967593
vt 0.546307 0.967593
vt 0.382303 0.752086
vt 0.754431 0.993619
vt 0.854842 0.491165
vt 0.854842 0.491165
vt 0.854842 0.491165
vt 0.059728 0.957186
vt 0.974812 0.636739
vt 0.974812 0.636739
vt 0.059728 0.957186
vt 0.237600 0.977542
vt 0.974812 0.636739
vt 0.059728 0.957186
vt 0.280358 0.753451
vt 0.866515 0.762619
vt 0.280358 0.753451
vt 0.280358 0.753451
vt 0.280358 0.753451
vt 0.340999 0.878782
vt 0.496006 0.989504
vt 0.916977 0.144285
vt 0.344512 0.983574
vt 0.075248 0.758592
vt 0.032422 0.528567
vt 0.574918 0.558237
vt 0.177200 0.979845
vt 0.718804 0.970299
vt 0.862675 0.989504
vt 0.177200 0.979845
vt 0.964430 0.871100
vt 0.479852 0.957066
vt 0.865079 0.140956
vt 0.865079 0.140956
vt 0.356470 0.980445
vt 0.028477 0.762447
vt 0.028477 0.762447
vt 0.522078 0.991976
vt 0.028477 0.762447
vt 0.356470 0.980445
vt 0.477882 0.980276
vt 0.477882 0.980276
vt 0.543961 0.966096
vt 0.203224 0.989504
vt 0.041499 0.971036
vt 0.477882 0.980276
vt 0.543961 0.966096
vt 0.952681 0.989504
vt 0.905545 0.145116
vt 0.747161 0.213458
vt 0.905545 0.145116
vt 0.094801 0.953400
vt 0.580587 0.980807
vt 0.959950 0.754219
vt 0.820039 0.242552
vt 0.966311 0.422491
vt 0.820039 0.242552
vt 0.820039 0.242552
vt 0.057292 0.972583
vt 0.124786 0.953631
vt 0.124786 0.953631
vt 0.968476 0.818632
vt 0.826888 0.976564
vt 0.965847 0.193115
vt 0.968476 0.818632
vt 0.965847 0.193115
vt 0.282819 0.972500
vt 0.959756 0.308266
vt 0.282819 0.972500
vt 0.583874 0.980807
vt 0.963233 0.754077
vt 0.709624 0.950987
vt 0.764111 0.990002
vt 0.583671 0.975699
vt 0.704512 0.950966
vt 0.704512 0.950966
vt 0.059344 0.976041
vt 0.211378 0.964628
vt 0.059344 0.976041
vt 0.868086 0.993001
vt 0.580402 0.975668
vt 0.099934 0.953083
vt 0.965056 0.932834
vt 0.762892 0.993037
vt 0.962824 0.193097
vt 0.962824 0.193097
vt 0.250815 0.953811
vt 0.828627 0.974090
vt 0.836892 0.956621
vt 0.901510 0.975659
vt 0.967273 0.706684
vt 0.061818 0.974586
vt 0.061818 0.974586
vt 0.061818 0.974586
vt 0.048741 0.937715
vt 0.061818 0.974586
vt 0.062431 0.958098
vt 0.062431 0.958098
vt 0.261757 0.962306
vt 0.062431 0.958098
vt 0.261757 0.962306
vt 0.981971 0.902830
vt 0.501656 0.989504
vt 0.860037 0.490428
vt 0.860037 0.490428
vt 0.860037 0.490428
vt 0.268685 0.935090
vt 0.658906 0.949037
vt 0.659168 0.976717
vt 0.659168 0.976717
vt 0.334905 0.950355
vt 0.855525 0.624182
vt 0.855525 0.624182
vt 0.966051 0.469259
vt 0.823537 0.974366
vt 0.964474 0.818857
vt 0.451467 0.946259
vt 0.823537 0.974366
vt 0.748501 0.989504
vt 0.029426 0.979332
vt 0.532087 0.968431
vt 0.706232 0.966917
vt 0.876406 0.944802
vt 0.532087 0.968431
vt 0.876406 0.944802
vt 0.863473 0.145248
vt 0.960490 0.241961
vt 0.863473 0.145248
vt 0.960490 0.241961
vt 0.786704 0.207353
vt 0.623546 0.954742
vt 0.786704 0.207353
vt 0.559355 0.952690
vt 0.901242 0.142762
vt 0.361017 0.518065
vt 0.361017 0.518065
vt 0.837305 0.742950
vt 0.837305 0.742950
vt 0.837305 0.742950
vt 0.837305 0.742950
vt 0.837305 0.742950
vt 0.018251 0.518541
vt 0.854961 0.628900
vt 0.854961 0.628900
vt 0.854961 0.628900
vt 0.854961 0.628900
vt 0.784772 0.209994
vt 0.784772 0.209994
vt 0.784772 0.209994
vt 0.784772 0.209994
vt 0.910297 0.346651
vt 0.863756 0.130357
vt 0.863756 0.130357
vt 0.863756 0.130357
vt 0.863756 0.130357
vt 0.065274 0.538619
vt 0.971463 0.010194
vt 0.754431 0.989504
vt 0.979712 0.901854
vt 0.504323 0.989504
vt 0.858859 0.489957
vt 0.346796 0.982908
vt 0.982532 0.367209
vt 0.982283 0.334718
vt 0.346796 0.982908
vt 0.498550 0.989504
vt 0.175656 0.981895
vt 0.862675 0.991914
vt 0.867073 0.626095
vt 0.175656 0.981895
vt 0.301428 0.751828
vt 0.301428 0.751828
vt 0.515265 0.831492
vt 0.301428 0.751828
vt 0.253409 0.963150
vt 0.253409 0.963150
vt 0.366904 0.493756
vt 0.366904 0.493756
vt 0.008419 0.989504
vt 0.079829 0.981221
vt 0.277214 0.754188
vt 0.361391 0.747442
vt 0.277214 0.754188
vt 0.277214 0.754188
vt 0.115706 0.953704
vt 0.115706 0.953704
vt 0.654951 0.973598
vt 0.654951 0.973598
vt 0.279868 0.973622
vt 0.961544 0.265105
vt 0.963445 0.127071
vt 0.962330 0.579333
vt 0.837390 0.237724
vt 0.837390 0.237724
vt 0.648950 0.968457
vt 0.763495 0.935156
vt 0.983868 0.769772
vt 0.648950 0.968457
vt 0.817590 0.992582
vt 0.517534 0.980384
vt 0.666563 0.645102
vt 0.716868 0.970094
vt 0.704857 0.984139
vt 0.864211 0.990498
vt 0.313613 0.939453
vt 0.860158 0.144337
vt 0.963745 0.241914
vt 0.426850 0.149787
vt 0.485096 0.791910
vt 0.426850 0.149787
vt 0.485096 0.791910
vt 0.485096 0.791910
vt 0.502737 0.159866
vt 0.502737 0.159866
vt 0.162509 0.820747
vt 0.162509 0.820747
vt 0.502737 0.159866
vt 0.705004 0.968155
vt 0.867401 0.392786
vt 0.867401 0.392786
vt 0.365435 0.507839
vt 0.365435 0.507839
vt 0.365435 0.507839
vt 0.523944 0.989504
vt 0.906098 0.787678
vt 0.906098 0.787678
vt 0.359464 0.979503
vt 0.906098 0.787678
vt 0.863884 0.762705
vt 0.284071 0.753281
vt 0.863884 0.762705
vt 0.862144 0.757832
vt 0.862144 0.757832
vt 0.862144 0.757832
vt 0.862144 0.757832
vt 0.301210 0.756919
vt 0.301210 0.756919
vt 0.253409 0.968244
vt 0.975936 0.107268
vt 0.299374 0.756226
vt 0.299374 0.756226
vt 0.324009 0.506375
vt 0.324009 0.506375
vt 0.324009 0.506375
vt 0.324009 0.506375
vt 0.102044 0.517783
vt 0.102044 0.517783
vt 0.026511 0.518561
vt 0.026511 0.518561
vt 0.026511 0.518561
vt 0.034195 0.516619
vt 0.034195 0.516619
vt 0.034195 0.516619
vt 0.575436 0.570315
vt 0.034195 0.516619
vt 0.858666 0.498258
vt 0.858666 0.498258
vt 0.858666 0.498258
vt 0.858666 0.498258
vt 0.979712 0.910319
vt 0.075128 0.765731
vt 0.075128 0.765731
vt 0.810786 0.990729
vt 0.075128 0.765731
vt 0.344512 0.976431
vt 0.865852 0.391989
vt 0.877951 0.944995
vt 0.865852 0.391989
vt 0.877951 0.944995
vt 0.865852 0.391989
vt 0.877951 0.944995
vt 0.066917 0.519978
vt 0.982053 0.340207
vt 0.982053 0.340207
vt 0.983984 0.361758
vt 0.983984 0.361758
vt 0.321704 0.864562
vt 0.860286 0.750693
vt 0.321704 0.864562
vt 0.321704 0.864562
vt 0.860286 0.750693
vt 0.302056 0.762574
vt 0.302056 0.762574
vt 0.255155 0.973961
vt 0.255155 0.973961
vt 0.302056 0.762574
vt 0.302056 0.762574
vt 0.515120 0.985168
vt 0.666563 0.650437
vt 0.979897 0.626785
vt 0.006539 0.994321
vt 0.075358 0.978159
vt 0.356819 0.750351
vt 0.311651 0.872764
vt 0.311651 0.872764
vt 0.263884 0.970654
vt 0.977560 0.755245
vt 0.398246 0.989504
vt 0.977560 0.755245
vt 0.867287 0.390901
vt 0.867287 0.390901
vt 0.703362 0.966774
vt 0.750397 0.991702
vt 0.790387 0.980092
vt 0.867287 0.390901
vt 0.072836 0.767388
vt 0.808824 0.991908
vt 0.979934 0.342855
vt 0.072836 0.767388
vt 0.983887 0.359009
vt 0.358783 0.972889
vt 0.906098 0.794342
vt 0.836520 0.991868
vt 0.358783 0.972889
vt 0.973920 0.645593
vt 0.974413 0.756086
vt 0.026415 0.770310
vt 0.026415 0.770310
vt 0.838100 0.989504
vt 0.903449 0.794948
vt 0.026415 0.770310
vt 0.156145 0.307796
vt 0.270870 0.459410
vt 0.156145 0.307796
vt 0.156145 0.307796
vt 0.270870 0.459410
vt 0.808824 0.989504
vt 0.982532 0.361043
vt 0.346653 0.976744
vt 0.982532 0.361043
vt 0.356470 0.972583
vt 0.028185 0.770275
vt 0.028185 0.770275
vt 0.836285 0.989504
vt 0.028185 0.770275
vt 0.370964 0.487825
vt 0.370964 0.487825
vt 0.498468 0.160233
vt 0.498468 0.160233
vt 0.792684 0.222837
vt 0.165062 0.792949
vt 0.498468 0.160233
vt 0.792684 0.222837
vt 0.014788 0.504183
vt 0.403809 0.162807
vt 0.586980 0.965116
vt 0.763309 0.252196
vt 0.982536 0.503938
vt 0.297946 0.763547
vt 0.297946 0.763547
vt 0.942510 0.458846
vt 0.972204 0.113936
vt 0.869875 0.815383
vt 0.976346 0.756192
vt 0.976346 0.756192
vt 0.534903 0.970222
vt 0.748501 0.992244
vt 0.791873 0.979016
vt 0.791873 0.979016
vt 0.879990 0.501040
vt 0.978037 0.632458
vt 0.879990 0.501040
vt 0.668344 0.656162
vt 0.348330 0.504925
vt 0.863329 0.124837
vt 0.911405 0.352204
vt 0.863329 0.124837
vt 0.863329 0.124837
vt 0.863329 0.124837
vt 0.008419 0.995121
vt 0.357448 0.752079
vt 0.357448 0.752079
vt 0.863687 0.753095
vt 0.863687 0.753095
vt 0.282486 0.762867
vt 0.863687 0.753095
vt 0.863687 0.753095
vt 0.864767 0.383768
vt 0.880505 0.937112
vt 0.880505 0.937112
vt 0.061274 0.962636
vt 0.976717 0.642277
vt 0.061274 0.962636
vt 0.261602 0.970739
vt 0.397210 0.991533
vt 0.062649 0.966535
vt 0.975726 0.646392
vt 0.060030 0.966805
vt 0.399464 0.992890
vt 0.975726 0.646392
vt 0.427943 0.993184
vt 0.790387 0.972374
vt 0.868415 0.383185
vt 0.790387 0.972374
vt 0.800741 0.223208
vt 0.164560 0.801052
vt 0.800741 0.223208
vt 0.292246 0.496054
vt 0.292246 0.496054
vt 0.292246 0.496054
vt 0.313321 0.864404
vt 0.313321 0.864404
vt 0.354398 0.758646
vt 0.354398 0.758646
vt 0.020847 0.509780
vt 0.535591 0.975207
vt 0.792809 0.973923
vt 0.427524 0.989642
vt 0.427524 0.989642
vt 0.533522 0.977482
vt 0.533522 0.977482
vt 0.533522 0.977482
vt 0.425963 0.989504
vt 0.878607 0.936722
vt 0.532087 0.976923
vt 0.878607 0.936722
vt 0.878607 0.936722
vt 0.061372 0.966609
vt 0.397890 0.993026
vt 0.061372 0.966609
vt 0.473516 0.801454
vt 0.473516 0.801454
vt 0.183662 0.808938
vt 0.425963 0.991800
vt 0.880750 0.935289
vt 0.425963 0.991800
vt 0.866006 0.381934
vt 0.866006 0.381934
vt 0.914504 0.399107
vt 0.857724 0.078235
vt 0.914504 0.399107
vt 0.914504 0.399107
vt 0.067878 0.525096
vt 0.970442 0.023887
vt 0.845032 0.694290
vt 0.845032 0.694290
vt 0.845032 0.694290
vt 0.864659 0.117297
vt 0.359490 0.505776
vt 0.359490 0.505776
vt 0.359490 0.505776
vt 0.359490 0.505776
vt 0.359490 0.505776
vt 0.111539 0.995228
vt 0.060370 0.981345
vt 0.837974 0.062094
vt 0.982607 0.807009
vt 0.985819 0.087272
vt 0.837974 0.062094
vt 0.837974 0.062094
vt 0.880876 0.505816
vt 0.880876 0.505816
vt 0.879144 0.654579
vt 0.359098 0.759297
vt 0.274608 0.765997
vt 0.359098 0.759297
vt 0.399464 0.990241
vt 0.975951 0.754077
vt 0.973342 0.647353
vt 0.975951 0.754077
vt 0.399464 0.990241
vt 0.428016 0.991462
vt 0.535188 0.978245
vt 0.791750 0.971054
vt 0.428016 0.991462
vt 0.883558 0.691522
vt 0.883558 0.691522
vt 0.883558 0.691522
vt 0.883558 0.691522
vt 0.488202 0.752138
vt 0.488202 0.752138
vt 0.843679 0.049269
vt 0.843679 0.049269
vt 0.026027 0.504724
vt 0.026027 0.504724
vt 0.374607 0.804965
vt 0.301871 0.805829
vt 0.374607 0.804965
vt 0.301871 0.805829
vt 0.301871 0.805829
vt 0.888435 0.772520
vt 0.888435 0.772520
vt 0.958575 0.068600
vt 0.888435 0.772520
vt 0.958575 0.068600
vt 0.848867 0.401706
vt 0.848867 0.401706
vt 0.963523 0.065244
vt 0.848867 0.401706
vt 0.963523 0.065244
vt 0.845417 0.401855
vt 0.964403 0.068708
vt 0.062649 0.912866
vt 0.845417 0.401855
vt 0.964403 0.068708
vt 0.260086 0.875309
vt 0.260086 0.875309
vt 0.374785 0.481211
vt 0.519187 0.178848
vt 0.609638 0.969452
vt 0.149852 0.827677
vt 0.609638 0.950743
vt 0.515794 0.160293
vt 0.609638 0.950743
vt 0.735052 0.948947
vt 0.918435 0.975706
vt 0.604154 0.866591
vt 0.918435 0.975706
vt 0.918435 0.975706
vt 0.730094 0.949222
vt 0.819027 0.846884
vt 0.730094 0.949222
vt 0.819027 0.846884
vt 0.919366 0.970869
vt 0.923201 0.971626
vt 0.822896 0.847718
vt 0.923201 0.971626
vt 0.946825 0.408155
vt 0.822896 0.847718
vt 0.942111 0.408155
vt 0.599336 0.866592
vt 0.923201 0.976415
vt 0.942111 0.408155
vt 0.923201 0.976415
vt 0.847451 0.769021
vt 0.812067 0.243041
vt 0.812067 0.243041
vt 0.812067 0.243041
vt 0.847451 0.769021
vt 0.847451 0.769021
vt 0.582748 0.787336
vt 0.811168 0.237310
vt 0.977488 0.832779
vt 0.434016 0.914269
vt 0.582748 0.787336
vt 0.811168 0.237310
vt 0.578872 0.787483
vt 0.815039 0.238172
vt 0.954530 0.222465
vt 0.815039 0.242236
vt 0.850396 0.769255
vt 0.950467 0.222499
vt 0.885580 0.772603
vt 0.959048 0.065100
vt 0.957949 0.559597
vt 0.957949 0.559597
vt 0.959599 0.070254
vt 0.959599 0.070254
vt 0.057687 0.912801
vt 0.890364 0.772899
vt 0.060672 0.913074
vt 0.060672 0.913074
vt 0.962996 0.070254
vt 0.851037 0.401768
vt 0.955738 0.559650
vt 0.961041 0.064150
vt 0.961716 0.271739
vt 0.961716 0.271739
vt 0.957989 0.270367
vt 0.957989 0.270367
vt 0.960282 0.408155
vt 0.942413 0.601165
vt 0.957989 0.270367
vt 0.961429 0.936025
vt 0.963571 0.268698
vt 0.963571 0.268698
vt 0.961429 0.936025
vt 0.120522 0.837961
vt 0.976017 0.831926
vt 0.809551 0.238805
vt 0.961232 0.367929
vt 0.006128 0.836170
vt 0.876223 0.543040
vt 0.006128 0.836170
vt 0.957498 0.935939
vt 0.963571 0.273283
vt 0.851864 0.148646
vt 0.963571 0.273283
vt 0.959104 0.274052
vt 0.946151 0.601222
vt 0.946151 0.601222
vt 0.959104 0.274052
vt 0.601545 0.866689
vt 0.920888 0.976823
vt 0.732119 0.948985
vt 0.918161 0.972690
vt 0.957879 0.368465
vt 0.810149 0.242173
vt 0.845518 0.768909
vt 0.957879 0.368465
vt 0.961348 0.268245
vt 0.118876 0.838572
vt 0.961348 0.268245
vt 0.118876 0.838572
vt 0.116056 0.838119
vt 0.958559 0.269021
vt 0.959066 0.408763
vt 0.941542 0.601803
vt 0.116056 0.838119
vt 0.959066 0.408763
vt 0.116056 0.838119
vt 0.849230 0.148663
vt 0.947762 0.601810
vt 0.961305 0.274624
vt 0.183724 0.827351
vt 0.455123 0.800920
vt 0.418991 0.158492
vt 0.259600 0.996832
vt 0.891264 0.570562
vt 0.016907 0.495926
vt 0.016907 0.495926
vt 0.401291 0.171222
vt 0.016907 0.495926
vt 0.152818 0.825767
vt 0.152818 0.825767
vt 0.512718 0.160057
vt 0.152818 0.825767
vt 0.512718 0.160057
vt 0.958614 0.575938
vt 0.885611 0.788906
vt 0.958614 0.575938
vt 0.885611 0.788906
vt 0.958614 0.575938
vt 0.961034 0.409284
vt 0.942598 0.602271
vt 0.961034 0.409284
vt 0.942598 0.602271
vt 0.322055 0.824543
vt 0.860939 0.710682
vt 0.860939 0.710682
vt 0.322055 0.824543
vt 0.860939 0.710682
vt 0.263223 0.878819
vt 0.833844 0.057629
vt 0.940172 0.091792
vt 0.057292 0.984670
vt 0.263223 0.878819
vt 0.492900 0.994682
vt 0.833844 0.057629
vt 0.833844 0.057629
vt 0.833844 0.057629
vt 0.940172 0.091792
vt 0.961639 0.949216
vt 0.119349 0.824833
vt 0.961639 0.949216
vt 0.961639 0.949216
vt 0.296530 0.807843
vt 0.296530 0.807843
vt 0.296530 0.807843
vt 0.940305 0.503140
vt 0.165062 0.818583
vt 0.500056 0.159833
vt 0.818274 0.222733
vt 0.571788 0.989504
vt 0.071750 0.814091
vt 0.920884 0.399935
vt 0.071750 0.814091
vt 0.071750 0.814091
vt 0.389133 0.973156
vt 0.358378 0.507595
vt 0.358378 0.507595
vt 0.057059 0.946419
vt 0.889795 0.806517
vt 0.057059 0.946419
vt 0.889795 0.806517
vt 0.889795 0.806517
vt 0.034413 0.514302
vt 0.034413 0.514302
vt 0.445315 0.168684
vt 0.445315 0.168684
vt 0.427840 0.160808
vt 0.029799 0.817394
vt 0.029799 0.817394
vt 0.029799 0.817394
vt 0.029799 0.817394
vt 0.010238 0.834459
vt 0.010238 0.834459
vt 0.010238 0.834459
vt 0.975728 0.429929
vt 0.605488 0.851335
vt 0.368842 0.995611
vt 0.605488 0.851335
vt 0.733667 0.964120
vt 0.605488 0.851335
vt 0.732846 0.963708
vt 0.369656 0.995259
vt 0.732846 0.963708
vt 0.732846 0.963708
vt 0.969370 0.897639
vt 0.436190 0.928259
vt 0.960014 0.354599
vt 0.960014 0.354599
vt 0.977488 0.818632
vt 0.960014 0.354599
vt 0.165019 0.811141
vt 0.810842 0.222893
vt 0.810842 0.222893
vt 0.190784 0.831486
vt 0.190784 0.831486
vt 0.190784 0.831486
vt 0.259600 0.989504
vt 0.890843 0.563237
vt 0.496879 0.785380
vt 0.496879 0.785380
vt 0.496879 0.785380
vt 0.848517 0.414897
vt 0.848517 0.414897
vt 0.848517 0.414897
vt 0.469308 0.811007
vt 0.182936 0.813140
vt 0.198796 0.977838
vt 0.384641 0.960901
vt 0.469308 0.811007
vt 0.710941 0.880955
vt 0.734711 0.315270
vt 0.182789 0.826096
vt 0.456335 0.800971
vt 0.182789 0.826096
vt 0.851895 0.416601
vt 0.954193 0.574444
vt 0.851895 0.416601
vt 0.954193 0.574444
vt 0.851895 0.416601
vt 0.843946 0.781769
vt 0.957879 0.355522
vt 0.843946 0.781769
vt 0.843946 0.781769
vt 0.957879 0.355522
vt 0.947194 0.634904
vt 0.683966 0.929605
vt 0.849205 0.181767
vt 0.849205 0.181767
vt 0.849205 0.181767
vt 0.849205 0.181767
vt 0.849205 0.181767
vt 0.947194 0.634904
vt 0.947194 0.634904
vt 0.683966 0.929605
vt 0.936460 0.858733
vt 0.470776 0.168524
vt 0.470776 0.168524
vt 0.936460 0.858733
vt 0.936460 0.858733
vt 0.470776 0.168524
vt 0.817567 0.832562
vt 0.730094 0.963495
vt 0.730094 0.963495
vt 0.817567 0.832562
vt 0.823856 0.812723
vt 0.823856 0.812723
vt 0.853600 0.160844
vt 0.957669 0.948228
vt 0.853600 0.160844
vt 0.957669 0.948228
vt 0.830056 0.300195
vt 0.830056 0.300195
vt 0.501018 0.187582
vt 0.501018 0.187582
vt 0.107225 0.892064
vt 0.501018 0.187582
vt 0.107225 0.892064
vt 0.501018 0.187582
vt 0.054178 0.515300
vt 0.054178 0.515300
vt 0.054178 0.515300
vt 0.884774 0.076754
vt 0.862103 0.545534
vt 0.862103 0.545534
vt 0.862103 0.545534
vt 0.884774 0.076754
vt 0.862103 0.545534
vt 0.959543 0.949194
vt 0.959543 0.949194
vt 0.959543 0.949194
vt 0.314816 0.823703
vt 0.314816 0.823703
vt 0.351337 0.799274
vt 0.068303 0.505023
vt 0.068303 0.505023
vt 0.068303 0.505023
vt 0.982157 0.241846
vt 0.880986 0.076692
vt 0.880986 0.076692
vt 0.880986 0.076692
vt 0.880986 0.076692
vt 0.863948 0.711525
vt 0.863948 0.711525
vt 0.863948 0.711525
vt 0.004195 0.954430
vt 0.334749 0.494404
vt 0.004195 0.954430
vt 0.334749 0.494404
vt 0.813979 0.222815
vt 0.164345 0.814324
vt 0.813979 0.222815
vt 0.452017 0.565738
vt 0.445223 0.946259
vt 0.955893 0.455374
vt 0.955893 0.455374
vt 0.439296 0.946525
vt 0.817632 0.852740
vt 0.949950 0.454732
vt 0.814234 0.852898
vt 0.814234 0.852898
vt 0.949962 0.451369
vt 0.971940 0.277730
vt 0.814234 0.852898
vt 0.949962 0.451369
vt 0.814234 0.852898
vt 0.420236 0.159297
vt 0.183889 0.800728
vt 0.420236 0.159297
vt 0.183889 0.800728
vt 0.817404 0.863223
vt 0.439296 0.956974
vt 0.439296 0.956974
vt 0.439296 0.956974
vt 0.955728 0.450054
vt 0.955728 0.450054
vt 0.451247 0.571384
vt 0.062649 0.947550
vt 0.847451 0.436494
vt 0.957498 0.899934
vt 0.062649 0.947550
vt 0.847451 0.436494
vt 0.847451 0.436494
vt 0.062649 0.947550
vt 0.825247 0.814088
vt 0.945740 0.441848
vt 0.478146 0.802087
vt 0.478146 0.802087
vt 0.185554 0.804388
vt 0.478146 0.802087
vt 0.185554 0.804388
vt 0.591332 0.963785
vt 0.197764 0.832998
vt 0.197764 0.832998
vt 0.197764 0.832998
vt 0.591332 0.963785
vt 0.187611 0.829271
vt 0.187611 0.829271
vt 0.187611 0.829271
vt 0.259030 0.992888
vt 0.588906 0.965188
vt 0.980829 0.502607
vt 0.588906 0.965188
vt 0.588906 0.965188
vt 0.608050 0.950721
vt 0.151208 0.826017
vt 0.739107 0.003308
vt 0.151208 0.826017
vt 0.498906 0.929995
vt 0.498906 0.929995
vt 0.153610 0.822798
vt 0.498906 0.929995
vt 0.194594 0.830390
vt 0.526426 0.937044
vt 0.848223 0.804046
vt 0.848223 0.804046
vt 0.950467 0.257354
vt 0.683966 0.960538
vt 0.187191 0.825579
vt 0.187191 0.825579
vt 0.525351 0.944655
vt 0.724663 0.327010
vt 0.199460 0.830691
vt 0.199460 0.830691
vt 0.526355 0.932162
vt 0.526355 0.932162
vt 0.526355 0.932162
vt 0.866428 0.922932
vt 0.189257 0.800761
vt 0.481929 0.801579
vt 0.160002 0.819334
vt 0.498906 0.923401
vt 0.498906 0.923401
vt 0.818722 0.222934
vt 0.444015 0.572723
vt 0.930567 0.277729
vt 0.034212 0.500739
vt 0.034212 0.500739
vt 0.034212 0.500739
vt 0.147396 0.822639
vt 0.498315 0.936189
vt 0.147396 0.822639
vt 0.498315 0.936189
vt 0.792910 0.223104
vt 0.159604 0.793502
vt 0.792910 0.223104
vt 0.549750 0.946759
vt 0.792910 0.223104
vt 0.591863 0.972418
vt 0.206496 0.831638
vt 0.770519 0.247179
vt 0.982536 0.494900
vt 0.770519 0.247179
vt 0.140603 0.823183
vt 0.728740 0.002148
vt 0.728740 0.002148
vt 0.504305 0.160465
vt 0.158997 0.789494
vt 0.504305 0.160465
vt 0.504305 0.160465
vt 0.139711 0.790181
vt 0.523594 0.160863
vt 0.523594 0.160863
vt 0.509328 0.160759
vt 0.153843 0.787580
vt 0.509328 0.160759
vt 0.549873 0.939273
vt 0.549873 0.939273
vt 0.151924 0.790245
vt 0.549873 0.939273
vt 0.549873 0.939273
vt 0.206057 0.796214
vt 0.398336 0.159447
vt 0.398336 0.159447
vt 0.398336 0.159447
vt 0.398336 0.159447
vt 0.213256 0.801838
vt 0.390853 0.158978
vt 0.559675 0.680032
vt 0.559675 0.680032
vt 0.867171 0.941709
vt 0.208065 0.801031
vt 0.867171 0.941709
vt 0.867171 0.941709
vt 0.549807 0.928267
vt 0.182789 0.923031
vt 0.141041 0.792750
vt 0.549807 0.928267
vt 0.797034 0.615054
vt 0.136395 0.793017
vt 0.527077 0.161039
vt 0.797034 0.615054
vt 0.867094 0.933488
vt 0.200031 0.797663
vt 0.867094 0.933488
vt 0.867094 0.933488
vt 0.200031 0.797663
vt 0.182925 0.930316
vt 0.134924 0.800492
vt 0.182925 0.930316
vt 0.182925 0.930316
vt 0.134924 0.800492
vt 0.182925 0.930316
vt 0.182848 0.938591
vt 0.134044 0.808852
vt 0.182848 0.938591
vt 0.131373 0.811150
vt 0.779231 0.615067
vt 0.784189 0.615005
vt 0.784189 0.615005
vt 0.130785 0.806219
vt 0.784189 0.615005
vt 0.148533 0.787188
vt 0.514603 0.160892
vt 0.514603 0.160892
vt 0.514603 0.160892
vt 0.866723 0.926874
vt 0.193345 0.798537
vt 0.866723 0.926874
vt 0.866723 0.926874
vt 0.197923 0.794720
vt 0.406544 0.159088
vt 0.406544 0.159088
vt 0.406544 0.159088
vt 0.217221 0.810067
vt 0.551625 0.680151
vt 0.217221 0.810067
vt 0.216812 0.819809
vt 0.541886 0.680635
vt 0.216812 0.819809
vt 0.541886 0.680635
vt 0.541886 0.680635
vt 0.541886 0.680635
vt 0.381249 0.931687
vt 0.214242 0.810121
vt 0.381249 0.931687
vt 0.214242 0.810121
vt 0.381249 0.931687
vt 0.381249 0.931687
vt 0.402996 0.159050
vt 0.201468 0.794877
vt 0.402996 0.159050
vt 0.776569 0.246259
vt 0.776569 0.246259
vt 0.212913 0.826775
vt 0.534763 0.680905
vt 0.724489 0.001553
vt 0.770259 0.615145
vt 0.136117 0.819856
vt 0.770259 0.615145
vt 0.498338 0.945989
vt 0.498338 0.945989
vt 0.137193 0.816407
vt 0.182891 0.946353
vt 0.182891 0.946353
vt 0.526426 0.920759
vt 0.526426 0.920759
vt 0.211197 0.824611
vt 0.381536 0.946321
vt 0.210923 0.803946
vt 0.381197 0.925705
vt 0.867161 0.944736
vt 0.381495 0.941869
vt 0.213682 0.820290
vt 0.213682 0.820290
vt 0.381495 0.941869
vt 0.381495 0.941869
vt 0.189659 0.796864
vt 0.414680 0.159216
vt 0.414680 0.159216
vt 0.414680 0.159216
vt 0.414680 0.159216
vt 0.568014 0.889757
vt 0.488337 0.928211
vt 0.488337 0.928211
vt 0.568014 0.889757
vt 0.561653 0.868401
vt 0.800528 0.233173
vt 0.800528 0.233173
vt 0.318405 0.822850
vt 0.318405 0.822850
vt 0.788246 0.612461
vt 0.788246 0.612461
vt 0.788246 0.612461
vt 0.805098 0.854515
vt 0.949573 0.202319
vt 0.950092 0.442455
vt 0.949573 0.202319
vt 0.936425 0.863831
vt 0.890843 0.555837
vt 0.475849 0.170601
vt 0.979594 0.544056
vt 0.078470 0.815787
vt 0.339693 0.821579
vt 0.318236 0.994132
vt 0.339693 0.821579
vt 0.520745 0.172812
vt 0.520745 0.172812
vt 0.942387 0.634978
vt 0.942387 0.634978
vt 0.942387 0.634978
vt 0.959066 0.441945
vt 0.512014 0.926841
vt 0.684620 0.935259
vt 0.941542 0.636214
vt 0.111577 0.803953
vt 0.684620 0.935259
vt 0.111577 0.803953
vt 0.941542 0.636214
vt 0.515120 0.936898
vt 0.727168 0.891820
vt 0.515120 0.936898
vt 0.515120 0.936898
vt 0.727168 0.891820
vt 0.727168 0.891820
vt 0.388739 0.167688
vt 0.557893 0.688846
vt 0.539664 0.932273
vt 0.540898 0.874082
vt 0.539664 0.932273
vt 0.393492 0.160563
vt 0.562387 0.681476
vt 0.393492 0.160563
vt 0.740742 0.871550
vt 0.371987 0.936470
vt 0.737589 0.006380
vt 0.607576 0.953936
vt 0.737589 0.006380
vt 0.607576 0.953936
vt 0.737589 0.006380
vt 0.550472 0.687669
vt 0.550472 0.687669
vt 0.550472 0.687669
vt 0.451641 0.579099
vt 0.451641 0.579099
vt 0.944266 0.202258
vt 0.955400 0.442455
vt 0.535001 0.696511
vt 0.535001 0.696511
vt 0.779459 0.261618
vt 0.535001 0.696511
vt 0.229274 0.977700
vt 0.745137 0.146786
vt 0.971521 0.331606
vt 0.229274 0.977700
vt 0.229026 0.974537
vt 0.229026 0.974537
vt 0.971657 0.328452
vt 0.971657 0.328452
vt 0.981737 0.193836
vt 0.750223 0.146285
vt 0.976629 0.331606
vt 0.750223 0.146285
vt 0.598087 0.831733
vt 0.598087 0.831733
vt 0.957838 0.931527
vt 0.598087 0.831733
vt 0.940638 0.443005
vt 0.957838 0.931527
vt 0.982716 0.963024
vt 0.957838 0.931527
vt 0.975461 0.327358
vt 0.975461 0.327358
vt 0.455145 0.164996
vt 0.936973 0.843061
vt 0.455145 0.164996
vt 0.936973 0.843061
vt 0.936973 0.843061
vt 0.419484 0.168558
vt 0.483299 0.810774
vt 0.419484 0.168558
vt 0.483299 0.810774
vt 0.419484 0.168558
vt 0.488301 0.939800
vt 0.559009 0.897120
vt 0.559009 0.897120
vt 0.557631 0.866930
vt 0.796671 0.233354
vt 0.796671 0.233354
vt 0.557631 0.866930
vt 0.539478 0.945585
vt 0.552382 0.866821
vt 0.552382 0.866821
vt 0.792941 0.233383
vt 0.539478 0.945585
vt 0.857258 0.939753
vt 0.857258 0.939753
vt 0.857258 0.939753
vt 0.727964 0.861021
vt 0.857258 0.939753
vt 0.441757 0.568170
vt 0.444678 0.956809
vt 0.920057 0.278465
vt 0.971885 0.325060
vt 0.226690 0.971512
vt 0.920057 0.278465
vt 0.841206 0.989504
vt 0.920057 0.278465
vt 0.971885 0.325060
vt 0.103835 0.915860
vt 0.498716 0.164332
vt 0.498716 0.164332
vt 0.498716 0.164332
vt 0.515333 0.943212
vt 0.720296 0.890960
vt 0.734711 0.327690
vt 0.384641 0.974605
vt 0.720296 0.890960
vt 0.282116 0.804423
vt 0.282116 0.804423
vt 0.866198 0.711604
vt 0.866198 0.711604
vt 0.282116 0.804423
vt 0.621537 0.970456
vt 0.915559 0.277801
vt 0.976428 0.325225
vt 0.984074 0.187681
vt 0.621537 0.970456
vt 0.488202 0.919788
vt 0.569571 0.879277
vt 0.813847 0.233547
vt 0.502154 0.178183
vt 0.502154 0.178183
vt 0.502154 0.178183
vt 0.225031 0.972928
vt 0.842086 0.991374
vt 0.108433 0.989504
vt 0.225031 0.972928
vt 0.622706 0.976503
vt 0.751120 0.148969
vt 0.984493 0.193836
vt 0.108431 0.994484
vt 0.743019 0.151252
vt 0.801553 0.783258
vt 0.743019 0.151252
vt 0.224834 0.977700
vt 0.488210 0.924474
vt 0.569414 0.885835
vt 0.569414 0.885835
vt 0.539833 0.940822
vt 0.547057 0.868154
vt 0.547057 0.868154
vt 0.539833 0.940822
vt 0.727210 0.015403
vt 0.727210 0.015403
vt 0.727210 0.015403
vt 0.765177 0.601928
vt 0.837184 0.313088
vt 0.837184 0.313088
vt 0.837184 0.313088
vt 0.978712 0.425299
vt 0.730181 0.968053
vt 0.813769 0.827837
vt 0.978712 0.425299
vt 0.368842 0.989504
vt 0.813769 0.827837
vt 0.956613 0.580256
vt 0.956613 0.580256
vt 0.857568 0.933942
vt 0.721944 0.861174
vt 0.857568 0.933942
vt 0.379056 0.805378
vt 0.379056 0.805378
vt 0.488478 0.932895
vt 0.488478 0.932895
vt 0.565299 0.893685
vt 0.565299 0.893685
vt 0.488478 0.932895
vt 0.565299 0.893685
vt 0.833935 0.637771
vt 0.798928 0.976381
vt 0.833935 0.637771
vt 0.847082 0.487933
vt 0.083957 0.989504
vt 0.833935 0.637771
vt 0.192998 0.938308
vt 0.192998 0.938308
vt 0.544064 0.893414
vt 0.192998 0.938308
vt 0.544064 0.893414
vt 0.198796 0.985643
vt 0.385927 0.968857
vt 0.715419 0.887648
vt 0.137192 0.949946
vt 0.910297 0.277729
vt 0.137192 0.949946
vt 0.626752 0.970456
vt 0.910297 0.277729
vt 0.131611 0.950171
vt 0.755001 0.148530
vt 0.626605 0.976042
vt 0.755001 0.148530
vt 0.626605 0.976042
vt 0.516412 0.933013
vt 0.516412 0.933013
vt 0.480484 0.811689
vt 0.856283 0.922820
vt 0.712580 0.868676
vt 0.856283 0.922820
vt 0.480484 0.811689
vt 0.814832 0.725305
vt 0.814832 0.725305
vt 0.772351 0.591406
vt 0.772351 0.591406
vt 0.860593 0.313692
vt 0.860593 0.313692
vt 0.371313 0.943488
vt 0.741346 0.878698
vt 0.515958 0.925110
vt 0.737892 0.886537
vt 0.257486 0.867099
vt 0.607706 0.961058
vt 0.735843 0.013275
vt 0.966983 0.245066
vt 0.607706 0.961058
vt 0.735843 0.013275
vt 0.935743 0.845865
vt 0.935743 0.845865
vt 0.935743 0.845865
vt 0.500242 0.176213
vt 0.500242 0.176213
vt 0.105040 0.903765
vt 0.500242 0.176213
vt 0.796215 0.782471
vt 0.922358 0.281263
vt 0.796215 0.782471
vt 0.106412 0.989504
vt 0.841206 0.993132
vt 0.922358 0.281263
vt 0.476160 0.811954
vt 0.710941 0.873754
vt 0.476160 0.811954
vt 0.710941 0.873754
vt 0.710941 0.873754
vt 0.592500 0.823597
vt 0.969370 0.874206
vt 0.969370 0.874206
vt 0.248212 0.962041
vt 0.434016 0.950804
vt 0.592500 0.823597
vt 0.355009 0.799668
vt 0.311938 0.823415
vt 0.355009 0.799668
vt 0.325278 0.494509
vt 0.325278 0.494509
vt 0.574918 0.436725
vt 0.950269 0.217342
vt 0.712121 0.333063
vt 0.915686 0.458846
vt 0.950269 0.217342
vt 0.712121 0.333063
vt 0.950269 0.217342
vt 0.515834 0.928824
vt 0.734889 0.889382
vt 0.515834 0.928824
vt 0.504564 0.186403
vt 0.504564 0.186403
vt 0.504564 0.186403
vt 0.504564 0.186403
vt 0.371130 0.927377
vt 0.857050 0.945515
vt 0.857050 0.945515
vt 0.734850 0.863846
vt 0.857050 0.945515
vt 0.568337 0.875331
vt 0.568337 0.875331
vt 0.568337 0.875331
vt 0.810153 0.233475
vt 0.568337 0.875331
vt 0.293927 0.807090
vt 0.872400 0.771727
vt 0.877987 0.076815
vt 0.877987 0.076815
vt 0.936940 0.502181
vt 0.936940 0.502181
vt 0.193086 0.942890
vt 0.193086 0.942890
vt 0.547875 0.896086
vt 0.193086 0.942890
vt 0.547875 0.896086
vt 0.539478 0.878029
vt 0.539478 0.878029
vt 0.193086 0.924157
vt 0.539478 0.928515
vt 0.539478 0.878029
vt 0.014496 0.495946
vt 0.766390 0.259970
vt 0.766390 0.259970
vt 0.766390 0.259970
vt 0.371313 0.932952
vt 0.739102 0.868364
vt 0.371313 0.932952
vt 0.739102 0.868364
vt 0.739102 0.868364
vt 0.749566 0.154698
vt 0.749566 0.154698
vt 0.749566 0.154698
vt 0.978924 0.421607
vt 0.810146 0.826752
vt 0.960203 0.343239
vt 0.968936 0.885745
vt 0.960203 0.343239
vt 0.968936 0.885745
vt 0.300099 0.989533
vt 0.710941 0.330796
vt 0.806101 0.868031
vt 0.126044 0.813483
vt 0.806101 0.868031
vt 0.952179 0.215646
vt 0.861013 0.078299
vt 0.861013 0.078299
vt 0.910852 0.398796
vt 0.910852 0.398796
vt 0.861013 0.078299
vt 0.333199 0.822894
vt 0.866516 0.076759
vt 0.866516 0.076759
vt 0.866516 0.076759
vt 0.333199 0.822894
vt 0.333199 0.822894
vt 0.539478 0.885969
vt 0.539478 0.885969
vt 0.192838 0.929792
vt 0.772812 0.261873
vt 0.772812 0.261873
vt 0.772812 0.261873
vt 0.772812 0.261873
vt 0.357132 0.492260
vt 0.975586 0.672461
vt 0.911673 0.290134
vt 0.915549 0.001553
vt 0.939427 0.929265
vt 0.911673 0.290134
vt 0.137192 0.962012
vt 0.762071 0.631159
vt 0.911673 0.290134
vt 0.915549 0.001553
vt 0.762071 0.631159
vt 0.911673 0.290134
vt 0.925274 0.847811
vt 0.925274 0.847811
vt 0.743048 0.776790
vt 0.925274 0.847811
vt 0.925260 0.842272
vt 0.737770 0.774997
vt 0.925260 0.842272
vt 0.408993 0.862548
vt 0.852545 0.637171
vt 0.981086 0.460231
vt 0.852545 0.637171
vt 0.983357 0.296936
vt 0.030239 0.488436
vt 0.030239 0.488436
vt 0.030239 0.488436
vt 0.973852 0.288984
vt 0.814086 0.864352
vt 0.814086 0.864352
vt 0.751084 0.783593
vt 0.751084 0.783593
vt 0.925268 0.857979
vt 0.925268 0.857979
vt 0.751084 0.783593
vt 0.751084 0.783593
vt 0.742212 0.152822
vt 0.802123 0.784800
vt 0.802123 0.784800
vt 0.878628 0.692131
vt 0.880176 0.543400
vt 0.878628 0.692131
vt 0.878628 0.692131
vt 0.433272 0.571929
vt 0.930315 0.288050
vt 0.433272 0.571929
vt 0.433272 0.571929
vt 0.930315 0.288050
vt 0.433272 0.571929
vt 0.930315 0.288050
vt 0.118463 0.813860
vt 0.118463 0.813860
vt 0.412116 0.186803
vt 0.971676 0.506319
vt 0.412116 0.186803
vt 0.499832 0.169790
vt 0.499832 0.169790
vt 0.499832 0.169790
vt 0.499832 0.169790
vt 0.716872 0.863442
vt 0.716872 0.863442
vt 0.716872 0.863442
vt 0.856764 0.928448
vt 0.716872 0.863442
vt 0.716872 0.863442
vt 0.856764 0.928448
vt 0.551757 0.897539
vt 0.192930 0.946654
vt 0.488294 0.945291
vt 0.551757 0.897539
vt 0.544843 0.700628
vt 0.544843 0.700628
vt 0.740394 0.881957
vt 0.740394 0.881957
vt 0.740394 0.881957
vt 0.371115 0.946321
vt 0.515978 0.921349
vt 0.740394 0.881957
vt 0.335930 0.822628
vt 0.335930 0.822628
vt 0.875988 0.805962
vt 0.956630 0.593335
vt 0.062598 0.994550
vt 0.062598 0.994550
vt 0.875988 0.805962
vt 0.875988 0.805962
vt 0.956630 0.593335
vt 0.773193 0.166711
vt 0.956630 0.593335
vt 0.418298 0.186995
vt 0.418298 0.186995
vt 0.727740 0.774881
vt 0.727740 0.774881
vt 0.918931 0.593764
vt 0.918931 0.593764
vt 0.925821 0.833147
vt 0.727740 0.774881
vt 0.727740 0.774881
vt 0.067783 0.503716
vt 0.983224 0.243146
vt 0.071263 0.495664
vt 0.982157 0.251492
vt 0.071263 0.495664
vt 0.441240 0.570803
vt 0.445083 0.170107
vt 0.928784 0.593974
vt 0.935676 0.833062
vt 0.613486 0.846186
vt 0.613486 0.846186
vt 0.746365 0.154817
vt 0.975728 0.421814
vt 0.859687 0.173350
vt 0.957498 0.961015
vt 0.957498 0.961015
vt 0.298002 0.992550
vt 0.859687 0.173350
vt 0.957498 0.961015
vt 0.002239 0.931222
vt 0.357333 0.489769
vt 0.357333 0.489769
vt 0.976676 0.675030
vt 0.750871 0.165333
vt 0.750871 0.165333
vt 0.811177 0.816108
vt 0.750871 0.165333
vt 0.750871 0.165333
vt 0.750871 0.165333
vt 0.811177 0.816108
vt 0.815142 0.869775
vt 0.815142 0.869775
vt 0.442485 0.993285
vt 0.439612 0.963738
vt 0.815142 0.869775
vt 0.925931 0.286123
vt 0.130826 0.961063
vt 0.130826 0.961063
vt 0.755570 0.159419
vt 0.130826 0.961063
vt 0.794514 0.583853
vt 0.528600 0.192256
vt 0.794514 0.583853
vt 0.811528 0.868606
vt 0.811528 0.868606
vt 0.971940 0.293759
vt 0.025351 0.817671
vt 0.025351 0.817671
vt 0.025351 0.817671
vt 0.888674 0.693306
vt 0.888674 0.693306
vt 0.035453 0.499782
vt 0.035453 0.499782
vt 0.754020 0.789137
vt 0.759927 0.855517
vt 0.759927 0.855517
vt 0.754020 0.789137
vt 0.754020 0.789137
vt 0.925260 0.862997
vt 0.002239 0.963632
vt 0.325211 0.492536
vt 0.575705 0.434696
vt 0.325211 0.492536
vt 0.002911 0.952292
vt 0.336655 0.493233
vt 0.002911 0.952292
vt 0.579095 0.822381
vt 0.511842 0.947098
vt 0.955495 0.257355
vt 0.579095 0.822381
vt 0.684161 0.955513
vt 0.955495 0.257355
vt 0.579095 0.822381
vt 0.684161 0.955513
vt 0.579095 0.822381
vt 0.749945 0.857308
vt 0.935262 0.861129
vt 0.977649 0.542177
vt 0.400476 0.815262
vt 0.400476 0.815262
vt 0.400476 0.815262
vt 0.013634 0.832958
vt 0.013634 0.832958
vt 0.032445 0.819136
vt 0.032445 0.819136
vt 0.436084 0.570841
vt 0.440542 0.990336
vt 0.443141 0.962956
vt 0.443141 0.962956
vt 0.437835 0.572535
vt 0.442485 0.989504
vt 0.928977 0.283832
vt 0.928977 0.283832
vt 0.540497 0.884588
vt 0.540497 0.884588
vt 0.540497 0.884588
vt 0.540497 0.884588
vt 0.931834 0.257999
vt 0.931834 0.257999
vt 0.961259 0.031360
vt 0.931834 0.257999
vt 0.739213 0.790249
vt 0.961259 0.031360
vt 0.776018 0.545991
vt 0.776018 0.545991
vt 0.776018 0.545991
vt 0.257965 0.873319
vt 0.257965 0.873319
vt 0.968495 0.251295
vt 0.936630 0.257580
vt 0.470724 0.953634
vt 0.735337 0.787219
vt 0.936630 0.257580
vt 0.936630 0.257580
vt 0.470724 0.953634
vt 0.554474 0.896490
vt 0.554474 0.896490
vt 0.554474 0.896490
vt 0.554474 0.896490
vt 0.554474 0.896490
vt 0.199788 0.983076
vt 0.714688 0.885080
vt 0.555018 0.868100
vt 0.555018 0.868100
vt 0.555018 0.868100
vt 0.730768 0.862917
vt 0.730768 0.862917
vt 0.730768 0.862917
vt 0.730768 0.862917
vt 0.856283 0.941906
vt 0.828886 0.006088
vt 0.843551 0.249000
vt 0.828886 0.006088
vt 0.929009 0.587372
vt 0.439025 0.176646
vt 0.929009 0.587372
vt 0.929009 0.587372
vt 0.439025 0.176646
vt 0.568258 0.885747
vt 0.568258 0.885747
vt 0.568258 0.885747
vt 0.562125 0.870110
vt 0.562125 0.870110
vt 0.802077 0.234125
vt 0.732600 0.889133
vt 0.732600 0.889133
vt 0.732600 0.889133
vt 0.424750 0.179780
vt 0.123195 0.812531
vt 0.297286 0.989504
vt 0.123195 0.812531
vt 0.297286 0.989504
vt 0.960594 0.961286
vt 0.075957 0.815007
vt 0.319928 0.992768
vt 0.075957 0.815007
vt 0.436455 0.582444
vt 0.909697 0.459103
vt 0.909697 0.459103
vt 0.944266 0.217813
vt 0.436455 0.582444
vt 0.382631 0.804660
vt 0.856314 0.543736
vt 0.382631 0.804660
vt 0.509981 0.192863
vt 0.955489 0.591570
vt 0.955489 0.591570
vt 0.955489 0.591570
vt 0.667818 0.659718
vt 0.954193 0.592315
vt 0.062667 0.992059
vt 0.860938 0.434019
vt 0.954193 0.592315
vt 0.025011 0.466520
vt 0.749662 0.849586
vt 0.479925 0.178236
vt 0.749662 0.849586
vt 0.891186 0.548184
vt 0.977649 0.552490
vt 0.357901 0.798690
vt 0.357901 0.798690
vt 0.273711 0.805370
vt 0.273711 0.805370
vt 0.357901 0.798690
vt 0.015451 0.493845
vt 0.767331 0.262078
vt 0.015451 0.493845
vt 0.441721 0.991132
vt 0.928093 0.285076
vt 0.441721 0.991132
vt 0.928093 0.285076
vt 0.417611 0.176641
vt 0.417611 0.176641
vt 0.485096 0.818865
vt 0.417611 0.176641
vt 0.972855 0.494900
vt 0.417611 0.176641
vt 0.300099 0.992675
vt 0.809125 0.869154
vt 0.861745 0.173070
vt 0.300099 0.992675
vt 0.809125 0.869154
vt 0.536376 0.949194
vt 0.206329 0.996062
vt 0.737487 0.792685
vt 0.958324 0.031250
vt 0.501922 0.708603
vt 0.501922 0.708603
vt 0.501922 0.708603
vt 0.501922 0.708603
vt 0.501922 0.708603
vt 0.501922 0.708603
vt 0.501922 0.708603
vt 0.934532 0.228194
vt 0.934532 0.228194
vt 0.364801 0.466382
vt 0.364801 0.466382
vt 0.469024 0.923444
vt 0.938614 0.227313
vt 0.246215 0.959122
vt 0.833488 0.801813
vt 0.959083 0.334718
vt 0.247931 0.959061
vt 0.247931 0.959061
vt 0.960790 0.334899
vt 0.247931 0.959061
vt 0.967268 0.876650
vt 0.290169 0.462436
vt 0.290169 0.462436
vt 0.290169 0.462436
vt 0.918792 0.584145
vt 0.717524 0.780710
vt 0.918792 0.584145
vt 0.814054 0.871815
vt 0.925464 0.288290
vt 0.814054 0.871815
vt 0.925464 0.288290
vt 0.515041 0.205502
vt 0.518162 0.765896
vt 0.515041 0.205502
vt 0.515041 0.205502
vt 0.277517 0.805563
vt 0.277517 0.805563
vt 0.130785 0.963156
vt 0.757282 0.161417
vt 0.757282 0.161417
vt 0.909248 0.006163
vt 0.357791 0.475925
vt 0.357791 0.475925
vt 0.357791 0.475925
vt 0.975586 0.688709
vt 0.343517 0.466253
vt 0.979258 0.884873
vt 0.343517 0.466253
vt 0.574918 0.494437
vt 0.071407 0.480276
vt 0.071407 0.480276
vt 0.722281 0.335353
vt 0.127011 0.801263
vt 0.722281 0.335353
vt 0.482950 0.183335
vt 0.890843 0.543118
vt 0.482950 0.183335
vt 0.406158 0.193433
vt 0.406158 0.193433
vt 0.406158 0.193433
vt 0.406158 0.193433
vt 0.972855 0.515128
vt 0.406158 0.193433
vt 0.754020 0.803585
vt 0.759874 0.842415
vt 0.754020 0.803585
vt 0.754020 0.803585
vt 0.863267 0.181128
vt 0.809316 0.877305
vt 0.809316 0.877305
vt 0.863267 0.181128
vt 0.839321 0.487912
vt 0.839321 0.487912
vt 0.083957 0.997967
vt 0.839321 0.487912
vt 0.839321 0.487912
vt 0.839321 0.487912
vt 0.474532 0.953924
vt 0.731661 0.789676
vt 0.731661 0.789676
vt 0.206329 0.989504
vt 0.474532 0.953924
vt 0.529847 0.949665
vt 0.731661 0.789676
vt 0.731661 0.789676
vt 0.731661 0.789676
vt 0.934599 0.256123
vt 0.934599 0.256123
vt 0.934599 0.256123
vt 0.613486 0.829420
vt 0.745793 0.171621
vt 0.745793 0.171621
vt 0.745793 0.171621
vt 0.931942 0.228758
vt 0.961750 0.002123
vt 0.580605 0.822923
vt 0.222068 0.794720
vt 0.580605 0.822923
vt 0.580605 0.822923
vt 0.437043 0.597553
vt 0.437043 0.597553
vt 0.437043 0.597553
vt 0.437043 0.597553
vt 0.909556 0.473948
vt 0.797034 0.570639
vt 0.525239 0.205443
vt 0.525239 0.205443
vt 0.828919 0.516409
vt 0.828919 0.516409
vt 0.806421 0.733807
vt 0.828919 0.516409
vt 0.355665 0.477401
vt 0.355665 0.477401
vt 0.594981 0.818433
vt 0.711795 0.354632
vt 0.915295 0.479861
vt 0.248997 0.956917
vt 0.711795 0.354632
vt 0.915295 0.479861
vt 0.124737 0.789391
vt 0.124737 0.789391
vt 0.124737 0.789391
vt 0.124737 0.789391
vt 0.124737 0.789391
vt 0.471130 0.924586
vt 0.471130 0.924586
vt 0.021430 0.461643
vt 0.021430 0.461643
vt 0.021430 0.461643
vt 0.039817 0.475955
vt 0.980425 0.530436
vt 0.495008 0.708416
vt 0.495008 0.708416
vt 0.495008 0.708416
vt 0.495008 0.708416
vt 0.495008 0.708416
vt 0.826551 0.248464
vt 0.826551 0.248464
vt 0.826551 0.248464
vt 0.747909 0.799468
vt 0.747909 0.799468
vt 0.663226 0.936478
vt 0.747909 0.799468
vt 0.922708 0.946345
vt 0.663226 0.936478
vt 0.796215 0.801511
vt 0.921436 0.300336
vt 0.368833 0.456799
vt 0.061504 0.989504
vt 0.909355 0.026692
vt 0.061504 0.989504
vt 0.669436 0.661867
vt 0.778023 0.164462
vt 0.909355 0.026692
vt 0.909355 0.026692
vt 0.669436 0.661867
vt 0.669436 0.661867
vt 0.849489 0.234046
vt 0.849489 0.234046
vt 0.849489 0.234046
vt 0.851969 0.238999
vt 0.802125 0.405607
vt 0.851969 0.238999
vt 0.851969 0.238999
vt 0.128094 0.994557
vt 0.848005 0.238635
vt 0.703384 0.901629
vt 0.703384 0.901629
vt 0.854765 0.234967
vt 0.703384 0.901629
vt 0.854765 0.234967
vt 0.583497 0.929987
vt 0.583497 0.929987
vt 0.941965 0.115261
vt 0.465780 0.891716
vt 0.699070 0.901626
vt 0.851217 0.231777
vt 0.838466 0.138582
vt 0.838466 0.138582
vt 0.838692 0.144196
vt 0.838692 0.144196
vt 0.838692 0.144196
vt 0.838692 0.144196
vt 0.170507 0.899033
vt 0.170507 0.899033
vt 0.833594 0.142394
vt 0.833594 0.142394
vt 0.926633 0.929270
vt 0.934265 0.375790
vt 0.845223 0.625073
vt 0.845223 0.625073
vt 0.934265 0.375790
vt 0.845223 0.625073
vt 0.679875 0.928353
vt 0.934265 0.375790
vt 0.839383 0.626274
vt 0.673892 0.928235
vt 0.839383 0.626274
vt 0.840332 0.620778
vt 0.921754 0.151105
vt 0.840332 0.620778
vt 0.534681 0.820908
vt 0.923778 0.601165
vt 0.534681 0.820908
vt 0.935819 0.187911
vt 0.535644 0.813987
vt 0.535644 0.813987
vt 0.935819 0.187911
vt 0.539946 0.820779
vt 0.539946 0.820779
vt 0.539946 0.820779
vt 0.930712 0.054284
vt 0.539946 0.820779
vt 0.179483 0.934221
vt 0.665572 0.908087
vt 0.665572 0.908087
vt 0.922708 0.917975
vt 0.841927 0.143270
vt 0.841927 0.143270
vt 0.173088 0.787694
vt 0.173088 0.787694
vt 0.174793 0.898446
vt 0.174793 0.898446
vt 0.835134 0.138354
vt 0.843821 0.622110
vt 0.931193 0.376881
vt 0.915310 0.034328
vt 0.915310 0.034328
vt 0.915310 0.034328
vt 0.761292 0.597555
vt 0.915310 0.034328
vt 0.531847 0.818986
vt 0.531847 0.818986
vt 0.920434 0.601799
vt 0.460905 0.891683
vt 0.846673 0.233544
vt 0.460905 0.891683
vt 0.460905 0.891683
vt 0.126652 0.989504
vt 0.986422 0.528355
vt 0.722011 0.786717
vt 0.722011 0.786717
vt 0.533460 0.919620
vt 0.533460 0.919620
vt 0.958324 0.001553
vt 0.922801 0.152675
vt 0.838886 0.619276
vt 0.922801 0.152675
vt 0.922801 0.152675
vt 0.928121 0.375865
vt 0.918427 0.152683
vt 0.928121 0.375865
vt 0.843389 0.619276
vt 0.918427 0.152683
vt 0.677255 0.930017
vt 0.677255 0.930017
vt 0.843290 0.628574
vt 0.677255 0.930017
vt 0.677255 0.930017
vt 0.930013 0.929265
vt 0.836039 0.145435
vt 0.930013 0.929265
vt 0.930013 0.929265
vt 0.836827 0.622701
vt 0.836827 0.622701
vt 0.845425 0.887794
vt 0.925614 0.151742
vt 0.848884 0.241009
vt 0.922154 0.798053
vt 0.798510 0.406973
vt 0.848884 0.241009
vt 0.126652 0.995464
vt 0.846673 0.239887
vt 0.920281 0.798194
vt 0.986422 0.534699
vt 0.920281 0.798194
vt 0.920281 0.798194
vt 0.920281 0.798194
vt 0.841752 0.139263
vt 0.176721 0.787188
vt 0.451260 0.992123
vt 0.705464 0.901621
vt 0.854857 0.237181
vt 0.805479 0.406376
vt 0.805479 0.406376
vt 0.938113 0.186976
vt 0.477534 0.889286
vt 0.477534 0.889286
vt 0.477534 0.889286
vt 0.538416 0.813592
vt 0.931524 0.186957
vt 0.531705 0.816027
vt 0.918139 0.602615
vt 0.931524 0.186957
vt 0.931524 0.186957
vt 0.575738 0.618656
vt 0.170949 0.788914
vt 0.841230 0.145435
vt 0.934837 0.930383
vt 0.170949 0.788914
vt 0.170949 0.788914
vt 0.841230 0.145435
vt 0.934837 0.930383
vt 0.919058 0.140506
vt 0.177099 0.897326
vt 0.837544 0.136642
vt 0.919058 0.140506
vt 0.177099 0.897326
vt 0.452704 0.989504
vt 0.579806 0.989504
vt 0.839807 0.136729
vt 0.839807 0.136729
vt 0.921215 0.139810
vt 0.921215 0.139810
vt 0.713002 0.786981
vt 0.713002 0.786981
vt 0.713002 0.786981
vt 0.918838 0.576545
vt 0.918838 0.576545
vt 0.750887 0.843035
vt 0.480961 0.184789
vt 0.750887 0.843035
vt 0.458704 0.890334
vt 0.984772 0.530142
vt 0.915429 0.798459
vt 0.915429 0.798459
vt 0.541155 0.816544
vt 0.481561 0.889367
vt 0.934450 0.054983
vt 0.481561 0.889367
vt 0.680860 0.929991
vt 0.934401 0.374025
vt 0.090195 0.836874
vt 0.538848 0.823159
vt 0.928280 0.056747
vt 0.090195 0.836874
vt 0.484852 0.887713
vt 0.538848 0.823159
vt 0.090195 0.836874
vt 0.928280 0.056747
vt 0.671683 0.930914
vt 0.837216 0.627541
vt 0.850302 0.889465
vt 0.175990 0.788895
vt 0.175990 0.788895
vt 0.452704 0.994023
vt 0.579806 0.994736
vt 0.711667 0.359218
vt 0.244455 0.957564
vt 0.711667 0.359218
vt 0.832643 0.800355
vt 0.915315 0.484344
vt 0.711667 0.359218
vt 0.915315 0.484344
vt 0.925646 0.603350
vt 0.087115 0.835755
vt 0.534856 0.823337
vt 0.925646 0.603350
vt 0.925646 0.603350
vt 0.921836 0.603275
vt 0.531705 0.821055
vt 0.921836 0.603275
vt 0.921836 0.603275
vt 0.921836 0.603275
vt 0.705842 0.900170
vt 0.806174 0.407849
vt 0.806174 0.407849
vt 0.705842 0.900170
vt 0.705842 0.900170
vt 0.926634 0.930947
vt 0.168716 0.897649
vt 0.926634 0.930947
vt 0.466490 0.888731
vt 0.466490 0.888731
vt 0.698477 0.898624
vt 0.466490 0.888731
vt 0.698477 0.898624
vt 0.921166 0.917291
vt 0.175816 0.933419
vt 0.921166 0.917291
vt 0.460123 0.889984
vt 0.460123 0.889984
vt 0.913824 0.798748
vt 0.804496 0.408549
vt 0.804496 0.408549
vt 0.804496 0.408549
vt 0.804496 0.408549
vt 0.707525 0.899554
vt 0.801287 0.407701
vt 0.851983 0.241271
vt 0.801287 0.407701
vt 0.801287 0.407701
vt 0.674357 0.931323
vt 0.674357 0.931323
vt 0.936380 0.185583
vt 0.475045 0.887814
vt 0.936380 0.185583
vt 0.936380 0.185583
vt 0.173374 0.896155
vt 0.173374 0.896155
vt 0.173374 0.896155
vt 0.844652 0.890258
vt 0.844652 0.890258
vt 0.844652 0.890258
vt 0.926268 0.154160
vt 0.844652 0.890258
vt 0.747395 0.802999
vt 0.747395 0.802999
vt 0.919289 0.946181
vt 0.919289 0.946181
vt 0.362830 0.458090
vt 0.073195 0.479610
vt 0.073195 0.479610
vt 0.929852 0.931508
vt 0.929852 0.931508
vt 0.929852 0.931508
vt 0.929852 0.931508
vt 0.610462 0.819624
vt 0.610462 0.819624
vt 0.610462 0.819624
vt 0.610462 0.819624
vt 0.931000 0.374000
vt 0.931000 0.374000
vt 0.931000 0.374000
vt 0.529847 0.919513
vt 0.474532 0.923765
vt 0.529847 0.919513
vt 0.852013 0.140573
vt 0.978721 0.355693
vt 0.856317 0.477556
vt 0.978721 0.355693
vt 0.856317 0.477556
vt 0.856317 0.477556
vt 0.665864 0.661635
vt 0.665864 0.661635
vt 0.665864 0.661635
vt 0.061504 0.996315
vt 0.771459 0.168590
vt 0.771459 0.168590
vt 0.932350 0.056236
vt 0.484128 0.888222
vt 0.932350 0.056236
vt 0.730416 0.041310
vt 0.730416 0.041310
vt 0.257486 0.895642
vt 0.375455 0.460652
vt 0.730416 0.041310
vt 0.966983 0.273574
vt 0.375455 0.460652
vt 0.924140 0.139416
vt 0.177773 0.788768
vt 0.580561 0.992449
vt 0.924140 0.139416
vt 0.170633 0.896777
vt 0.170633 0.896777
vt 0.468928 0.875260
vt 0.701030 0.885220
vt 0.468928 0.875260
vt 0.701030 0.885220
vt 0.714436 0.076543
vt 0.768685 0.539497
vt 0.768685 0.539497
vt 0.532039 0.947638
vt 0.061206 0.891475
vt 0.978970 0.571564
vt 0.981827 0.346288
vt 0.838253 0.248348
vt 0.838253 0.248348
vt 0.578872 0.958722
vt 0.724126 0.788948
vt 0.578872 0.958722
vt 0.724126 0.788948
vt 0.953954 0.069869
vt 0.841374 0.693113
vt 0.841374 0.693113
vt 0.841374 0.693113
vt 0.669313 0.685149
vt 0.909546 0.049325
vt 0.669313 0.685149
vt 0.742212 0.185804
vt 0.801724 0.817738
vt 0.583874 0.959283
vt 0.719250 0.787536
vt 0.941965 0.144591
vt 0.578872 0.929270
vt 0.955470 0.040456
vt 0.955470 0.040456
vt 0.742703 0.797965
vt 0.795980 0.958751
vt 0.668577 0.936478
vt 0.028804 0.948001
vt 0.826488 0.812601
vt 0.958351 0.925321
vt 0.028804 0.948001
vt 0.946844 0.443456
vt 0.958351 0.925321
vt 0.826488 0.812601
vt 0.958351 0.925321
vt 0.890388 0.807727
vt 0.958399 0.906064
vt 0.029245 0.928745
vt 0.056536 0.947605
vt 0.890388 0.807727
vt 0.434856 0.183928
vt 0.434856 0.183928
vt 0.979638 0.860566
vt 0.534773 0.948488
vt 0.534773 0.948488
vt 0.207369 0.994567
vt 0.911769 0.320006
vt 0.939427 0.958927
vt 0.911769 0.320006
vt 0.422569 0.574240
vt 0.422569 0.574240
vt 0.422569 0.574240
vt 0.930834 0.298989
vt 0.422569 0.574240
vt 0.909509 0.515637
vt 0.436928 0.640397
vt 0.436928 0.640397
vt 0.807593 0.891684
vt 0.862977 0.195616
vt 0.807593 0.891684
vt 0.807593 0.891684
vt 0.862977 0.195616
vt 0.734805 0.628461
vt 0.734805 0.628461
vt 0.941160 0.191016
vt 0.734805 0.628461
vt 0.734805 0.628461
vt 0.910408 0.317505
vt 0.937943 0.956508
vt 0.374229 0.464477
vt 0.711449 0.381252
vt 0.711449 0.381252
vt 0.915363 0.505785
vt 0.926633 0.945544
vt 0.941719 0.257682
vt 0.926633 0.945544
vt 0.107225 0.888958
vt 0.165206 0.883450
vt 0.165206 0.883450
vt 0.107225 0.888958
vt 0.667192 0.908264
vt 0.795915 0.930514
vt 0.916044 0.813933
vt 0.916044 0.813933
vt 0.916044 0.813933
vt 0.916044 0.813933
vt 0.402773 0.202965
vt 0.402773 0.202965
vt 0.516099 0.705231
vt 0.018133 0.473098
vt 0.770600 0.282745
vt 0.018133 0.473098
vt 0.770600 0.282745
vt 0.667713 0.934498
vt 0.796732 0.956747
vt 0.796732 0.956747
vt 0.667713 0.934498
vt 0.925114 0.125941
vt 0.179494 0.802159
vt 0.906102 0.798053
vt 0.179494 0.802159
vt 0.906102 0.798053
vt 0.925114 0.125941
vt 0.947907 0.833062
vt 0.907252 0.855857
vt 0.919130 0.167509
vt 0.919130 0.167509
vt 0.923990 0.361544
vt 0.931615 0.723131
vt 0.919130 0.167509
vt 0.938113 0.167383
vt 0.476415 0.869668
vt 0.865043 0.451215
vt 0.933834 0.508362
vt 0.865043 0.451215
vt 0.913138 0.813078
vt 0.460049 0.875639
vt 0.913138 0.813078
vt 0.460049 0.875639
vt 0.913138 0.813078
vt 0.460049 0.875639
vt 0.960785 0.898648
vt 0.844197 0.437186
vt 0.933843 0.738821
vt 0.086887 0.849089
vt 0.926274 0.616681
vt 0.926274 0.616681
vt 0.175816 0.960618
vt 0.921086 0.944481
vt 0.934392 0.760060
vt 0.960785 0.919891
vt 0.934392 0.760060
vt 0.960785 0.919891
vt 0.960785 0.919891
vt 0.934050 0.773015
vt 0.960038 0.932834
vt 0.979074 0.967642
vt 0.937581 0.024583
vt 0.937581 0.024583
vt 0.686643 0.951067
vt 0.686643 0.951067
vt 0.686643 0.951067
vt 0.938130 0.034574
vt 0.850546 0.805528
vt 0.686383 0.961053
vt 0.850546 0.805528
vt 0.687183 0.941914
vt 0.938036 0.015425
vt 0.687183 0.941914
vt 0.938036 0.015425
vt 0.938036 0.015425
vt 0.356179 0.465028
vt 0.979258 0.872132
vt 0.356179 0.465028
vt 0.356179 0.465028
vt 0.846673 0.184268
vt 0.686600 0.928235
vt 0.938139 0.001756
vt 0.977488 0.967710
vt 0.981491 0.962510
vt 0.958454 0.932752
vt 0.977488 0.967710
vt 0.934019 0.754661
vt 0.960688 0.914489
vt 0.960688 0.914489
vt 0.684926 0.943547
vt 0.511292 0.935119
vt 0.511292 0.935119
vt 0.511292 0.935119
vt 0.592014 0.957853
vt 0.741277 0.802575
vt 0.741277 0.802575
vt 0.800755 0.958346
vt 0.800755 0.958346
vt 0.243913 0.989504
vt 0.741277 0.802575
vt 0.800755 0.958346
vt 0.967222 0.241673
vt 0.741277 0.802575
vt 0.518162 0.723015
vt 0.401413 0.220798
vt 0.401413 0.220798
vt 0.518162 0.723015
vt 0.598883 0.822092
vt 0.663437 0.939718
vt 0.975825 0.976781
vt 0.982716 0.953394
vt 0.956864 0.782749
vt 0.598883 0.822092
vt 0.927558 0.571422
vt 0.437334 0.192552
vt 0.978136 0.851947
vt 0.437334 0.192552
vt 0.844476 0.446079
vt 0.844476 0.446079
vt 0.960179 0.815526
vt 0.942740 0.738800
vt 0.960179 0.815526
vt 0.958053 0.808021
vt 0.890219 0.816955
vt 0.020018 0.928754
vt 0.958053 0.808021
vt 0.958053 0.808021
vt 0.928739 0.146667
vt 0.430576 0.958819
vt 0.728367 0.799947
vt 0.928739 0.146667
vt 0.960657 0.848377
vt 0.728367 0.799947
vt 0.956571 0.104036
vt 0.928739 0.146667
vt 0.795274 0.847961
vt 0.795274 0.847961
vt 0.852837 0.906736
vt 0.968416 0.302217
vt 0.673424 0.948210
vt 0.852837 0.906736
vt 0.705981 0.886044
vt 0.705981 0.886044
vt 0.705981 0.886044
vt 0.807047 0.421965
vt 0.680860 0.948981
vt 0.080101 0.958983
vt 0.680860 0.948981
vt 0.872728 0.829032
vt 0.872728 0.829032
vt 0.982948 0.926483
vt 0.680860 0.948981
vt 0.895660 0.860244
vt 0.934401 0.354820
vt 0.607654 0.871188
vt 0.482762 0.875491
vt 0.482762 0.875491
vt 0.482762 0.875491
vt 0.482762 0.875491
vt 0.934450 0.068901
vt 0.923704 0.126431
vt 0.923704 0.126431
vt 0.523597 0.968500
vt 0.932861 0.512973
vt 0.217552 0.877902
vt 0.918139 0.617478
vt 0.918139 0.617478
vt 0.929373 0.172138
vt 0.604313 0.901965
vt 0.918139 0.617478
vt 0.940014 0.018806
vt 0.267111 0.882543
vt 0.267111 0.882543
vt 0.822050 0.991763
vt 0.940014 0.018806
vt 0.960124 0.780633
vt 0.942740 0.773706
vt 0.960124 0.780633
vt 0.979074 0.976339
vt 0.942740 0.773706
vt 0.723554 0.793803
vt 0.949289 0.069931
vt 0.949289 0.069931
vt 0.662543 0.989504
vt 0.723554 0.793803
vt 0.950738 0.773706
vt 0.800755 0.929557
vt 0.586980 0.929508
vt 0.946757 0.117537
vt 0.959194 0.279810
vt 0.847640 0.809942
vt 0.847640 0.809942
vt 0.850070 0.813477
vt 0.946083 0.035721
vt 0.944407 0.107720
vt 0.946083 0.035721
vt 0.944407 0.107720
vt 0.662543 0.994470
vt 0.945846 0.773241
vt 0.946877 0.144278
vt 0.718709 0.792686
vt 0.718709 0.792686
vt 0.946877 0.144278
vt 0.773018 0.182703
vt 0.773018 0.182703
vt 0.924842 0.166532
vt 0.786043 0.843411
vt 0.924842 0.166532
vt 0.798289 0.930541
vt 0.798289 0.930541
vt 0.405072 0.728912
vt 0.405072 0.728912
vt 0.949950 0.439350
vt 0.958575 0.044725
vt 0.405072 0.728912
vt 0.405072 0.728912
vt 0.742140 0.480297
vt 0.030293 0.464879
vt 0.030293 0.464879
vt 0.030293 0.464879
vt 0.030293 0.464879
vt 0.940236 0.016277
vt 0.492900 0.989504
vt 0.940236 0.016277
vt 0.057292 0.979454
vt 0.823188 0.989504
vt 0.979862 0.804651
vt 0.574918 0.491331
vt 0.221059 0.804705
vt 0.580122 0.832898
vt 0.393524 0.935938
vt 0.580122 0.832898
vt 0.725788 0.992620
vt 0.944153 0.091805
vt 0.267111 0.876506
vt 0.944153 0.091805
vt 0.944153 0.091805
vt 0.946031 0.019796
vt 0.944153 0.091805
vt 0.946031 0.019796
vt 0.942233 0.760041
vt 0.960641 0.794280
vt 0.942233 0.760041
vt 0.957989 0.305160
vt 0.945206 0.142866
vt 0.920486 0.618067
vt 0.920486 0.618067
vt 0.920486 0.618067
vt 0.949379 0.745569
vt 0.951243 0.041843
vt 0.949379 0.745569
vt 0.502677 0.946833
vt 0.946371 0.100942
vt 0.394634 0.934557
vt 0.578872 0.831558
vt 0.946371 0.100942
vt 0.502677 0.946833
vt 0.750707 0.835544
vt 0.480866 0.192280
vt 0.750707 0.835544
vt 0.847841 0.446527
vt 0.948162 0.939038
vt 0.956864 0.814016
vt 0.847841 0.446527
vt 0.436512 0.195469
vt 0.979638 0.849043
vt 0.436512 0.195469
vt 0.436512 0.195469
vt 0.436512 0.195469
vt 0.244455 0.970015
vt 0.834172 0.812855
vt 0.834172 0.812855
vt 0.463155 0.985659
vt 0.641631 0.702647
vt 0.955439 0.618876
vt 0.653530 0.664270
vt 0.860938 0.448973
vt 0.653530 0.664270
vt 0.653530 0.664270
vt 0.860938 0.448973
vt 0.320721 0.469316
vt 0.320721 0.469316
vt 0.320721 0.469316
vt 0.574917 0.411204
vt 0.574918 0.517570
vt 0.112094 0.794537
vt 0.407850 0.934557
vt 0.849953 0.192475
vt 0.849953 0.192475
vt 0.947625 0.074875
vt 0.502677 0.920759
vt 0.947625 0.074875
vt 0.962000 0.640763
vt 0.946083 0.001553
vt 0.944590 0.073568
vt 0.946083 0.001553
vt 0.846886 0.192208
vt 0.837991 0.638351
vt 0.837991 0.638351
vt 0.837991 0.638351
vt 0.265283 0.882082
vt 0.491893 0.990974
vt 0.824059 0.991763
vt 0.265283 0.882082
vt 0.883827 0.548101
vt 0.877499 0.696933
vt 0.883827 0.548101
vt 0.984655 0.277729
vt 0.877499 0.696933
vt 0.877499 0.696933
vt 0.883827 0.548101
vt 0.264869 0.879663
vt 0.264869 0.879663
vt 0.264869 0.879663
vt 0.264869 0.879663
vt 0.725788 0.989504
vt 0.322049 0.469314
vt 0.575662 0.516147
vt 0.322049 0.469314
vt 0.960153 0.799828
vt 0.960153 0.799828
vt 0.960153 0.799828
vt 0.942645 0.754502
vt 0.960153 0.799828
vt 0.957988 0.787809
vt 0.020018 0.948973
vt 0.826677 0.803813
vt 0.957988 0.787809
vt 0.957988 0.787809
vt 0.674133 0.942769
vt 0.795574 0.842570
vt 0.919537 0.458846
vt 0.983663 0.932779
vt 0.592014 0.929270
vt 0.916534 0.917983
vt 0.968650 0.213543
vt 0.954396 0.640763
vt 0.037589 0.475782
vt 0.037589 0.475782
vt 0.981667 0.528355
vt 0.749330 0.811513
vt 0.759927 0.833249
vt 0.749330 0.811513
vt 0.388739 0.935004
vt 0.846848 0.813448
vt 0.947625 0.106838
vt 0.388739 0.935004
vt 0.388739 0.935004
vt 0.943766 0.086259
vt 0.943766 0.086259
vt 0.945982 0.014245
vt 0.985819 0.093914
vt 0.982607 0.799615
vt 0.661806 0.991789
vt 0.948610 0.772910
vt 0.948610 0.772910
vt 0.745240 0.804747
vt 0.957671 0.668053
vt 0.916793 0.945458
vt 0.957671 0.668053
vt 0.243913 0.995151
vt 0.746103 0.805510
vt 0.746103 0.805510
vt 0.958894 0.668858
vt 0.858419 0.074458
vt 0.858419 0.074458
vt 0.986254 0.706684
vt 0.858419 0.074458
vt 0.910297 0.402770
vt 0.910297 0.402770
vt 0.305834 0.810852
vt 0.375406 0.809982
vt 0.375406 0.809982
vt 0.305834 0.810852
vt 0.375406 0.809982
vt 0.375406 0.809982
vt 0.743642 0.624959
vt 0.913320 0.949451
vt 0.743642 0.624959
vt 0.743642 0.624959
vt 0.889035 0.817264
vt 0.942810 0.938646
vt 0.956878 0.808652
vt 0.889035 0.817264
vt 0.889035 0.817264
vt 0.275498 0.811089
vt 0.275498 0.811089
vt 0.980594 0.821704
vt 0.891355 0.573667
vt 0.478180 0.875641
vt 0.478180 0.875641
vt 0.865279 0.457149
vt 0.729594 0.358905
vt 0.593640 0.836736
vt 0.729594 0.358905
vt 0.729594 0.358905
vt 0.300731 0.808841
vt 0.300731 0.808841
vt 0.961962 0.278726
vt 0.946548 0.745284
vt 0.948992 0.116397
vt 0.382251 0.810208
vt 0.382251 0.810208
vt 0.382251 0.810208
vt 0.668341 0.939584
vt 0.956867 0.787646
vt 0.825575 0.803367
vt 0.825575 0.803367
vt 0.710941 0.795109
vt 0.710941 0.795109
vt 0.919027 0.568314
vt 0.314177 0.461120
vt 0.113127 0.990203
vt 0.838499 0.056818
vt 0.838499 0.056818
vt 0.940377 0.087112
vt 0.859819 0.548014
vt 0.859819 0.548014
vt 0.006283 0.832634
vt 0.006283 0.832634
vt 0.874722 0.546567
vt 0.669253 0.700553
vt 0.909276 0.064308
vt 0.669253 0.700553
vt 0.861953 0.704648
vt 0.861953 0.704648
vt 0.861953 0.704648
vt 0.870277 0.922820
vt 0.915505 0.405049
vt 0.898229 0.002636
vt 0.915505 0.405049
vt 0.986254 0.713282
vt 0.389133 0.981317
vt 0.898229 0.002636
vt 0.884352 0.695283
vt 0.984655 0.284736
vt 0.884352 0.695283
vt 0.797589 0.423136
vt 0.797589 0.423136
vt 0.922154 0.814224
vt 0.959158 0.601165
vt 0.797589 0.423136
vt 0.922154 0.814224
vt 0.282663 0.808225
vt 0.867131 0.707839
vt 0.980594 0.813960
vt 0.795743 0.421914
vt 0.919555 0.813006
vt 0.919555 0.813006
vt 0.954396 0.669409
vt 0.968650 0.241961
vt 0.245227 0.990757
vt 0.111539 0.989504
vt 0.942085 0.088338
vt 0.984043 0.092428
vt 0.942085 0.088338
vt 0.942085 0.088338
vt 0.437272 0.658461
vt 0.909777 0.533303
vt 0.437272 0.658461
vt 0.928219 0.116918
vt 0.960657 0.818632
vt 0.007870 0.827297
vt 0.863015 0.073130
vt 0.863015 0.073130
vt 0.863015 0.073130
vt 0.863015 0.073130
vt 0.271639 0.811276
vt 0.360354 0.804591
vt 0.360354 0.804591
vt 0.354763 0.803982
vt 0.354763 0.803982
vt 0.878992 0.547531
vt 0.878992 0.547531
vt 0.878992 0.547531
vt 0.878992 0.547531
vt 0.878992 0.547531
vt 0.240807 0.992220
vt 0.930034 0.948240
vt 0.930034 0.948240
vt 0.930034 0.948240
vt 0.930034 0.948240
vt 0.822306 0.763806
vt 0.274552 0.910442
vt 0.822306 0.763806
vt 0.274552 0.910442
vt 0.822306 0.763806
vt 0.075961 0.818103
vt 0.075961 0.818103
vt 0.075961 0.818103
vt 0.318236 0.989504
vt 0.075961 0.818103
vt 0.727458 0.991277
vt 0.265341 0.877476
vt 0.942347 0.089863
vt 0.942347 0.089863
vt 0.946080 0.829411
vt 0.946080 0.829411
vt 0.732166 0.803965
vt 0.425604 0.957341
vt 0.732166 0.803965
vt 0.956863 0.819391
vt 0.954078 0.075184
vt 0.893466 0.001553
vt 0.856189 0.073371
vt 0.893466 0.001553
vt 0.984791 0.708379
vt 0.021344 0.821819
vt 0.888102 0.697566
vt 0.888102 0.697566
vt 0.837397 0.844721
vt 0.837397 0.844721
vt 0.837397 0.844721
vt 0.922645 0.455530
vt 0.979109 0.750957
vt 0.876696 0.069685
vt 0.876696 0.069685
vt 0.876696 0.069685
vt 0.876696 0.069685
vt 0.876696 0.069685
vt 0.855282 0.548926
vt 0.385076 0.809873
vt 0.855282 0.548926
vt 0.574912 0.633054
vt 0.932590 0.944443
vt 0.932590 0.944443
vt 0.067286 0.818188
vt 0.391753 0.976784
vt 0.903186 0.001755
vt 0.903186 0.001755
vt 0.570353 0.993484
vt 0.078687 0.943403
vt 0.927873 0.340595
vt 0.024589 0.989987
vt 0.927873 0.340595
vt 0.890843 0.508298
vt 0.969782 0.395455
vt 0.354165 0.465883
vt 0.980238 0.874155
vt 0.313837 0.815108
vt 0.313837 0.815108
vt 0.347493 0.807806
vt 0.313837 0.815108
vt 0.317223 0.813918
vt 0.317223 0.813918
vt 0.317223 0.813918
vt 0.317223 0.813918
vt 0.510641 0.199469
vt 0.510641 0.199469
vt 0.510641 0.199469
vt 0.713198 0.806256
vt 0.919025 0.559180
vt 0.946769 0.341030
vt 0.713198 0.806256
vt 0.919025 0.559180
vt 0.947084 0.366489
vt 0.947084 0.366489
vt 0.759870 0.821382
vt 0.735726 0.818276
vt 0.321052 0.819715
vt 0.856870 0.705804
vt 0.321052 0.819715
vt 0.282091 0.810667
vt 0.282091 0.810667
vt 0.869927 0.705503
vt 0.982936 0.815540
vt 0.870277 0.931996
vt 0.339608 0.815649
vt 0.339608 0.815649
vt 0.339608 0.815649
vt 0.339608 0.815649
vt 0.339608 0.815649
vt 0.711051 0.416762
vt 0.915563 0.540352
vt 0.711051 0.416762
vt 0.296257 0.812213
vt 0.942510 0.507723
vt 0.068865 0.817985
vt 0.068865 0.817985
vt 0.571788 0.993609
vt 0.879739 0.697725
vt 0.879739 0.697725
vt 0.982721 0.280405
vt 0.879739 0.697725
vt 0.879739 0.697725
vt 0.918655 0.126163
vt 0.175498 0.883048
vt 0.175498 0.883048
vt 0.175498 0.883048
vt 0.284688 0.810759
vt 0.868124 0.705353
vt 0.871674 0.929132
vt 0.868124 0.705353
vt 0.880660 0.070647
vt 0.880660 0.070647
vt 0.880660 0.070647
vt 0.752753 0.182130
vt 0.812180 0.799258
vt 0.812180 0.799258
vt 0.757306 0.964425
vt 0.797585 0.838767
vt 0.757306 0.964425
vt 0.797585 0.838767
vt 0.797585 0.838767
vt 0.917069 0.337205
vt 0.917069 0.337205
vt 0.947984 0.802075
vt 0.430576 0.930410
vt 0.952890 0.076256
vt 0.612369 0.816696
vt 0.612369 0.816696
vt 0.612369 0.816696
vt 0.746669 0.184354
vt 0.930817 0.118539
vt 0.930817 0.118539
vt 0.872070 0.068946
vt 0.293400 0.814995
vt 0.293400 0.814995
vt 0.872070 0.068946
vt 0.293400 0.814995
vt 0.125513 0.788582
vt 0.734694 0.338303
vt 0.125513 0.788582
vt 0.083441 0.992472
vt 0.281370 0.886214
vt 0.800788 0.978095
vt 0.844562 0.487722
vt 0.800788 0.978095
vt 0.343132 0.815194
vt 0.343132 0.815194
vt 0.079907 0.822171
vt 0.079907 0.822171
vt 0.956285 0.404903
vt 0.729950 0.809891
vt 0.939747 0.829956
vt 0.956285 0.404903
vt 0.029766 0.825167
vt 0.029766 0.825167
vt 0.029766 0.825167
vt 0.867512 0.069480
vt 0.329363 0.815658
vt 0.867512 0.069480
vt 0.857611 0.553994
vt 0.857611 0.553994
vt 0.857611 0.553994
vt 0.884390 0.553940
vt 0.884390 0.553940
vt 0.884390 0.553940
vt 0.856014 0.068069
vt 0.856014 0.068069
vt 0.856014 0.068069
vt 0.856014 0.068069
vt 0.890578 0.006796
vt 0.391138 0.253598
vt 0.562387 0.774612
vt 0.391138 0.253598
vt 0.562387 0.774612
vt 0.391138 0.253598
vt 0.865884 0.698725
vt 0.865884 0.698725
vt 0.865884 0.698725
vt 0.865884 0.698725
vt 0.005698 0.825295
vt 0.005698 0.825295
vt 0.005698 0.825295
vt 0.669436 0.732406
vt 0.669436 0.732406
vt 0.909508 0.095353
vt 0.669436 0.732406
vt 0.669436 0.732406
vt 0.925064 0.620041
vt 0.925064 0.620041
vt 0.925064 0.620041
vt 0.379306 0.813909
vt 0.379306 0.813909
vt 0.379306 0.813909
vt 0.016576 0.823714
vt 0.016576 0.823714
vt 0.034484 0.828301
vt 0.016576 0.823714
vt 0.945515 0.799904
vt 0.945515 0.799904
vt 0.928367 0.565920
vt 0.439136 0.198087
vt 0.875091 0.556255
vt 0.875091 0.556255
vt 0.048424 0.474532
vt 0.981667 0.539071
vt 0.048424 0.474532
vt 0.048424 0.474532
vt 0.048424 0.474532
vt 0.048424 0.474532
vt 0.865987 0.552510
vt 0.886458 0.069666
vt 0.865987 0.552510
vt 0.886458 0.069666
vt 0.023472 0.825949
vt 0.023472 0.825949
vt 0.023472 0.825949
vt 0.023472 0.825949
vt 0.860331 0.068021
vt 0.860331 0.068021
vt 0.937507 0.372127
vt 0.475977 0.202914
vt 0.750289 0.824877
vt 0.937507 0.372127
vt 0.335553 0.814641
vt 0.335553 0.814641
vt 0.335553 0.814641
vt 0.335553 0.814641
vt 0.877303 0.701878
vt 0.886986 0.552961
vt 0.877303 0.701878
vt 0.877303 0.701878
vt 0.013415 0.826003
vt 0.013415 0.826003
vt 0.002785 0.824941
vt 0.872674 0.554354
vt 0.179494 0.821742
vt 0.179494 0.821742
vt 0.947295 0.852582
vt 0.964799 0.980313
vt 0.947295 0.852582
vt 0.901888 0.007880
vt 0.901888 0.007880
vt 0.350589 0.810028
vt 0.308940 0.813003
vt 0.350589 0.810028
vt 0.886246 0.700956
vt 0.886246 0.700956
vt 0.886246 0.700956
vt 0.385622 0.815257
vt 0.852536 0.554301
vt 0.385622 0.815257
vt 0.385622 0.815257
vt 0.852536 0.554301
vt 0.983060 0.351830
vt 0.832728 0.248339
vt 0.832728 0.248339
vt 0.437036 0.678499
vt 0.437036 0.678499
vt 0.909880 0.552759
vt 0.304279 0.814773
vt 0.371325 0.813857
vt 0.710941 0.432978
vt 0.915624 0.556121
vt 0.710941 0.432978
vt 0.710941 0.432978
vt 0.896822 0.006073
vt 0.896822 0.006073
vt 0.896822 0.006073
vt 0.275272 0.816771
vt 0.275272 0.816771
vt 0.890843 0.579782
vt 0.868388 0.450133
vt 0.868388 0.450133
vt 0.477867 0.868625
vt 0.868388 0.450133
vt 0.098763 0.853568
vt 0.483403 0.870883
vt 0.483403 0.870883
vt 0.864044 0.558809
vt 0.864044 0.558809
vt 0.864044 0.558809
vt 0.864044 0.558809
vt 0.239408 0.994999
vt 0.894300 0.801323
vt 0.933034 0.947861
vt 0.934475 0.001553
vt 0.963200 0.515343
vt 0.575738 0.636815
vt 0.168167 0.806814
vt 0.934475 0.001553
vt 0.339953 0.464221
vt 0.339953 0.464221
vt 0.339953 0.464221
vt 0.934136 0.115261
vt 0.934136 0.115261
vt 0.934136 0.115261
vt 0.891288 0.702435
vt 0.021562 0.826716
vt 0.021562 0.826716
vt 0.930509 0.492016
vt 0.934727 0.151105
vt 0.930509 0.492016
vt 0.930509 0.492016
vt 0.934727 0.151105
vt 0.934727 0.151105
vt 0.882098 0.556374
vt 0.882098 0.556374
vt 0.882098 0.556374
vt 0.882098 0.556374
vt 0.782290 0.850908
vt 0.925188 0.174061
vt 0.925188 0.174061
vt 0.782290 0.850908
vt 0.943469 0.804265
vt 0.357337 0.810610
vt 0.357337 0.810610
vt 0.357337 0.810610
vt 0.357337 0.810610
vt 0.844849 0.833576
vt 0.390460 0.955159
vt 0.976713 0.801438
vt 0.844849 0.833576
vt 0.857640 0.699425
vt 0.857640 0.699425
vt 0.857640 0.699425
vt 0.325134 0.813297
vt 0.280806 0.819286
vt 0.280806 0.819286
vt 0.280806 0.819286
vt 0.890843 0.505192
vt 0.120955 0.968526
vt 0.329914 0.994348
vt 0.884205 0.852752
vt 0.884205 0.852752
vt 0.298161 0.968329
vt 0.286518 0.816717
vt 0.869157 0.699440
vt 0.869157 0.699440
vt 0.735284 0.625423
vt 0.805384 0.792992
vt 0.915055 0.957428
vt 0.915055 0.957428
vt 0.972623 0.422491
vt 0.860702 0.696287
vt 0.860702 0.696287
vt 0.860702 0.696287
vt 0.270216 0.819593
vt 0.362543 0.812901
vt 0.355855 0.994186
vt 0.598796 0.922491
vt 0.611841 0.992246
vt 0.736937 0.407374
vt 0.329869 0.813136
vt 0.329869 0.813136
vt 0.329869 0.813136
vt 0.868965 0.066919
vt 0.729560 0.806720
vt 0.942503 0.828818
vt 0.942503 0.828818
vt 0.942503 0.828818
vt 0.942503 0.828818
vt 0.934083 0.145580
vt 0.934083 0.145580
vt 0.934083 0.145580
vt 0.310758 0.811625
vt 0.348315 0.811341
vt 0.310758 0.811625
vt 0.348315 0.811341
vt 0.381701 0.819649
vt 0.381701 0.819649
vt 0.381701 0.819649
vt 0.938859 0.146890
vt 0.724304 0.809219
vt 0.724304 0.809219
vt 0.938859 0.146890
vt 0.950847 0.405049
vt 0.812155 0.896927
vt 0.925464 0.313485
vt 0.925464 0.313485
vt 0.070510 0.472684
vt 0.848702 0.466997
vt 0.848702 0.466997
vt 0.948030 0.959522
vt 0.978583 0.296936
vt 0.977508 0.022803
vt 0.152676 0.989504
vt 0.881730 0.704974
vt 0.881730 0.704974
vt 0.881730 0.704974
vt 0.881730 0.704974
vt 0.881730 0.704974
vt 0.808075 0.425207
vt 0.707034 0.882860
vt 0.808075 0.425207
vt 0.319684 0.812690
vt 0.319684 0.812690
vt 0.319684 0.812690
vt 0.066165 0.829044
vt 0.066165 0.829044
vt 0.906142 0.012690
vt 0.065940 0.823391
vt 0.904900 0.007023
vt 0.904900 0.007023
vt 0.853775 0.558455
vt 0.853775 0.558455
vt 0.921177 0.819163
vt 0.793197 0.428043
vt 0.793197 0.428043
vt 0.921177 0.819163
vt 0.010843 0.823229
vt 0.010843 0.823229
vt 0.928346 0.563233
vt 0.441000 0.200793
vt 0.928346 0.563233
vt 0.441000 0.200793
vt 0.928346 0.563233
vt 0.870537 0.829512
vt 0.925019 0.466108
vt 0.985234 0.926483
vt 0.925019 0.466108
vt 0.918792 0.466574
vt 0.798738 0.850335
vt 0.798738 0.850335
vt 0.798738 0.850335
vt 0.918792 0.466574
vt 0.918792 0.466574
vt 0.885041 0.063928
vt 0.885041 0.063928
vt 0.868519 0.558188
vt 0.885041 0.063928
vt 0.885041 0.063928
vt 0.880649 0.065632
vt 0.880649 0.065632
vt 0.880649 0.065632
vt 0.275983 0.820799
vt 0.275983 0.820799
vt 0.275983 0.820799
vt 0.891355 0.583838
vt 0.275983 0.820799
vt 0.888022 0.706928
vt 0.888022 0.706928
vt 0.858899 0.558803
vt 0.858899 0.558803
vt 0.858899 0.558803
vt 0.963498 0.548284
vt 0.111577 0.764806
vt 0.323283 0.989504
vt 0.407850 0.964717
vt 0.963498 0.548284
vt 0.963498 0.548284
vt 0.813962 0.788450
vt 0.455495 0.871359
vt 0.915078 0.817448
vt 0.455495 0.871359
vt 0.915078 0.817448
vt 0.950868 0.635775
vt 0.909803 0.804329
vt 0.924917 0.119656
vt 0.924917 0.119656
vt 0.221728 0.882186
vt 0.920245 0.621741
vt 0.920245 0.621741
vt 0.221728 0.882186
vt 0.864172 0.062062
vt 0.864172 0.062062
vt 0.296897 0.820711
vt 0.296897 0.820711
vt 0.296897 0.820711
vt 0.296897 0.820711
vt 0.296897 0.820711
vt 0.296897 0.820711
vt 0.786755 0.989504
vt 0.849560 0.921668
vt 0.718814 0.985951
vt 0.849560 0.921668
vt 0.776627 0.989504
vt 0.849560 0.921668
vt 0.073391 0.826203
vt 0.073391 0.826203
vt 0.783099 0.319440
vt 0.783099 0.319440
vt 0.531705 0.754351
vt 0.325090 0.804115
vt 0.940079 0.846231
vt 0.856617 0.690232
vt 0.325090 0.804115
vt 0.856617 0.690232
vt 0.325090 0.804115
vt 0.897143 0.010913
vt 0.897143 0.010913
vt 0.897143 0.010913
vt 0.897143 0.010913
vt 0.718814 0.980288
vt 0.786215 0.865152
vt 0.786215 0.865152
vt 0.844652 0.924359
vt 0.264686 0.977559
vt 0.925872 0.188252
vt 0.967589 0.395312
vt 0.730782 0.429485
vt 0.967589 0.395312
vt 0.022384 0.989504
vt 0.645218 0.989504
vt 0.730782 0.429485
vt 0.730782 0.429485
vt 0.730782 0.429485
vt 0.093074 0.989504
vt 0.959985 0.618147
vt 0.799133 0.440098
vt 0.799133 0.440098
vt 0.799133 0.440098
vt 0.959985 0.618147
vt 0.093074 0.989504
vt 0.743030 0.362184
vt 0.593286 0.850565
vt 0.743030 0.362184
vt 0.593286 0.850565
vt 0.743030 0.362184
vt 0.593286 0.850565
vt 0.743030 0.362184
vt 0.581742 0.857356
vt 0.975541 0.217683
vt 0.015476 0.954999
vt 0.757145 0.981304
vt 0.015476 0.954999
vt 0.222068 0.829153
vt 0.574918 0.466819
vt 0.975541 0.217683
vt 0.581742 0.857356
vt 0.057805 0.469810
vt 0.351215 0.814724
vt 0.351215 0.814724
vt 0.239408 0.989504
vt 0.927596 0.950697
vt 0.103677 0.883907
vt 0.929073 0.004454
vt 0.385634 0.820334
vt 0.385634 0.820334
vt 0.851566 0.559375
vt 0.851566 0.559375
vt 0.954723 0.375895
vt 0.939747 0.800906
vt 0.939747 0.800906
vt 0.954723 0.375895
vt 0.375381 0.822847
vt 0.375381 0.822847
vt 0.938221 0.145856
vt 0.938221 0.145856
vt 0.951408 0.404013
vt 0.951408 0.404013
vt 0.938221 0.145856
vt 0.938859 0.117637
vt 0.950847 0.375795
vt 0.850854 0.213367
vt 0.951268 0.972532
vt 0.966067 0.661275
vt 0.057753 0.989504
vt 0.431543 0.989504
vt 0.549828 0.990215
vt 0.850854 0.213367
vt 0.029752 0.829829
vt 0.029752 0.829829
vt 0.029752 0.829829
vt 0.940166 0.828103
vt 0.955331 0.403058
vt 0.940166 0.828103
vt 0.955331 0.403058
vt 0.731507 0.624636
vt 0.913843 0.961408
vt 0.731507 0.624636
vt 0.913843 0.961408
vt 0.080155 0.828424
vt 0.344388 0.808942
vt 0.080155 0.828424
vt 0.344388 0.808942
vt 0.075413 0.833888
vt 0.075413 0.833888
vt 0.075413 0.833888
vt 0.618340 0.787337
vt 0.757744 0.489823
vt 0.915549 0.139174
vt 0.939876 0.277730
vt 0.757744 0.489823
vt 0.939876 0.277730
vt 0.093074 0.992696
vt 0.170647 0.995721
vt 0.802313 0.440172
vt 0.870305 0.695607
vt 0.286387 0.820592
vt 0.870305 0.695607
vt 0.870305 0.695607
vt 0.870305 0.695607
vt 0.723822 0.057942
vt 0.723822 0.057942
vt 0.529469 0.992415
vt 0.907239 0.993041
vt 0.668341 0.960687
vt 0.721925 0.953356
vt 0.612744 0.971864
vt 0.826677 0.782288
vt 0.263424 0.889734
vt 0.263424 0.889734
vt 0.849748 0.637597
vt 0.849748 0.637597
vt 0.026154 0.830637
vt 0.026154 0.830637
vt 0.638677 0.669164
vt 0.638677 0.669164
vt 0.539686 0.952770
vt 0.638677 0.669164
vt 0.090578 0.993871
vt 0.011008 0.809447
vt 0.011008 0.809447
vt 0.875987 0.709448
vt 0.887184 0.560525
vt 0.887184 0.560525
vt 0.887184 0.560525
vt 0.875987 0.709448
vt 0.887184 0.560525
vt 0.860900 0.060249
vt 0.860900 0.060249
vt 0.304565 0.823300
vt 0.370043 0.822368
vt 0.304565 0.823300
vt 0.370043 0.822368
vt 0.304565 0.823300
vt 0.338886 0.796401
vt 0.338886 0.796401
vt 0.050585 0.973553
vt 0.338886 0.796401
vt 0.338886 0.796401
vt 0.776918 0.992274
vt 0.982950 0.331606
vt 0.338886 0.796401
vt 0.785607 0.991981
vt 0.273362 0.822328
vt 0.273362 0.822328
vt 0.941219 0.151105
vt 0.167657 0.864606
vt 0.181424 0.992913
vt 0.941219 0.151105
vt 0.167657 0.864606
vt 0.002239 0.973697
vt 0.877438 0.049908
vt 0.089273 0.870508
vt 0.385978 0.977711
vt 0.795980 0.992721
vt 0.877438 0.049908
vt 0.877438 0.049908
vt 0.002239 0.973697
vt 0.877438 0.049908
vt 0.903378 0.014210
vt 0.903378 0.014210
vt 0.903378 0.014210
vt 0.903378 0.014210
vt 0.083368 0.856129
vt 0.925942 0.623719
vt 0.925942 0.623719
vt 0.925942 0.623719
vt 0.177432 0.876242
vt 0.919036 0.119790
vt 0.357686 0.818922
vt 0.357686 0.818922
vt 0.909905 0.861710
vt 0.919368 0.173264
vt 0.909905 0.861710
vt 0.909905 0.861710
vt 0.919368 0.173264
vt 0.291883 0.820366
vt 0.872089 0.063527
vt 0.471551 0.870927
vt 0.701421 0.880898
vt 0.471551 0.870927
vt 0.047049 0.972619
vt 0.335557 0.797880
vt 0.261602 0.981073
vt 0.335557 0.797880
vt 0.716868 0.985116
vt 0.151484 0.994600
vt 0.942810 0.959659
vt 0.741896 0.992471
vt 0.887784 0.838252
vt 0.890843 0.490544
vt 0.890673 0.708066
vt 0.019681 0.832294
vt 0.019681 0.832294
vt 0.890673 0.708066
vt 0.540461 0.783873
vt 0.540461 0.783873
vt 0.540461 0.783873
vt 0.540461 0.783873
vt 0.864134 0.693565
vt 0.864134 0.693565
vt 0.007087 0.809076
vt 0.962189 0.618412
vt 0.090887 0.989913
vt 0.962189 0.618412
vt 0.007087 0.809076
vt 0.007087 0.809076
vt 0.962189 0.618412
vt 0.007087 0.809076
vt 0.090887 0.989913
vt 0.336451 0.798961
vt 0.336451 0.798961
vt 0.716938 0.986093
vt 0.784766 0.989504
vt 0.336451 0.798961
vt 0.707246 0.879500
vt 0.809747 0.428580
vt 0.707246 0.879500
vt 0.809747 0.428580
vt 0.809747 0.428580
vt 0.021659 0.449574
vt 0.772068 0.306547
vt 0.021659 0.449574
vt 0.772068 0.306547
vt 0.021659 0.449574
vt 0.772068 0.306547
vt 0.772068 0.306547
vt 0.021659 0.449574
vt 0.314527 0.795266
vt 0.966771 0.533988
vt 0.967285 0.985144
vt 0.314527 0.795266
vt 0.967285 0.985144
vt 0.795980 0.989504
vt 0.879353 0.053078
vt 0.209839 0.967733
vt 0.879353 0.053078
vt 0.944805 0.990621
vt 0.717407 0.812021
vt 0.717407 0.812021
vt 0.946846 0.347202
vt 0.946846 0.347202
vt 0.717407 0.812021
vt 0.867706 0.053495
vt 0.328240 0.799688
vt 0.867706 0.053495
vt 0.461243 0.855971
vt 0.953424 0.620033
vt 0.461243 0.855971
vt 0.465304 0.984293
vt 0.953424 0.620033
vt 0.891706 0.013545
vt 0.853191 0.061495
vt 0.853191 0.061495
vt 0.891706 0.013545
vt 0.853191 0.061495
vt 0.985662 0.104911
vt 0.928283 0.559575
vt 0.937507 0.340595
vt 0.668734 0.777680
vt 0.909591 0.139261
vt 0.668734 0.777680
vt 0.933939 0.278240
vt 0.094055 0.870277
vt 0.212977 0.970750
vt 0.094055 0.870277
vt 0.212977 0.970750
vt 0.964792 0.091799
vt 0.974398 0.354727
vt 0.538697 0.964734
vt 0.860670 0.476522
vt 0.626727 0.670591
vt 0.782966 0.509703
vt 0.782966 0.509703
vt 0.468015 0.856153
vt 0.468015 0.856153
vt 0.430576 0.973433
vt 0.468015 0.856153
vt 0.430576 0.973433
vt 0.318699 0.798053
vt 0.967285 0.980986
vt 0.318699 0.798053
vt 0.944719 0.851942
vt 0.967285 0.980986
vt 0.308940 0.762204
vt 0.348277 0.860789
vt 0.308940 0.762204
vt 0.348277 0.860789
vt 0.348277 0.860789
vt 0.484852 0.821970
vt 0.099800 0.902488
vt 0.290457 0.976976
vt 0.484852 0.821970
vt 0.099800 0.902488
vt 0.088887 0.866725
vt 0.006408 0.976519
vt 0.006408 0.976519
vt 0.088887 0.866725
vt 0.088887 0.866725
vt 0.088887 0.866725
vt 0.426796 0.973335
vt 0.463885 0.857508
vt 0.426796 0.973335
vt 0.463885 0.857508
vt 0.754657 0.368804
vt 0.832643 0.844435
vt 0.832643 0.844435
vt 0.921966 0.450772
vt 0.754657 0.368804
vt 0.921966 0.450772
vt 0.941501 0.163678
vt 0.168356 0.852013
vt 0.168356 0.852013
vt 0.941501 0.163678
vt 0.935103 0.703037
vt 0.024552 0.993704
vt 0.024552 0.993704
vt 0.924222 0.341292
vt 0.935103 0.703037
vt 0.024552 0.993704
vt 0.924222 0.341292
vt 0.935103 0.703037
vt 0.909651 0.598029
vt 0.436135 0.725205
vt 0.949950 0.408155
vt 0.938458 0.366026
vt 0.938458 0.366026
vt 0.598281 0.801032
vt 0.612803 0.976980
vt 0.682291 0.992678
vt 0.598281 0.801032
vt 0.612803 0.976980
vt 0.682291 0.992678
vt 0.663226 0.960782
vt 0.711246 0.476256
vt 0.915686 0.598059
vt 0.955960 0.408711
vt 0.910599 0.328090
vt 0.938073 0.201295
vt 0.910599 0.328090
vt 0.778378 0.989504
vt 0.851088 0.922399
vt 0.979735 0.331606
vt 0.446362 0.207101
vt 0.929009 0.556994
vt 0.196918 0.941137
vt 0.984372 0.107872
vt 0.871625 0.606462
vt 0.001553 0.772845
vt 0.001553 0.772845
vt 0.871625 0.606462
vt 0.871625 0.606462
vt 0.905686 0.878013
vt 0.905686 0.878013
vt 0.931615 0.700907
vt 0.931615 0.700907
vt 0.881875 0.568071
vt 0.881875 0.568071
vt 0.881875 0.568071
vt 0.881875 0.568071
vt 0.881875 0.568071
vt 0.881875 0.568071
vt 0.269953 0.909729
vt 0.390331 0.863205
vt 0.390331 0.863205
vt 0.826019 0.763293
vt 0.123924 0.774196
vt 0.748755 0.341704
vt 0.515837 0.788277
vt 0.515658 0.227961
vt 0.515658 0.227961
vt 0.515658 0.227961
vt 0.515837 0.788277
vt 0.091911 0.868214
vt 0.211441 0.968660
vt 0.091911 0.868214
vt 0.091911 0.868214
vt 0.211441 0.968660
vt 0.943436 0.989504
vt 0.962000 0.663120
vt 0.057236 0.993845
vt 0.408856 0.956900
vt 0.641597 0.989766
vt 0.057236 0.993845
vt 0.323283 0.997433
vt 0.641597 0.989766
vt 0.945014 0.239302
vt 0.165206 0.864813
vt 0.181098 0.990470
vt 0.945014 0.239302
vt 0.165206 0.864813
vt 0.181098 0.990470
vt 0.928280 0.050453
vt 0.102905 0.837909
vt 0.928280 0.050453
vt 0.102905 0.837909
vt 0.790908 0.946065
vt 0.196192 0.936827
vt 0.450677 0.208142
vt 0.937630 0.346754
vt 0.985662 0.112119
vt 0.161899 0.989504
vt 0.367438 0.438155
vt 0.367438 0.438155
vt 0.569895 0.824205
vt 0.809970 0.917680
vt 0.925606 0.334365
vt 0.882182 0.049545
vt 0.209345 0.971263
vt 0.882182 0.049545
vt 0.209345 0.971263
vt 0.196918 0.923031
vt 0.464511 0.210103
vt 0.464511 0.210103
vt 0.464511 0.210103
vt 0.120702 0.763085
vt 0.120702 0.763085
vt 0.120702 0.763085
vt 0.572001 0.814911
vt 0.572001 0.814911
vt 0.608156 0.793022
vt 0.608156 0.793022
vt 0.608156 0.793022
vt 0.750697 0.970798
vt 0.608156 0.793022
vt 0.976302 0.268757
vt 0.940542 0.213542
vt 0.940542 0.213542
vt 0.928510 0.492599
vt 0.355855 0.989504
vt 0.737730 0.402758
vt 0.928510 0.492599
vt 0.861432 0.584398
vt 0.861432 0.584398
vt 0.861432 0.584398
vt 0.887575 0.754075
vt 0.464313 0.209266
vt 0.937714 0.360373
vt 0.937714 0.360373
vt 0.937714 0.360373
vt 0.937714 0.360373
vt 0.425765 0.971268
vt 0.425765 0.971268
vt 0.425765 0.971268
vt 0.463155 0.980310
vt 0.465210 0.855988
vt 0.643769 0.707637
vt 0.901264 0.061577
vt 0.901264 0.061577
vt 0.883228 0.011563
vt 0.883228 0.011563
vt 0.218574 0.902117
vt 0.575648 0.866821
vt 0.218574 0.902117
vt 0.604313 0.926173
vt 0.604313 0.926173
vt 0.941873 0.069931
vt 0.218574 0.902117
vt 0.747438 0.198796
vt 0.747438 0.198796
vt 0.611230 0.802270
vt 0.747438 0.198796
vt 0.908007 0.906348
vt 0.918598 0.217938
vt 0.918598 0.217938
vt 0.908007 0.906348
vt 0.033016 0.890468
vt 0.033016 0.890468
vt 0.016576 0.761531
vt 0.033016 0.890468
vt 0.033016 0.890468
vt 0.929988 0.333883
vt 0.929988 0.333883
vt 0.565493 0.824082
vt 0.565493 0.824082
vt 0.565493 0.824082
vt 0.388739 0.582158
vt 0.929402 0.494052
vt 0.357397 0.990683
vt 0.614165 0.989504
vt 0.526315 0.949375
vt 0.929402 0.494052
vt 0.727729 0.817778
vt 0.947022 0.358966
vt 0.794262 0.873741
vt 0.794262 0.873741
vt 0.968416 0.328010
vt 0.794262 0.873741
vt 0.754587 0.210352
vt 0.914933 0.601165
vt 0.815351 0.771137
vt 0.914933 0.601165
vt 0.815351 0.771137
vt 0.723796 0.622665
vt 0.723796 0.622665
vt 0.723796 0.622665
vt 0.723796 0.622665
vt 0.913320 0.969433
vt 0.331144 0.756958
vt 0.868965 0.010723
vt 0.331144 0.756958
vt 0.868965 0.010723
vt 0.394634 0.956083
vt 0.575553 0.471155
vt 0.394634 0.956083
vt 0.761470 0.981514
vt 0.761470 0.981514
vt 0.976756 0.805588
vt 0.761470 0.981514
vt 0.784095 0.929557
vt 0.925114 0.073568
vt 0.980041 0.124442
vt 0.980041 0.124442
vt 0.983251 0.057856
vt 0.910032 0.850400
vt 0.087150 0.873143
vt 0.087150 0.873143
vt 0.006408 0.969888
vt 0.087150 0.873143
vt 0.087150 0.873143
vt 0.721983 0.963262
vt 0.721983 0.963262
vt 0.825705 0.772296
vt 0.825705 0.772296
vt 0.825705 0.772296
vt 0.846240 0.638424
vt 0.846240 0.638424
vt 0.846240 0.638424
vt 0.870099 0.852909
vt 0.870099 0.852909
vt 0.925329 0.489508
vt 0.863267 0.222072
vt 0.570188 0.819422
vt 0.805098 0.918025
vt 0.221348 0.929066
vt 0.451448 0.969647
vt 0.918999 0.668604
vt 0.800978 0.834505
vt 0.743610 0.202535
vt 0.800978 0.834505
vt 0.743610 0.202535
vt 0.103857 0.956708
vt 0.103857 0.956708
vt 0.106904 0.853741
vt 0.941719 0.222466
vt 0.969877 0.539071
vt 0.106904 0.853741
vt 0.026694 0.445979
vt 0.026694 0.445979
vt 0.026694 0.445979
vt 0.388955 0.624002
vt 0.388955 0.624002
vt 0.388955 0.624002
vt 0.565562 0.783551
vt 0.924997 0.219360
vt 0.414151 0.946818
vt 0.782290 0.896193
vt 0.981495 0.262203
vt 0.982076 0.581228
vt 0.909509 0.602347
vt 0.714258 0.621130
vt 0.909509 0.602347
vt 0.972623 0.444043
vt 0.714258 0.621130
vt 0.809919 0.771722
vt 0.071803 0.880706
vt 0.071803 0.880706
vt 0.071803 0.880706
vt 0.010275 0.952438
vt 0.844171 0.836881
vt 0.975725 0.223160
vt 0.844171 0.836881
vt 0.844171 0.836881
vt 0.175183 0.823302
vt 0.965237 0.984810
vt 0.964845 0.532793
vt 0.965237 0.984810
vt 0.964845 0.532793
vt 0.022385 0.994564
vt 0.645218 0.994648
vt 0.730461 0.434619
vt 0.937217 0.701939
vt 0.937217 0.701939
vt 0.804362 0.246259
vt 0.052041 0.758592
vt 0.802271 0.255690
vt 0.802271 0.255690
vt 0.802271 0.255690
vt 0.802271 0.255690
vt 0.802201 0.247339
vt 0.976152 0.874206
vt 0.054177 0.759738
vt 0.054177 0.759738
vt 0.802201 0.247339
vt 0.054177 0.759738
vt 0.600986 0.922553
vt 0.523597 0.947761
vt 0.600986 0.922553
vt 0.614165 0.992284
vt 0.600986 0.922553
vt 0.600986 0.922553
vt 0.373002 0.440690
vt 0.728931 0.061401
vt 0.872493 0.020203
vt 0.289623 0.863634
vt 0.872493 0.020203
vt 0.289623 0.863634
vt 0.539686 0.970019
vt 0.621613 0.671947
vt 0.959676 0.093151
vt 0.621613 0.671947
vt 0.914357 0.626175
vt 0.621613 0.671947
vt 0.914357 0.626175
vt 0.959676 0.093151
vt 0.621613 0.671947
vt 0.810032 0.763312
vt 0.810032 0.763312
vt 0.810032 0.763312
vt 0.810032 0.763312
vt 0.826513 0.487041
vt 0.810032 0.763312
vt 0.038542 0.904351
vt 0.507417 0.706758
vt 0.866595 0.376031
vt 0.038542 0.904351
vt 0.507417 0.706758
vt 0.399509 0.219760
vt 0.399509 0.219760
vt 0.515333 0.722100
vt 0.399509 0.219760
vt 0.515333 0.722100
vt 0.120766 0.957294
vt 0.120766 0.957294
vt 0.878456 0.991695
vt 0.891208 0.493890
vt 0.298161 0.979886
vt 0.740273 0.989504
vt 0.969785 0.696334
vt 0.981689 0.302764
vt 0.403923 0.862862
vt 0.403923 0.862862
vt 0.455123 0.824194
vt 0.558128 0.971121
vt 0.913711 0.864595
vt 0.455123 0.824194
vt 0.913711 0.864595
vt 0.817785 0.763013
vt 0.817785 0.763013
vt 0.183435 0.993803
vt 0.650278 0.734899
vt 0.943410 0.151777
vt 0.650278 0.734899
vt 0.943410 0.151777
vt 0.649334 0.730705
vt 0.183435 0.989504
vt 0.649334 0.730705
vt 0.947361 0.238361
vt 0.324432 0.759579
vt 0.856282 0.645686
vt 0.856282 0.645686
vt 0.970379 0.726943
vt 0.050264 0.763623
vt 0.050264 0.763623
vt 0.050264 0.763623
vt 0.050264 0.763623
vt 0.805974 0.251348
vt 0.970379 0.726943
vt 0.050264 0.763623
vt 0.805974 0.251348
vt 0.363044 0.439012
vt 0.162702 0.993941
vt 0.395005 0.863646
vt 0.395005 0.863646
vt 0.395005 0.863646
vt 0.009361 0.808388
vt 0.091912 0.992116
vt 0.091912 0.992116
vt 0.171919 0.995405
vt 0.801629 0.440915
vt 0.982211 0.408735
vt 0.126261 0.956737
vt 0.848825 0.469998
vt 0.970701 0.701822
vt 0.970701 0.701822
vt 0.848825 0.469998
vt 0.848825 0.469998
vt 0.822859 0.248319
vt 0.846758 0.374168
vt 0.822859 0.248319
vt 0.822859 0.248319
vt 0.846758 0.374168
vt 0.284310 0.871555
vt 0.872882 0.644695
vt 0.284310 0.871555
vt 0.284310 0.871555
vt 0.161899 0.996845
vt 0.360195 0.439655
vt 0.360195 0.439655
vt 0.933970 0.209716
vt 0.750697 0.963172
vt 0.910297 0.337489
vt 0.933970 0.209716
vt 0.864904 0.011622
vt 0.864904 0.011622
vt 0.864904 0.011622
vt 0.864904 0.011622
vt 0.298469 0.875861
vt 0.298469 0.875861
vt 0.805472 0.446000
vt 0.170647 0.989504
vt 0.805472 0.446000
vt 0.805472 0.446000
vt 0.805472 0.446000
vt 0.749560 0.405722
vt 0.749560 0.405722
vt 0.929531 0.480431
vt 0.929531 0.480431
vt 0.749560 0.405722
vt 0.929531 0.480431
vt 0.749560 0.405722
vt 0.965893 0.982588
vt 0.965893 0.982588
vt 0.090077 0.868806
vt 0.943436 0.991398
vt 0.794644 0.990861
vt 0.675465 0.992146
vt 0.616307 0.969925
vt 0.977076 0.360018
vt 0.616307 0.969925
vt 0.518972 0.990489
vt 0.614270 0.978334
vt 0.680978 0.993118
vt 0.529228 0.989927
vt 0.675465 0.989504
vt 0.529228 0.989927
vt 0.613697 0.969377
vt 0.798298 0.447265
vt 0.958545 0.625279
vt 0.982458 0.745540
vt 0.798298 0.447265
vt 0.958545 0.625279
vt 0.982458 0.745540
vt 0.798298 0.447265
vt 0.633956 0.711605
vt 0.633956 0.711605
vt 0.430494 0.961924
vt 0.633956 0.711605
vt 0.940548 0.568904
vt 0.974568 0.013536
vt 0.847144 0.989504
vt 0.976346 0.012685
vt 0.978583 0.307123
vt 0.976346 0.012685
vt 0.978583 0.307123
vt 0.845192 0.989872
vt 0.845748 0.467181
vt 0.940548 0.558551
vt 0.940548 0.558551
vt 0.974568 0.023888
vt 0.974568 0.023888
vt 0.914208 0.722311
vt 0.621577 0.770144
vt 0.914208 0.722311
vt 0.621577 0.770144
vt 0.757599 0.989541
vt 0.761470 0.976898
vt 0.975645 0.810332
vt 0.757599 0.989541
vt 0.977844 0.170484
vt 0.973487 0.810547
vt 0.757536 0.991804
vt 0.847816 0.834627
vt 0.977844 0.159577
vt 0.973487 0.799615
vt 0.847816 0.834627
vt 0.973487 0.799615
vt 0.547991 0.989504
vt 0.951914 0.970571
vt 0.036251 0.991306
vt 0.036251 0.991306
vt 0.972719 0.981605
vt 0.036930 0.993448
vt 0.954160 0.970582
vt 0.954160 0.979396
vt 0.737118 0.991188
vt 0.954160 0.979396
vt 0.972719 0.972793
vt 0.972719 0.972793
vt 0.058399 0.996369
vt 0.952477 0.979321
vt 0.431543 0.996273
vt 0.642113 0.992292
vt 0.737167 0.989504
vt 0.616307 0.978443
vt 0.977832 0.368540
vt 0.518265 0.992545
vt 0.518265 0.992545
vt 0.974283 0.693502
vt 0.974283 0.693502
vt 0.847144 0.991689
vt 0.942684 0.568140
vt 0.974283 0.693502
vt 0.117624 0.762573
vt 0.575050 0.814406
vt 0.117624 0.762573
vt 0.257507 0.981584
vt 0.575050 0.814406
vt 0.305834 0.876909
vt 0.373102 0.876014
vt 0.373102 0.876014
vt 0.058399 0.992484
vt 0.431122 0.992405
vt 0.527415 0.989504
vt 0.677345 0.989848
vt 0.104998 0.968063
vt 0.677712 0.991295
vt 0.103513 0.968131
vt 0.103513 0.968131
vt 0.677712 0.991295
vt 0.979426 0.359009
vt 0.103513 0.968131
vt 0.719873 0.623249
vt 0.971668 0.438085
vt 0.057869 0.763023
vt 0.973806 0.877755
vt 0.973806 0.877755
vt 0.695042 0.993345
vt 0.797685 0.257652
vt 0.976152 0.884873
vt 0.797685 0.257652
vt 0.802279 0.634859
vt 0.976152 0.884873
vt 0.797685 0.257652
vt 0.806120 0.253403
vt 0.806120 0.253403
vt 0.971800 0.724897
vt 0.806120 0.253403
vt 0.152676 0.995913
vt 0.740273 0.992602
vt 0.879692 0.989504
vt 0.978133 0.303368
vt 0.978133 0.303368
vt 0.747432 0.207666
vt 0.752646 0.968403
vt 0.610701 0.793427
vt 0.752646 0.968403
vt 0.845206 0.469498
vt 0.974283 0.702321
vt 0.845206 0.469498
vt 0.942841 0.559320
vt 0.845033 0.136642
vt 0.039180 0.993542
vt 0.970573 0.981561
vt 0.039180 0.993542
vt 0.639878 0.991859
vt 0.639878 0.991859
vt 0.734891 0.989512
vt 0.847380 0.145268
vt 0.855366 0.010502
vt 0.855366 0.010502
vt 0.855366 0.010502
vt 0.106598 0.977409
vt 0.516672 0.989504
vt 0.680818 0.990845
vt 0.868147 0.647032
vt 0.868147 0.647032
vt 0.868147 0.647032
vt 0.868147 0.647032
vt 0.103513 0.977615
vt 0.516672 0.992597
vt 0.979426 0.368476
vt 0.848142 0.837503
vt 0.971756 0.224139
vt 0.971756 0.224139
vt 0.975018 0.160194
vt 0.971756 0.224139
vt 0.015476 0.962377
vt 0.583510 0.864701
vt 0.583510 0.864701
vt 0.583510 0.864701
vt 0.856593 0.375002
vt 0.856593 0.375002
vt 0.864043 0.431860
vt 0.933834 0.489004
vt 0.864043 0.431860
vt 0.864043 0.431860
vt 0.933834 0.489004
vt 0.966673 0.323853
vt 0.981281 0.325705
vt 0.792759 0.869617
vt 0.851412 0.928491
vt 0.981281 0.325705
vt 0.554262 0.989504
vt 0.851247 0.216687
vt 0.547991 0.993076
vt 0.851247 0.216687
vt 0.039180 0.989504
vt 0.848907 0.137826
vt 0.851247 0.216687
vt 0.851247 0.216687
vt 0.968317 0.542322
vt 0.902302 0.824912
vt 0.947907 0.859974
vt 0.902302 0.824912
vt 0.947907 0.859974
vt 0.177338 0.989504
vt 0.947907 0.859974
vt 0.845211 0.991071
vt 0.845211 0.991071
vt 0.977443 0.307264
vt 0.972281 0.691815
vt 0.977443 0.307264
vt 0.734891 0.991862
vt 0.845033 0.145439
vt 0.970490 0.972763
vt 0.759786 0.991561
vt 0.759786 0.991561
vt 0.971756 0.213973
vt 0.975792 0.170328
vt 0.982211 0.415849
vt 0.010734 0.801275
vt 0.010734 0.801275
vt 0.984440 0.750957
vt 0.010734 0.801275
vt 0.516981 0.257808
vt 0.518162 0.818224
vt 0.516981 0.257808
vt 0.516981 0.257808
vt 0.516981 0.257808
vt 0.518162 0.818224
vt 0.963201 0.542177
vt 0.963201 0.542177
vt 0.323034 0.995712
vt 0.639878 0.989504
vt 0.848770 0.142919
vt 0.106702 0.970849
vt 0.106702 0.970849
vt 0.527050 0.992415
vt 0.721879 0.955774
vt 0.907701 0.990668
vt 0.759399 0.976911
vt 0.759786 0.989504
vt 0.973698 0.213544
vt 0.759399 0.976911
vt 0.428279 0.970392
vt 0.642139 0.708681
vt 0.428279 0.970392
vt 0.428279 0.970392
vt 0.428279 0.970392
vt 0.775027 0.208316
vt 0.974398 0.350481
vt 0.775027 0.208316
vt 0.875988 0.847612
vt 0.963790 0.087683
vt 0.974398 0.350481
vt 0.914909 0.621660
vt 0.963790 0.087683
vt 0.022384 0.993668
vt 0.645922 0.993608
vt 0.759111 0.979834
vt 0.759111 0.979834
vt 0.973839 0.216433
vt 0.973839 0.216433
vt 0.169652 0.830839
vt 0.918969 0.073725
vt 0.979510 0.118321
vt 0.862159 0.375924
vt 0.042939 0.908538
vt 0.862159 0.375924
vt 0.803207 0.447999
vt 0.982458 0.750585
vt 0.984219 0.415685
vt 0.803207 0.447999
vt 0.803207 0.447999
vt 0.946269 0.859000
vt 0.318713 0.790882
vt 0.946269 0.859000
vt 0.946269 0.859000
vt 0.946269 0.859000
vt 0.971018 0.697490
vt 0.879692 0.992112
vt 0.971018 0.697490
vt 0.976112 0.301695
vt 0.971018 0.697490
vt 0.293250 0.877297
vt 0.293250 0.877297
vt 0.293250 0.877297
vt 0.107225 0.975772
vt 0.682291 0.989504
vt 0.716868 0.956385
vt 0.107225 0.975772
vt 0.716868 0.956385
vt 0.598502 0.797863
vt 0.857053 0.139866
vt 0.857053 0.139866
vt 0.879551 0.846824
vt 0.977916 0.350775
vt 0.879551 0.846824
vt 0.721570 0.956808
vt 0.721570 0.956808
vt 0.907239 0.989504
vt 0.011153 0.953457
vt 0.011153 0.953457
vt 0.975024 0.222191
vt 0.011153 0.953457
vt 0.096487 0.904204
vt 0.777893 0.626998
vt 0.096487 0.904204
vt 0.096487 0.904204
vt 0.293745 0.977097
vt 0.777893 0.626998
vt 0.691859 0.982563
vt 0.601288 0.936303
vt 0.943897 0.059198
vt 0.943897 0.059198
vt 0.512399 0.994281
vt 0.936210 0.990546
vt 0.600914 0.929967
vt 0.600914 0.929967
vt 0.385978 0.985157
vt 0.210096 0.977537
vt 0.715990 0.992508
vt 0.880844 0.043265
vt 0.880844 0.043265
vt 0.880844 0.043265
vt 0.896474 0.062206
vt 0.896474 0.062206
vt 0.588063 0.863468
vt 0.588063 0.863468
vt 0.918029 0.455530
vt 0.979352 0.746345
vt 0.918029 0.455530
vt 0.979352 0.746345
vt 0.314532 0.790157
vt 0.314532 0.790157
vt 0.966245 0.539071
vt 0.175024 0.993081
vt 0.006997 0.802115
vt 0.961472 0.625342
vt 0.985079 0.747233
vt 0.491638 0.706858
vt 0.846056 0.003908
vt 0.039556 0.888600
vt 0.491638 0.706858
vt 0.846056 0.003908
vt 0.461032 0.848164
vt 0.951522 0.612389
vt 0.951522 0.612389
vt 0.005119 0.970591
vt 0.088532 0.872787
vt 0.024003 0.879418
vt 0.024003 0.879418
vt 0.024003 0.879418
vt 0.798679 0.897194
vt 0.982658 0.204910
vt 0.413732 0.930410
vt 0.607654 0.919537
vt 0.798679 0.897194
vt 0.918792 0.513452
vt 0.570162 0.813342
vt 0.122516 0.762439
vt 0.570162 0.813342
vt 0.760162 0.344851
vt 0.125801 0.968526
vt 0.852891 0.481708
vt 0.852891 0.481708
vt 0.852891 0.481708
vt 0.329914 0.989504
vt 0.093524 0.876272
vt 0.093524 0.876272
vt 0.212977 0.976742
vt 0.093524 0.876272
vt 0.212977 0.976742
vt 0.715990 0.989504
vt 0.953935 0.612005
vt 0.635031 0.705244
vt 0.635031 0.705244
vt 0.953935 0.612005
vt 0.969728 0.380921
vt 0.080101 0.928937
vt 0.899519 0.890054
vt 0.744512 0.434475
vt 0.899519 0.890054
vt 0.890843 0.522801
vt 0.899519 0.890054
vt 0.969728 0.380921
vt 0.899519 0.890054
vt 0.963200 0.538701
vt 0.177992 0.992187
vt 0.899559 0.824578
vt 0.963200 0.538701
vt 0.177992 0.992187
vt 0.899559 0.824578
vt 0.899559 0.824578
vt 0.261602 0.973845
vt 0.788418 0.869665
vt 0.554262 0.993842
vt 0.788418 0.869665
vt 0.047049 0.979578
vt 0.788418 0.869665
vt 0.877689 0.611292
vt 0.877689 0.611292
vt 0.877689 0.611292
vt 0.877689 0.611292
vt 0.451873 0.975107
vt 0.083261 0.901812
vt 0.924461 0.669409
vt 0.743188 0.206719
vt 0.801465 0.838676
vt 0.743188 0.206719
vt 0.756878 0.968273
vt 0.819103 0.770407
vt 0.968496 0.743368
vt 0.968496 0.743368
vt 0.819103 0.770407
vt 0.713871 0.600222
vt 0.713871 0.600222
vt 0.909947 0.622876
vt 0.712462 0.558116
vt 0.909673 0.664092
vt 0.712462 0.558116
vt 0.930397 0.486062
vt 0.930397 0.486062
vt 0.806988 0.768794
vt 0.968188 0.731163
vt 0.711242 0.621982
vt 0.806988 0.768794
vt 0.806988 0.768794
vt 0.711242 0.621982
vt 0.945739 0.230764
vt 0.642171 0.733703
vt 0.978320 0.472364
vt 0.107225 0.964958
vt 0.945739 0.230764
vt 0.599293 0.930576
vt 0.745014 0.408395
vt 0.934957 0.989504
vt 0.599293 0.930576
vt 0.637862 0.709723
vt 0.429153 0.965961
vt 0.637862 0.709723
vt 0.429153 0.965961
vt 0.969539 0.389117
vt 0.891169 0.514578
vt 0.969539 0.389117
vt 0.211445 0.976481
vt 0.211445 0.976481
vt 0.716453 0.991222
vt 0.643153 0.736563
vt 0.943524 0.159231
vt 0.943524 0.159231
vt 0.943524 0.159231
vt 0.904924 0.908140
vt 0.983502 0.574348
vt 0.904924 0.908140
vt 0.981495 0.254598
vt 0.858603 0.223800
vt 0.574929 0.818923
vt 0.858603 0.223800
vt 0.257479 0.977067
vt 0.858603 0.223800
vt 0.276700 0.975081
vt 0.087746 0.760633
vt 0.276700 0.975081
vt 0.339516 0.989504
vt 0.820797 0.485664
vt 0.969172 0.636396
vt 0.087052 0.763689
vt 0.275086 0.978035
vt 0.328062 0.916562
vt 0.820797 0.485664
vt 0.971329 0.400688
vt 0.983368 0.606178
vt 0.983772 0.421871
vt 0.983772 0.421871
vt 0.088988 0.758592
vt 0.275869 0.972831
vt 0.981224 0.601165
vt 0.059505 0.769862
vt 0.059505 0.769862
vt 0.695042 0.989504
vt 0.980864 0.674996
vt 0.972476 0.884715
vt 0.059505 0.769862
vt 0.970220 0.173590
vt 0.089651 0.765580
vt 0.089651 0.765580
vt 0.089651 0.765580
vt 0.420002 0.967278
vt 0.982030 0.428502
vt 0.276700 0.981458
vt 0.087497 0.766979
vt 0.087497 0.766979
vt 0.087497 0.766979
vt 0.806278 0.476212
vt 0.806278 0.476212
vt 0.938041 0.270678
vt 0.938041 0.270678
vt 0.806278 0.476212
vt 0.938041 0.270678
vt 0.938041 0.270678
vt 0.713770 0.108115
vt 0.713770 0.108115
vt 0.765899 0.508187
vt 0.290888 0.980203
vt 0.839459 0.848521
vt 0.839459 0.848521
vt 0.125006 0.962598
vt 0.125006 0.962598
vt 0.125006 0.962598
vt 0.849744 0.475846
vt 0.296851 0.973450
vt 0.121383 0.963862
vt 0.385634 0.872078
vt 0.852975 0.611120
vt 0.385634 0.872078
vt 0.852975 0.611120
vt 0.852975 0.611120
vt 0.569793 0.801071
vt 0.760203 0.357591
vt 0.569793 0.801071
vt 0.760203 0.357591
vt 0.569793 0.801071
vt 0.755498 0.365383
vt 0.755498 0.365383
vt 0.918445 0.450838
vt 0.592759 0.863436
vt 0.042198 0.771435
vt 0.042198 0.771435
vt 0.813780 0.259424
vt 0.039201 0.773177
vt 0.039201 0.773177
vt 0.039201 0.773177
vt 0.039201 0.773177
vt 0.706006 0.786850
vt 0.706006 0.786850
vt 0.815214 0.256804
vt 0.040845 0.768772
vt 0.707835 0.790902
vt 0.693810 0.989717
vt 0.799220 0.634265
vt 0.979781 0.674734
vt 0.007598 0.799228
vt 0.007598 0.799228
vt 0.007598 0.799228
vt 0.962189 0.628259
vt 0.047756 0.774794
vt 0.808099 0.262590
vt 0.808099 0.262590
vt 0.971206 0.716006
vt 0.936069 0.696759
vt 0.892281 0.953727
vt 0.936069 0.696759
vt 0.852326 0.223307
vt 0.967953 0.549035
vt 0.967953 0.549035
vt 0.842601 0.846413
vt 0.009852 0.962043
vt 0.013709 0.964327
vt 0.013709 0.964327
vt 0.583137 0.866816
vt 0.013709 0.964327
vt 0.292448 0.984751
vt 0.833329 0.487530
vt 0.377324 0.868468
vt 0.377324 0.868468
vt 0.710941 0.625438
vt 0.929374 0.211917
vt 0.929374 0.211917
vt 0.971645 0.731198
vt 0.717789 0.991536
vt 0.091246 0.877139
vt 0.384641 0.984499
vt 0.717789 0.991536
vt 0.002639 0.966738
vt 0.091246 0.877139
vt 0.091246 0.877139
vt 0.471940 0.824207
vt 0.702549 0.834192
vt 0.702549 0.834192
vt 0.471940 0.824207
vt 0.931537 0.273937
vt 0.618340 0.840982
vt 0.079883 0.887457
vt 0.344388 0.749909
vt 0.344388 0.749909
vt 0.079883 0.887457
vt 0.707553 0.785582
vt 0.707553 0.785582
vt 0.816912 0.262347
vt 0.816912 0.262347
vt 0.816912 0.262347
vt 0.280338 0.880279
vt 0.280338 0.880279
vt 0.280338 0.880279
vt 0.280338 0.880279
vt 0.050355 0.979241
vt 0.552934 0.990531
vt 0.982624 0.325759
vt 0.635075 0.734462
vt 0.635075 0.734462
vt 0.635075 0.734462
vt 0.635075 0.734462
vt 0.976977 0.479363
vt 0.887472 0.010526
vt 0.868163 0.611608
vt 0.868163 0.611608
vt 0.868163 0.611608
vt 0.887472 0.010526
vt 0.124184 0.419189
vt 0.235016 0.360358
vt 0.124184 0.419189
vt 0.175168 0.989504
vt 0.318022 0.789183
vt 0.318022 0.789183
vt 0.945815 0.860753
vt 0.945815 0.860753
vt 0.318022 0.789183
vt 0.356721 0.867584
vt 0.356721 0.867584
vt 0.631874 0.739068
vt 0.631874 0.739068
vt 0.946935 0.170319
vt 0.631874 0.739068
vt 0.631874 0.739068
vt 0.853699 0.376358
vt 0.051359 0.909695
vt 0.880854 0.762521
vt 0.880854 0.762521
vt 0.880854 0.762521
vt 0.880854 0.762521
vt 0.430576 0.963431
vt 0.634501 0.708050
vt 0.634501 0.708050
vt 0.634501 0.708050
vt 0.463478 0.846912
vt 0.976787 0.494900
vt 0.339126 0.992690
vt 0.983772 0.429929
vt 0.974543 0.544356
vt 0.981224 0.609006
vt 0.089626 0.763922
vt 0.973259 0.542177
vt 0.983330 0.427167
vt 0.973259 0.542177
vt 0.707525 0.834874
vt 0.810318 0.473156
vt 0.936500 0.274534
vt 0.936500 0.274534
vt 0.876885 0.758382
vt 0.876885 0.758382
vt 0.887737 0.609464
vt 0.289623 0.971442
vt 0.868388 0.404417
vt 0.289623 0.971442
vt 0.479265 0.822927
vt 0.868388 0.404417
vt 0.744306 0.438114
vt 0.891504 0.962734
vt 0.935964 0.687713
vt 0.903065 0.890893
vt 0.744306 0.438114
vt 0.891504 0.962734
vt 0.624369 0.707695
vt 0.952457 0.601165
vt 0.728688 0.072474
vt 0.371093 0.429823
vt 0.728688 0.072474
vt 0.728688 0.072474
vt 0.728688 0.072474
vt 0.728688 0.072474
vt 0.716868 0.966595
vt 0.463576 0.953918
vt 0.600862 0.787552
vt 0.716868 0.966595
vt 0.043694 0.776768
vt 0.812098 0.264700
vt 0.043694 0.776768
vt 0.043694 0.776768
vt 0.812098 0.264700
vt 0.812098 0.264700
vt 0.784710 0.946065
vt 0.784710 0.946065
vt 0.893494 0.850934
vt 0.934475 0.051179
vt 0.893494 0.850934
vt 0.893167 0.955149
vt 0.901922 0.883178
vt 0.935178 0.695430
vt 0.336021 0.989504
vt 0.253412 0.977067
vt 0.856542 0.227968
vt 0.856542 0.227968
vt 0.465731 0.953918
vt 0.603005 0.787336
vt 0.976302 0.274527
vt 0.339831 0.380902
vt 0.971688 0.744365
vt 0.975028 0.272132
vt 0.941160 0.217813
vt 0.971688 0.744365
vt 0.975028 0.272132
vt 0.971688 0.744365
vt 0.914422 0.606999
vt 0.959676 0.073568
vt 0.914422 0.606999
vt 0.914422 0.606999
vt 0.914422 0.606999
vt 0.092432 0.765734
vt 0.971422 0.544945
vt 0.971422 0.544945
vt 0.403249 0.995733
vt 0.795863 0.645383
vt 0.971030 0.185240
vt 0.980864 0.663295
vt 0.458383 0.835202
vt 0.458383 0.835202
vt 0.458383 0.835202
vt 0.965461 0.977207
vt 0.458383 0.835202
vt 0.965461 0.977207
vt 0.463124 0.949892
vt 0.720901 0.966988
vt 0.824744 0.768433
vt 0.463124 0.949892
vt 0.253409 0.981876
vt 0.115083 0.758592
vt 0.253409 0.981876
vt 0.336021 0.994315
vt 0.336021 0.994315
vt 0.301913 0.870948
vt 0.334536 0.994396
vt 0.113597 0.758652
vt 0.964303 0.554214
vt 0.749216 0.408361
vt 0.749216 0.408361
vt 0.512399 0.989504
vt 0.599633 0.934643
vt 0.749216 0.408361
vt 0.513567 0.992449
vt 0.746402 0.406939
vt 0.934957 0.991534
vt 0.339516 0.996869
vt 0.973297 0.549348
vt 0.815451 0.492519
vt 0.973297 0.549348
vt 0.148379 0.989504
vt 0.815451 0.492519
vt 0.093684 0.770478
vt 0.972176 0.549787
vt 0.972176 0.549787
vt 0.620825 0.986398
vt 0.037589 0.782494
vt 0.037589 0.782494
vt 0.705070 0.777741
vt 0.705070 0.777741
vt 0.796398 0.653516
vt 0.461869 0.839878
vt 0.627248 0.708115
vt 0.461869 0.839878
vt 0.950868 0.604128
vt 0.461869 0.839878
vt 0.010298 0.965419
vt 0.291879 0.981251
vt 0.840608 0.849634
vt 0.291879 0.981251
vt 0.289973 0.980589
vt 0.975237 0.750469
vt 0.289973 0.980589
vt 0.838656 0.848720
vt 0.975237 0.750469
vt 0.330744 0.990265
vt 0.852013 0.145337
vt 0.853747 0.482352
vt 0.782425 0.350757
vt 0.782425 0.350757
vt 0.901216 0.852752
vt 0.782290 0.938362
vt 0.782290 0.938362
vt 0.901216 0.852752
vt 0.782290 0.938362
vt 0.400090 0.245178
vt 0.518162 0.747424
vt 0.400090 0.245178
vt 0.518162 0.747424
vt 0.855573 0.145439
vt 0.331430 0.993778
vt 0.882681 0.852728
vt 0.971601 0.274173
vt 0.465796 0.949197
vt 0.822017 0.768570
vt 0.968188 0.746171
vt 0.930303 0.481625
vt 0.930303 0.481625
vt 0.982080 0.692226
vt 0.087063 0.998304
vt 0.107225 0.952528
vt 0.978320 0.484868
vt 0.107225 0.952528
vt 0.630102 0.736821
vt 0.630102 0.736821
vt 0.914500 0.649043
vt 0.621667 0.695290
vt 0.914500 0.649043
vt 0.931040 0.470578
vt 0.946183 0.050737
vt 0.982080 0.703293
vt 0.946183 0.050737
vt 0.946183 0.050737
vt 0.273393 0.875345
vt 0.364474 0.868607
vt 0.273393 0.875345
vt 0.334541 0.990408
vt 0.334541 0.990408
vt 0.968317 0.554439
vt 0.855067 0.228671
vt 0.968317 0.554439
vt 0.585890 0.868083
vt 0.289623 0.984751
vt 0.289623 0.984751
vt 0.585890 0.868083
vt 0.974793 0.746345
vt 0.570476 0.746351
vt 0.759431 0.414138
vt 0.759431 0.414138
vt 0.759431 0.414138
vt 0.570476 0.746351
vt 0.759431 0.414138
vt 0.759431 0.414138
vt 0.935170 0.323169
vt 0.623914 0.783328
vt 0.914041 0.735694
vt 0.935170 0.323169
vt 0.935170 0.323169
vt 0.570244 0.777883
vt 0.570244 0.777883
vt 0.759541 0.381461
vt 0.759541 0.381461
vt 0.085627 0.768049
vt 0.085627 0.768049
vt 0.973269 0.405410
vt 0.979555 0.395455
vt 0.085750 0.771083
vt 0.085750 0.771083
vt 0.422498 0.960897
vt 0.085750 0.771083
vt 0.422498 0.960897
vt 0.085750 0.771083
vt 0.631110 0.738712
vt 0.946663 0.171053
vt 0.631110 0.738712
vt 0.946663 0.171053
vt 0.837939 0.005513
vt 0.837939 0.005513
vt 0.837939 0.005513
vt 0.837939 0.005513
vt 0.837939 0.005513
vt 0.798181 0.704964
vt 0.796700 0.327819
vt 0.796700 0.327819
vt 0.798181 0.704964
vt 0.464557 0.840356
vt 0.464557 0.840356
vt 0.975961 0.501537
vt 0.464557 0.840356
vt 0.398367 0.238868
vt 0.515131 0.741241
vt 0.398367 0.238868
vt 0.630991 0.710162
vt 0.630991 0.710162
vt 0.977723 0.498760
vt 0.811249 0.273221
vt 0.811249 0.273221
vt 0.811249 0.273221
vt 0.811249 0.273221
vt 0.469817 0.823927
vt 0.931222 0.271795
vt 0.469817 0.823927
vt 0.931222 0.271795
vt 0.712008 0.533429
vt 0.712008 0.533429
vt 0.909509 0.688321
vt 0.736780 0.478264
vt 0.736780 0.478264
vt 0.736780 0.478264
vt 0.736780 0.478264
vt 0.963390 0.039300
vt 0.571425 0.751966
vt 0.571425 0.751966
vt 0.759160 0.408240
vt 0.571425 0.751966
vt 0.759160 0.408240
vt 0.930520 0.470535
vt 0.759160 0.408240
vt 0.955154 0.432635
vt 0.735111 0.479489
vt 0.735111 0.479489
vt 0.084573 0.771024
vt 0.978924 0.392362
vt 0.902332 0.906227
vt 0.932466 0.672515
vt 0.902332 0.906227
vt 0.902332 0.906227
vt 0.447564 0.976835
vt 0.087656 0.904220
vt 0.087656 0.904220
vt 0.786713 0.627589
vt 0.979706 0.897303
vt 0.803488 0.274618
vt 0.803488 0.274618
vt 0.803488 0.274618
vt 0.335110 0.760860
vt 0.335110 0.760860
vt 0.621810 0.719457
vt 0.914534 0.672734
vt 0.914534 0.672734
vt 0.914534 0.672734
vt 0.893167 0.969097
vt 0.900988 0.897098
vt 0.828093 0.990887
vt 0.750879 0.437856
vt 0.828093 0.990887
vt 0.900988 0.897098
vt 0.412129 0.939959
vt 0.789104 0.898688
vt 0.789104 0.898688
vt 0.412129 0.939959
vt 0.789104 0.898688
vt 0.983828 0.913424
vt 0.750864 0.436439
vt 0.750864 0.436439
vt 0.750864 0.436439
vt 0.827165 0.989504
vt 0.969782 0.374258
vt 0.827165 0.989504
vt 0.983828 0.913424
vt 0.402570 0.993155
vt 0.794973 0.647773
vt 0.794973 0.647773
vt 0.077602 0.880064
vt 0.616592 0.833487
vt 0.040111 0.798453
vt 0.040111 0.798453
vt 0.040111 0.798453
vt 0.045157 0.784370
vt 0.045157 0.784370
vt 0.970379 0.706684
vt 0.084840 0.782278
vt 0.084840 0.782278
vt 0.420002 0.949923
vt 0.084840 0.782278
vt 0.084840 0.782278
vt 0.465219 0.833458
vt 0.465219 0.833458
vt 0.465219 0.833458
vt 0.832074 0.005657
vt 0.832074 0.005657
vt 0.617563 0.914062
vt 0.897146 0.904189
vt 0.897146 0.904189
vt 0.897146 0.904189
vt 0.897146 0.904189
vt 0.897146 0.904189
vt 0.976086 0.503347
vt 0.976086 0.503347
vt 0.463449 0.838543
vt 0.463449 0.838543
vt 0.626316 0.709957
vt 0.463449 0.838543
vt 0.918257 0.989504
vt 0.093056 0.777207
vt 0.093056 0.777207
vt 0.620825 0.979609
vt 0.085127 0.778261
vt 0.421628 0.953747
vt 0.085127 0.778261
vt 0.626636 0.735055
vt 0.626636 0.735055
vt 0.914346 0.688987
vt 0.982721 0.913731
vt 0.828298 0.989747
vt 0.899853 0.896913
vt 0.899853 0.896913
vt 0.755123 0.408996
vt 0.944299 0.054820
vt 0.600761 0.940531
vt 0.944299 0.054820
vt 0.944299 0.054820
vt 0.754651 0.407326
vt 0.931393 0.475164
vt 0.982746 0.698745
vt 0.945929 0.055431
vt 0.147552 0.995056
vt 0.619507 0.980695
vt 0.814326 0.498325
vt 0.974543 0.555129
vt 0.919147 0.990737
vt 0.083646 0.775379
vt 0.083646 0.775379
vt 0.083646 0.775379
vt 0.978604 0.387921
vt 0.978604 0.387921
vt 0.915033 0.663583
vt 0.977723 0.508033
vt 0.621479 0.710176
vt 0.915033 0.663583
vt 0.621479 0.710176
vt 0.380088 0.879671
vt 0.380088 0.879671
vt 0.380088 0.879671
vt 0.083832 0.781040
vt 0.970236 0.654017
vt 0.971329 0.418376
vt 0.979555 0.382342
vt 0.083832 0.781040
vt 0.083832 0.781040
vt 0.788486 0.508815
vt 0.788486 0.508815
vt 0.796679 0.476189
vt 0.938680 0.261104
vt 0.981410 0.156471
vt 0.938680 0.261104
vt 0.554110 0.977211
vt 0.796679 0.476189
vt 0.938680 0.261104
vt 0.795178 0.653947
vt 0.062834 0.789857
vt 0.575757 0.408098
vt 0.795178 0.653947
vt 0.970220 0.193804
vt 0.575757 0.408098
vt 0.970220 0.193804
vt 0.795178 0.653947
vt 0.572677 0.885870
vt 0.941763 0.050604
vt 0.941763 0.050604
vt 0.941763 0.050604
vt 0.941763 0.050604
vt 0.852117 0.013115
vt 0.890578 0.061895
vt 0.852117 0.013115
vt 0.890578 0.061895
vt 0.705777 0.751485
vt 0.815726 0.296467
vt 0.705777 0.751485
vt 0.815726 0.296467
vt 0.570724 0.687729
vt 0.570724 0.687729
vt 0.758747 0.474757
vt 0.737673 0.479509
vt 0.961894 0.040386
vt 0.939876 0.307852
vt 0.939876 0.307852
vt 0.727726 0.486849
vt 0.173041 0.454371
vt 0.273341 0.311927
vt 0.173041 0.454371
vt 0.273341 0.311927
vt 0.292285 0.388926
vt 0.292285 0.388926
vt 0.750565 0.439759
vt 0.827165 0.992799
vt 0.750565 0.439759
vt 0.460241 0.833345
vt 0.460241 0.833345
vt 0.460241 0.833345
vt 0.967285 0.975258
vt 0.065940 0.888201
vt 0.844431 0.395555
vt 0.065940 0.888201
vt 0.904270 0.071808
vt 0.794104 0.651392
vt 0.971719 0.191480
vt 0.403249 0.989504
vt 0.028471 0.422516
vt 0.028471 0.422516
vt 0.557667 0.977286
vt 0.793197 0.473823
vt 0.557667 0.977286
vt 0.793197 0.473823
vt 0.919887 0.864936
vt 0.090344 0.904220
vt 0.784008 0.628718
vt 0.090344 0.904220
vt 0.784008 0.628718
vt 0.791457 0.898724
vt 0.412098 0.937606
vt 0.412098 0.937606
vt 0.791457 0.898724
vt 0.802404 0.475305
vt 0.802404 0.475305
vt 0.940156 0.266906
vt 0.547433 0.817055
vt 0.623282 0.742277
vt 0.947551 0.179487
vt 0.623282 0.742277
vt 0.947551 0.179487
vt 0.947551 0.179487
vt 0.614941 0.918839
vt 0.872728 0.877239
vt 0.614941 0.918839
vt 0.872728 0.877239
vt 0.982658 0.197088
vt 0.885675 0.608709
vt 0.885675 0.608709
vt 0.885675 0.608709
vt 0.812747 0.499075
vt 0.918257 0.992142
vt 0.095241 0.777064
vt 0.812747 0.499075
vt 0.814555 0.499938
vt 0.148379 0.996800
vt 0.814555 0.499938
vt 0.096798 0.780954
vt 0.630615 0.989504
vt 0.811220 0.502975
vt 0.096798 0.780954
vt 0.702501 0.761916
vt 0.038704 0.798480
vt 0.388742 0.663271
vt 0.565493 0.745618
vt 0.565493 0.745618
vt 0.565493 0.745618
vt 0.388742 0.663271
vt 0.909832 0.710598
vt 0.711280 0.510684
vt 0.909832 0.710598
vt 0.909832 0.710598
vt 0.925404 0.513198
vt 0.869875 0.876598
vt 0.980255 0.198751
vt 0.087063 0.989504
vt 0.552386 0.818948
vt 0.971879 0.526040
vt 0.552386 0.818948
vt 0.105563 0.943770
vt 0.008611 0.766880
vt 0.008611 0.766880
vt 0.008611 0.766880
vt 0.796262 0.678245
vt 0.796262 0.678245
vt 0.793197 0.301229
vt 0.796262 0.678245
vt 0.945549 0.184523
vt 0.982369 0.117042
vt 0.166630 0.830783
vt 0.945549 0.184523
vt 0.945549 0.184523
vt 0.030799 0.883924
vt 0.030799 0.883924
vt 0.741951 0.480392
vt 0.963245 0.044835
vt 0.963245 0.044835
vt 0.963245 0.044835
vt 0.755082 0.438936
vt 0.900855 0.901412
vt 0.982510 0.918234
vt 0.900855 0.901412
vt 0.982510 0.918234
vt 0.755082 0.438936
vt 0.900855 0.901412
vt 0.909643 0.735175
vt 0.710941 0.485664
vt 0.939712 0.324615
vt 0.783913 0.933191
vt 0.906343 0.852752
vt 0.783913 0.933191
vt 0.906343 0.852752
vt 0.070082 0.887562
vt 0.070082 0.887562
vt 0.626564 0.736908
vt 0.087473 0.994810
vt 0.626564 0.736908
vt 0.552685 0.813592
vt 0.061482 0.818363
vt 0.575384 0.676757
vt 0.575757 0.379731
vt 0.793292 0.682347
vt 0.793292 0.682347
vt 0.061482 0.818363
vt 0.061482 0.818363
vt 0.621803 0.722958
vt 0.913379 0.676151
vt 0.913379 0.676151
vt 0.913379 0.676151
vt 0.556400 0.792331
vt 0.556400 0.792331
vt 0.556400 0.792331
vt 0.556400 0.792331
vt 0.881615 0.618299
vt 0.286518 0.921238
vt 0.881615 0.618299
vt 0.043517 0.815954
vt 0.043517 0.815954
vt 0.043517 0.815954
vt 0.830261 0.485709
vt 0.286517 0.899628
vt 0.806587 0.764414
vt 0.830261 0.485709
vt 0.571124 0.719629
vt 0.758427 0.441579
vt 0.571124 0.719629
vt 0.571124 0.719629
vt 0.758427 0.441579
vt 0.571124 0.719629
vt 0.983828 0.922028
vt 0.388739 0.686872
vt 0.565502 0.722789
vt 0.565502 0.722789
vt 0.793536 0.667080
vt 0.574990 0.394923
vt 0.793536 0.667080
vt 0.574990 0.394923
vt 0.793536 0.667080
vt 0.515902 0.252232
vt 0.515902 0.252232
vt 0.516262 0.812579
vt 0.515902 0.252232
vt 0.314844 0.749465
vt 0.314844 0.749465
vt 0.889200 0.914272
vt 0.815729 0.507911
vt 0.815729 0.507911
vt 0.360077 0.867003
vt 0.747380 0.970036
vt 0.360077 0.867003
vt 0.365960 0.397634
vt 0.730027 0.105495
vt 0.810785 0.503767
vt 0.810785 0.503767
vt 0.540829 0.973125
vt 0.810785 0.503767
vt 0.981785 0.130177
vt 0.631680 0.990418
vt 0.810785 0.503767
vt 0.097886 0.785517
vt 0.347479 0.989504
vt 0.097886 0.785517
vt 0.538697 0.976295
vt 0.630615 0.993955
vt 0.621670 0.741926
vt 0.914585 0.694705
vt 0.914585 0.694705
vt 0.621670 0.741926
vt 0.621670 0.741926
vt 0.467010 0.821970
vt 0.929249 0.268894
vt 0.929249 0.268894
vt 0.467010 0.821970
vt 0.929249 0.268894
vt 0.566108 0.688926
vt 0.566108 0.688926
vt 0.388888 0.721845
vt 0.566108 0.688926
vt 0.389011 0.700711
vt 0.565766 0.709335
vt 0.565766 0.709335
vt 0.958964 0.060556
vt 0.389345 0.730811
vt 0.566301 0.680137
vt 0.575648 0.894893
vt 0.217552 0.930175
vt 0.447564 0.968783
vt 0.937581 0.042184
vt 0.981626 0.889280
vt 0.536308 0.788044
vt 0.536308 0.788044
vt 0.536308 0.788044
vt 0.790091 0.352554
vt 0.864051 0.401706
vt 0.293745 0.968329
vt 0.691859 0.973800
vt 0.778495 0.618251
vt 0.933015 0.458846
vt 0.946184 0.038827
vt 0.946184 0.038827
vt 0.107225 0.835755
vt 0.552685 0.824184
vt 0.792809 0.941612
vt 0.969877 0.521067
vt 0.792809 0.941612
vt 0.285276 0.891737
vt 0.285276 0.891737
vt 0.837792 0.485664
vt 0.285276 0.891737
vt 0.042694 0.886096
vt 0.842951 0.003765
vt 0.842951 0.003765
vt 0.938614 0.040047
vt 0.786160 0.618251
vt 0.786160 0.618251
vt 0.786160 0.618251
vt 0.938614 0.040047
vt 0.979706 0.887979
vt 0.057815 0.887986
vt 0.827777 0.003344
vt 0.057815 0.887986
vt 0.827777 0.003344
vt 0.841663 0.246259
vt 0.551052 0.791165
vt 0.551052 0.791165
vt 0.551052 0.791165
vt 0.551052 0.791165
vt 0.495002 0.705231
vt 0.038763 0.891906
vt 0.038763 0.891906
vt 0.495002 0.705231
vt 0.495002 0.705231
vt 0.268956 0.885649
vt 0.842900 0.636244
vt 0.280975 0.908046
vt 0.815488 0.764613
vt 0.280975 0.908046
vt 0.815488 0.764613
vt 0.833462 0.002257
vt 0.052124 0.886015
vt 0.833462 0.002257
vt 0.833462 0.002257
vt 0.833462 0.002257
vt 0.540829 0.981439
vt 0.886972 0.991495
vt 0.980984 0.136559
vt 0.980984 0.136559
vt 0.014595 0.989504
vt 0.348538 0.994717
vt 0.574918 0.400573
vt 0.793839 0.661412
vt 0.575766 0.655297
vt 0.794889 0.661147
vt 0.794889 0.661147
vt 0.794889 0.661147
vt 0.083777 0.790203
vt 0.083777 0.790203
vt 0.330615 0.943256
vt 0.969172 0.663120
vt 0.272899 0.886308
vt 0.272899 0.886308
vt 0.272899 0.886308
vt 0.272899 0.886308
vt 0.839685 0.634265
vt 0.055881 0.907943
vt 0.055881 0.907943
vt 0.821680 0.246259
vt 0.849189 0.376337
vt 0.930278 0.261199
vt 0.459259 0.821970
vt 0.554110 0.968808
vt 0.930278 0.261199
vt 0.965461 0.963961
vt 0.981410 0.148089
vt 0.728719 0.099150
vt 0.728719 0.099150
vt 0.048521 0.908833
vt 0.856496 0.377440
vt 0.263424 0.901002
vt 0.401086 0.865306
vt 0.981086 0.468604
vt 0.263424 0.901002
vt 0.401086 0.865306
vt 0.983357 0.305205
vt 0.061206 0.900880
vt 0.828815 0.246270
vt 0.978970 0.581228
vt 0.981827 0.355693
vt 0.277637 0.886436
vt 0.797746 0.979547
vt 0.835580 0.634517
vt 0.797746 0.979547
vt 0.037589 0.896306
vt 0.499430 0.705278
vt 0.887922 0.989504
vt 0.824565 0.001553
vt 0.011525 0.989504
vt 0.105360 0.785854
vt 0.107720 0.788890
vt 0.823079 0.004088
vt 0.107720 0.788890
vt 0.823079 0.004088
vt 0.103086 0.788520
vt 0.347479 0.995176
vt 0.887922 0.992434
vt 0.103086 0.788520
vt 0.267432 0.906760
vt 0.394124 0.865272
vt 0.966487 0.964710
vt 0.929249 0.261900
vt 0.966487 0.964710
vt 0.460053 0.822770
vt 0.786670 0.355597
vt 0.533038 0.790648
vt 0.786670 0.355597
vt 0.038454 0.901598
vt 0.038454 0.901598
vt 0.504699 0.705281
vt 0.038454 0.901598
vt 0.504699 0.705281
vt 0.275042 0.907560
vt 0.275042 0.907560
vt 0.275042 0.907560
vt 0.263431 0.894066
vt 0.983005 0.462776
vt 0.851712 0.634526
vt 0.263431 0.894066
vt 0.059624 0.897253
vt 0.059624 0.897253
vt 0.059624 0.897253
vt 0.059624 0.897253
vt 0.059624 0.897253
vt 0.976547 0.578098
vt 0.280278 0.890151
vt 0.280278 0.890151
vt 0.280278 0.890151
vt 0.800788 0.983043
vt 0.284337 0.903203
vt 0.810185 0.765328
vt 0.284337 0.903203
vt 0.810185 0.765328
vt 0.718404 0.107390
vt 0.045106 0.887784
vt 0.840430 0.001553
vt 0.045106 0.887784
vt 0.792729 0.504793
vt 0.525323 0.271297
vt 0.792729 0.504793
vt 0.833316 0.915622
vt 0.880573 0.003054
vt 0.880573 0.003054
vt 0.880573 0.003054
vt 0.980984 0.141159
vt 0.012038 0.993438
vt 0.800650 0.511334
vt 0.824671 0.004711
vt 0.918427 0.219292
vt 0.983506 0.255921
vt 0.907299 0.907679
vt 0.039095 0.896069
vt 0.039095 0.896069
vt 0.055583 0.905481
vt 0.055583 0.905481
vt 0.055583 0.905481
vt 0.055583 0.905481
vt 0.804946 0.510368
vt 0.981994 0.136794
vt 0.804946 0.510368
vt 0.981994 0.136794
vt 0.804946 0.510368
vt 0.823903 0.007589
vt 0.800140 0.514386
vt 0.823903 0.007589
vt 0.823903 0.007589
vt 0.227763 0.702296
vt 0.822569 0.547769
vt 0.822569 0.547769
vt 0.822569 0.547769
vt 0.895660 0.909615
vt 0.422498 0.934532
vt 0.616537 0.919748
vt 0.616537 0.919748
vt 0.570752 0.680032
vt 0.570752 0.680032
vt 0.758085 0.482558
vt 0.963390 0.061045
vt 0.399945 0.260490
vt 0.399945 0.260490
vt 0.516982 0.762790
vt 0.399945 0.260490
vt 0.422498 0.942274
vt 0.903398 0.909963
vt 0.422498 0.942274
vt 0.422498 0.942274
vt 0.903398 0.909963
vt 0.982076 0.572508
vt 0.107931 0.795645
vt 0.821294 0.010576
vt 0.821294 0.010576
vt 0.107931 0.795645
vt 0.225174 0.668090
vt 0.225174 0.668090
vt 0.328062 0.944450
vt 0.823407 0.513430
vt 0.890843 0.586944
vt 0.947108 0.185570
vt 0.544261 0.822348
vt 0.983251 0.048635
vt 0.792631 0.933000
vt 0.792631 0.933000
vt 0.544261 0.822348
vt 0.792631 0.933000
vt 0.947108 0.185570
vt 0.621672 0.779227
vt 0.914221 0.731223
vt 0.914221 0.731223
vt 0.555750 0.973927
vt 0.983184 0.152999
vt 0.864727 0.635361
vt 0.864727 0.635361
vt 0.864727 0.635361
vt 0.874834 0.920535
vt 0.292447 0.970717
vt 0.292447 0.970717
vt 0.690334 0.976123
vt 0.982369 0.121557
vt 0.941219 0.185784
vt 0.981966 0.054367
vt 0.776892 0.512600
vt 0.776892 0.512600
vt 0.776892 0.512600
vt 0.272368 0.931984
vt 0.891288 0.767401
vt 0.891288 0.767401
vt 0.020543 0.891677
vt 0.272368 0.931984
vt 0.891288 0.767401
vt 0.859053 0.619078
vt 0.859053 0.619078
vt 0.859053 0.619078
vt 0.859053 0.619078
vt 0.859053 0.619078
vt 0.859053 0.619078
vt 0.859480 0.635941
vt 0.859480 0.635941
vt 0.095317 0.809026
vt 0.095317 0.809026
vt 0.095317 0.809026
vt 0.095317 0.809026
vt 0.083570 0.303204
vt 0.083570 0.303204
vt 0.083570 0.303204
vt 0.083570 0.303204
vt 0.801611 0.327899
vt 0.801611 0.327899
vt 0.801611 0.327899
vt 0.801611 0.327899
vt 0.318516 0.749642
vt 0.318516 0.749642
vt 0.318516 0.749642
vt 0.012519 0.760347
vt 0.269392 0.916325
vt 0.012519 0.760347
vt 0.464355 0.264492
vt 0.969573 0.449481
vt 0.273526 0.957939
vt 0.273526 0.957939
vt 0.969573 0.449481
vt 0.393981 0.269678
vt 0.393981 0.269678
vt 0.393981 0.269678
vt 0.837090 0.918373
vt 0.875979 0.002959
vt 0.837090 0.918373
vt 0.875979 0.002959
vt 0.875979 0.002959
vt 0.073806 0.886848
vt 0.073806 0.886848
vt 0.073806 0.886848
vt 0.330100 0.948979
vt 0.084655 0.796031
vt 0.215723 0.989504
vt 0.084655 0.796031
vt 0.330100 0.948979
vt 0.030362 0.405949
vt 0.771532 0.351430
vt 0.030362 0.405949
vt 0.030362 0.405949
vt 0.771532 0.351430
vt 0.801206 0.528543
vt 0.801206 0.528543
vt 0.824628 0.022033
vt 0.801206 0.528543
vt 0.107271 0.809149
vt 0.817999 0.023719
vt 0.290724 0.879986
vt 0.872070 0.003900
vt 0.872070 0.003900
vt 0.290724 0.879986
vt 0.329380 0.949800
vt 0.329380 0.949800
vt 0.891277 0.592300
vt 0.329380 0.949800
vt 0.285643 0.927108
vt 0.877143 0.767891
vt 0.886731 0.619005
vt 0.886731 0.619005
vt 0.028656 0.891252
vt 0.028656 0.891252
vt 0.022184 0.892411
vt 0.022184 0.892411
vt 0.270895 0.930794
vt 0.022184 0.892411
vt 0.875021 0.617571
vt 0.875021 0.617571
vt 0.875021 0.617571
vt 0.899308 0.072776
vt 0.848784 0.398600
vt 0.899308 0.072776
vt 0.899308 0.072776
vt 0.848784 0.398600
vt 0.894044 0.071710
vt 0.894044 0.071710
vt 0.039171 0.818824
vt 0.698317 0.741977
vt 0.039171 0.818824
vt 0.698317 0.741977
vt 0.515040 0.266238
vt 0.517336 0.826642
vt 0.515040 0.266238
vt 0.515040 0.266238
vt 0.515040 0.266238
vt 0.515040 0.266238
vt 0.336158 0.748850
vt 0.336158 0.748850
vt 0.855610 0.380688
vt 0.336158 0.748850
vt 0.817474 0.551629
vt 0.817474 0.551629
vt 0.339991 0.748211
vt 0.851688 0.380564
vt 0.339991 0.748211
vt 0.339991 0.748211
vt 0.851688 0.380564
vt 0.310672 0.749089
vt 0.892555 0.917456
vt 0.310672 0.749089
vt 0.347493 0.873870
vt 0.388739 0.268398
vt 0.559363 0.789576
vt 0.892229 0.072751
vt 0.852243 0.002272
vt 0.856035 0.398600
vt 0.892229 0.072751
vt 0.881060 0.913679
vt 0.322773 0.748971
vt 0.322773 0.748971
vt 0.856282 0.635065
vt 0.322773 0.748971
vt 0.856282 0.635065
vt 0.857787 0.002738
vt 0.861325 0.394146
vt 0.857787 0.002738
vt 0.354528 0.873437
vt 0.354528 0.873437
vt 0.354528 0.873437
vt 0.274373 0.913548
vt 0.006842 0.760080
vt 0.274373 0.913548
vt 0.006842 0.760080
vt 0.887820 0.767374
vt 0.887820 0.767374
vt 0.887820 0.767374
vt 0.108168 0.807486
vt 0.819580 0.022173
vt 0.819580 0.022173
vt 0.834236 0.933376
vt 0.302825 0.881235
vt 0.302825 0.881235
vt 0.370944 0.880325
vt 0.302825 0.881235
vt 0.815014 0.318632
vt 0.815014 0.318632
vt 0.705839 0.729178
vt 0.815014 0.318632
vt 0.574912 0.668316
vt 0.574912 0.668316
vt 0.794595 0.674018
vt 0.794595 0.674018
vt 0.451484 0.264554
vt 0.451484 0.264554
vt 0.823537 0.955217
vt 0.969573 0.462351
vt 0.823537 0.955217
vt 0.882757 0.768811
vt 0.882757 0.768811
vt 0.281250 0.931238
vt 0.882757 0.768811
vt 0.359997 0.874222
vt 0.744987 0.976925
vt 0.890874 0.930035
vt 0.359997 0.874222
vt 0.869871 0.635275
vt 0.286518 0.880861
vt 0.869871 0.635275
vt 0.874885 0.925961
vt 0.837124 0.931342
vt 0.299771 0.880442
vt 0.299771 0.880442
vt 0.103258 0.812164
vt 0.103258 0.812164
vt 0.103258 0.812164
vt 0.103258 0.812164
vt 0.228975 0.676836
vt 0.215386 0.994227
vt 0.228975 0.676836
vt 0.330216 0.953741
vt 0.890843 0.596356
vt 0.273248 0.881950
vt 0.747380 0.979326
vt 0.362761 0.875228
vt 0.886953 0.931719
vt 0.886953 0.931719
vt 0.376730 0.881209
vt 0.376730 0.881209
vt 0.827594 0.933854
vt 0.376730 0.881209
vt 0.827594 0.933854
vt 0.545736 0.790499
vt 0.545736 0.790499
vt 0.545736 0.790499
vt 0.104695 0.369470
vt 0.104695 0.369470
vt 0.104695 0.369470
vt 0.104695 0.369470
vt 0.413242 0.838762
vt 0.722061 0.116363
vt 0.722061 0.116363
vt 0.722061 0.116363
vt 0.722061 0.116363
vt 0.794013 0.678684
vt 0.575766 0.672946
vt 0.575766 0.672946
vt 0.794013 0.678684
vt 0.868519 0.619779
vt 0.885824 0.002356
vt 0.827480 0.915622
vt 0.868519 0.619779
vt 0.866341 0.002004
vt 0.330341 0.748172
vt 0.866341 0.002004
vt 0.330341 0.748172
vt 0.860523 0.385165
vt 0.228256 0.680569
vt 0.228256 0.680569
vt 0.228256 0.680569
vt 0.228256 0.680569
vt 0.373252 0.881303
vt 0.831489 0.933723
vt 0.002667 0.760341
vt 0.002667 0.760341
vt 0.278881 0.913548
vt 0.871625 0.618929
vt 0.871625 0.618929
vt 0.382947 0.881177
vt 0.822351 0.930400
vt 0.822351 0.930400
vt 0.382947 0.881177
vt 0.382947 0.881177
vt 0.822351 0.930400
vt 0.294189 0.881770
vt 0.838902 0.926051
vt 0.844515 0.385439
vt 0.075787 0.889198
vt 0.075787 0.889198
vt 0.820738 0.928604
vt 0.385206 0.880172
vt 0.853880 0.619219
vt 0.084997 0.804458
vt 0.229128 0.680465
vt 0.084997 0.804458
vt 0.215723 0.997836
vt 0.084997 0.804458
vt 0.055249 0.817333
vt 0.055249 0.817333
vt 0.055249 0.817333
vt 0.861662 0.389927
vt 0.861662 0.389927
vt 0.861948 0.001869
vt 0.861662 0.389927
vt 0.861948 0.001869
vt 0.412098 0.826172
vt 0.721310 0.129004
vt 0.412098 0.826172
vt 0.721310 0.129004
vt 0.276740 0.881873
vt 0.276740 0.881873
vt 0.883161 0.932184
vt 0.883161 0.932184
vt 0.034484 0.892995
vt 0.268558 0.918501
vt 0.014043 0.759064
vt 0.034484 0.892995
vt 0.317170 0.309147
vt 0.317170 0.309147
vt 0.317170 0.309147
vt 0.317170 0.309147
vt 0.284958 0.918411
vt 0.284958 0.918411
vt 0.878415 0.619501
vt 0.878415 0.619501
vt 0.319642 0.747479
vt 0.884092 0.914304
vt 0.319642 0.747479
vt 0.884092 0.914304
vt 0.070707 0.889951
vt 0.844197 0.390587
vt 0.070707 0.889951
vt 0.844197 0.390587
vt 0.282548 0.882543
vt 0.878115 0.928776
vt 0.878115 0.928776
vt 0.004266 0.758592
vt 0.277526 0.914693
vt 0.277526 0.914693
vt 0.277526 0.914693
vt 0.277526 0.914693
vt 0.079535 0.889853
vt 0.848347 0.382509
vt 0.342790 0.747513
vt 0.848347 0.382509
vt 0.848347 0.382509
vt 0.856831 0.382452
vt 0.334535 0.747442
vt 0.856831 0.382452
vt 0.856831 0.382452
vt 0.861593 0.634265
vt 0.876599 0.917797
vt 0.861593 0.634265
vt 0.876599 0.917797
vt 0.876599 0.917797
vt 0.876599 0.917797
vt 0.892555 0.924212
vt 0.892555 0.924212
vt 0.892555 0.924212
vt 0.353918 0.875621
vt 0.892555 0.924212
vt 0.284172 0.927694
vt 0.284172 0.927694
vt 0.284172 0.927694
vt 0.284172 0.927694
vt 0.878700 0.769285
vt 0.025207 0.893167
vt 0.025207 0.893167
vt 0.269244 0.928191
vt 0.269244 0.928191
vt 0.821380 0.922311
vt 0.859849 0.620641
vt 0.859849 0.620641
vt 0.837413 0.921061
vt 0.874488 0.001553
vt 0.290301 0.882300
vt 0.837413 0.921061
vt 0.831800 0.916406
vt 0.831800 0.916406
vt 0.881563 0.001601
vt 0.831800 0.916406
vt 0.281952 0.916428
vt 0.875454 0.620641
vt 0.281952 0.916428
vt 0.875454 0.620641
vt 0.301606 0.882729
vt 0.833887 0.931908
vt 0.276782 0.931545
vt 0.886997 0.769415
vt 0.276782 0.931545
vt 0.886997 0.769415
vt 0.801309 0.536839
vt 0.824156 0.030295
vt 0.801309 0.536839
vt 0.050217 0.819396
vt 0.050217 0.819396
vt 0.050217 0.819396
vt 0.050217 0.819396
vt 0.856478 0.001553
vt 0.859506 0.395030
vt 0.859506 0.395030
vt 0.859506 0.395030
vt 0.747807 0.316431
vt 0.827795 0.955786
vt 0.747807 0.316431
vt 0.827795 0.955786
vt 0.973681 0.461361
vt 0.973681 0.461361
vt 0.028650 0.893649
vt 0.268433 0.924809
vt 0.268433 0.924809
vt 0.028650 0.893649
vt 0.852203 0.398561
vt 0.895951 0.073415
vt 0.312891 0.747443
vt 0.890313 0.917009
vt 0.269552 0.958423
vt 0.748299 0.327691
vt 0.973484 0.450104
vt 0.781049 0.362303
vt 0.781049 0.362303
vt 0.837740 0.482352
vt 0.108109 0.812822
vt 0.816731 0.027114
vt 0.108109 0.812822
vt 0.816731 0.027114
vt 0.520045 0.276970
vt 0.520045 0.276970
vt 0.520045 0.276970
vt 0.520045 0.276970
vt 0.124914 0.371880
vt 0.124914 0.371880
vt 0.229780 0.407272
vt 0.229780 0.407272
vt 0.268433 0.968846
vt 0.737816 0.327691
vt 0.290249 0.952544
vt 0.737816 0.327691
vt 0.777906 0.370879
vt 0.777906 0.370879
vt 0.841091 0.474533
vt 0.777906 0.370879
vt 0.083872 0.812656
vt 0.230716 0.688579
vt 0.083872 0.812656
vt 0.230716 0.688579
vt 0.823845 0.961700
vt 0.823845 0.961700
vt 0.777034 0.486408
vt 0.777034 0.486408
vt 0.957156 0.708024
vt 0.451237 0.276417
vt 0.295422 0.965223
vt 0.451237 0.276417
vt 0.823537 0.967225
vt 0.733667 0.178233
vt 0.358640 0.326403
vt 0.733667 0.178233
vt 0.358640 0.326403
vt 0.039016 0.824847
vt 0.039016 0.824847
vt 0.696592 0.736161
vt 0.039016 0.824847
vt 0.696592 0.736161
vt 0.295422 0.952348
vt 0.464090 0.276212
vt 0.273526 0.969726
vt 0.295422 0.952348
vt 0.464090 0.276212
vt 0.464090 0.276212
vt 0.738082 0.316465
vt 0.289623 0.963743
vt 0.829216 0.965406
vt 0.098134 0.830368
vt 0.098134 0.830368
vt 0.635380 0.901347
vt 0.635380 0.901347
vt 0.084740 0.817422
vt 0.084740 0.817422
vt 0.232734 0.692945
vt 0.035841 0.362172
vt 0.035841 0.362172
vt 0.770119 0.396123
vt 0.035841 0.362172
vt 0.801234 0.543425
vt 0.823812 0.036837
vt 0.823812 0.036837
vt 0.060862 0.821383
vt 0.060862 0.821383
vt 0.814754 0.029949
vt 0.814754 0.029949
vt 0.108471 0.815982
vt 0.813373 0.041595
vt 0.813373 0.041595
vt 0.813373 0.041595
vt 0.813373 0.041595
vt 0.813373 0.041595
vt 0.835743 0.883892
vt 0.690989 0.921060
vt 0.835743 0.883892
vt 0.835743 0.883892
vt 0.691924 0.928319
vt 0.099470 0.930565
vt 0.691924 0.928319
vt 0.827620 0.883274
vt 0.824888 0.879371
vt 0.824888 0.879371
vt 0.824888 0.879371
vt 0.251633 0.875312
vt 0.251633 0.875312
vt 0.236116 0.868028
vt 0.236116 0.868028
vt 0.236116 0.868028
vt 0.053323 0.918426
vt 0.243250 0.867112
vt 0.053323 0.918426
vt 0.053323 0.918426
vt 0.243250 0.867112
vt 0.324956 0.916562
vt 0.053430 0.934610
vt 0.227054 0.872649
vt 0.053430 0.934610
vt 0.232500 0.895381
vt 0.232500 0.895381
vt 0.232500 0.895381
vt 0.225218 0.886101
vt 0.324945 0.930042
vt 0.324945 0.930042
vt 0.847241 0.878781
vt 0.691471 0.908475
vt 0.691471 0.908475
vt 0.847241 0.878781
vt 0.841414 0.855565
vt 0.841414 0.855565
vt 0.841414 0.855565
vt 0.841414 0.855565
vt 0.841414 0.855565
vt 0.849142 0.871113
vt 0.849142 0.871113
vt 0.258137 0.684022
vt 0.053430 0.912800
vt 0.053430 0.912800
vt 0.248870 0.869913
vt 0.248870 0.869913
vt 0.251576 0.872683
vt 0.255420 0.684606
vt 0.251576 0.872683
vt 0.255420 0.684606
vt 0.251860 0.685211
vt 0.251860 0.685211
vt 0.253426 0.876291
vt 0.248963 0.686070
vt 0.254380 0.879288
vt 0.691609 0.904734
vt 0.765857 0.682921
vt 0.849577 0.874650
vt 0.849577 0.874650
vt 0.324850 0.919307
vt 0.225174 0.875375
vt 0.324850 0.919307
vt 0.324850 0.919307
vt 0.053142 0.927169
vt 0.053142 0.927169
vt 0.053142 0.927169
vt 0.234508 0.867099
vt 0.247073 0.895386
vt 0.247073 0.895386
vt 0.247073 0.895386
vt 0.247073 0.895386
vt 0.126756 0.928911
vt 0.820866 0.862759
vt 0.099333 0.909022
vt 0.820866 0.862759
vt 0.099333 0.909022
vt 0.820738 0.867435
vt 0.820738 0.867435
vt 0.099470 0.913274
vt 0.042115 0.365614
vt 0.042115 0.365614
vt 0.237824 0.688196
vt 0.237824 0.688196
vt 0.253359 0.890626
vt 0.253359 0.890626
vt 0.253359 0.890626
vt 0.099175 0.920070
vt 0.099175 0.920070
vt 0.099175 0.920070
vt 0.820966 0.874698
vt 0.691828 0.918926
vt 0.838372 0.884688
vt 0.691828 0.918926
vt 0.691906 0.925486
vt 0.691906 0.925486
vt 0.831272 0.884688
vt 0.099299 0.924106
vt 0.822490 0.878437
vt 0.099299 0.924106
vt 0.822490 0.878437
vt 0.099299 0.924106
vt 0.126671 0.914662
vt 0.126671 0.914662
vt 0.832074 0.852740
vt 0.780860 0.684886
vt 0.780860 0.684886
vt 0.846959 0.859301
vt 0.244076 0.898056
vt 0.244076 0.898056
vt 0.347493 0.924854
vt 0.244076 0.898056
vt 0.347493 0.924854
vt 0.785268 0.685619
vt 0.785268 0.685619
vt 0.844220 0.855618
vt 0.347670 0.934239
vt 0.234689 0.898056
vt 0.347670 0.934239
vt 0.234689 0.898056
vt 0.347579 0.939031
vt 0.229938 0.895233
vt 0.817632 0.943913
vt 0.972480 0.672515
vt 0.229938 0.895233
vt 0.126466 0.909239
vt 0.838158 0.853167
vt 0.789893 0.686210
vt 0.838158 0.853167
vt 0.769712 0.683815
vt 0.769712 0.683815
vt 0.850546 0.869927
vt 0.850546 0.869927
vt 0.324956 0.936347
vt 0.969785 0.673419
vt 0.227145 0.892406
vt 0.126532 0.922388
vt 0.824973 0.855782
vt 0.126532 0.922388
vt 0.233284 0.689138
vt 0.249606 0.895267
vt 0.233284 0.689138
vt 0.347505 0.919365
vt 0.249606 0.895267
vt 0.347505 0.919365
vt 0.691761 0.913226
vt 0.691761 0.913226
vt 0.843592 0.882395
vt 0.052427 0.922912
vt 0.052427 0.922912
vt 0.052427 0.922912
vt 0.400817 0.292336
vt 0.400817 0.292336
vt 0.400817 0.292336
vt 0.770002 0.485860
vt 0.959484 0.715426
vt 0.711084 0.130146
vt 0.959484 0.715426
vt 0.959484 0.715426
vt 0.508141 0.295771
vt 0.508141 0.295771
vt 0.508141 0.295771
vt 0.547180 0.809880
vt 0.635930 0.868440
vt 0.547180 0.809880
vt 0.635930 0.868440
vt 0.719942 0.132202
vt 0.414818 0.822693
vt 0.957471 0.726601
vt 0.674642 0.723269
vt 0.414818 0.822693
vt 0.719942 0.132202
vt 0.124773 0.927848
vt 0.097293 0.907326
vt 0.124773 0.927848
vt 0.790245 0.690629
vt 0.061599 0.826987
vt 0.061599 0.826987
vt 0.061599 0.826987
vt 0.790245 0.690629
vt 0.055329 0.838331
vt 0.055329 0.838331
vt 0.442812 0.918103
vt 0.107598 0.819323
vt 0.812949 0.033144
vt 0.812949 0.033144
vt 0.107598 0.819323
vt 0.107598 0.819323
vt 0.083544 0.912698
vt 0.443315 0.936756
vt 0.443315 0.936756
vt 0.110853 0.930997
vt 0.233751 0.698621
vt 0.083261 0.823075
vt 0.083261 0.823075
vt 0.033483 0.983055
vt 0.363063 0.924322
vt 0.089608 0.829956
vt 0.363063 0.924322
vt 0.363063 0.924322
vt 0.643860 0.899736
vt 0.089608 0.829956
vt 0.707236 0.915702
vt 0.707236 0.915702
vt 0.140297 0.968092
vt 0.707236 0.915702
vt 0.779937 0.485664
vt 0.954315 0.706684
vt 0.707236 0.915702
vt 0.263894 0.698977
vt 0.037750 0.916346
vt 0.555094 0.809660
vt 0.643860 0.869532
vt 0.555094 0.809660
vt 0.263894 0.698977
vt 0.643860 0.869532
vt 0.983815 0.551199
vt 0.555094 0.809660
vt 0.111025 0.910773
vt 0.446571 0.916046
vt 0.446571 0.916046
vt 0.111025 0.910773
vt 0.110853 0.907674
vt 0.450175 0.914269
vt 0.785497 0.701318
vt 0.785497 0.701318
vt 0.785497 0.701318
vt 0.785497 0.701318
vt 0.132301 0.990306
vt 0.708725 0.995251
vt 0.254145 0.701011
vt 0.663650 0.834192
vt 0.362973 0.931340
vt 0.636849 0.900397
vt 0.636849 0.900397
vt 0.037755 0.919252
vt 0.037755 0.919252
vt 0.640962 0.869893
vt 0.037675 0.930256
vt 0.630003 0.871975
vt 0.630003 0.871975
vt 0.630003 0.871975
vt 0.143245 0.958753
vt 0.143245 0.958753
vt 0.707086 0.906654
vt 0.143245 0.958753
vt 0.707086 0.906654
vt 0.763145 0.698194
vt 0.037675 0.925037
vt 0.635173 0.869825
vt 0.037675 0.925037
vt 0.037675 0.925037
vt 0.131200 0.989504
vt 0.665163 0.834488
vt 0.398968 0.289528
vt 0.665163 0.834488
vt 0.770225 0.700418
vt 0.868422 0.149594
vt 0.770225 0.700418
vt 0.140297 0.950727
vt 0.868422 0.149594
vt 0.770225 0.700418
vt 0.731133 0.132953
vt 0.362972 0.370733
vt 0.731133 0.132953
vt 0.093906 0.830349
vt 0.639586 0.901553
vt 0.639586 0.901553
vt 0.048604 0.838986
vt 0.048604 0.838986
vt 0.048604 0.838986
vt 0.439722 0.924116
vt 0.048604 0.838986
vt 0.439722 0.924116
vt 0.038196 0.832567
vt 0.693391 0.728887
vt 0.257602 0.700405
vt 0.708439 0.991761
vt 0.983815 0.542177
vt 0.309386 0.933312
vt 0.309386 0.933312
vt 0.625139 0.891868
vt 0.810152 0.959057
vt 0.972480 0.688709
vt 0.625139 0.891868
vt 0.625139 0.891868
vt 0.707266 0.920617
vt 0.957127 0.710763
vt 0.707266 0.920617
vt 0.707266 0.920617
vt 0.957127 0.710763
vt 0.106429 0.825045
vt 0.106429 0.825045
vt 0.788031 0.375468
vt 0.625004 0.875265
vt 0.788031 0.375468
vt 0.536192 0.810486
vt 0.625004 0.875265
vt 0.039140 0.834401
vt 0.039140 0.834401
vt 0.108050 0.825267
vt 0.108050 0.825267
vt 0.811903 0.038896
vt 0.629840 0.870673
vt 0.629840 0.870673
vt 0.541070 0.810149
vt 0.541070 0.810149
vt 0.629840 0.870673
vt 0.783246 0.702466
vt 0.783246 0.702466
vt 0.783246 0.702466
vt 0.957858 0.720452
vt 0.083832 0.929244
vt 0.083832 0.929244
vt 0.707525 0.928319
vt 0.957858 0.720452
vt 0.131200 0.996182
vt 0.393028 0.288280
vt 0.560855 0.809366
vt 0.708725 0.989504
vt 0.393028 0.288280
vt 0.982700 0.544195
vt 0.704926 0.717407
vt 0.704926 0.717407
vt 0.815697 0.330577
vt 0.062631 0.830966
vt 0.790372 0.694713
vt 0.790372 0.694713
vt 0.514988 0.298316
vt 0.866373 0.155926
vt 0.514988 0.298316
vt 0.866373 0.155926
vt 0.866373 0.155926
vt 0.083261 0.921610
vt 0.450175 0.943153
vt 0.677843 0.722903
vt 0.677843 0.722903
vt 0.083261 0.921610
vt 0.954315 0.727920
vt 0.442932 0.919988
vt 0.111154 0.915860
vt 0.442932 0.919988
vt 0.111154 0.915860
vt 0.442932 0.919988
vt 0.308940 0.923382
vt 0.308940 0.923382
vt 0.623120 0.881969
vt 0.623120 0.881969
vt 0.363101 0.935604
vt 0.817632 0.959513
vt 0.632571 0.899206
vt 0.632571 0.899206
vt 0.239587 0.703695
vt 0.239587 0.703695
vt 0.033483 0.974639
vt 0.239587 0.703695
vt 0.239587 0.703695
vt 0.837025 0.467661
vt 0.793383 0.043434
vt 0.793383 0.043434
vt 0.621479 0.881488
vt 0.793383 0.043434
vt 0.837025 0.467661
vt 0.837025 0.467661
vt 0.782024 0.376874
vt 0.837025 0.467661
vt 0.823230 0.059329
vt 0.800383 0.566054
vt 0.823230 0.059329
vt 0.044937 0.839210
vt 0.044937 0.839210
vt 0.439296 0.927968
vt 0.439296 0.927968
vt 0.439296 0.927968
vt 0.083415 0.828651
vt 0.234516 0.704111
vt 0.234516 0.704111
vt 0.234516 0.704111
vt 0.141452 0.949946
vt 0.141452 0.949946
vt 0.515691 0.291027
vt 0.867265 0.148646
vt 0.799003 0.058849
vt 0.799003 0.058849
vt 0.237620 0.704609
vt 0.363519 0.919365
vt 0.034168 0.977065
vt 0.034168 0.977065
vt 0.144315 0.961085
vt 0.787905 0.485815
vt 0.787905 0.485815
vt 0.144315 0.961085
vt 0.787905 0.485815
vt 0.035337 0.976856
vt 0.083654 0.829935
vt 0.236907 0.704940
vt 0.035337 0.976856
vt 0.236907 0.704940
vt 0.083654 0.829935
vt 0.236907 0.704940
vt 0.236907 0.704940
vt 0.705735 0.721637
vt 0.814899 0.326156
vt 0.814899 0.326156
vt 0.110940 0.924459
vt 0.110940 0.924459
vt 0.110940 0.924459
vt 0.440156 0.928167
vt 0.060140 0.837475
vt 0.446996 0.914683
vt 0.446996 0.914683
vt 0.060140 0.837475
vt 0.788344 0.700862
vt 0.626067 0.875904
vt 0.626067 0.875904
vt 0.309131 0.917362
vt 0.309131 0.917362
vt 0.037589 0.934284
vt 0.106648 0.831864
vt 0.106648 0.831864
vt 0.626622 0.896058
vt 0.626622 0.896058
vt 0.626622 0.896058
vt 0.107303 0.829032
vt 0.808741 0.042302
vt 0.107303 0.829032
vt 0.107303 0.829032
vt 0.061318 0.834401
vt 0.061318 0.834401
vt 0.037705 0.838044
vt 0.037705 0.838044
vt 0.690912 0.723747
vt 0.690912 0.723747
vt 0.108471 0.832650
vt 0.809069 0.045834
vt 0.809069 0.045834
vt 0.624747 0.897284
vt 0.144351 0.957351
vt 0.522625 0.290357
vt 0.790818 0.485716
vt 0.144351 0.957351
vt 0.522625 0.290357
vt 0.144351 0.957351
vt 0.141866 0.952442
vt 0.768116 0.699066
vt 0.768116 0.699066
vt 0.794813 0.724423
vt 0.794813 0.724423
vt 0.794813 0.724423
vt 0.794813 0.724423
vt 0.440724 0.934311
vt 0.039808 0.839703
vt 0.039808 0.839703
vt 0.440724 0.934311
vt 0.690181 0.721526
vt 0.037589 0.840358
vt 0.439658 0.936310
vt 0.690181 0.721526
vt 0.787824 0.702878
vt 0.062207 0.839436
vt 0.787824 0.702878
vt 0.062207 0.839436
vt 0.787824 0.702878
vt 0.787824 0.702878
vt 0.781932 0.397552
vt 0.840137 0.447372
vt 0.840137 0.447372
vt 0.840137 0.447372
vt 0.255049 0.710617
vt 0.665401 0.843691
vt 0.255049 0.710617
vt 0.665401 0.843691
vt 0.399482 0.298769
vt 0.666387 0.843808
vt 0.666387 0.843808
vt 0.399482 0.298769
vt 0.768787 0.727014
vt 0.768787 0.727014
vt 0.868422 0.176657
vt 0.052596 0.313916
vt 0.838853 0.444470
vt 0.838853 0.444470
vt 0.838853 0.444470
vt 0.674393 0.697564
vt 0.414658 0.797184
vt 0.674393 0.697564
vt 0.293262 0.342516
vt 0.293262 0.342516
vt 0.073350 0.284181
vt 0.227898 0.748289
vt 0.227898 0.748289
vt 0.816186 0.593836
vt 0.227898 0.748289
vt 0.816186 0.593836
vt 0.240038 0.732000
vt 0.705233 0.704671
vt 0.816912 0.343384
vt 0.705233 0.704671
vt 0.705233 0.704671
vt 0.231580 0.733512
vt 0.231580 0.733512
vt 0.822600 0.062901
vt 0.822600 0.062901
vt 0.822600 0.062901
vt 0.822600 0.062901
vt 0.822600 0.062901
vt 0.704719 0.697703
vt 0.704719 0.697703
vt 0.511954 0.325080
vt 0.437560 0.788054
vt 0.511954 0.325080
vt 0.768656 0.734130
vt 0.867665 0.183711
vt 0.511954 0.325080
vt 0.768656 0.734130
vt 0.768656 0.734130
vt 0.788144 0.732054
vt 0.788144 0.732054
vt 0.788144 0.732054
vt 0.415242 0.794704
vt 0.679167 0.694431
vt 0.679167 0.694431
vt 0.800140 0.570805
vt 0.823451 0.064094
vt 0.823451 0.064094
vt 0.801161 0.575898
vt 0.801161 0.575898
vt 0.823866 0.069397
vt 0.823866 0.069397
vt 0.823743 0.087012
vt 0.801477 0.593442
vt 0.823743 0.087012
vt 0.721331 0.168723
vt 0.412309 0.786759
vt 0.721331 0.168723
vt 0.412309 0.786759
vt 0.412309 0.786759
vt 0.721331 0.168723
vt 0.802963 0.367615
vt 0.799744 0.744679
vt 0.802963 0.367615
vt 0.402602 0.323975
vt 0.402602 0.323975
vt 0.668577 0.869584
vt 0.668577 0.869584
vt 0.039011 0.345751
vt 0.837960 0.432422
vt 0.791992 0.078853
vt 0.837960 0.432422
vt 0.837960 0.432422
vt 0.407446 0.324710
vt 0.407446 0.324710
vt 0.037583 0.345954
vt 0.037583 0.345954
vt 0.037583 0.345954
vt 0.770135 0.412568
vt 0.667028 0.861565
vt 0.667028 0.861565
vt 0.793528 0.081062
vt 0.793528 0.081062
vt 0.793528 0.081062
vt 0.793528 0.081062
vt 0.802996 0.602510
vt 0.824251 0.096380
vt 0.824251 0.096380
vt 0.802996 0.602510
vt 0.125570 0.311224
vt 0.222978 0.467380
vt 0.222978 0.467380
vt 0.813893 0.382213
vt 0.706960 0.665171
vt 0.813893 0.382213
vt 0.813893 0.382213
vt 0.347231 0.273770
vt 0.347231 0.273770
vt 0.347231 0.273770
vt 0.347231 0.273770
vt 0.255966 0.751291
vt 0.255966 0.751291
vt 0.665835 0.885409
vt 0.255966 0.751291
vt 0.665835 0.885409
vt 0.243524 0.754070
vt 0.507094 0.334623
vt 0.507094 0.334623
vt 0.326181 0.271370
vt 0.326181 0.271370
vt 0.326181 0.271370
vt 0.809709 0.615985
vt 0.225174 0.770589
vt 0.809709 0.615985
vt 0.417423 0.771401
vt 0.675429 0.671461
vt 0.417423 0.771401
vt 0.417423 0.771401
vt 0.234140 0.755095
vt 0.234140 0.755095
vt 0.772238 0.746354
vt 0.772238 0.746354
vt 0.791948 0.748585
vt 0.791948 0.748585
vt 0.791948 0.748585
vt 0.791948 0.748585
vt 0.668311 0.881394
vt 0.404208 0.335130
vt 0.668311 0.881394
vt 0.820018 0.420434
vt 0.948947 0.717741
vt 0.705006 0.665268
vt 0.705006 0.665268
vt 0.823247 0.108911
vt 0.823247 0.108911
vt 0.823247 0.108911
vt 0.823247 0.108911
vt 0.787150 0.762706
vt 0.787150 0.762706
vt 0.838156 0.412443
vt 0.838156 0.412443
vt 0.838156 0.412443
vt 0.838156 0.412443
vt 0.938436 0.601485
vt 0.792436 0.100342
vt 0.835595 0.411061
vt 0.835595 0.411061
vt 0.792436 0.100342
vt 0.935742 0.602292
vt 0.802249 0.779365
vt 0.810166 0.402362
vt 0.949531 0.596557
vt 0.810166 0.402362
vt 0.802249 0.779365
vt 0.802249 0.779365
vt 0.293524 0.322334
vt 0.293524 0.322334
vt 0.357473 0.311210
vt 0.734464 0.193709
vt 0.366240 0.912302
vt 0.476206 0.390430
vt 0.772849 0.755589
vt 0.772849 0.755589
vt 0.772849 0.755589
vt 0.419906 0.763736
vt 0.419906 0.763736
vt 0.419906 0.763736
vt 0.974906 0.706684
vt 0.674935 0.663836
vt 0.417934 0.760468
vt 0.417934 0.760468
vt 0.417934 0.760468
vt 0.411707 0.361078
vt 0.411707 0.361078
vt 0.411707 0.361078
vt 0.689352 0.656923
vt 0.689352 0.656923
vt 0.974906 0.722555
vt 0.430638 0.766572
vt 0.506847 0.346638
vt 0.426809 0.766328
vt 0.426809 0.766328
vt 0.770050 0.756739
vt 0.951087 0.559597
vt 0.804903 0.617515
vt 0.804903 0.617515
vt 0.804903 0.617515
vt 0.824620 0.111732
vt 0.804903 0.617515
vt 0.427466 0.763818
vt 0.427466 0.763818
vt 0.427466 0.763818
vt 0.427466 0.763818
vt 0.427466 0.763818
vt 0.227674 0.779022
vt 0.227674 0.779022
vt 0.227674 0.779022
vt 0.227674 0.779022
vt 0.042360 0.321248
vt 0.042360 0.321248
vt 0.042360 0.321248
vt 0.779857 0.448782
vt 0.841091 0.396756
vt 0.929407 0.604535
vt 0.253752 0.760850
vt 0.929407 0.604535
vt 0.947155 0.731037
vt 0.663650 0.895413
vt 0.808334 0.390542
vt 0.802279 0.767636
vt 0.808334 0.390542
vt 0.811442 0.115764
vt 0.811442 0.115764
vt 0.811442 0.115764
vt 0.929380 0.601165
vt 0.829362 0.408018
vt 0.829362 0.408018
vt 0.929380 0.601165
vt 0.950683 0.731037
vt 0.931966 0.602784
vt 0.931966 0.602784
vt 0.931966 0.602784
vt 0.832030 0.408192
vt 0.421138 0.763790
vt 0.976278 0.706972
vt 0.946118 0.562555
vt 0.675613 0.663820
vt 0.421138 0.763790
vt 0.421138 0.763790
vt 0.772945 0.759996
vt 0.948192 0.563918
vt 0.948192 0.563918
vt 0.948192 0.563918
vt 0.784491 0.768478
vt 0.784491 0.768478
vt 0.950924 0.576236
vt 0.950924 0.576236
vt 0.933095 0.604592
vt 0.238248 0.776102
vt 0.238248 0.776102
vt 0.932509 0.622922
vt 0.042312 0.301974
vt 0.767727 0.457491
vt 0.767727 0.457491
vt 0.042312 0.301974
vt 0.767727 0.457491
vt 0.767727 0.457491
vt 0.934107 0.612002
vt 0.800766 0.110754
vt 0.800766 0.110754
vt 0.934107 0.612002
vt 0.822034 0.122232
vt 0.822034 0.122232
vt 0.822034 0.122232
vt 0.822034 0.122232
vt 0.822034 0.122232
vt 0.244964 0.772178
vt 0.932456 0.615561
vt 0.244964 0.772178
vt 0.932456 0.615561
vt 0.682029 0.658935
vt 0.946953 0.569609
vt 0.946953 0.569609
vt 0.946953 0.569609
vt 0.682029 0.658935
vt 0.946953 0.569609
vt 0.795192 0.774921
vt 0.795192 0.774921
vt 0.951087 0.588163
vt 0.795192 0.774921
vt 0.707835 0.650262
vt 0.707835 0.650262
vt 0.812101 0.396762
vt 0.707835 0.650262
vt 0.410968 0.366683
vt 0.833036 0.389672
vt 0.314392 0.255121
vt 0.314392 0.255121
vt 0.420626 0.746657
vt 0.420626 0.746657
vt 0.420626 0.746657
vt 0.835548 0.391069
vt 0.412098 0.748489
vt 0.412098 0.748489
vt 0.724980 0.207797
vt 0.724980 0.207797
vt 0.417034 0.741110
vt 0.417034 0.741110
vt 0.417034 0.741110
vt 0.417034 0.741110
vt 0.417034 0.741110
vt 0.780461 0.767346
vt 0.948683 0.572580
vt 0.948683 0.572580
vt 0.934647 0.629999
vt 0.232033 0.780324
vt 0.934647 0.629999
vt 0.934647 0.629999
vt 0.824671 0.117434
vt 0.805742 0.623084
vt 0.824671 0.117434
vt 0.807178 0.115664
vt 0.807178 0.115664
vt 0.935759 0.619203
vt 0.936914 0.636784
vt 0.807799 0.627843
vt 0.225691 0.782306
vt 0.807799 0.627843
vt 0.225691 0.782306
vt 0.807799 0.627843
vt 0.704602 0.644800
vt 0.704602 0.644800
vt 0.947156 0.594858
vt 0.704602 0.644800
vt 0.357779 0.299244
vt 0.734657 0.205710
vt 0.734657 0.205710
vt 0.734657 0.205710
vt 0.734657 0.205710
vt 0.357779 0.299244
vt 0.948384 0.577174
vt 0.948384 0.577174
vt 0.947499 0.587432
vt 0.947499 0.587432
vt 0.697933 0.647807
vt 0.947499 0.587432
vt 0.691989 0.651048
vt 0.947422 0.580855
vt 0.691989 0.651048
vt 0.947422 0.580855
vt 0.947422 0.580855
vt 0.788883 0.773102
vt 0.949857 0.581750
vt 0.934190 0.617604
vt 0.934190 0.617604
vt 0.257764 0.960044
vt 0.422693 0.746945
vt 0.422693 0.746945
vt 0.502651 0.366364
vt 0.366240 0.884408
vt 0.934361 0.624591
vt 0.934361 0.624591
vt 0.934361 0.624591
vt 0.934361 0.624591
vt 0.706903 0.644583
vt 0.811645 0.402501
vt 0.948108 0.596982
vt 0.948108 0.596982
vt 0.820418 0.122905
vt 0.937707 0.633542
vt 0.820418 0.122905
vt 0.937707 0.633542
vt 0.936276 0.624629
vt 0.812172 0.118606
vt 0.936276 0.624629
vt 0.806472 0.629236
vt 0.938436 0.636270
vt 0.823038 0.123453
vt 0.823038 0.123453
vt 0.838366 0.385484
vt 0.838366 0.385484
vt 0.948916 0.587228
vt 0.948916 0.587228
vt 0.774644 0.463474
vt 0.774644 0.463474
vt 0.774644 0.463474
vt 0.948948 0.591091
vt 0.796977 0.778042
vt 0.948948 0.591091
vt 0.948948 0.591091
vt 0.948948 0.591091
vt 0.736085 0.216402
vt 0.356280 0.288937
vt 0.736085 0.216402
vt 0.736085 0.216402
vt 0.053594 0.262332
vt 0.053594 0.262332
vt 0.339354 0.954450
vt 0.412716 0.736158
vt 0.727690 0.220562
vt 0.727690 0.220562
vt 0.412716 0.736158
vt 0.339354 0.954450
vt 0.727690 0.220562
vt 0.254488 0.951944
vt 0.418794 0.738933
vt 0.418794 0.738933
vt 0.778020 0.463822
vt 0.840164 0.381953
vt 0.694721 0.950728
vt 0.778020 0.463822
vt 0.840164 0.381953
vt 0.430802 0.380647
vt 0.430802 0.380647
vt 0.413364 0.373182
vt 0.413364 0.373182
vt 0.836611 0.383400
vt 0.836611 0.383400
vt 0.766393 0.472096
vt 0.847167 0.968211
vt 0.694721 0.964531
vt 0.766393 0.472096
vt 0.967509 0.064150
vt 0.335133 0.964749
vt 0.335133 0.964749
vt 0.484411 0.384685
vt 0.257764 0.934192
vt 0.368009 0.904187
vt 0.254296 0.946382
vt 0.417011 0.734858
vt 0.335133 0.953461
vt 0.417011 0.734858
vt 0.417358 0.377299
vt 0.417358 0.377299
vt 0.697570 0.952131
vt 0.838321 0.379421
vt 0.337546 0.954710
vt 0.337546 0.954710
vt 0.414411 0.733917
vt 0.337546 0.954710
vt 0.696967 0.961443
vt 0.843953 0.966844
vt 0.843953 0.966844
vt 0.847000 0.958159
vt 0.041216 0.277312
vt 0.763309 0.482558
vt 0.847000 0.958159
vt 0.041216 0.277312
vt 0.431743 0.391529
vt 0.337220 0.965036
vt 0.968538 0.066476
vt 0.968538 0.066476
vt 0.973206 0.066430
vt 0.341259 0.964676
vt 0.736422 0.228267
vt 0.842438 0.963748
vt 0.429612 0.385529
vt 0.700256 0.964282
vt 0.842438 0.963748
vt 0.361607 0.270375
vt 0.739107 0.234872
vt 0.967509 0.070244
vt 0.481838 0.389813
vt 0.325900 0.212238
vt 0.325900 0.212238
vt 0.437492 0.400468
vt 0.847167 0.949262
vt 0.282406 0.152951
vt 0.918655 0.001553
vt 0.108445 0.260481
vt 0.108445 0.260481
vt 0.345192 0.241523
vt 0.345192 0.241523
vt 0.476371 0.419787
vt 0.293594 0.228260
vt 0.293594 0.228260
vt 0.293594 0.228260
vt 0.469584 0.434024
vt 0.343897 0.227294
vt 0.469584 0.434024
vt 0.216284 0.520199
vt 0.216284 0.520199
vt 0.216284 0.520199
vt 0.088595 0.248987
vt 0.088595 0.248987
vt 0.213717 0.584330
vt 0.122648 0.192633
vt 0.213717 0.584330
vt 0.058531 0.244637
vt 0.436820 0.425999
vt 0.058531 0.244637
vt 0.436820 0.425999
vt 0.442646 0.438226
vt 0.059363 0.232490
vt 0.442646 0.438226
vt 0.442646 0.438226
vt 0.304365 0.161388
vt 0.304365 0.161388
vt 0.304365 0.161388
vt 0.304365 0.161388
vt 0.077384 0.227558
vt 0.077384 0.227558
vt 0.069387 0.234024
vt 0.069387 0.234024
vt 0.069387 0.234024
vt 0.473273 0.433433
vt 0.342113 0.228049
vt 0.342113 0.228049
vt 0.473273 0.433433
vt 0.184910 0.555534
vt 0.184910 0.555534
vt 0.275594 0.210081
vt 0.330835 0.199519
vt 0.330835 0.199519
vt 0.444029 0.473215
vt 0.444029 0.473215
vt 0.536372 0.827311
vt 0.465744 0.480437
vt 0.335148 0.181385
vt 0.465744 0.480437
vt 0.210016 0.573612
vt 0.210016 0.573612
vt 0.210016 0.573612
vt 0.092593 0.173556
vt 0.092593 0.173556
vt 0.092593 0.173556
vt 0.092593 0.173556
vt 0.110265 0.207614
vt 0.110265 0.207614
vt 0.276123 0.193504
vt 0.186538 0.571981
vt 0.276123 0.193504
vt 0.186538 0.571981
vt 0.090620 0.115479
vt 0.090620 0.115479
vt 0.446234 0.558053
vt 0.529847 0.913088
vt 0.973441 0.774091
vt 0.090620 0.115479
vt 0.292568 0.139979
vt 0.307236 0.097631
vt 0.307236 0.097631
vt 0.205451 0.615297
vt 0.205451 0.615297
vt 0.127116 0.161949
vt 0.205451 0.615297
vt 0.205451 0.615297
vt 0.112710 0.147585
vt 0.112710 0.147585
vt 0.450178 0.537813
vt 0.450178 0.537813
vt 0.536138 0.892136
vt 0.097304 0.110965
vt 0.097304 0.110965
vt 0.191514 0.616842
vt 0.277711 0.148275
vt 0.191514 0.616842
vt 0.191514 0.616842
vt 0.277711 0.148275
vt 0.285729 0.083739
vt 0.285729 0.083739
vt 0.285729 0.083739
vt 0.918655 0.070462
vt 0.459659 0.528067
vt 0.326978 0.134196
vt 0.459659 0.528067
vt 0.459659 0.528067
vt 0.196830 0.617438
vt 0.200439 0.618002
vt 0.312419 0.100666
vt 0.312419 0.100666
vt 0.312419 0.100666
vt 0.463572 0.562632
vt 0.312419 0.100666
vt 0.312419 0.100666
vt 0.700256 0.967637
vt 0.964139 0.400688
vt 0.700256 0.967637
vt 0.604313 0.943637
vt 0.596647 0.945961
vt 0.698829 0.975198
vt 0.660078 0.926347
vt 0.698829 0.975198
vt 0.201658 0.623721
vt 0.201658 0.623721
vt 0.945756 0.866400
vt 0.201658 0.623721
vt 0.888661 0.624094
vt 0.945756 0.866400
vt 0.120438 0.110812
vt 0.120438 0.110812
vt 0.206037 0.664984
vt 0.120438 0.110812
vt 0.195902 0.623185
vt 0.654746 0.923488
vt 0.195902 0.623185
vt 0.654746 0.923488
vt 0.889237 0.629912
vt 0.195902 0.623185
vt 0.195902 0.623185
vt 0.654746 0.923488
vt 0.964139 0.412043
vt 0.603900 0.953030
vt 0.603900 0.953030
vt 0.964139 0.412043
vt 0.603900 0.953030
vt 0.891288 0.624731
vt 0.943853 0.868477
vt 0.695440 0.968674
vt 0.695440 0.968674
vt 0.943853 0.868477
vt 0.943853 0.868477
vt 0.980937 0.087272
vt 0.695440 0.968674
vt 0.891288 0.631159
vt 0.695741 0.975094
vt 0.656298 0.925168
vt 0.656298 0.925168
vt 0.945338 0.881883
vt 0.980937 0.099159
vt 0.967244 0.416505
vt 0.377795 0.949426
vt 0.284432 0.993271
vt 0.377795 0.949426
vt 0.945338 0.881883
vt 0.967244 0.416505
vt 0.202037 0.628153
vt 0.127680 0.149025
vt 0.202037 0.628153
vt 0.788854 0.146866
vt 0.943547 0.643845
vt 0.943547 0.643845
vt 0.949905 0.867979
vt 0.695129 0.967637
vt 0.968223 0.403803
vt 0.980027 0.088099
vt 0.655306 0.931862
vt 0.655306 0.931862
vt 0.655306 0.931862
vt 0.655306 0.931862
vt 0.194290 0.628181
vt 0.781129 0.146285
vt 0.649573 0.924129
vt 0.925174 0.018836
vt 0.277397 0.136932
vt 0.951290 0.643838
vt 0.951290 0.643838
vt 0.597343 0.959015
vt 0.347493 0.964447
vt 0.416738 0.984255
vt 0.597343 0.959015
vt 0.655959 0.941999
vt 0.961544 0.982527
vt 0.655092 0.926953
vt 0.655092 0.926953
vt 0.942954 0.885276
vt 0.985211 0.287842
vt 0.352806 0.964707
vt 0.375852 0.953479
vt 0.352806 0.964707
vt 0.375852 0.953479
vt 0.602656 0.959015
vt 0.964262 0.419385
vt 0.950454 0.645877
vt 0.650592 0.925933
vt 0.950454 0.645877
vt 0.650592 0.925933
vt 0.949271 0.868804
vt 0.943975 0.644867
vt 0.943975 0.644867
vt 0.949271 0.868804
vt 0.946197 0.878058
vt 0.946197 0.878058
vt 0.653836 0.938181
vt 0.653836 0.938181
vt 0.585011 0.989504
vt 0.653836 0.938181
vt 0.952582 0.833062
vt 0.961544 0.977802
vt 0.650235 0.931351
vt 0.949861 0.650769
vt 0.650235 0.931351
vt 0.949861 0.650769
vt 0.949210 0.644505
vt 0.949210 0.644505
vt 0.949210 0.644505
vt 0.379550 0.950847
vt 0.379550 0.950847
vt 0.939316 0.991831
vt 0.195655 0.970874
vt 0.347656 0.967655
vt 0.653919 0.945300
vt 0.653919 0.945300
vt 0.689739 0.989504
vt 0.944199 0.658744
vt 0.948873 0.883722
vt 0.944199 0.658744
vt 0.282683 0.994125
vt 0.938841 0.965686
vt 0.938841 0.965686
vt 0.946938 0.882533
vt 0.946938 0.882533
vt 0.381536 0.951655
vt 0.850273 0.949262
vt 0.940330 0.990110
vt 0.381536 0.951655
vt 0.850273 0.949262
vt 0.850273 0.949262
vt 0.282683 0.989504
vt 0.381492 0.951076
vt 0.851552 0.949551
vt 0.934188 0.967221
vt 0.934188 0.967221
vt 0.939316 0.989504
vt 0.957498 0.978156
vt 0.301381 0.962579
vt 0.585011 0.993196
vt 0.792809 0.949171
vt 0.413461 0.979655
vt 0.583667 0.990665
vt 0.583667 0.990665
vt 0.944266 0.189397
vt 0.953147 0.834841
vt 0.953147 0.834841
vt 0.650411 0.937792
vt 0.949181 0.656807
vt 0.650411 0.937792
vt 0.653199 0.943365
vt 0.305756 0.965101
vt 0.413461 0.984266
vt 0.653199 0.943365
vt 0.653199 0.943365
vt 0.951436 0.838166
vt 0.951436 0.838166
vt 0.791945 0.949720
vt 0.584069 0.993628
vt 0.791945 0.949720
vt 0.947251 0.190186
vt 0.379613 0.955226
vt 0.379613 0.955226
vt 0.973441 0.559597
vt 0.985211 0.293003
vt 0.947210 0.886623
vt 0.982721 0.291678
vt 0.982721 0.291678
vt 0.947210 0.886623
vt 0.947210 0.886623
vt 0.938578 0.969330
vt 0.947550 0.895542
vt 0.170411 0.933568
vt 0.351507 0.973066
vt 0.850037 0.946156
vt 0.947550 0.895542
vt 0.170411 0.933568
vt 0.850273 0.967590
vt 0.138530 0.990660
vt 0.369367 0.978088
vt 0.381536 0.965920
vt 0.937050 0.970639
vt 0.937050 0.970639
vt 0.971147 0.560377
vt 0.981224 0.618765
vt 0.937050 0.970639
vt 0.982745 0.293663
vt 0.971147 0.560377
vt 0.368574 0.971224
vt 0.934188 0.975179
vt 0.983860 0.614084
vt 0.852567 0.960594
vt 0.852567 0.960594
vt 0.195655 0.978361
vt 0.846041 0.945696
vt 0.166451 0.933419
vt 0.195655 0.978361
vt 0.347493 0.973325
vt 0.195655 0.978361
vt 0.166451 0.933419
vt 0.193577 0.972832
vt 0.193577 0.972832
vt 0.690704 0.992526
vt 0.193577 0.972832
vt 0.949305 0.664060
vt 0.649573 0.945931
vt 0.949305 0.664060
vt 0.949305 0.664060
vt 0.192025 0.973344
vt 0.649573 0.945931
vt 0.689739 0.993827
vt 0.949305 0.664060
vt 0.953147 0.847833
vt 0.824627 0.131569
vt 0.953147 0.847833
vt 0.415571 0.908171
vt 0.842438 0.943822
vt 0.944266 0.199152
vt 0.415571 0.908171
vt 0.792809 0.962949
vt 0.820886 0.982692
vt 0.301381 0.973651
vt 0.792809 0.962949
vt 0.792809 0.962949
vt 0.943547 0.666558
vt 0.943547 0.666558
vt 0.949905 0.892687
vt 0.378478 0.965713
vt 0.393879 0.926506
vt 0.135406 0.989504
vt 0.978860 0.056630
vt 0.978860 0.056630
vt 0.973441 0.572970
vt 0.971375 0.564302
vt 0.977581 0.048635
vt 0.971375 0.564302
vt 0.371448 0.972336
vt 0.852837 0.941826
vt 0.389071 0.924893
vt 0.969790 0.569454
vt 0.981224 0.612111
vt 0.852837 0.941826
vt 0.969790 0.569454
vt 0.417420 0.907067
vt 0.163473 0.933596
vt 0.417420 0.907067
vt 0.823186 0.979669
vt 0.951012 0.847536
vt 0.981915 0.863672
vt 0.305067 0.972451
vt 0.843055 0.945594
vt 0.193144 0.975938
vt 0.193144 0.975938
vt 0.949521 0.666638
vt 0.422237 0.907067
vt 0.164180 0.937938
vt 0.164180 0.937938
vt 0.422237 0.907067
vt 0.171905 0.939041
vt 0.171905 0.939041
vt 0.393825 0.931451
vt 0.171190 0.943947
vt 0.171190 0.943947
vt 0.164055 0.944805
vt 0.428371 0.910158
vt 0.164055 0.944805
vt 0.790516 0.961629
vt 0.822092 0.133537
vt 0.790516 0.961629
vt 0.405079 0.970233
vt 0.947467 0.198892
vt 0.093270 0.110650
vt 0.968117 0.774091
vt 0.093270 0.110650
vt 0.171018 0.949133
vt 0.891738 0.935289
vt 0.404323 0.930259
vt 0.171018 0.949133
vt 0.171018 0.949133
vt 0.172547 0.944657
vt 0.399539 0.931451
vt 0.172547 0.944657
vt 0.399539 0.931451
vt 0.427586 0.912854
vt 0.427586 0.912854
vt 0.427586 0.912854
vt 0.163987 0.949133
vt 0.430807 0.915045
vt 0.884688 0.935534
vt 0.430807 0.915045
vt 0.884688 0.935534
vt 0.978136 0.868191
vt 0.100867 0.993383
vt 0.792097 0.967783
vt 0.100867 0.993383
vt 0.792097 0.967783
vt 0.823186 0.985374
vt 0.850142 0.944514
vt 0.943905 0.669409
vt 0.850142 0.944514
vt 0.949328 0.895530
vt 0.850142 0.944514
vt 0.164652 0.934605
vt 0.844259 0.945790
vt 0.844259 0.945790
vt 0.844259 0.945790
vt 0.977573 0.053144
vt 0.172711 0.934562
vt 0.852251 0.944431
vt 0.972674 0.568985
vt 0.389980 0.927669
vt 0.389980 0.927669
vt 0.977573 0.053144
vt 0.846662 0.944243
vt 0.947360 0.668889
vt 0.846662 0.944243
vt 0.947360 0.668889
vt 0.947360 0.668889
vt 0.193822 0.978591
vt 0.846662 0.944243
vt 0.100567 0.989504
vt 0.168647 0.975350
vt 0.420591 0.912291
vt 0.896504 0.980163
vt 0.981915 0.868809
vt 0.844270 0.941467
vt 0.844270 0.941467
vt 0.844270 0.941467
vt 0.844270 0.941467
vt 0.844270 0.941467
vt 0.406867 0.926620
vt 0.406867 0.926620
vt 0.892353 0.939415
vt 0.892353 0.939415
vt 0.851697 0.966947
vt 0.368558 0.976829
vt 0.851697 0.966947
vt 0.401235 0.925963
vt 0.401235 0.925963
vt 0.401235 0.925963
vt 0.469199 0.989504
vt 0.898914 0.984237
vt 0.425115 0.913811
vt 0.425115 0.913811
vt 0.795563 0.630986
vt 0.398440 0.925147
vt 0.398440 0.925147
vt 0.977573 0.061045
vt 0.398440 0.925147
vt 0.398440 0.925147
vt 0.103306 0.989504
vt 0.166852 0.973105
vt 0.166852 0.973105
vt 0.103306 0.989504
vt 0.166852 0.973105
vt 0.406445 0.978769
vt 0.425858 0.918745
vt 0.792756 0.628001
vt 0.971581 0.838404
vt 0.454423 0.562107
vt 0.454423 0.562107
vt 0.321488 0.100439
vt 0.321488 0.100439
vt 0.163970 0.975350
vt 0.969886 0.487900
vt 0.796041 0.627720
vt 0.896504 0.985378
vt 0.969886 0.487900
vt 0.224561 0.989504
vt 0.405079 0.976721
vt 0.417775 0.914845
vt 0.405079 0.976721
vt 0.417775 0.914845
vt 0.168934 0.971559
vt 0.822092 0.127181
vt 0.408314 0.974415
vt 0.101926 0.993521
vt 0.408314 0.974415
vt 0.790872 0.967949
vt 0.372622 0.978088
vt 0.372622 0.978088
vt 0.395359 0.923247
vt 0.395359 0.923247
vt 0.395359 0.923247
vt 0.135406 0.993004
vt 0.114531 0.103980
vt 0.114531 0.103980
vt 0.114531 0.103980
vt 0.851142 0.937001
vt 0.388740 0.919832
vt 0.388740 0.919832
vt 0.372198 0.975569
vt 0.372198 0.975569
vt 0.372198 0.975569
vt 0.392834 0.922855
vt 0.392834 0.922855
vt 0.401522 0.923172
vt 0.470592 0.992400
vt 0.401522 0.923172
vt 0.430334 0.921433
vt 0.885099 0.941570
vt 0.843159 0.936393
vt 0.412098 0.914674
vt 0.843159 0.936393
vt 0.933974 0.734506
vt 0.399532 0.922490
vt 0.399532 0.922490
vt 0.399532 0.922490
vt 0.933974 0.734506
vt 0.933974 0.734506
vt 0.427998 0.924545
vt 0.427998 0.924545
vt 0.884302 0.945334
vt 0.884302 0.945334
vt 0.884302 0.945334
vt 0.163467 0.971932
vt 0.936285 0.726447
vt 0.936285 0.726447
vt 0.969716 0.491795
vt 0.163467 0.971932
vt 0.655529 0.979912
vt 0.793444 0.623415
vt 0.902019 0.985064
vt 0.793444 0.623415
vt 0.973119 0.491795
vt 0.903693 0.986359
vt 0.936629 0.728715
vt 0.936629 0.728715
vt 0.971398 0.490529
vt 0.936629 0.728715
vt 0.395873 0.920400
vt 0.395873 0.920400
vt 0.831403 0.989504
vt 0.930296 0.732931
vt 0.395873 0.920400
vt 0.226064 0.991857
vt 0.166216 0.969991
vt 0.226064 0.991857
vt 0.406005 0.916699
vt 0.406005 0.916699
vt 0.406005 0.916699
vt 0.892555 0.948957
vt 0.406005 0.916699
vt 0.406005 0.916699
vt 0.892129 0.945191
vt 0.892129 0.945191
vt 0.892129 0.945191
vt 0.408007 0.920953
vt 0.402472 0.921562
vt 0.469199 0.994066
vt 0.903693 0.980163
vt 0.936629 0.735124
vt 0.654951 0.985147
vt 0.084907 0.110901
vt 0.971697 0.781826
vt 0.536372 0.916408
vt 0.453091 0.562035
vt 0.084907 0.110901
vt 0.972911 0.838548
vt 0.931665 0.730962
vt 0.812949 0.965412
vt 0.812949 0.965412
vt 0.832122 0.991948
vt 0.931665 0.730962
vt 0.931665 0.730962
vt 0.412329 0.920058
vt 0.412329 0.920058
vt 0.365091 0.943041
vt 0.412329 0.920058
vt 0.842438 0.931701
vt 0.422200 0.921737
vt 0.789819 0.624859
vt 0.817632 0.971687
vt 0.812967 0.969849
vt 0.165654 0.968864
vt 0.226394 0.993104
vt 0.812967 0.969849
vt 0.933032 0.726757
vt 0.224561 0.994324
vt 0.416973 0.919779
vt 0.416973 0.919779
vt 0.812075 0.971687
vt 0.416973 0.919779
vt 0.224561 0.994324
vt 0.391135 0.915567
vt 0.850984 0.932374
vt 0.356572 0.942137
vt 0.391135 0.915567
vt 0.396117 0.918655
vt 0.396117 0.918655
vt 0.812161 0.962834
vt 0.833179 0.989504
vt 0.396117 0.918655
vt 0.400380 0.918486
vt 0.657600 0.985147
vt 0.816317 0.962619
vt 0.400380 0.918486
vt 0.796041 0.618251
vt 0.816317 0.962619
vt 0.292341 0.072282
vt 0.292341 0.072282
vt 0.292341 0.072282
vt 0.292341 0.072282
vt 0.292341 0.072282
vt 0.365217 0.954269
vt 0.421281 0.927304
vt 0.883855 0.950621
vt 0.781129 0.202198
vt 0.280211 0.080632
vt 0.280211 0.080632
vt 0.126769 0.092549
vt 0.126769 0.092549
vt 0.364004 0.942248
vt 0.364004 0.942248
vt 0.843476 0.931597
vt 0.364004 0.942248
vt 0.843476 0.931597
vt 0.362746 0.955958
vt 0.886442 0.950456
vt 0.886442 0.950456
vt 0.401669 0.912981
vt 0.356501 0.952017
vt 0.401669 0.912981
vt 0.891723 0.950621
vt 0.357458 0.955958
vt 0.357458 0.955958
vt 0.405370 0.914822
vt 0.891723 0.950621
vt 0.364881 0.946364
vt 0.364881 0.946364
vt 0.414097 0.923985
vt 0.357397 0.946414
vt 0.357397 0.946414
vt 0.396163 0.912180
vt 0.357397 0.946414
vt 0.364330 0.951169
vt 0.417872 0.927127
vt 0.364330 0.951169
vt 0.322318 0.088656
vt 0.322318 0.088656
vt 0.539478 0.918407
vt 0.322318 0.088656
vt 0.083969 0.099785
vt 0.083969 0.099785
vt 0.083969 0.099785
vt 0.083969 0.099785
vt 0.557122 0.925161
vt 0.866770 0.772047
vt 0.309823 0.085841
vt 0.179683 0.775051
vt 0.179683 0.775051
vt 0.309823 0.085841
vt 0.866770 0.772047
vt 0.309823 0.085841
vt 0.309823 0.085841
vt 0.098104 0.097123
vt 0.098104 0.097123
vt 0.098104 0.097123
vt 0.389133 0.970051
vt 0.710941 0.761224
vt 0.972911 0.818632
vt 0.339841 0.081803
vt 0.555337 0.905437
vt 0.067142 0.091532
vt 0.086375 0.096781
vt 0.086375 0.096781
vt 0.393458 0.959189
vt 0.450175 0.733917
vt 0.920824 0.738800
vt 0.980949 0.159577
vt 0.159636 0.922705
vt 0.320209 0.084114
vt 0.856283 0.771727
vt 0.856283 0.771727
vt 0.125911 0.076094
vt 0.281670 0.064219
vt 0.281670 0.064219
vt 0.125911 0.076094
vt 0.125911 0.076094
vt 0.860671 0.772159
vt 0.860671 0.772159
vt 0.860671 0.772159
vt 0.860671 0.772159
vt 0.449733 0.736623
vt 0.449733 0.736623
vt 0.917738 0.740827
vt 0.917738 0.740827
vt 0.927295 0.672626
vt 0.446090 0.735232
vt 0.446090 0.735232
vt 0.446090 0.735232
vt 0.982178 0.164392
vt 0.713281 0.756108
vt 0.713281 0.756108
vt 0.440665 0.739297
vt 0.394634 0.970051
vt 0.440665 0.739297
vt 0.713281 0.756108
vt 0.980949 0.169936
vt 0.713281 0.756108
vt 0.179088 0.772241
vt 0.865752 0.774817
vt 0.865752 0.774817
vt 0.222068 0.791615
vt 0.445345 0.737617
vt 0.222068 0.791615
vt 0.922856 0.672515
vt 0.445345 0.737617
vt 0.922856 0.672515
vt 0.861067 0.774854
vt 0.861067 0.774854
vt 0.617816 0.679863
vt 0.861067 0.774854
vt 0.918693 0.913872
vt 0.177203 0.769099
vt 0.865312 0.777952
vt 0.865312 0.777952
vt 0.177203 0.769099
vt 0.865312 0.777952
vt 0.177203 0.769099
vt 0.177203 0.769099
vt 0.865312 0.777952
vt 0.923230 0.913067
vt 0.157221 0.922649
vt 0.856550 0.774095
vt 0.856550 0.774095
vt 0.157221 0.922649
vt 0.157221 0.922649
vt 0.098961 0.082127
vt 0.725902 0.762159
vt 0.725902 0.762159
vt 0.086949 0.075492
vt 0.086949 0.075492
vt 0.086949 0.075492
vt 0.557122 0.900644
vt 0.062556 0.086769
vt 0.344597 0.077210
vt 0.557122 0.900644
vt 0.860795 0.776688
vt 0.616217 0.681719
vt 0.860795 0.776688
vt 0.174940 0.775387
vt 0.309351 0.081122
vt 0.174940 0.775387
vt 0.097887 0.092195
vt 0.715791 0.761156
vt 0.157398 0.901964
vt 0.319254 0.063365
vt 0.157398 0.901964
vt 0.319254 0.063365
vt 0.713834 0.690875
vt 0.713834 0.690875
vt 0.443424 0.804475
vt 0.713834 0.690875
vt 0.447695 0.799463
vt 0.220865 0.729729
vt 0.447695 0.799463
vt 0.954774 0.371926
vt 0.954774 0.371926
vt 0.616024 0.784058
vt 0.856283 0.878924
vt 0.219974 0.668090
vt 0.450175 0.861054
vt 0.954876 0.278690
vt 0.954876 0.278690
vt 0.445763 0.861037
vt 0.714100 0.634265
vt 0.950474 0.277729
vt 0.714100 0.634265
vt 0.176073 0.668089
vt 0.176073 0.668089
vt 0.860874 0.878868
vt 0.950190 0.372127
vt 0.139206 0.771712
vt 0.760203 0.327691
vt 0.913325 0.874101
vt 0.139206 0.771712
vt 0.913325 0.874101
vt 0.915292 0.781195
vt 0.091185 0.054342
vt 0.915292 0.781195
vt 0.091185 0.054342
vt 0.091185 0.054342
vt 0.915292 0.781195
vt 0.165836 0.776779
vt 0.308264 0.072082
vt 0.165836 0.776779
vt 0.910297 0.274499
vt 0.183475 0.668159
vt 0.910297 0.274499
vt 0.954883 0.315189
vt 0.360441 0.050229
vt 0.360441 0.050229
vt 0.578872 0.680678
vt 0.754448 0.327588
vt 0.919090 0.874918
vt 0.919090 0.874918
vt 0.909509 0.785224
vt 0.924845 0.405049
vt 0.928509 0.717761
vt 0.928509 0.717761
vt 0.924845 0.405049
vt 0.909509 0.785224
vt 0.928509 0.717761
vt 0.138974 0.714106
vt 0.760091 0.270102
vt 0.138974 0.714106
vt 0.138974 0.714106
vt 0.760203 0.224101
vt 0.138684 0.668089
vt 0.950190 0.334718
vt 0.950190 0.334718
vt 0.050191 0.072870
vt 0.357468 0.063775
vt 0.919035 0.711717
vt 0.751372 0.754566
vt 0.915321 0.154382
vt 0.751372 0.754566
vt 0.919035 0.711717
vt 0.154008 0.885204
vt 0.317546 0.046346
vt 0.317546 0.046346
vt 0.317546 0.046346
vt 0.124793 0.064302
vt 0.124793 0.064302
vt 0.283221 0.052476
vt 0.124793 0.064302
vt 0.924819 0.380620
vt 0.148452 0.878486
vt 0.923528 0.868042
vt 0.923528 0.868042
vt 0.924819 0.380620
vt 0.924819 0.380620
vt 0.148452 0.878486
vt 0.751460 0.709713
vt 0.915286 0.199211
vt 0.046979 0.059249
vt 0.046979 0.059249
vt 0.046979 0.059249
vt 0.292288 0.056314
vt 0.292288 0.056314
vt 0.292288 0.056314
vt 0.755788 0.224105
vt 0.578872 0.784231
vt 0.954606 0.334775
vt 0.755788 0.224105
vt 0.914704 0.274624
vt 0.950474 0.315375
vt 0.751733 0.634265
vt 0.950474 0.315375
vt 0.306581 0.060628
vt 0.306581 0.060628
vt 0.102330 0.062421
vt 0.102330 0.062421
vt 0.745868 0.764310
vt 0.127011 0.841678
vt 0.953915 0.732024
vt 0.972899 0.395455
vt 0.127011 0.841678
vt 0.953915 0.732024
vt 0.120186 0.841739
vt 0.972888 0.390269
vt 0.972888 0.390269
vt 0.412889 0.841867
vt 0.956502 0.731163
vt 0.975499 0.395120
vt 0.116162 0.068102
vt 0.116162 0.068102
vt 0.306238 0.048307
vt 0.141979 0.779106
vt 0.306238 0.048307
vt 0.141979 0.779106
vt 0.306238 0.048307
vt 0.306238 0.048307
vt 0.141979 0.779106
vt 0.766038 0.801246
vt 0.017867 0.004419
vt 0.017867 0.004419
vt 0.017867 0.004419
vt 0.037816 0.059016
vt 0.370345 0.050385
vt 0.037589 0.882909
vt 0.037816 0.059016
vt 0.412098 0.866297
vt 0.956381 0.750001
vt 0.412098 0.866297
vt 0.956381 0.750001
vt 0.412098 0.866297
vt 0.412098 0.866297
vt 0.412098 0.866297
vt 0.746693 0.762842
vt 0.910297 0.151105
vt 0.910297 0.151105
vt 0.924126 0.711775
vt 0.182789 0.791615
vt 0.094606 0.968529
vt 0.918986 0.272326
vt 0.935960 0.568780
vt 0.926143 0.272417
vt 0.100274 0.967936
vt 0.926143 0.272417
vt 0.477851 0.934350
vt 0.100274 0.967936
vt 0.926143 0.272417
vt 0.477851 0.934350
vt 0.959728 0.552686
vt 0.932239 0.568904
vt 0.097402 0.971297
vt 0.097402 0.971297
vt 0.936747 0.556049
vt 0.918629 0.259577
vt 0.936747 0.556049
vt 0.918629 0.259577
vt 0.975499 0.382590
vt 0.951059 0.151702
vt 0.427893 0.843745
vt 0.975499 0.382590
vt 0.951059 0.151702
vt 0.030746 0.041050
vt 0.050148 0.881054
vt 0.030746 0.041050
vt 0.050148 0.881054
vt 0.126813 0.866746
vt 0.953844 0.750714
vt 0.953844 0.750714
vt 0.932222 0.560429
vt 0.959470 0.546218
vt 0.932222 0.560429
vt 0.959470 0.546218
vt 0.932222 0.560429
vt 0.973198 0.382618
vt 0.110853 0.842669
vt 0.953355 0.151105
vt 0.956730 0.553322
vt 0.098372 0.974279
vt 0.956730 0.553322
vt 0.098372 0.974279
vt 0.953758 0.829956
vt 0.100274 0.974682
vt 0.484590 0.934594
vt 0.951458 0.829877
vt 0.112225 0.056656
vt 0.112225 0.056656
vt 0.296065 0.045297
vt 0.296065 0.045297
vt 0.337473 0.031461
vt 0.337473 0.031461
vt 0.337473 0.031461
vt 0.337473 0.031461
vt 0.046236 0.871189
vt 0.046236 0.871189
vt 0.046236 0.871189
vt 0.383801 0.036227
vt 0.956698 0.541430
vt 0.956698 0.541430
vt 0.956698 0.541430
vt 0.953684 0.814935
vt 0.956698 0.541430
vt 0.064723 0.036950
vt 0.064723 0.036950
vt 0.064723 0.036950
vt 0.089124 0.053426
vt 0.089124 0.053426
vt 0.101880 0.056102
vt 0.101880 0.056102
vt 0.752039 0.766715
vt 0.752039 0.766715
vt 0.752039 0.766715
vt 0.932753 0.551201
vt 0.959823 0.538837
vt 0.932753 0.551201
vt 0.932753 0.551201
vt 0.950970 0.160903
vt 0.427785 0.855934
vt 0.950970 0.160903
vt 0.382593 0.028927
vt 0.039815 0.866903
vt 0.039815 0.866903
vt 0.382593 0.028927
vt 0.382593 0.028927
vt 0.382593 0.028927
vt 0.382593 0.028927
vt 0.484678 0.921075
vt 0.484678 0.921075
vt 0.951238 0.812706
vt 0.111006 0.850794
vt 0.953644 0.157299
vt 0.953644 0.157299
vt 0.918427 0.251617
vt 0.918427 0.251617
vt 0.918427 0.251617
vt 0.937215 0.548099
vt 0.139537 0.780224
vt 0.306639 0.045810
vt 0.153976 0.880652
vt 0.133143 0.772228
vt 0.133143 0.772228
vt 0.133143 0.772228
vt 0.913138 0.868042
vt 0.935219 0.380034
vt 0.757387 0.758645
vt 0.935219 0.404971
vt 0.757387 0.758645
vt 0.918139 0.717761
vt 0.935219 0.404971
vt 0.918139 0.717761
vt 0.111167 0.857899
vt 0.953651 0.162736
vt 0.953651 0.162736
vt 0.111167 0.857899
vt 0.111167 0.857899
vt 0.752722 0.973903
vt 0.944804 0.446571
vt 0.618581 0.993624
vt 0.751447 0.974620
vt 0.617271 0.993127
vt 0.871624 0.147999
vt 0.751447 0.974620
vt 0.944804 0.450716
vt 0.618581 0.989504
vt 0.944804 0.450716
vt 0.983033 0.947788
vt 0.944804 0.450716
vt 0.875143 0.147987
vt 0.875143 0.147987
vt 0.434648 0.992305
vt 0.710784 0.955207
vt 0.944303 0.974120
vt 0.947508 0.322509
vt 0.435688 0.989504
vt 0.948760 0.325514
vt 0.435688 0.989504
vt 0.948760 0.325514
vt 0.948760 0.325514
vt 0.948760 0.325514
vt 0.948760 0.325514
vt 0.437436 0.991654
vt 0.710304 0.958058
vt 0.982879 0.594297
vt 0.710304 0.958058
vt 0.944829 0.975604
vt 0.709190 0.954093
vt 0.944829 0.975604
vt 0.944829 0.975604
vt 0.949516 0.322274
vt 0.942707 0.975673
vt 0.949516 0.322274
vt 0.105500 0.052785
vt 0.302928 0.041676
vt 0.302928 0.041676
vt 0.922754 0.713327
vt 0.378940 0.005284
vt 0.773522 0.989504
vt 0.378940 0.005284
vt 0.875988 0.856709
vt 0.378940 0.005284
vt 0.753932 0.975446
vt 0.943382 0.447266
vt 0.753932 0.975446
vt 0.943382 0.447266
vt 0.943382 0.447266
vt 0.306422 0.037033
vt 0.934996 0.391935
vt 0.102166 0.048020
vt 0.130785 0.784083
vt 0.760039 0.771775
vt 0.934996 0.391935
vt 0.934996 0.391935
vt 0.876294 0.141462
vt 0.876294 0.141462
vt 0.931871 0.390471
vt 0.876294 0.141462
vt 0.126752 0.881033
vt 0.953889 0.761399
vt 0.126752 0.881033
vt 0.953889 0.761399
vt 0.953158 0.179439
vt 0.953158 0.179439
vt 0.110931 0.880364
vt 0.953158 0.179439
vt 0.427887 0.871336
vt 0.950802 0.172373
vt 0.950802 0.172373
vt 0.427887 0.871336
vt 0.600061 0.976814
vt 0.956844 0.767595
vt 0.412098 0.889783
vt 0.956844 0.767595
vt 0.412098 0.889783
vt 0.943023 0.450284
vt 0.437436 0.989540
vt 0.981217 0.592532
vt 0.981217 0.592532
vt 0.949027 0.327076
vt 0.954774 0.322881
vt 0.929022 0.401241
vt 0.929022 0.401241
vt 0.929022 0.401241
vt 0.941987 0.980847
vt 0.954774 0.322881
vt 0.929022 0.401241
vt 0.928677 0.384849
vt 0.753932 0.980880
vt 0.928677 0.384849
vt 0.937909 0.447455
vt 0.937909 0.447455
vt 0.917229 0.784618
vt 0.091319 0.051303
vt 0.917229 0.784618
vt 0.944829 0.981728
vt 0.703362 0.955272
vt 0.931994 0.401109
vt 0.931994 0.401109
vt 0.926143 0.241222
vt 0.926143 0.241222
vt 0.477937 0.909845
vt 0.926143 0.241222
vt 0.707281 0.960809
vt 0.707281 0.960809
vt 0.982977 0.590757
vt 0.932013 0.394551
vt 0.703559 0.961975
vt 0.932013 0.394551
vt 0.703559 0.961975
vt 0.703559 0.961975
vt 0.940430 0.453440
vt 0.940430 0.453440
vt 0.982793 0.943046
vt 0.703362 0.963668
vt 0.878711 0.139879
vt 0.981228 0.939834
vt 0.983031 0.586317
vt 0.981228 0.939834
vt 0.878711 0.139879
vt 0.930746 0.392929
vt 0.931886 0.385794
vt 0.871624 0.141741
vt 0.750697 0.980882
vt 0.931886 0.385794
vt 0.937442 0.537944
vt 0.918541 0.241461
vt 0.937442 0.537944
vt 0.970391 0.969657
vt 0.918541 0.241461
vt 0.951140 0.800457
vt 0.484852 0.911399
vt 0.951140 0.800457
vt 0.025798 0.036659
vt 0.025798 0.036659
vt 0.052991 0.876391
vt 0.025798 0.036659
vt 0.025798 0.036659
vt 0.052991 0.876391
vt 0.933005 0.531865
vt 0.960095 0.523914
vt 0.933005 0.531865
vt 0.960095 0.523914
vt 0.047841 0.867583
vt 0.047841 0.867583
vt 0.047841 0.867583
vt 0.047841 0.867583
vt 0.047841 0.867583
vt 0.047841 0.867583
vt 0.156421 0.875026
vt 0.924795 0.389163
vt 0.924795 0.389163
vt 0.936940 0.455741
vt 0.928906 0.392933
vt 0.981217 0.585717
vt 0.928906 0.392933
vt 0.954774 0.331612
vt 0.928906 0.392933
vt 0.983033 0.939209
vt 0.927072 0.394993
vt 0.954698 0.329398
vt 0.954698 0.329398
vt 0.043425 0.866108
vt 0.363081 0.878727
vt 0.385634 0.031033
vt 0.957378 0.529589
vt 0.953750 0.800061
vt 0.957378 0.529589
vt 0.052558 0.862014
vt 0.918403 0.788965
vt 0.924580 0.395691
vt 0.918403 0.788965
vt 0.924580 0.395691
vt 0.048914 0.858642
vt 0.048914 0.858642
vt 0.048914 0.858642
vt 0.016802 0.036448
vt 0.058054 0.868983
vt 0.016802 0.036448
vt 0.058054 0.868983
vt 0.159636 0.872140
vt 0.091442 0.045280
vt 0.091442 0.045280
vt 0.923990 0.392930
vt 0.091442 0.045280
vt 0.317255 0.034692
vt 0.923990 0.392930
vt 0.923990 0.392930
vt 0.920824 0.791344
vt 0.156460 0.868690
vt 0.156460 0.868690
vt 0.058426 0.859613
vt 0.058426 0.859613
vt 0.040936 0.857892
vt 0.356104 0.879947
vt 0.040936 0.857892
vt 0.040936 0.857892
vt 0.040936 0.857892
vt 0.874685 0.140890
vt 0.933739 0.388923
vt 0.933739 0.388923
vt 0.043410 0.853038
vt 0.043410 0.853038
vt 0.043410 0.853038
vt 0.049975 0.852492
vt 0.145418 0.869034
vt 0.049975 0.852492
vt 0.049975 0.852492
vt 0.971521 0.321955
vt 0.384482 0.027383
vt 0.384482 0.027383
vt 0.360476 0.882735
vt 0.384482 0.027383
vt 0.073389 0.033064
vt 0.073389 0.033064
vt 0.335748 0.023146
vt 0.009087 0.031344
vt 0.160459 0.865942
vt 0.009087 0.031344
vt 0.061991 0.861589
vt 0.037589 0.853952
vt 0.497708 0.916683
vt 0.351377 0.883720
vt 0.351377 0.883720
vt 0.497708 0.916683
vt 0.500331 0.913505
vt 0.500331 0.913505
vt 0.500331 0.913505
vt 0.038298 0.849684
vt 0.500331 0.913505
vt 0.914924 0.450627
vt 0.914924 0.450627
vt 0.937130 0.516723
vt 0.937130 0.516723
vt 0.937130 0.516723
vt 0.970391 0.953394
vt 0.056241 0.849243
vt 0.148271 0.861864
vt 0.475036 0.989504
vt 0.056241 0.849243
vt 0.986093 0.868809
vt 0.126471 0.897672
vt 0.600061 0.983607
vt 0.126471 0.897672
vt 0.474207 0.993272
vt 0.953844 0.773706
vt 0.126471 0.897672
vt 0.503365 0.912754
vt 0.042295 0.848966
vt 0.503365 0.912754
vt 0.012891 0.032114
vt 0.012891 0.032114
vt 0.012891 0.032114
vt 0.154960 0.865318
vt 0.059497 0.855874
vt 0.045651 0.846781
vt 0.045651 0.846781
vt 0.138448 0.864658
vt 0.138448 0.864658
vt 0.919722 0.224864
vt 0.972719 0.957586
vt 0.919722 0.224864
vt 0.088582 0.971566
vt 0.910297 0.450627
vt 0.143639 0.860786
vt 0.126613 0.898753
vt 0.143639 0.860786
vt 0.475036 0.994144
vt 0.006757 0.024189
vt 0.162101 0.859077
vt 0.162101 0.859077
vt 0.498734 0.912181
vt 0.498734 0.912181
vt 0.498734 0.912181
vt 0.484817 0.901697
vt 0.951089 0.788218
vt 0.484817 0.901697
vt 0.932957 0.527331
vt 0.932957 0.527331
vt 0.959091 0.520457
vt 0.959091 0.520457
vt 0.950819 0.185708
vt 0.428088 0.889318
vt 0.428088 0.889318
vt 0.950819 0.185708
vt 0.360738 0.889346
vt 0.360738 0.889346
vt 0.360738 0.889346
vt 0.973006 0.315459
vt 0.351280 0.891652
vt 0.351280 0.891652
vt 0.490279 0.911753
vt 0.159799 0.859410
vt 0.159799 0.859410
vt 0.159799 0.859410
vt 0.956698 0.515888
vt 0.940493 0.735694
vt 0.953758 0.782847
vt 0.956698 0.515888
vt 0.147638 0.861641
vt 0.412823 0.897466
vt 0.985021 0.868050
vt 0.412823 0.897466
vt 0.473697 0.990020
vt 0.602770 0.981893
vt 0.495542 0.908651
vt 0.495542 0.908651
vt 0.042283 0.843464
vt 0.133712 0.860553
vt 0.504048 0.904678
vt 0.130791 0.858530
vt 0.501863 0.903475
vt 0.066700 0.028659
vt 0.342594 0.018990
vt 0.066700 0.028659
vt 0.342594 0.018990
vt 0.934096 0.521603
vt 0.934096 0.521603
vt 0.942740 0.735482
vt 0.958923 0.515343
vt 0.497874 0.902718
vt 0.497874 0.902718
vt 0.497874 0.902718
vt 0.349308 0.894197
vt 0.349308 0.894197
vt 0.490287 0.909068
vt 0.490287 0.909068
vt 0.349308 0.894197
vt 0.136808 0.849633
vt 0.979408 0.273203
vt 0.012098 0.949333
vt 0.136808 0.849633
vt 0.136808 0.849633
vt 0.085150 0.976806
vt 0.085150 0.976806
vt 0.477851 0.894880
vt 0.477851 0.894880
vt 0.925780 0.222466
vt 0.158271 0.850589
vt 0.158271 0.850589
vt 0.158271 0.850589
vt 0.158271 0.850589
vt 0.940231 0.732362
vt 0.951347 0.780633
vt 0.484819 0.895509
vt 0.484819 0.895509
vt 0.495352 0.902246
vt 0.495352 0.902246
vt 0.110853 0.891251
vt 0.953101 0.187555
vt 0.481966 0.892472
vt 0.932222 0.516557
vt 0.088582 0.978973
vt 0.914728 0.455530
vt 0.942740 0.730561
vt 0.148538 0.855173
vt 0.986093 0.861418
vt 0.148538 0.855173
vt 0.361223 0.902406
vt 0.287538 0.989504
vt 0.361223 0.902406
vt 0.779137 0.842570
vt 0.953010 0.851734
vt 0.361223 0.902406
vt 0.779137 0.842570
vt 0.971521 0.302217
vt 0.384245 0.007644
vt 0.147298 0.846255
vt 0.147298 0.846255
vt 0.147298 0.846255
vt 0.427585 0.903961
vt 0.950657 0.197010
vt 0.005340 0.009499
vt 0.005340 0.009499
vt 0.005340 0.009499
vt 0.005340 0.009499
vt 0.005340 0.009499
vt 0.502162 0.898890
vt 0.130785 0.854580
vt 0.502162 0.898890
vt 0.130785 0.854580
vt 0.002418 0.011898
vt 0.160721 0.847364
vt 0.160721 0.847364
vt 0.160721 0.847364
vt 0.356463 0.010563
vt 0.053151 0.019729
vt 0.356463 0.010563
vt 0.116772 0.901244
vt 0.116772 0.901244
vt 0.143916 0.851724
vt 0.497622 0.895691
vt 0.497622 0.895691
vt 0.497622 0.895691
vt 0.497622 0.895691
vt 0.350676 0.900658
vt 0.488598 0.902515
vt 0.488598 0.902515
vt 0.494093 0.897541
vt 0.494093 0.897541
vt 0.494093 0.897541
vt 0.855657 0.989504
vt 0.982927 0.274527
vt 0.140155 0.848723
vt 0.460496 0.989504
vt 0.288701 0.991410
vt 0.381722 0.006895
vt 0.381722 0.006895
vt 0.148733 0.849094
vt 0.148733 0.849094
vt 0.953388 0.194000
vt 0.111095 0.899633
vt 0.111095 0.899633
vt 0.009792 0.947763
vt 0.135737 0.846900
vt 0.504048 0.889389
vt 0.347493 0.907979
vt 0.492007 0.892679
vt 0.492007 0.892679
vt 0.492007 0.892679
vt 0.001553 0.006690
vt 0.158806 0.842306
vt 0.158806 0.842306
vt 0.012296 0.943612
vt 0.855657 0.993644
vt 0.924468 0.787323
vt 0.982927 0.269190
vt 0.012296 0.943612
vt 0.924468 0.787323
vt 0.012296 0.943612
vt 0.012296 0.943612
vt 0.926764 0.783656
vt 0.926764 0.783656
vt 0.926764 0.783656
vt 0.015476 0.941034
vt 0.926764 0.783656
vt 0.744881 0.915270
vt 0.930737 0.781815
vt 0.930737 0.781815
vt 0.744881 0.915270
vt 0.746085 0.918759
vt 0.929259 0.785349
vt 0.746085 0.918759
vt 0.977149 0.197088
vt 0.929259 0.785349
vt 0.499134 0.887659
vt 0.499134 0.887659
vt 0.132042 0.843180
vt 0.132042 0.843180
vt 0.499134 0.887659
vt 0.974359 0.198561
vt 0.926587 0.787022
vt 0.926587 0.787022
vt 0.975728 0.442939
vt 0.111239 0.904569
vt 0.144277 0.845362
vt 0.953651 0.197796
vt 0.144277 0.845362
vt 0.461723 0.990172
vt 0.855135 0.990621
vt 0.975495 0.227245
vt 0.978353 0.444043
vt 0.927527 0.789796
vt 0.154443 0.846126
vt 0.154443 0.846126
vt 0.926019 0.778422
vt 0.013871 0.934580
vt 0.926019 0.778422
vt 0.926019 0.778422
vt 0.013871 0.934580
vt 0.876916 0.858514
vt 0.378092 0.003439
vt 0.876916 0.858514
vt 0.955927 0.857541
vt 0.287538 0.995180
vt 0.352245 0.910063
vt 0.352245 0.910063
vt 0.488202 0.891893
vt 0.792824 0.794866
vt 0.792824 0.794866
vt 0.039159 0.010488
vt 0.779047 0.820519
vt 0.370787 0.001841
vt 0.370787 0.001841
vt 0.779047 0.820519
vt 0.264741 0.869438
vt 0.757384 0.908633
vt 0.757384 0.908633
vt 0.264741 0.869438
vt 0.264741 0.869438
vt 0.012665 0.936561
vt 0.923929 0.780738
vt 0.012665 0.936561
vt 0.494656 0.889688
vt 0.494656 0.889688
vt 0.494656 0.889688
vt 0.744569 0.900980
vt 0.930663 0.770258
vt 0.324956 0.959996
vt 0.007301 0.935222
vt 0.324956 0.959996
vt 0.417006 0.992326
vt 0.977149 0.209029
vt 0.756859 0.913328
vt 0.978353 0.433035
vt 0.319059 0.966238
vt 0.319059 0.966238
vt 0.756859 0.913328
vt 0.975495 0.238287
vt 0.567247 0.995123
vt 0.779184 0.861513
vt 0.953167 0.865924
vt 0.779184 0.861513
vt 0.779184 0.861513
vt 0.779184 0.861513
vt 0.971756 0.230464
vt 0.460496 0.994364
vt 0.007301 0.946153
vt 0.136325 0.843958
vt 0.136325 0.843958
vt 0.324956 0.969998
vt 0.002865 0.003284
vt 0.159366 0.838768
vt 0.783650 0.810532
vt 0.891133 0.540012
vt 0.878655 0.858316
vt 0.772541 0.992388
vt 0.878655 0.858316
vt 0.773522 0.993403
vt 0.782085 0.809794
vt 0.782085 0.809794
vt 0.782085 0.809794
vt 0.782085 0.809794
vt 0.380390 0.001553
vt 0.763194 0.793587
vt 0.010028 0.001553
vt 0.763194 0.793587
vt 0.763194 0.793587
vt 0.010272 0.934159
vt 0.331037 0.978218
vt 0.010272 0.934159
vt 0.418510 0.994025
vt 0.013261 0.931222
vt 0.328062 0.974336
vt 0.659866 0.914912
vt 0.926892 0.775598
vt 0.659866 0.914912
vt 0.926892 0.775598
vt 0.361126 0.911541
vt 0.146255 0.838610
vt 0.146255 0.838610
vt 0.146255 0.838610
vt 0.324478 0.967929
vt 0.324478 0.967929
vt 0.324478 0.967929
vt 0.162101 0.836667
vt 0.324956 0.980078
vt 0.763145 0.790548
vt 0.007035 0.001669
vt 0.493509 0.884725
vt 0.493509 0.884725
vt 0.493509 0.884725
vt 0.792235 0.786741
vt 0.491332 0.886782
vt 0.491332 0.886782
vt 0.793109 0.789487
vt 0.775913 0.809029
vt 0.984307 0.688709
vt 0.775913 0.809029
vt 0.775913 0.809029
vt 0.153412 0.836106
vt 0.153412 0.836106
vt 0.153412 0.836106
vt 0.153412 0.836106
vt 0.651409 0.917714
vt 0.418510 0.989504
vt 0.322040 0.961455
vt 0.328062 0.981700
vt 0.567247 0.989504
vt 0.651409 0.917714
vt 0.651409 0.917714
vt 0.322040 0.961455
vt 0.136546 0.836759
vt 0.136546 0.836759
vt 0.497471 0.881373
vt 0.497471 0.881373
vt 0.787507 0.782755
vt 0.788720 0.789157
vt 0.788720 0.789157
vt 0.788720 0.789157
vt 0.788720 0.789157
vt 0.788720 0.789157
vt 0.779979 0.803581
vt 0.986159 0.684435
vt 0.779979 0.803581
vt 0.781852 0.804883
vt 0.781852 0.804883
vt 0.890843 0.532363
vt 0.782945 0.798056
vt 0.363081 0.916259
vt 0.782945 0.798056
vt 0.763392 0.846165
vt 0.782945 0.798056
vt 0.782945 0.798056
vt 0.782945 0.798056
vt 0.772984 0.798547
vt 0.772984 0.798547
vt 0.724784 0.983075
vt 0.772984 0.798547
vt 0.772984 0.798547
vt 0.787386 0.784898
vt 0.494666 0.880391
vt 0.787386 0.784898
vt 0.757590 0.913039
vt 0.566593 0.994934
vt 0.646965 0.920382
vt 0.266180 0.873076
vt 0.149247 0.832273
vt 0.149247 0.832273
vt 0.149247 0.832273
vt 0.149247 0.832273
vt 0.774472 0.783706
vt 0.780725 0.799678
vt 0.724784 0.975094
vt 0.780725 0.799678
vt 0.780725 0.799678
vt 0.891133 0.525907
vt 0.892545 0.855858
vt 0.780725 0.799678
vt 0.780725 0.799678
vt 0.155092 0.832925
vt 0.321560 0.976064
vt 0.768889 0.785354
vt 0.142052 0.834215
vt 0.781652 0.782471
vt 0.142052 0.834215
vt 0.267071 0.869402
vt 0.647163 0.915917
vt 0.267071 0.869402
vt 0.647163 0.915917
vt 0.726888 0.975291
vt 0.984307 0.682614
vt 0.780114 0.801619
vt 0.780114 0.801619
vt 0.660078 0.892053
vt 0.927073 0.757325
vt 0.927073 0.757325
vt 0.930639 0.755781
vt 0.744452 0.882870
vt 0.930639 0.755781
vt 0.876934 0.879051
vt 0.876934 0.879051
vt 0.955867 0.872607
vt 0.876934 0.879051
vt 0.782165 0.792754
vt 0.782165 0.792754
vt 0.782165 0.792754
vt 0.782165 0.792754
vt 0.782165 0.792754
vt 0.757317 0.885987
vt 0.264150 0.851376
vt 0.757317 0.885987
vt 0.266638 0.856722
vt 0.266638 0.856722
vt 0.647196 0.899971
vt 0.266638 0.856722
vt 0.977862 0.606814
vt 0.267071 0.828105
vt 0.653073 0.868440
vt 0.977862 0.606814
vt 0.775250 0.785177
vt 0.148812 0.830783
vt 0.775250 0.785177
vt 0.324956 0.973104
vt 0.770132 0.788346
vt 0.770132 0.788346
vt 0.770132 0.788346
vt 0.770132 0.788346
vt 0.783352 0.787448
vt 0.892555 0.873152
vt 0.783695 0.812012
vt 0.892555 0.873152
vt 0.770901 0.792506
vt 0.778690 0.787435
vt 0.778690 0.787435
vt 0.775932 0.792150
vt 0.775932 0.792150
vt 0.775932 0.792150
vt 0.763391 0.864905
vt 0.786511 0.811590
vt 0.744504 0.873277
vt 0.930737 0.748179
vt 0.744504 0.873277
vt 0.744504 0.873277
vt 0.955444 0.888183
vt 0.876355 0.899724
vt 0.955444 0.888183
vt 0.955444 0.888183
vt 0.876355 0.899724
vt 0.266445 0.849450
vt 0.266445 0.849450
vt 0.647291 0.890886
vt 0.927131 0.738862
vt 0.659837 0.868607
vt 0.978118 0.601370
vt 0.744796 0.861259
vt 0.974782 0.601165
vt 0.930473 0.738800
vt 0.974782 0.601165
vt 0.744796 0.861259
vt 0.763359 0.870739
vt 0.787244 0.815880
vt 0.787244 0.815880
vt 0.953010 0.894861
vt 0.953010 0.894861
vt 0.974583 0.334718
vt 0.779184 0.900231
vt 0.974583 0.334718
vt 0.786444 0.823627
vt 0.786444 0.823627
vt 0.892293 0.889172
vt 0.789659 0.824698
vt 0.763391 0.882950
vt 0.789659 0.824698
vt 0.763391 0.882950
vt 0.789659 0.824698
vt 0.757567 0.870686
vt 0.263771 0.839351
vt 0.891979 0.910574
vt 0.790437 0.839038
vt 0.891979 0.910574
vt 0.976828 0.347375
vt 0.790437 0.839038
vt 0.891979 0.910574
vt 0.265727 0.838415
vt 0.646965 0.876734
vt 0.955257 0.895542
vt 0.875988 0.909407
vt 0.976828 0.335081
vt 0.647153 0.869178
vt 0.265966 0.832298
vt 0.264085 0.831675
vt 0.264085 0.831675
vt 0.757590 0.861021
vt 0.974782 0.611456
vt 0.792308 0.838094
vt 0.763145 0.901418
vt 0.974398 0.346488
vt 0.793109 0.839464
vt 0.764762 0.902025
vt 0.088081 0.975684
vt 0.088081 0.975684
vt 0.913099 0.453391
vt 0.913099 0.453391
vt 0.697567 0.971651
vt 0.697567 0.971651
vt 0.272657 0.591313
vt 0.981154 0.103079
vt 0.272657 0.591313
vt 0.441304 0.980973
usemtl heli_body
f 4/4 6/6 13/13
f 4/4 16/16 6/6
f 23/23 26/26 28/28
f 34/34 42/42 51/51
f 10/10 38/38 13/13
f 1/1 28/28 18/18
f 22/22 53/53 43/43
f 23/23 46/46 26/26
f 16/16 28/28 26/26
f 36/36 56/56 39/39
f 5/5 57/57 27/27
f 9/9 63/63 37/37
f 33/33 60/60 56/56
f 7/7 17/17 64/64
f 25/25 41/41 67/67
f 19/19 25/25 67/67
f 44/44 56/56 74/74
f 40/40 72/72 69/69
f 15/15 68/68 64/64
f 32/32 49/49 77/77
f 56/56 60/60 74/74
f 14/14 35/35 77/77
f 8/8 65/65 61/61
f 66/66 73/73 80/80
f 64/64 70/70 81/81
f 62/62 65/65 79/79
f 47/47 87/87 50/50
f 59/59 82/82 71/71
f 2/2 89/89 57/57
f 29/29 58/58 90/90
f 48/48 55/55 93/93
f 52/52 85/85 76/76
f 11/11 75/75 101/101
f 24/24 107/107 96/96
f 20/20 97/97 54/54
f 21/21 31/31 105/105
f 5/5 116/116 90/90
f 30/30 92/92 109/109
f 78/78 83/83 104/104
f 3/3 12/12 114/114
f 11/11 101/101 112/112
f 45/45 98/98 87/87
f 84/84 119/119 102/102
f 110/110 125/125 121/121
f 113/113 124/124 130/130
f 103/103 125/125 113/113
f 103/103 120/120 125/125
f 90/90 116/116 134/134
f 86/86 138/138 119/119
f 117/117 142/142 126/126
f 119/119 140/140 149/149
f 115/115 155/155 133/133
f 90/90 135/135 158/158
f 88/88 99/99 141/141
f 94/94 162/162 139/139
f 100/100 108/108 170/170
f 111/111 131/131 152/152
f 95/95 168/168 164/164
f 91/91 165/165 106/106
f 90/90 156/156 169/169
f 163/163 166/166 174/174
f 136/136 176/176 148/148
f 137/137 161/161 179/179
f 127/127 146/146 182/182
f 131/131 189/189 154/154
f 122/122 128/128 194/194
f 153/153 198/198 169/169
f 160/160 172/172 178/178
f 167/167 199/199 173/173
f 158/158 208/208 198/198
f 150/150 181/181 213/213
f 157/157 191/191 216/216
f 123/123 196/196 129/129
f 159/159 220/220 210/210
f 190/190 221/221 218/218
f 175/175 227/227 214/214
f 131/131 230/230 186/186
f 173/173 199/199 238/238
f 118/118 147/147 240/240
f 192/192 246/246 224/224
f 171/171 239/239 177/177
f 188/188 249/249 244/244
f 217/217 222/222 251/251
f 151/151 212/212 243/243
f 180/180 235/235 227/227
f 205/205 219/219 252/252
f 199/199 259/259 238/238
f 211/211 227/227 262/262
f 223/223 245/245 250/250
f 245/245 248/248 253/253
f 128/128 184/184 197/197
f 118/118 240/240 144/144
f 215/215 263/263 242/242
f 229/229 266/266 261/261
f 132/132 196/196 233/233
f 207/207 255/255 269/269
f 248/248 272/272 254/254
f 265/265 268/268 280/280
f 189/189 232/232 289/289
f 226/226 237/237 296/296
f 235/235 301/301 297/297
f 264/264 302/302 309/309
f 206/206 271/271 278/278
f 225/225 283/283 267/267
f 187/187 292/292 248/248
f 144/144 243/243 315/315
f 260/260 285/285 303/303
f 241/241 262/262 305/305
f 247/247 286/286 275/275
f 256/256 276/276 270/270
f 243/243 310/310 315/315
f 200/200 318/318 258/258
f 203/203 274/274 324/324
f 281/281 307/307 304/304
f 228/228 329/329 283/283
f 274/274 283/283 322/322
f 236/236 257/257 300/300
f 277/277 290/290 332/332
f 273/273 333/333 282/282
f 202/202 204/204 338/338
f 201/201 335/335 321/321
f 284/284 332/332 308/308
f 209/209 325/325 338/338
f 232/232 340/340 288/288
f 306/306 334/334 316/316
f 279/279 330/330 324/324
f 287/287 313/313 332/332
f 227/227 297/297 328/328
f 259/259 317/317 300/300
f 291/291 342/342 311/311
f 323/323 327/327 345/345
f 323/323 344/344 341/341
f 144/144 315/315 349/349
f 312/312 339/339 345/345
f 327/327 347/347 345/345
f 299/299 319/319 355/355
f 326/326 343/343 357/357
f 234/234 356/356 340/340
f 314/314 346/346 348/348
f 294/294 350/350 331/331
f 325/325 361/361 336/336
f 325/325 357/357 360/360
f 297/297 301/301 354/354
f 230/230 369/369 358/358
f 320/320 338/338 375/375
f 196/196 371/371 231/231
f 319/319 372/372 355/355
f 185/185 380/380 385/385
f 183/183 385/385 193/193
f 183/183 391/391 381/381
f 143/143 391/391 183/183
f 195/195 388/388 370/370
f 359/359 367/367 364/364
f 370/370 388/388 397/397
f 143/143 298/298 391/391
f 365/365 368/368 394/394
f 145/145 351/351 295/295
f 377/377 391/391 400/400
f 293/293 352/352 389/389
f 337/337 366/366 373/373
f 390/390 401/401 398/398
f 387/387 404/404 395/395
f 362/362 396/396 405/405
f 363/363 407/407 374/374
f 393/393 411/411 408/408
f 382/382 413/413 403/403
f 378/378 422/422 418/418
f 353/353 401/401 390/390
f 355/355 372/372 405/405
f 378/378 399/399 422/422
f 353/353 409/409 401/401
f 392/392 404/404 410/410
f 376/376 419/419 425/425
f 408/408 411/411 427/427
f 379/379 423/423 384/384
f 398/398 401/401 420/420
f 404/404 428/428 410/410
f 418/418 421/421 431/431
f 401/401 408/408 432/432
f 422/422 437/437 431/431
f 404/404 439/439 429/429
f 407/407 430/430 440/440
f 417/417 441/441 426/426
f 416/416 444/444 442/442
f 384/384 423/423 449/449
f 383/383 454/454 415/415
f 418/418 431/431 446/446
f 386/386 449/449 454/454
f 405/405 440/440 458/458
f 422/422 460/460 437/437
f 401/401 459/459 420/420
f 412/412 463/463 465/465
f 412/412 465/465 470/470
f 438/438 471/471 457/457
f 402/402 413/413 468/468
f 426/426 478/478 472/472
f 426/426 441/441 476/476
f 414/414 454/454 463/463
f 424/424 472/472 449/449
f 404/404 471/471 439/439
f 401/401 434/434 459/459
f 452/452 475/475 481/481
f 406/406 485/485 487/487
f 450/450 489/489 455/455
f 405/405 487/487 434/434
f 405/405 458/458 483/483
f 457/457 471/471 486/486
f 453/453 489/489 490/490
f 473/473 477/477 493/493
f 466/466 497/497 467/467
f 453/453 499/499 464/464
f 453/453 490/490 500/500
f 456/456 502/502 498/498
f 431/431 435/435 445/445
f 450/450 504/504 489/489
f 489/489 504/504 490/490
f 471/471 505/505 484/484
f 480/480 513/513 515/515
f 474/474 514/514 481/481
f 404/404 468/468 471/471
f 450/450 481/481 517/517
f 451/451 517/517 504/504
f 474/474 495/495 510/510
f 490/490 519/519 503/503
f 467/467 497/497 522/522
f 497/497 526/526 523/523
f 466/466 535/535 497/497
f 443/443 447/447 539/539
f 464/464 499/499 543/543
f 498/498 502/502 541/541
f 443/443 539/539 477/477
f 468/468 521/521 545/545
f 464/464 529/529 466/466
f 494/494 548/548 512/512
f 497/497 535/535 526/526
f 464/464 543/543 530/530
f 504/504 517/517 547/547
f 511/511 549/549 516/516
f 528/528 530/530 552/552
f 490/490 504/504 519/519
f 530/530 542/542 555/555
f 503/503 555/555 544/544
f 469/469 546/546 560/560
f 445/445 563/563 566/566
f 482/482 509/509 487/487
f 501/501 519/519 555/555
f 525/525 559/559 545/545
f 524/524 571/571 559/559
f 436/436 461/461 573/573
f 448/448 568/568 540/540
f 547/547 576/576 577/577
f 504/504 547/547 579/579
f 495/495 580/580 550/550
f 536/536 565/565 583/583
f 547/547 580/580 576/576
f 519/519 584/584 555/555
f 504/504 579/579 518/518
f 435/435 586/586 445/445
f 562/562 581/581 567/567
f 446/446 598/598 563/563
f 530/530 555/555 584/584
f 479/479 537/537 492/492
f 521/521 527/527 569/569
f 519/519 533/533 584/584
f 576/576 580/580 579/579
f 601/601 602/602 609/609
f 613/613 621/621 623/623
f 527/527 627/627 569/569
f 488/488 506/506 632/632
f 558/558 570/570 636/636
f 616/616 624/624 639/639
f 468/468 645/645 471/471
f 520/520 578/578 531/531
f 538/538 581/581 649/649
f 540/540 649/649 652/652
f 533/533 579/579 580/580
f 570/570 626/626 636/636
f 492/492 537/537 655/655
f 561/561 657/657 581/581
f 606/606 664/664 668/668
f 614/614 640/640 673/673
f 625/625 684/684 639/639
f 605/605 669/669 611/611
f 621/621 685/685 623/623
f 496/496 530/530 580/580
f 625/625 689/689 680/680
f 436/436 573/573 697/697
f 468/468 702/702 708/708
f 582/582 710/710 649/649
f 527/527 553/553 711/711
f 615/615 673/673 617/617
f 599/599 713/713 603/603
f 527/527 711/711 627/627
f 604/604 714/714 660/660
f 556/556 636/636 704/704
f 608/608 669/669 719/719
f 471/471 726/726 508/508
f 537/537 730/730 655/655
f 626/626 732/732 636/636
f 626/626 712/712 732/732
f 665/665 736/736 739/739
f 661/661 741/741 668/668
f 599/599 745/745 713/713
f 636/636 732/732 704/704
f 656/656 730/730 750/750
f 492/492 656/656 750/750
f 672/672 754/754 756/756
f 663/663 737/737 762/762
f 537/537 654/654 730/730
f 574/574 767/767 700/700
f 667/667 716/716 774/774
f 622/622 687/687 690/690
f 674/674 776/776 753/753
f 564/564 596/596 658/658
f 676/676 785/785 777/777
f 637/637 784/784 673/673
f 735/735 788/788 740/740
f 600/600 610/610 747/747
f 507/507 724/724 791/791
f 612/612 720/720 799/799
f 668/668 744/744 801/801
f 620/620 673/673 807/807
f 738/738 787/787 764/764
f 665/665 813/813 734/734
f 653/653 750/750 730/730
f 612/612 797/797 768/768
f 698/698 768/768 797/797
f 648/648 818/818 651/651
f 670/670 802/802 722/722
f 693/693 792/792 727/727
f 679/679 694/694 728/728
f 677/677 756/756 821/821
f 666/666 763/763 742/742
f 649/649 710/710 817/817
f 718/718 803/803 827/827
f 752/752 775/775 755/755
f 638/638 678/678 780/780
f 641/641 779/779 783/783
f 721/721 825/825 794/794
f 471/471 643/643 726/726
f 468/468 557/557 702/702
f 733/733 812/812 786/786
f 717/717 828/828 772/772
f 761/761 823/823 800/800
f 686/686 831/831 695/695
f 712/712 835/835 731/731
f 652/652 838/838 751/751
f 662/662 773/773 811/811
f 743/743 760/760 800/800
f 682/682 847/847 778/778
f 757/757 848/848 822/822
f 581/581 657/657 710/710
f 650/650 819/819 838/838
f 532/532 853/853 554/554
f 757/757 781/781 848/848
f 671/671 820/820 851/851
f 764/764 787/787 810/810
f 436/436 697/697 592/592
f 491/491 749/749 839/839
f 675/675 850/850 808/808
f 508/508 789/789 857/857
f 696/696 798/798 862/862
f 709/709 865/865 816/816
f 572/572 868/868 769/769
f 551/551 835/835 711/711
f 681/681 723/723 872/872
f 683/683 873/873 845/845
f 591/591 701/701 874/874
f 704/704 731/731 877/877
f 758/758 881/881 824/824
f 775/775 884/884 848/848
f 732/732 834/834 877/877
f 462/462 887/887 575/575
f 575/575 887/887 868/868
f 771/771 896/896 809/809
f 607/607 766/766 901/901
f 804/804 849/849 905/905
f 781/781 911/911 884/884
f 715/715 748/748 918/918
f 553/553 921/921 837/837
f 782/782 847/847 914/914
f 508/508 859/859 631/631
f 774/774 828/828 897/897
f 846/846 924/924 912/912
f 796/796 826/826 880/880
f 534/534 929/929 856/856
f 810/810 931/931 939/939
f 759/759 810/810 939/939
f 645/645 943/943 725/725
f 765/765 935/935 882/882
f 491/491 945/945 947/947
f 659/659 865/865 709/709
f 844/844 873/873 925/925
f 691/691 860/860 790/790
f 491/491 843/843 945/945
f 491/491 947/947 534/534
f 729/729 942/942 872/872
f 770/770 871/871 901/901
f 618/618 956/956 688/688
f 836/836 922/922 879/879
f 446/446 590/590 594/594
f 695/695 831/831 961/961
f 795/795 880/880 964/964
f 793/793 964/964 863/863
f 551/551 854/854 919/919
f 534/534 947/947 929/929
f 815/815 865/865 967/967
f 806/806 907/907 970/970
f 468/468 708/708 645/645
f 607/607 901/901 916/916
f 619/619 805/805 971/971
f 816/816 967/967 840/840
f 715/715 918/918 829/829
f 814/814 896/896 933/933
f 607/607 916/916 746/746
f 696/696 861/861 975/975
f 699/699 974/974 874/874
f 848/848 884/884 906/906
f 432/432 889/889 459/459
f 688/688 954/954 833/833
f 635/635 857/857 979/979
f 619/619 971/971 952/952
f 692/692 977/977 858/858
f 883/883 972/972 905/905
f 692/692 960/960 977/977
f 872/872 908/908 926/926
f 928/928 950/950 987/987
f 872/872 989/989 910/910
f 930/930 996/996 936/936
f 880/880 938/938 964/964
f 895/895 1000/1000 934/934
f 886/886 1001/1001 969/969
f 702/702 878/878 1007/1007
f 885/885 909/909 1001/1001
f 659/659 1010/1010 865/865
f 932/932 1000/1000 994/994
f 937/937 992/992 965/965
f 913/913 988/988 1001/1001
f 990/990 1013/1013 1003/1003
f 894/894 1016/1016 999/999
f 862/862 964/964 1020/1020
f 862/862 1023/1023 1025/1025
f 952/952 971/971 1004/1004
f 872/872 942/942 1032/1032
f 903/903 963/963 997/997
f 941/941 1037/1037 1032/1032
f 862/862 1028/1028 973/973
f 995/995 998/998 1015/1015
f 1002/1002 1012/1012 1041/1041
f 646/646 1038/1038 940/940
f 866/866 1009/1009 1045/1045
f 872/872 1032/1032 1048/1048
f 900/900 993/993 1015/1015
f 876/876 976/976 1027/1027
f 841/841 1056/1056 945/945
f 645/645 708/708 1057/1057
f 644/644 1062/1062 1036/1036
f 1034/1034 1039/1039 1062/1062
f 590/590 875/875 1026/1026
f 589/589 1019/1019 1064/1064
f 589/589 1024/1024 1018/1018
f 873/873 1048/1048 991/991
f 990/990 1049/1049 1013/1013
f 1032/1032 1067/1067 1048/1048
f 952/952 1004/1004 1040/1040
f 898/898 1022/1022 966/966
f 1021/1021 1072/1072 1066/1066
f 828/828 1016/1016 897/897
f 1014/1014 1049/1049 1042/1042
f 585/585 1065/1065 1071/1071
f 1078/1078 1082/1082 1085/1085
f 1078/1078 1085/1085 1089/1089
f 1081/1081 1094/1094 1084/1084
f 1079/1079 1091/1091 1098/1098
f 1081/1081 1099/1099 1096/1096
f 597/597 1010/1010 657/657
f 902/902 1108/1108 1021/1021
f 864/864 1045/1045 967/967
f 1079/1079 1098/1098 1110/1110
f 947/947 1113/1113 1115/1115
f 958/958 1047/1047 1069/1069
f 830/830 915/915 1017/1017
f 953/953 1046/1046 959/959
f 832/832 955/955 962/962
f 953/953 1043/1043 1046/1046
f 904/904 1017/1017 917/917
f 958/958 1069/1069 1123/1123
f 957/957 1121/1121 981/981
f 870/870 1107/1107 899/899
f 870/870 1127/1127 1107/1107
f 1077/1077 1130/1130 1080/1080
f 981/981 1124/1124 1135/1135
f 1035/1035 1120/1120 1068/1068
f 1095/1095 1103/1103 1142/1142
f 1100/1100 1144/1144 1140/1140
f 1091/1091 1150/1150 1098/1098
f 1141/1141 1145/1145 1153/1153
f 1076/1076 1110/1110 1133/1133
f 877/877 921/921 1007/1007
f 647/647 1158/1158 1060/1060
f 593/593 1164/1164 1008/1008
f 1095/1095 1139/1139 1152/1152
f 1011/1011 1167/1167 1044/1044
f 705/705 1005/1005 1171/1171
f 1021/1021 1105/1105 1072/1072
f 968/968 1044/1044 1167/1167
f 948/948 1116/1116 1097/1097
f 1033/1033 1175/1175 1119/1119
f 1031/1031 1179/1179 1176/1176
f 1083/1083 1094/1094 1186/1186
f 867/867 1190/1190 1125/1125
f 1011/1011 1164/1164 1167/1167
f 946/946 1097/1097 1147/1147
f 1081/1081 1192/1192 1101/1101
f 1143/1143 1197/1197 1151/1151
f 703/703 1170/1170 707/707
f 1097/1097 1116/1116 1109/1109
f 951/951 1147/1147 985/985
f 842/842 1203/1203 1054/1054
f 1086/1086 1184/1184 1088/1088
f 1090/1090 1184/1184 1206/1206
f 923/923 1173/1173 1006/1006
f 1063/1063 1162/1162 1209/1209
f 1092/1092 1205/1205 1213/1213
f 1102/1102 1198/1198 1146/1146
f 1072/1072 1105/1105 1216/1216
f 1080/1080 1132/1132 1191/1191
f 978/978 1136/1136 1218/1218
f 1106/1106 1128/1128 1228/1228
f 1122/1122 1177/1177 1134/1134
f 594/594 1229/1229 1163/1163
f 1137/1137 1177/1177 1234/1234
f 944/944 1114/1114 949/949
f 1087/1087 1214/1214 1148/1148
f 1163/1163 1229/1229 1237/1237
f 706/706 1169/1169 1058/1058
f 1104/1104 1225/1225 1217/1217
f 1113/1113 1240/1240 1115/1115
f 1163/1163 1238/1238 1165/1165
f 945/945 1242/1242 1114/1114
f 1156/1156 1200/1200 1246/1246
f 1102/1102 1193/1193 1196/1196
f 921/921 1250/1250 1172/1172
f 1112/1112 1244/1244 1241/1241
f 1058/1058 1169/1169 1251/1251
f 1093/1093 1154/1154 1188/1188
f 1029/1029 1061/1061 1210/1210
f 1111/1111 1117/1117 1257/1257
f 983/983 1149/1149 1212/1212
f 1138/1138 1232/1232 1218/1218
f 628/628 980/980 1218/1218
f 967/967 1166/1166 1261/1261
f 1206/1206 1263/1263 1212/1212
f 1118/1118 1240/1240 1255/1255
f 986/986 1212/1212 1263/1263
f 587/587 1075/1075 1271/1271
f 838/838 967/967 1277/1277
f 642/642 1279/1279 1157/1157
f 1126/1126 1190/1190 1223/1223
f 1111/1111 1260/1260 1131/1131
f 1130/1130 1285/1285 1195/1195
f 945/945 1050/1050 1290/1290
f 1030/1030 1210/1210 1180/1180
f 588/588 1270/1270 594/594
f 1241/1241 1243/1243 1258/1258
f 643/643 1057/1057 1278/1278
f 1052/1052 1203/1203 1292/1292
f 945/945 1295/1295 1242/1242
f 1155/1155 1245/1245 1185/1185
f 1193/1193 1304/1304 1199/1199
f 852/852 928/928 1306/1306
f 1168/1168 1237/1237 1261/1261
f 1174/1174 1182/1182 1234/1234
f 1187/1187 1245/1245 1313/1313
f 945/945 1288/1288 1295/1295
f 1073/1073 1315/1315 1269/1269
f 1159/1159 1181/1181 1211/1211
f 1070/1070 1224/1224 1315/1315
f 1161/1161 1233/1233 1178/1178
f 1160/1160 1320/1320 1230/1230
f 1074/1074 1215/1215 1224/1224
f 1160/1160 1323/1323 1320/1320
f 1227/1227 1324/1324 1316/1316
f 967/967 1261/1261 1277/1277
f 1269/1269 1317/1317 1326/1326
f 838/838 1275/1275 1202/1202
f 867/867 887/887 1328/1328
f 1190/1190 1333/1333 1226/1226
f 1193/1193 1337/1337 1302/1302
f 1160/1160 1280/1280 1323/1323
f 1220/1220 1231/1231 1318/1318
f 1184/1184 1344/1344 1206/1206
f 1194/1194 1284/1284 1342/1342
f 1223/1223 1336/1336 1324/1324
f 1197/1197 1301/1301 1248/1248
f 595/595 1268/1268 1349/1349
f 869/869 1327/1327 1189/1189
f 594/594 1348/1348 1229/1229
f 1207/1207 1353/1353 1264/1264
f 1247/1247 1355/1355 1311/1311
f 1243/1243 1359/1359 1259/1259
f 1246/1246 1305/1305 1356/1356
f 1183/1183 1314/1314 1346/1346
f 1281/1281 1361/1361 1323/1323
f 1057/1057 1360/1360 1282/1282
f 1270/1270 1325/1325 1348/1348
f 1190/1190 1328/1328 1332/1332
f 1267/1267 1354/1354 1362/1362
f 1284/1284 1365/1365 1342/1342
f 1303/1303 1339/1339 1355/1355
f 1256/1256 1358/1358 1371/1371
f 1129/1129 1254/1254 1367/1367
f 1267/1267 1362/1362 1376/1376
f 1312/1312 1380/1380 1346/1346
f 634/634 1221/1221 1384/1384
f 1325/1325 1332/1332 1348/1348
f 1321/1321 1323/1323 1361/1361
f 1130/1130 1373/1373 1286/1286
f 1311/1311 1355/1355 1341/1341
f 1312/1312 1340/1340 1380/1380
f 1208/1208 1345/1345 1389/1389
f 1283/1283 1368/1368 1366/1366
f 1338/1338 1363/1363 1381/1381
f 1207/1207 1387/1387 1353/1353
f 1347/1347 1393/1393 1386/1386
f 1352/1352 1376/1376 1362/1362
f 1243/1243 1297/1297 1357/1357
f 893/893 1397/1397 1331/1331
f 1330/1330 1403/1403 1334/1334
f 1343/1343 1381/1381 1392/1392
f 1222/1222 1322/1322 1406/1406
f 1335/1335 1402/1402 1348/1348
f 1319/1319 1360/1360 1405/1405
f 1364/1364 1394/1394 1379/1379
f 1364/1364 1369/1369 1394/1394
f 854/854 1410/1410 920/920
f 1372/1372 1388/1388 1395/1395
f 855/855 1308/1308 1407/1407
f 1351/1351 1390/1390 1375/1375
f 1219/1219 1406/1406 1383/1383
f 1229/1229 1350/1350 1411/1411
f 1057/1057 1415/1415 1361/1361
f 1329/1329 1401/1401 1404/1404
f 1348/1348 1402/1402 1416/1416
f 1300/1300 1371/1371 1358/1358
f 1385/1385 1405/1405 1421/1421
f 1360/1360 1413/1413 1405/1405
f 1350/1350 1419/1419 1411/1411
f 928/928 1423/1423 1306/1306
f 982/982 1265/1265 1430/1430
f 1370/1370 1374/1374 1391/1391
f 1296/1296 1374/1374 1370/1370
f 629/629 1382/1382 1421/1421
f 1059/1059 1250/1250 1431/1431
f 1399/1399 1416/1416 1402/1402
f 1405/1405 1412/1412 1421/1421
f 1237/1237 1277/1277 1262/1262
f 921/921 1407/1407 1251/1251
f 1235/1235 1435/1435 1274/1274
f 1249/1249 1409/1409 1439/1439
f 1409/1409 1444/1444 1441/1441
f 1272/1272 1434/1434 1449/1449
f 633/633 1420/1420 1453/1453
f 1276/1276 1450/1450 1459/1459
f 1411/1411 1419/1419 1462/1462
f 1400/1400 1466/1466 1417/1417
f 1266/1266 1378/1378 1430/1430
f 928/928 984/984 1430/1430
f 1414/1414 1453/1453 1422/1422
f 1202/1202 1273/1273 1456/1456
f 1418/1418 1466/1466 1461/1461
f 1408/1408 1467/1467 1442/1442
f 1252/1252 1438/1438 1474/1474
f 1298/1298 1427/1427 1377/1377
f 1436/1436 1479/1479 1448/1448
f 1239/1239 1486/1486 1437/1437
f 1309/1309 1469/1469 1407/1407
f 1437/1437 1485/1485 1481/1481
f 1440/1440 1443/1443 1475/1475
f 1250/1250 1487/1487 1431/1431
f 1251/1251 1490/1490 1488/1488
f 1447/1447 1496/1496 1478/1478
f 1057/1057 1432/1432 1498/1498
f 1310/1310 1426/1426 1503/1503
f 1057/1057 1498/1498 1413/1413
f 1201/1201 1457/1457 1506/1506
f 1229/1229 1509/1509 1237/1237
f 1450/1450 1516/1516 1455/1455
f 1411/1411 1462/1462 1519/1519
f 1396/1396 1524/1524 1465/1465
f 631/631 1452/1452 1530/1530
f 1307/1307 1503/1503 1472/1472
f 1204/1204 1505/1505 1293/1293
f 1458/1458 1536/1536 1508/1508
f 928/928 1542/1542 1423/1423
f 1454/1454 1544/1544 1534/1534
f 1459/1459 1515/1515 1545/1545
f 1237/1237 1549/1549 1553/1553
f 1448/1448 1479/1479 1517/1517
f 1425/1425 1555/1555 1504/1504
f 1471/1471 1502/1502 1556/1556
f 1253/1253 1477/1477 1491/1491
f 1445/1445 1467/1467 1558/1558
f 887/887 1524/1524 1398/1398
f 1446/1446 1560/1560 1495/1495
f 488/488 630/630 1566/1566
f 1460/1460 1463/1463 1521/1521
f 1293/1293 1507/1507 1569/1569
f 1229/1229 1572/1572 1509/1509
f 1236/1236 1512/1512 1551/1551
f 630/630 1531/1531 1564/1564
f 1505/1505 1535/1535 1569/1569
f 1237/1237 1554/1554 1484/1484
f 1229/1229 1411/1411 1572/1572
f 1533/1533 1544/1544 1579/1579
f 1424/1424 1583/1583 1557/1557
f 1468/1468 1557/1557 1583/1583
f 1537/1537 1578/1578 1589/1589
f 1470/1470 1581/1581 1560/1560
f 1538/1538 1587/1587 1570/1570
f 1514/1514 1574/1574 1546/1546
f 1483/1483 1552/1552 1592/1592
f 1489/1489 1490/1490 1596/1596
f 1476/1476 1497/1497 1559/1559
f 1476/1476 1584/1584 1494/1494
f 1473/1473 1559/1559 1584/1584
f 1480/1480 1482/1482 1514/1514
f 1294/1294 1568/1568 1586/1586
f 1552/1552 1602/1602 1592/1592
f 1548/1548 1600/1600 1552/1552
f 1483/1483 1594/1594 1576/1576
f 1510/1510 1606/1606 1550/1550
f 1482/1482 1574/1574 1514/1514
f 1433/1433 1488/1488 1607/1607
f 1488/1488 1596/1596 1607/1607
f 1575/1575 1609/1609 1585/1585
f 1492/1492 1613/1613 1596/1596
f 1290/1290 1430/1430 1299/1299
f 1513/1513 1571/1571 1616/1616
f 1432/1432 1617/1617 1500/1500
f 1431/1431 1607/1607 1619/1619
f 1511/1511 1616/1616 1606/1606
f 1595/1595 1604/1604 1621/1621
f 1590/1590 1620/1620 1623/1623
f 1628/1628 1633/1633 1636/1636
f 1633/1633 1639/1639 1636/1636
f 1642/1642 1644/1644 1647/1647
f 1641/1641 1646/1646 1648/1648
f 1549/1549 1605/1605 1653/1653
f 1547/1547 1654/1654 1601/1601
f 1423/1423 1542/1542 1582/1582
f 1577/1577 1593/1593 1609/1609
f 1647/1647 1657/1657 1648/1648
f 1634/1634 1660/1660 1661/1661
f 1643/1643 1649/1649 1666/1666
f 1641/1641 1666/1666 1668/1668
f 1641/1641 1670/1670 1644/1644
f 1640/1640 1668/1668 1671/1671
f 1632/1632 1672/1672 1638/1638
f 1628/1628 1636/1636 1674/1674
f 1635/1635 1638/1638 1680/1680
f 1628/1628 1659/1659 1631/1631
f 1644/1644 1684/1684 1646/1646
f 1637/1637 1679/1679 1675/1675
f 1649/1649 1688/1688 1666/1666
f 1644/1644 1693/1693 1684/1684
f 1630/1630 1663/1663 1672/1672
f 1648/1648 1657/1657 1686/1686
f 1639/1639 1696/1696 1678/1678
f 1665/1665 1702/1702 1668/1668
f 433/433 1707/1707 890/890
f 1645/1645 1717/1717 1656/1656
f 1628/1628 1674/1674 1720/1720
f 1665/1665 1688/1688 1723/1723
f 1644/1644 1670/1670 1693/1693
f 1052/1052 1292/1292 1611/1611
f 1598/1598 1727/1727 1607/1607
f 1629/1629 1729/1729 1659/1659
f 1660/1660 1734/1734 1661/1661
f 1657/1657 1742/1742 1691/1691
f 1667/1667 1743/1743 1669/1669
f 1664/1664 1734/1734 1748/1748
f 1677/1677 1682/1682 1750/1750
f 1665/1665 1723/1723 1702/1702
f 1628/1628 1720/1720 1729/1729
f 1639/1639 1672/1672 1696/1696
f 1658/1658 1714/1714 1740/1740
f 1411/1411 1753/1753 1572/1572
f 1660/1660 1731/1731 1736/1736
f 1667/1667 1701/1701 1755/1755
f 1591/1591 1626/1626 1758/1758
f 1662/1662 1745/1745 1761/1761
f 1532/1532 1765/1765 1562/1562
f 1292/1292 1588/1588 1610/1610
f 1718/1718 1772/1772 1729/1729
f 1662/1662 1761/1761 1672/1672
f 1690/1690 1776/1776 1724/1724
f 1672/1672 1761/1761 1778/1778
f 1681/1681 1785/1785 1749/1749
f 1682/1682 1697/1697 1784/1784
f 1676/1676 1749/1749 1787/1787
f 1730/1730 1794/1794 1734/1734
f 1669/1669 1743/1743 1695/1695
f 1055/1055 1608/1608 1797/1797
f 1674/1674 1789/1789 1720/1720
f 1667/1667 1755/1755 1743/1743
f 1605/1605 1615/1615 1654/1654
f 1647/1647 1684/1684 1802/1802
f 891/891 1712/1712 1807/1807
f 1593/1593 1758/1758 1609/1609
f 1700/1700 1722/1722 1774/1774
f 1646/1646 1802/1802 1715/1715
f 1694/1694 1743/1743 1812/1812
f 1603/1603 1815/1815 1621/1621
f 1528/1528 1820/1820 1769/1769
f 888/888 1805/1805 1823/1823
f 1714/1714 1826/1826 1738/1738
f 1615/1615 1828/1828 1651/1651
f 1687/1687 1832/1832 1777/1777
f 1728/1728 1770/1770 1791/1791
f 887/887 1836/1836 1525/1525
f 1683/1683 1692/1692 1840/1840
f 1760/1760 1844/1844 1779/1779
f 928/928 1430/1430 1848/1848
f 1452/1452 1852/1852 1530/1530
f 892/892 1824/1824 1835/1835
f 1597/1597 1612/1612 1853/1853
f 1673/1673 1780/1780 1698/1698
f 1525/1525 1837/1837 1857/1857
f 1573/1573 1828/1828 1615/1615
f 1747/1747 1861/1861 1763/1763
f 1683/1683 1840/1840 1864/1864
f 1464/1464 1524/1524 1867/1867
f 1689/1689 1737/1737 1876/1876
f 1703/1703 1773/1773 1880/1880
f 1411/1411 1521/1521 1753/1753
f 1290/1290 1885/1885 1429/1429
f 1683/1683 1864/1864 1800/1800
f 1739/1739 1827/1827 1888/1888
f 1465/1465 1708/1708 1521/1521
f 1719/1719 1788/1788 1893/1893
f 1701/1701 1879/1879 1755/1755
f 1561/1561 1766/1766 1896/1896
f 1698/1698 1899/1899 1782/1782
f 1699/1699 1780/1780 1901/1901
f 1721/1721 1893/1893 1771/1771
f 1714/1714 1905/1905 1827/1827
f 1685/1685 1875/1875 1831/1831
f 1786/1786 1909/1909 1917/1917
f 1749/1749 1783/1783 1913/1913
f 1762/1762 1860/1860 1844/1844
f 1781/1781 1844/1844 1904/1904
f 1529/1529 1851/1851 1920/1920
f 1743/1743 1754/1754 1921/1921
f 1529/1529 1918/1918 1928/1928
f 488/488 1566/1566 1933/1933
f 1750/1750 1892/1892 1790/1790
f 1053/1053 1937/1937 1290/1290
f 1771/1771 1939/1939 1792/1792
f 1527/1527 1944/1944 1820/1820
f 1782/1782 1903/1903 1946/1946
f 1734/1734 1949/1949 1746/1746
f 1464/1464 1865/1865 1708/1708
f 1499/1499 1618/1618 1954/1954
f 1771/1771 1893/1893 1939/1939
f 1775/1775 1833/1833 1959/1959
f 1768/1768 1964/1964 1897/1897
f 1291/1291 1970/1970 1974/1974
f 1734/1734 1981/1981 1949/1949
f 1692/1692 1811/1811 1840/1840
f 1842/1842 1859/1859 1983/1983
f 1526/1526 1991/1991 1943/1943
f 1735/1735 1793/1793 1993/1993
f 1837/1837 1998/1998 1857/1857
f 1767/1767 1819/1819 2001/2001
f 1734/1734 2007/2007 1980/1980
f 1754/1754 2009/2009 1923/1923
f 1529/1529 1928/1928 1990/1990
f 1921/1921 2016/2016 1987/1987
f 1764/1764 2002/2002 1966/1966
f 1800/1800 1863/1863 2019/2019
f 1750/1750 2026/2026 1892/1892
f 1775/1775 1959/1959 1881/1881
f 1850/1850 2028/2028 1918/1918
f 1920/1920 2028/2028 2031/2031
f 1743/1743 1921/1921 1987/1987
f 1978/1978 2005/2005 2036/2036
f 1565/1565 1895/1895 2042/2042
f 1413/1413 2044/2044 1451/1451
f 1894/1894 2024/2024 1941/1941
f 1824/1824 2049/2049 1834/1834
f 1756/1756 1878/1878 2053/2053
f 1869/1869 2056/2056 2062/2062
f 1833/1833 1872/1872 1959/1959
f 1825/1825 2065/2065 1891/1891
f 1843/1843 1985/1985 2068/2068
f 1801/1801 2017/2017 2073/2073
f 1827/1827 1905/1905 2077/2077
f 1607/1607 1957/1957 1617/1617
f 1786/1786 2079/2079 1909/1909
f 1821/1821 1942/1942 2004/2004
f 1827/1827 2074/2074 2064/2064
f 1567/1567 2041/2041 2033/2033
f 1922/1922 2011/2011 2015/2015
f 1809/1809 2063/2063 2058/2058
f 1289/1289 1936/1936 1969/1969
f 1563/1563 2034/2034 2030/2030
f 1716/1716 1803/1803 2072/2072
f 1523/1523 1857/1857 1870/1870
f 1711/1711 2063/2063 1809/1809
f 1857/1857 2082/2082 1868/1868
f 1861/1861 2087/2087 1984/1984
f 1713/1713 2071/2071 1905/1905
f 1877/1877 1958/1958 2089/2089
f 1857/1857 1998/1998 2082/2082
f 1599/1599 2090/2090 1725/1725
f 1607/1607 1725/1725 1955/1955
f 1898/1898 1967/1967 2039/2039
f 1808/1808 2050/2050 1822/1822
f 1782/1782 1946/1946 2080/2080
f 1810/1810 2059/2059 2094/2094
f 1908/1908 2097/2097 1916/1916
f 1838/1838 2099/2099 1862/1862
f 1452/1452 2044/2044 1852/1852
f 1601/1601 1650/1650 1818/1818
f 1864/1864 2099/2099 2019/2019
f 1813/1813 2102/2102 1839/1839
f 1984/1984 2086/2086 2068/2068
f 1793/1793 1940/1940 1993/1993
f 1841/1841 2068/2068 1900/1900
f 1837/1837 2048/2048 1998/1998
f 1732/1732 2106/2106 2006/2006
f 1705/1705 1865/1865 2061/2061
f 1910/1910 2108/2108 2097/2097
f 1806/1806 2115/2115 2045/2045
f 1938/1938 2023/2023 2118/2118
f 2066/2066 2075/2075 2124/2124
f 928/928 2125/2125 2131/2131
f 928/928 1845/1845 2125/2125
f 1735/1735 1993/1993 2134/2134
f 1911/1911 2136/2136 2112/2112
f 2065/2065 2122/2122 2139/2139
f 1743/1743 2146/2146 1812/1812
f 1889/1889 2065/2065 2139/2139
f 1746/1746 1949/1949 1858/1858
f 1840/1840 2100/2100 2099/2099
f 1741/1741 2152/2152 1873/1873
f 1597/1597 1853/1853 2090/2090
f 2005/2005 2153/2153 2036/2036
f 1907/1907 2160/2160 2138/2138
f 2076/2076 2166/2166 2120/2120
f 1871/1871 2081/2081 2172/2172
f 1743/1743 1987/1987 2176/2176
f 1733/1733 2133/2133 2105/2105
f 2096/2096 2109/2109 2179/2179
f 1934/1934 1976/1976 1968/1968
f 1902/1902 2068/2068 1947/1947
f 1890/1890 2141/2141 2188/2188
f 1866/1866 2174/2174 2060/2060
f 1942/1942 1988/1988 2003/2003
f 2110/2110 2137/2137 2192/2192
f 1965/1965 1999/1999 2193/2193
f 1756/1756 2053/2053 2198/2198
f 1915/1915 2096/2096 2182/2182
f 2010/2010 2196/2196 2013/2013
f 2035/2035 2201/2201 2209/2209
f 1977/1977 2205/2205 2212/2212
f 2140/2140 2219/2219 2224/2224
f 2137/2137 2163/2163 2191/2191
f 2142/2142 2222/2222 2185/2185
f 1909/1909 2079/2079 2228/2228
f 1877/1877 2089/2089 2230/2230
f 1744/1744 2177/2177 2234/2234
f 2123/2123 2219/2219 2140/2140
f 2038/2038 2158/2158 2203/2203
f 1572/1572 1751/1751 1829/1829
f 1906/1906 2167/2167 2078/2078
f 1982/1982 2037/2037 2208/2208
f 2121/2121 2168/2168 2220/2220
f 1874/1874 2239/2239 1958/1958
f 1929/1929 2175/2175 1986/1986
f 1919/1919 2032/2032 1925/1925
f 1912/1912 2227/2227 2164/2164
f 1989/1989 2196/2196 2000/2000
f 1989/1989 2014/2014 2196/2196
f 1428/1428 1883/1883 1846/1846
f 2057/2057 2173/2173 2093/2093
f 1804/1804 2094/2094 2116/2116
f 1749/1749 1913/1913 2241/2241
f 2023/2023 2247/2247 2118/2118
f 1493/1493 1854/1854 1614/1614
f 1622/1622 1816/1816 1626/1626
f 1740/1740 1887/1887 2252/2252
f 2111/2111 2192/2192 2255/2255
f 1938/1938 2119/2119 1995/1995
f 1949/1949 1981/1981 2261/2261
f 1287/1287 1972/1972 1885/1885
f 1926/1926 2236/2236 2176/2176
f 1931/1931 2032/2032 2266/2266
f 2113/2113 2259/2259 2178/2178
f 2190/2190 2272/2272 2259/2259
f 1501/1501 1953/1953 2275/2275
f 927/927 2131/2131 1541/1541
f 2047/2047 2210/2210 2204/2204
f 1814/1814 2144/2144 2279/2279
f 2219/2219 2285/2285 2224/2224
f 1860/1860 1950/1950 2087/2087
f 1958/1958 2287/2287 2089/2089
f 1960/1960 2240/2240 2286/2286
f 2045/2045 2115/2115 2291/2291
f 1811/1811 2277/2277 2100/2100
f 1890/1890 2188/2188 2251/2251
f 1878/1878 2231/2231 2054/2054
f 2105/2105 2135/2135 2294/2294
f 1756/1756 2198/2198 2008/2008
f 2217/2217 2301/2301 2282/2282
f 2258/2258 2270/2270 2304/2304
f 2107/2107 2295/2295 2159/2159
f 1490/1490 1580/1580 2306/2306
f 1493/1493 2309/2309 1856/1856
f 2021/2021 2099/2099 2311/2311
f 2256/2256 2305/2305 2314/2314
f 2221/2221 2280/2280 2319/2319
f 1540/1540 2308/2308 1580/1580
f 1749/1749 2322/2322 2022/2022
f 2183/2183 2259/2259 2326/2326
f 2046/2046 2292/2292 2205/2205
f 1930/1930 2331/2331 2235/2235
f 2270/2270 2335/2335 2304/2304
f 1979/1979 2214/2214 2264/2264
f 1743/1743 2232/2232 2146/2146
f 2283/2283 2341/2341 2345/2345
f 2094/2094 2354/2354 2114/2114
f 1914/1914 2184/2184 2355/2355
f 1740/1740 2249/2249 2151/2151
f 2284/2284 2346/2346 2318/2318
f 2165/2165 2359/2359 2218/2218
f 1914/1914 2355/2355 2361/2361
f 2155/2155 2366/2366 2201/2201
f 2032/2032 2040/2040 2266/2266
f 2303/2303 2334/2334 2313/2313
f 2011/2011 2372/2372 2195/2195
f 1962/1962 2269/2269 2040/2040
f 2223/2223 2316/2316 2377/2377
f 1625/1625 2379/2379 1758/1758
f 2020/2020 2381/2381 2072/2072
f 2257/2257 2315/2315 2327/2327
f 2088/2088 2289/2289 2385/2385
f 2206/2206 2290/2290 2386/2386
f 2027/2027 2394/2394 2247/2247
f 2098/2098 2395/2395 2311/2311
f 2317/2317 2348/2348 2376/2376
f 1961/1961 2194/2194 2371/2371
f 2187/2187 2225/2225 2400/2400
f 2116/2116 2353/2353 2292/2292
f 2170/2170 2402/2402 2358/2358
f 2098/2098 2101/2101 2395/2395
f 2344/2344 2408/2408 2410/2410
f 2342/2342 2413/2413 2347/2347
f 2008/2008 2198/2198 2414/2414
f 2207/2207 2388/2388 2215/2215
f 2067/2067 2086/2086 2417/2417
f 2157/2157 2421/2421 2367/2367
f 2012/2012 2415/2415 2372/2372
f 1415/1415 1498/1498 2276/2276
f 2313/2313 2338/2338 2427/2427
f 2273/2273 2429/2429 2336/2336
f 2347/2347 2410/2410 2436/2436
f 2281/2281 2299/2299 2343/2343
f 2189/2189 2431/2431 2271/2271
f 2336/2336 2434/2434 2440/2440
f 2348/2348 2438/2438 2375/2375
f 2025/2025 2320/2320 2391/2391
f 2084/2084 2368/2368 2172/2172
f 2315/2315 2424/2424 2327/2327
f 2095/2095 2172/2172 2352/2352
f 1963/1963 2373/2373 2266/2266
f 1749/1749 2243/2243 2324/2324
f 2185/2185 2397/2397 2444/2444
f 1905/1905 2070/2070 2381/2381
f 2018/2018 2312/2312 2380/2380
f 1855/1855 2306/2306 2090/2090
f 2293/2293 2350/2350 2389/2389
f 2223/2223 2377/2377 2398/2398
f 2154/2154 2297/2297 2420/2420
f 2299/2299 2406/2406 2340/2340
f 2118/2118 2248/2248 2449/2449
f 1849/1849 1886/1886 2455/2455
f 2233/2233 2333/2333 2457/2457
f 2146/2146 2232/2232 2458/2458
f 2161/2161 2431/2431 2192/2192
f 2079/2079 2463/2463 2226/2226
f 2169/2169 2470/2470 2401/2401
f 2211/2211 2387/2387 2473/2473
f 2349/2349 2475/2475 2390/2390
f 2181/2181 2329/2329 2478/2478
f 2328/2328 2480/2480 2477/2477
f 1924/1924 2485/2485 2332/2332
f 2327/2327 2425/2425 2482/2482
f 2378/2378 2437/2437 2411/2411
f 2219/2219 2360/2360 2493/2493
f 2162/2162 2227/2227 2432/2432
f 1914/1914 2361/2361 2244/2244
f 1652/1652 1830/1830 2497/2497
f 1847/1847 2455/2455 2126/2126
f 1946/1946 2463/2463 2080/2080
f 1873/1873 2149/2149 2238/2238
f 2104/2104 2503/2503 2395/2395
f 2219/2219 2493/2493 2301/2301
f 2337/2337 2442/2442 2504/2504
f 2339/2339 2504/2504 2427/2427
f 1927/1927 2268/2268 2489/2489
f 1752/1752 2498/2498 1830/1830
f 2369/2369 2418/2418 2508/2508
f 2197/2197 2515/2515 2416/2416
f 2435/2435 2520/2520 2441/2441
f 2423/2423 2504/2504 2524/2524
f 1726/1726 2529/2529 1956/1956
f 2377/2377 2536/2536 2398/2398
f 2397/2397 2538/2538 2443/2443
f 2180/2180 2479/2479 2356/2356
f 1946/1946 2069/2069 2543/2543
f 2439/2439 2518/2518 2505/2505
f 2302/2302 2493/2493 2548/2548
f 1725/1725 2092/2092 2530/2530
f 1952/1952 2528/2528 2274/2274
f 2103/2103 2278/2278 2500/2500
f 2404/2404 2465/2465 2553/2553
f 1951/1951 2417/2417 2085/2085
f 1906/1906 2468/2468 2171/2171
f 2226/2226 2464/2464 2556/2556
f 2426/2426 2527/2527 2481/2481
f 2172/2172 2365/2365 2352/2352
f 2227/2227 2563/2563 2430/2430
f 2359/2359 2403/2403 2555/2555
f 2355/2355 2566/2566 2361/2361
f 2091/2091 2307/2307 2531/2531
f 1627/1627 1817/1817 1655/1655
f 2227/2227 2558/2558 2563/2563
f 1627/1627 1652/1652 2495/2495
f 2351/2351 2364/2364 2509/2509
f 2330/2330 2484/2484 2460/2460
f 1996/1996 2117/2117 2450/2450
f 1905/1905 2381/2381 2469/2469
f 2375/2375 2409/2409 2537/2537
f 2186/2186 2447/2447 2250/2250
f 2370/2370 2415/2415 2513/2513
f 2398/2398 2533/2533 2568/2568
f 2357/2357 2479/2479 2567/2567
f 2483/2483 2525/2525 2522/2522
f 2298/2298 2574/2574 2422/2422
f 2300/2300 2532/2532 2405/2405
f 2359/2359 2551/2551 2490/2490
f 2242/2242 2362/2362 2575/2575
f 2301/2301 2547/2547 2534/2534
f 2361/2361 2566/2566 2579/2579
f 2068/2068 2417/2417 2580/2580
f 2310/2310 2585/2585 2384/2384
f 2407/2407 2535/2535 2412/2412
f 2246/2246 2589/2589 2451/2451
f 434/434 487/487 2591/2591
f 1945/1945 2594/2594 2461/2461
f 2265/2265 2374/2374 2511/2511
f 2506/2506 2522/2522 2526/2526
f 2088/2088 2385/2385 2599/2599
f 2089/2089 2600/2600 2230/2230
f 2477/2477 2480/2480 2523/2523
f 2135/2135 2602/2602 2294/2294
f 2296/2296 2603/2603 2572/2572
f 2433/2433 2562/2562 2610/2610
f 2308/2308 2612/2612 2528/2528
f 2216/2216 2472/2472 2617/2617
f 2446/2446 2538/2538 2622/2622
f 2428/2428 2607/2607 2519/2519
f 1882/1882 1971/1971 2625/2625
f 2055/2055 2229/2229 2598/2598
f 2148/2148 2253/2253 2628/2628
f 2479/2479 2521/2521 2607/2607
f 1611/1611 1757/1757 1797/1797
f 2289/2289 2634/2634 2385/2385
f 2237/2237 2632/2632 2288/2288
f 1566/1566 2029/2029 2638/2638
f 2147/2147 2502/2502 2279/2279
f 2213/2213 2616/2616 2260/2260
f 2491/2491 2641/2641 2550/2550
f 2399/2399 2568/2568 2539/2539
f 1753/1753 2645/2645 2496/2496
f 2352/2352 2507/2507 2474/2474
f 2536/2536 2549/2549 2570/2570
f 2467/2467 2648/2648 2552/2552
f 2492/2492 2554/2554 2642/2642
f 2068/2068 2580/2580 2544/2544
f 2477/2477 2651/2651 2567/2567
f 2471/2471 2510/2510 2657/2657
f 2476/2476 2656/2656 2620/2620
f 2565/2565 2652/2652 2576/2576
f 2245/2245 2392/2392 2588/2588
f 2276/2276 2528/2528 2659/2659
f 2267/2267 2512/2512 2487/2487
f 2564/2564 2663/2663 2610/2610
f 1951/1951 2667/2667 2417/2417
f 2550/2550 2641/2641 2568/2568
f 2479/2479 2608/2608 2653/2653
f 2486/2486 2516/2516 2669/2669
f 2199/2199 2674/2674 2517/2517
f 2418/2418 2657/2657 2510/2510
f 2557/2557 2662/2662 2561/2561
f 2311/2311 2395/2395 2582/2582
f 2151/2151 2633/2633 2238/2238
f 2554/2554 2647/2647 2642/2642
f 1945/1945 2545/2545 2597/2597
f 2396/2396 2501/2501 2677/2677
f 2419/2419 2573/2573 2658/2658
f 1994/1994 2682/2682 2687/2687
f 1994/1994 2687/2687 2133/2133
f 2385/2385 2634/2634 2599/2599
f 1992/1992 2448/2448 2681/2681
f 2577/2577 2650/2650 2693/2693
f 2467/2467 2623/2623 2648/2648
f 2609/2609 2662/2662 2650/2650
f 2540/2540 2569/2569 2643/2643
f 2571/2571 2604/2604 2654/2654
f 2557/2557 2692/2692 2662/2662
f 1971/1971 2694/2694 2625/2625
f 2514/2514 2676/2676 2669/2669
f 2541/2541 2642/2642 2621/2621
f 2650/2650 2664/2664 2689/2689
f 2417/2417 2667/2667 2696/2696
f 2145/2145 2701/2701 2502/2502
f 2624/2624 2643/2643 2649/2649
f 2254/2254 2445/2445 2623/2623
f 2249/2249 2623/2623 2630/2630
f 2452/2452 2590/2590 2684/2684
f 2488/2488 2668/2668 2672/2672
f 2460/2460 2484/2484 2670/2670
f 2605/2605 2618/2618 2655/2655
f 2417/2417 2697/2697 2580/2580
f 2601/2601 2636/2636 2708/2708
f 2395/2395 2678/2678 2586/2586
f 1053/1053 2709/2709 1937/1937
f 2461/2461 2713/2713 2560/2560
f 2559/2559 2716/2716 2691/2691
f 2053/2053 2675/2675 2198/2198
f 1948/1948 2261/2261 2666/2666
f 2578/2578 2690/2690 2713/2713
f 2462/2462 2593/2593 2714/2714
f 2243/2243 2578/2578 2716/2716
f 2606/2606 2721/2721 2619/2619
f 2151/2151 2723/2723 2633/2633
f 2542/2542 2581/2581 2727/2727
f 2667/2667 2732/2732 2696/2696
f 2135/2135 2722/2722 2602/2602
f 2261/2261 2616/2616 2720/2720
f 2325/2325 2589/2589 2393/2393
f 2263/2263 2731/2731 2665/2665
f 2546/2546 2728/2728 2595/2595
f 2145/2145 2459/2459 2673/2673
f 2599/2599 2708/2708 2739/2739
f 2242/2242 2716/2716 2324/2324
f 2323/2323 2743/2743 2590/2590
f 2635/2635 2725/2725 2707/2707
f 2052/2052 2598/2598 2737/2737
f 1566/1566 2638/2638 1933/1933
f 1413/1413 2276/2276 2044/2044
f 2590/2590 2748/2748 2684/2684
f 2053/2053 2751/2751 2671/2671
f 2146/2146 2675/2675 2751/2751
f 1852/1852 2639/2639 2028/2028
f 2133/2133 2688/2688 2719/2719
f 2465/2465 2627/2627 2623/2623
f 2053/2053 2737/2737 2756/2756
f 2053/2053 2755/2755 2751/2751
f 2595/2595 2758/2758 2718/2718
f 2262/2262 2761/2761 2734/2734
f 2583/2583 2679/2679 2764/2764
f 2580/2580 2698/2698 2729/2729
f 2706/2706 2724/2724 2738/2738
f 2590/2590 2741/2741 2746/2746
f 2699/2699 2733/2733 2730/2730
f 2143/2143 2752/2752 2702/2702
f 2688/2688 2769/2769 2720/2720
f 2587/2587 2765/2765 2772/2772
f 2382/2382 2584/2584 2774/2774
f 2683/2683 2777/2777 2686/2686
f 2261/2261 2720/2720 2769/2769
f 2680/2680 2784/2784 2767/2767
f 2321/2321 2787/2787 2745/2745
f 2499/2499 2700/2700 2783/2783
f 2150/2150 2790/2790 2724/2724
f 2383/2383 2797/2797 2466/2466
f 2685/2685 2749/2749 2779/2779
f 2501/2501 2781/2781 2677/2677
f 2324/2324 2715/2715 2786/2786
f 2149/2149 2631/2631 2800/2800
f 2766/2766 2784/2784 2771/2771
f 2688/2688 2778/2778 2769/2769
f 2381/2381 2774/2774 2797/2797
f 2151/2151 2798/2798 2792/2792
f 2730/2730 2735/2735 2763/2763
f 1539/1539 2805/2805 2308/2308
f 2724/2724 2790/2790 2738/2738
f 2744/2744 2785/2785 2807/2807
f 2740/2740 2814/2814 2754/2754
f 2742/2742 2807/2807 2747/2747
f 2751/2751 2756/2756 2817/2817
f 2717/2717 2759/2759 2788/2788
f 2261/2261 2818/2818 2761/2761
f 2703/2703 2753/2753 2817/2817
f 1882/1882 2625/2625 2820/2820
f 2465/2465 2796/2796 2629/2629
f 2631/2631 2797/2797 2800/2800
f 2261/2261 2770/2770 2818/2818
f 2306/2306 2805/2805 2611/2611
f 2736/2736 2824/2824 2809/2809
f 2596/2596 2826/2826 2757/2757
f 2768/2768 2775/2775 2818/2818
f 2596/2596 2726/2726 2827/2827
f 1624/1624 2494/2494 2644/2644
f 2756/2756 2811/2811 2816/2816
f 2730/2730 2762/2762 2826/2826
f 2773/2773 2784/2784 2829/2829
f 2738/2738 2793/2793 2823/2823
f 2705/2705 2829/2829 2782/2782
f 2797/2797 2832/2832 2800/2800
f 1935/1935 2710/2710 2834/2834
f 2704/2704 2815/2815 2828/2828
f 2771/2771 2831/2831 2795/2795
f 2763/2763 2835/2835 2826/2826
f 2747/2747 2808/2808 2840/2840
f 2750/2750 2837/2837 2780/2780
f 2763/2763 2819/2819 2836/2836
f 2791/2791 2799/2799 2831/2831
f 2776/2776 2838/2838 2819/2819
f 1884/1884 2821/2821 2455/2455
f 2789/2789 2841/2841 2807/2807
f 2807/2807 2841/2841 2839/2839
f 2711/2711 2845/2845 2833/2833
f 2759/2759 2842/2842 2788/2788
f 2794/2794 2831/2831 2825/2825
f 2760/2760 2826/2826 2841/2841
f 2813/2813 2823/2823 2831/2831
f 2819/2819 2838/2838 2836/2836
f 2812/2812 2829/2829 2815/2815
f 2773/2773 2829/2829 2830/2830
f 1051/1051 2847/2847 2712/2712
f 2810/2810 2831/2831 2829/2829
f 2826/2826 2836/2836 2843/2843
f 2836/2836 2838/2838 2841/2841
f 2528/2528 2612/2612 2659/2659
f 487/487 1933/1933 2591/2591
f 1852/1852 2044/2044 2637/2637
f 432/432 2591/2591 1706/1706
f 2625/2625 2695/2695 2849/2849
f 1934/1934 2833/2833 1976/1976
f 1543/1543 2131/2131 2801/2801
f 1521/1521 2645/2645 1753/1753
f 1050/1050 1797/1797 2844/2844
f 1975/1975 2855/2855 2695/2695
f 2695/2695 2855/2855 2849/2849
f 2044/2044 2274/2274 2661/2661
f 1625/1625 2858/2858 2379/2379
f 1626/1626 2644/2644 2859/2859
f 1973/1973 2833/2833 2857/2857
f 2861/2861 2864/2864 2869/2869
f 2875/2875 2879/2879 2882/2882
f 2886/2886 2889/2889 2894/2894
f 2886/2886 2902/2902 2905/2905
f 2873/2873 2909/2909 2877/2877
f 2899/2899 2915/2915 2905/2905
f 2877/2877 2909/2909 2919/2919
f 2912/2912 2925/2925 2922/2922
f 2901/2901 2930/2930 2916/2916
f 2922/2922 2928/2928 2938/2938
f 2875/2875 2947/2947 2944/2944
f 2894/2894 2954/2954 2949/2949
f 2949/2949 2954/2954 2959/2959
f 2861/2861 2962/2962 2864/2864
f 2954/2954 2965/2965 2957/2957
f 2886/2886 2969/2969 2889/2889
f 2973/2973 2978/2978 2984/2984
f 2944/2944 2947/2947 2992/2992
f 2886/2886 2905/2905 2969/2969
f 2875/2875 2882/2882 2947/2947
f 2894/2894 2949/2949 2994/2994
f 2949/2949 2978/2978 2994/2994
f 2996/2996 3003/3003 3008/3008
f 2959/2959 3013/3013 3019/3019
f 2959/2959 2965/2965 3013/3013
f 2974/2974 2984/2984 3022/3022
f 2886/2886 2894/2894 2994/2994
f 2932/2932 3021/3021 2986/2986
f 3001/3001 3019/3019 3008/3008
f 2959/2959 3019/3019 3003/3003
f 3025/3025 3029/3029 3033/3033
f 3027/3027 3039/3039 3029/3029
f 2864/2864 2962/2962 3028/3028
f 2943/2943 3046/3046 3042/3042
f 2882/2882 3053/3053 2947/2947
f 2866/2866 2923/2923 2996/2996
f 2945/2945 2991/2991 3047/3047
f 2889/2889 2969/2969 3057/3057
f 2969/2969 3062/3062 3057/3057
f 3029/3029 3065/3065 3035/3035
f 2866/2866 2936/2936 2928/2928
f 2871/2871 3070/3070 2940/2940
f 3007/3007 3018/3018 3072/3072
f 2931/2931 2984/2984 3042/3042
f 2980/2980 3076/3076 2983/2983
f 2962/2962 3059/3059 3060/3060
f 2916/2916 2930/2930 3079/3079
f 2962/2962 3083/3083 3027/3027
f 2927/2927 3085/3085 3000/3000
f 2866/2866 2996/2996 3008/3008
f 2962/2962 3088/3088 3057/3057
f 2953/2953 3075/3075 2979/2979
f 2916/2916 3096/3096 3098/3098
f 3051/3051 3098/3098 3093/3093
f 2962/2962 3064/3064 3083/3083
f 3039/3039 3106/3106 3109/3109
f 2916/2916 3079/3079 3111/3111
f 2917/2917 3098/3098 3040/3040
f 2947/2947 3051/3051 3091/3091
f 2935/2935 3042/3042 3046/3046
f 3028/3028 3083/3083 3106/3106
f 3028/3028 3103/3103 3039/3039
f 2915/2915 3039/3039 3107/3107
f 2919/2919 2936/2936 3065/3065
f 2905/2905 2915/2915 3109/3109
f 3013/3013 3057/3057 3019/3019
f 2914/2914 3112/3112 3095/3095
f 3015/3015 3055/3055 3088/3088
f 2861/2861 2866/2866 3118/3118
f 2919/2919 3067/3067 3029/3029
f 3124/3124 3129/3129 3135/3135
f 2866/2866 3008/3008 3116/3116
f 2929/2929 3046/3046 3079/3079
f 3124/3124 3142/3142 3129/3129
f 3150/3150 3155/3155 3156/3156
f 3164/3164 3167/3167 3170/3170
f 3150/3150 3174/3174 3182/3182
f 3125/3125 3132/3132 3185/3185
f 3190/3190 3194/3194 3198/3198
f 3157/3157 3205/3205 3203/3203
f 3203/3203 3205/3205 3212/3212
f 3140/3140 3216/3216 3222/3222
f 3194/3194 3224/3224 3200/3200
f 3198/3198 3224/3224 3228/3228
f 3170/3170 3212/3212 3234/3234
f 3164/3164 3170/3170 3234/3234
f 3190/3190 3200/3200 3238/3238
f 3190/3190 3238/3238 3243/3243
f 3138/3138 3248/3248 3251/3251
f 3124/3124 3255/3255 3142/3142
f 3142/3142 3255/3255 3216/3216
f 3179/3179 3261/3261 3265/3265
f 3157/3157 3272/3272 3205/3205
f 3133/3133 3254/3254 3276/3276
f 3174/3174 3216/3216 3279/3279
f 3124/3124 3186/3186 3267/3267
f 3164/3164 3234/3234 3286/3286
f 3194/3194 3293/3293 3224/3224
f 3195/3195 3298/3298 3291/3291
f 3170/3170 3300/3300 3212/3212
f 3286/3286 3306/3306 3312/3312
f 3188/3188 3243/3243 3247/3247
f 3242/3242 3315/3315 3246/3246
f 3203/3203 3212/3212 3300/3300
f 3164/3164 3200/3200 3229/3229
f 3164/3164 3287/3287 3313/3313
f 3190/3190 3247/3247 3318/3318
f 3285/3285 3323/3323 3308/3308
f 3164/3164 3229/3229 3167/3167
f 3290/3290 3297/3297 3328/3328
f 3144/3144 3158/3158 3203/3203
f 3174/3174 3332/3332 3178/3178
f 3134/3134 3275/3275 3184/3184
f 3205/3205 3272/3272 3340/3340
f 3132/3132 3330/3330 3318/3318
f 3136/3136 3345/3345 3325/3325
f 3137/3137 3318/3318 3247/3247
f 3325/3325 3356/3356 3346/3346
f 3272/3272 3358/3358 3340/3340
f 3249/3249 3317/3317 3252/3252
f 3346/3346 3355/3355 3363/3363
f 3175/3175 3279/3279 3334/3334
f 3182/3182 3265/3265 3359/3359
f 3269/3269 3371/3371 3358/3358
f 3216/3216 3255/3255 3279/3279
f 3128/3128 3345/3345 3136/3136
f 3182/3182 3334/3334 3259/3259
f 3142/3142 3221/3221 3365/3365
f 3220/3220 3346/3346 3363/3363
f 3289/3289 3325/3325 3346/3346
f 3304/3304 3339/3339 3359/3359
f 3328/3328 3343/3343 3354/3354
f 3304/3304 3359/3359 3374/3374
f 3309/3309 3322/3322 3338/3338
f 3187/3187 3371/3371 3265/3265
f 3359/3359 3371/3371 3374/3374
f 3238/3238 3377/3377 3243/3243
f 3306/3306 3374/3374 3379/3379
f 3243/3243 3377/3377 3374/3374
f 3206/3206 3383/3383 3210/3210
f 2626/2626 3387/3387 2822/2822
f 2876/2876 2942/2942 3392/3392
f 3148/3148 3181/3181 3396/3396
f 3163/3163 3399/3399 3202/3202
f 2985/2985 3403/3403 3045/3045
f 3102/3102 3407/3407 3108/3108
f 3319/3319 3327/3327 3409/3409
f 3143/3143 3366/3366 3416/3416
f 2887/2887 3419/3419 2904/2904
f 2911/2911 3420/3420 2926/2926
f 2625/2625 2848/2848 3386/3386
f 2907/2907 3423/3423 2972/2972
f 2456/2456 2820/2820 3388/3388
f 2613/2613 2802/2802 3429/3429
f 2998/2998 3430/3430 3002/3002
f 3342/3342 3433/3433 3353/3353
f 2939/2939 3441/3441 3066/3066
f 2865/2865 3446/3446 2870/2870
f 3121/3121 3448/3448 3257/3257
f 3223/3223 3450/3450 3348/3348
f 2933/2933 3453/3453 3024/3024
f 2880/2880 3460/3460 2883/2883
f 3168/3168 3465/3465 3171/3171
f 2611/2611 3467/3467 2661/2661
f 3204/3204 3302/3302 3470/3470
f 2946/2946 3471/3471 2990/2990
f 2920/2920 3031/3031 3477/3477
f 2884/2884 3481/3481 3054/3054
f 2951/2951 3484/3484 3077/3077
f 3131/3131 3139/3139 3487/3487
f 2876/2876 3392/3392 3488/3488
f 3151/3151 3204/3204 3489/3489
f 2044/2044 3491/3491 2637/2637
f 1520/1520 1709/1709 3497/3497
f 1518/1518 3500/3500 2646/2646
f 2637/2637 3490/3490 3503/3503
f 3256/3256 3508/3508 3282/3282
f 1704/1704 2592/2592 3511/3511
f 2997/2997 3086/3086 3514/3514
f 3241/3241 3375/3375 3518/3518
f 2862/2862 3119/3119 3522/3522
f 1710/1710 3513/3513 3494/3494
f 2975/2975 3023/3023 3455/3455
f 3172/3172 3524/3524 3301/3301
f 2646/2646 3500/3500 3527/3527
f 3153/3153 3529/3529 3160/3160
f 3159/3159 3530/3530 3271/3271
f 3299/3299 3536/3536 3326/3326
f 2379/2379 2859/2859 3538/3538
f 3273/3273 3541/3541 3361/3361
f 2970/2970 3426/3426 3542/3542
f 3010/3010 3550/3550 3120/3120
f 3081/3081 3551/3551 3104/3104
f 2989/2989 3559/3559 3048/3048
f 3044/3044 3404/3404 3563/3563
f 3260/3260 3565/3565 3270/3270
f 2971/2971 3569/3569 3063/3063
f 3122/3122 3266/3266 3577/3577
f 2890/2890 3058/3058 3579/3579
f 3253/3253 3584/3584 3277/3277
f 3020/3020 3589/3589 3074/3074
f 2982/2982 3592/3592 2995/2995
f 1522/1522 3498/3498 3501/3501
f 3006/3006 3073/3073 3596/3596
f 3149/3149 3602/3602 3154/3154
f 3211/3211 3611/3611 3233/3233
f 3130/3130 3617/3617 3341/3341
f 2960/2960 3004/3004 3618/3618
f 2863/2863 3026/3026 3621/3621
f 2906/2906 3110/3110 3427/3427
f 2867/2867 3444/3444 3623/3623
f 3016/3016 3090/3090 3628/3628
f 1795/1795 3631/3631 2845/2845
f 3127/3127 3487/3487 3615/3615
f 3189/3189 3633/3633 3196/3196
f 3074/3074 3586/3586 3599/3599
f 3050/3050 3636/3636 3099/3099
f 3123/3123 3577/3577 3643/3643
f 3268/3268 3566/3566 3577/3577
f 2848/2848 3646/3646 3386/3386
f 3061/3061 3571/3571 3082/3082
f 3303/3303 3651/3651 3310/3310
f 3169/3169 3232/3232 3654/3654
f 2044/2044 2660/2660 3658/3658
f 2660/2660 3467/3467 3657/3657
f 3496/3496 3660/3660 3502/3502
f 3500/3500 3662/3662 3528/3528
f 2859/2859 3528/3528 3538/3538
f 3288/3288 3665/3665 3324/3324
f 2977/2977 3591/3591 2981/2981
f 2862/2862 3669/3669 2961/2961
f 2614/2614 3676/3676 3468/3468
f 2956/2956 3678/3678 2967/2967
f 3258/3258 3447/3447 3508/3508
f 3183/3183 3357/3357 3687/3687
f 3184/3184 3689/3689 3369/3369
f 3014/3014 3699/3699 3692/3692
f 2966/2966 3700/3700 3012/3012
f 3235/3235 3703/3703 3284/3284
f 2963/2963 3707/3707 3089/3089
f 3207/3207 3336/3336 3711/3711
f 3262/3262 3333/3333 3720/3720
f 3177/3177 3721/3721 3728/3728
f 3036/3036 3066/3066 3733/3733
f 2900/2900 3735/3735 2934/2934
f 2999/2999 3516/3516 3431/3431
f 2964/2964 3671/3671 3710/3710
f 3307/3307 3378/3378 3738/3738
f 3292/3292 3350/3350 3744/3744
f 3528/3528 3662/3662 3538/3538
f 3049/3049 3747/3747 3078/3078
f 3037/3037 3100/3100 3638/3638
f 3305/3305 3741/3741 3649/3649
f 2895/2895 3680/3680 2955/2955
f 2952/2952 2958/2958 3750/3750
f 3011/3011 3754/3754 3056/3056
f 3331/3331 3757/3757 3409/3409
f 2878/2878 2918/2918 3760/3760
f 2878/2878 3760/3760 3461/3461
f 3056/3056 3754/3754 3578/3578
f 3117/3117 3548/3548 3521/3521
f 3097/3097 3115/3115 3763/3763
f 3499/3499 3659/3659 3662/3662
f 3215/3215 3768/3768 3219/3219
f 2924/2924 3421/3421 3087/3087
f 3351/3351 3774/3774 3362/3362
f 3245/3245 3778/3778 3315/3315
f 3227/3227 3294/3294 3785/3785
f 3184/3184 3278/3278 3690/3690
f 2868/2868 3788/3788 3069/3069
f 3189/3189 3320/3320 3791/3791
f 3214/3214 3797/3797 3610/3610
f 3250/3250 3314/3314 3583/3583
f 3347/3347 3799/3799 3743/3743
f 3360/3360 3541/3541 3685/3685
f 3173/3173 3726/3726 3218/3218
f 3281/3281 3716/3716 3335/3335
f 2874/2874 3802/3802 2913/2913
f 3193/3193 3534/3534 3296/3296
f 3278/3278 3582/3582 3690/3690
f 3467/3467 3676/3676 3655/3655
f 3236/3236 3606/3606 3702/3702
f 3295/3295 3744/3744 3782/3782
f 3090/3090 3707/3707 3628/3628
f 3143/3143 3412/3412 3804/3804
f 3201/3201 3811/3811 3237/3237
f 2043/2043 3819/3819 3817/3817
f 2044/2044 3658/3658 3821/3821
f 3017/3017 3629/3629 3587/3587
f 2888/2888 2993/2993 3595/3595
f 3101/3101 3553/3553 3823/3823
f 2881/2881 3826/3826 3480/3480
f 2971/2971 3544/3544 3569/3569
f 3370/3370 3831/3831 3372/3372
f 2804/2804 3832/3832 3428/3428
f 3364/3364 3773/3773 3413/3413
f 3322/3322 3666/3666 3338/3338
f 3152/3152 3602/3602 3530/3530
f 2988/2988 3471/3471 3557/3557
f 3204/3204 3470/3470 3489/3489
f 2891/2891 3834/3834 2893/2893
f 3316/3316 3779/3779 3584/3584
f 3191/3191 3795/3795 3633/3633
f 3105/3105 3824/3824 3407/3407
f 3373/3373 3830/3830 3840/3840
f 2896/2896 3846/3846 3683/3683
f 2885/2885 3592/3592 3417/3417
f 3052/3052 3480/3480 3637/3637
f 3368/3368 3848/3848 3829/3829
f 3026/3026 3034/3034 3729/3729
f 3041/3041 3638/3638 3855/3855
f 3014/3014 3692/3692 3755/3755
f 3199/3199 3857/3857 3862/3862
f 2614/2614 3428/3428 3832/3832
f 3192/3192 3867/3867 3870/3870
f 3344/3344 3616/3616 3434/3434
f 2941/2941 3043/3043 3562/3562
f 3337/3337 3667/3667 3711/3711
f 3226/3226 3784/3784 3875/3875
f 3321/3321 3410/3410 3793/3793
f 3193/3193 3871/3871 3534/3534
f 3213/3213 3383/3383 3878/3878
f 3209/3209 3880/3880 3796/3796
f 2872/2872 3625/3625 3790/3790
f 2946/2946 3094/3094 3882/3882
f 2860/2860 3522/3522 3670/3670
f 3108/3108 3407/3407 3424/3424
f 3201/3201 3861/3861 3810/3810
f 3660/3660 3884/3884 3664/3664
f 3658/3658 3677/3677 3885/3885
f 2910/2910 3891/3891 3422/3422
f 3032/3032 3038/3038 3854/3854
f 3274/3274 3530/3530 3540/3540
f 2937/2937 3071/3071 3894/3894
f 2908/2908 3803/3803 3888/3888
f 3280/3280 3505/3505 3716/3716
f 3146/3146 3724/3724 3176/3176
f 3656/3656 3896/3896 3819/3819
f 3663/3663 3901/3901 3905/3905
f 3661/3661 3907/3907 3884/3884
f 3161/3161 3311/3311 3648/3648
f 3192/3192 3633/3633 3866/3866
f 3225/3225 3874/3874 3230/3230
f 3166/3166 3653/3653 3465/3465
f 3208/3208 3711/3711 3381/3381
f 3537/3537 3662/3662 3904/3904
f 3084/3084 3568/3568 3554/3554
f 3171/3171 3464/3464 3525/3525
f 3066/3066 3912/3912 3732/3732
f 3367/3367 3689/3689 3851/3851
f 3066/3066 3441/3441 3911/3911
f 3664/3664 3884/3884 3899/3899
f 3658/3658 3886/3886 3896/3896
f 3080/3080 3914/3914 3113/3113
f 3080/3080 3748/3748 3916/3916
f 3180/3180 3684/3684 3394/3394
f 3197/3197 3401/3401 3859/3859
f 3114/3114 3913/3913 3765/3765
f 2883/2883 3459/3459 3827/3827
f 3141/3141 3806/3806 3485/3485
f 2863/2863 3621/3621 3443/3443
f 2591/2591 3919/3919 3510/3510
f 2834/2834 2846/2846 3632/3632
f 3092/3092 3766/3766 3883/3883
f 2903/2903 3419/3419 3925/3925
f 3126/3126 3644/3644 3448/3448
f 3675/3675 3930/3930 3885/3885
f 2044/2044 3815/3815 3491/3491
f 3165/3165 3651/3651 3935/3935
f 3264/3264 3719/3719 3937/3937
f 3026/3026 3729/3729 3619/3619
f 3301/3301 3524/3524 3469/3469
f 3352/3352 3435/3435 3772/3772
f 3239/3239 3813/3813 3941/3941
f 3240/3240 3941/3941 3378/3378
f 3283/3283 3705/3705 3665/3665
f 3087/3087 3421/3421 3943/3943
f 3068/3068 3788/3788 3892/3892
f 3380/3380 3942/3942 3742/3742
f 3244/3244 3520/3520 3778/3778
f 2131/2131 3948/3948 2801/2801
f 3376/3376 3840/3840 3519/3519
f 2987/2987 3077/3077 3484/3484
f 3231/3231 3876/3876 3654/3654
f 2934/2934 3735/3735 3452/3452
f 3219/3219 3767/3767 3449/3449
f 2850/2850 2853/2853 3645/3645
f 2611/2611 3928/3928 3676/3676
f 2897/2897 3835/3835 3844/3844
f 3162/3162 3933/3933 3399/3399
f 3217/3217 3726/3726 3768/3768
f 3263/3263 3939/3939 3567/3567
f 3009/3009 3601/3601 3546/3546
f 2948/2948 3882/3882 3473/3473
f 2958/2958 3618/3618 3752/3752
f 3048/3048 3559/3559 3747/3747
f 2937/2937 3894/3894 3440/3440
f 2968/2968 3681/3681 3697/3697
f 3954/3954 3959/3959 3963/3963
f 3967/3967 3975/3975 3980/3980
f 3986/3986 3988/3988 3998/3998
f 3976/3976 4003/4003 3981/3981
f 3969/3969 4007/4007 3972/3972
f 4012/4012 4018/4018 4020/4020
f 4013/4013 4023/4023 4016/4016
f 3987/3987 3996/3996 4010/4010
f 3030/3030 3855/3855 3476/3476
f 4031/4031 4035/4035 4041/4041
f 4043/4043 4046/4046 4053/4053
f 4018/4018 4057/4057 4020/4020
f 4059/4059 4068/4068 4074/4074
f 4046/4046 4085/4085 4083/4083
f 4031/4031 4041/4041 4093/4093
f 3953/3953 4094/4094 4103/4103
f 3961/3961 4109/4109 4104/4104
f 3983/3983 4116/4116 3995/3995
f 4046/4046 4081/4081 4053/4053
f 3974/3974 4122/4122 4002/4002
f 4013/4013 4126/4126 4023/4023
f 4097/4097 4130/4130 4136/4136
f 3956/3956 4130/4130 4097/4097
f 4030/4030 4043/4043 4034/4034
f 2975/2975 3457/3457 4139/4139
f 2976/2976 4140/4140 3594/3594
f 4080/4080 4085/4085 4092/4092
f 4072/4072 4127/4127 4145/4145
f 4034/4034 4043/4043 4053/4053
f 4096/4096 4136/4136 4112/4112
f 3959/3959 4104/4104 3963/3963
f 3971/3971 4148/4148 4121/4121
f 2921/2921 3478/3478 3761/3761
f 4027/4027 4091/4091 4152/4152
f 4032/4032 4154/4154 4038/4038
f 4040/4040 4080/4080 4092/4092
f 3147/3147 3398/3398 3603/3603
f 3993/3993 4162/4162 3999/3999
f 3005/3005 3431/3431 4166/4166
f 3349/3349 3451/3451 3801/3801
f 3950/3950 4168/4168 3960/3960
f 3608/3608 3798/3798 3879/3879
f 4018/4018 4061/4061 4057/4057
f 2898/2898 3922/3922 3735/3735
f 4079/4079 4173/4173 4176/4176
f 3492/3492 4182/4182 3504/3504
f 3958/3958 4168/4168 4186/4186
f 2126/2126 2455/2455 4189/4189
f 4071/4071 4195/4195 4076/4076
f 3448/3448 3642/3642 3509/3509
f 4077/4077 4176/4176 4199/4199
f 4060/4060 4202/4202 4070/4070
f 4051/4051 4082/4082 4199/4199
f 4015/4015 4025/4025 4206/4206
f 4026/4026 4211/4211 4214/4214
f 4028/4028 4217/4217 4045/4045
f 4029/4029 4150/4150 4212/4212
f 4069/4069 4222/4222 4124/4124
f 3992/3992 4226/4226 3997/3997
f 4004/4004 4119/4119 4231/4231
f 4047/4047 4235/4235 4086/4086
f 3952/3952 4100/4100 4240/4240
f 4090/4090 4243/4243 4151/4151
f 4037/4037 4174/4174 4078/4078
f 3960/3960 4183/4183 4113/4113
f 4098/4098 4114/4114 4245/4245
f 3991/3991 4000/4000 4228/4228
f 3989/3989 4229/4229 4224/4224
f 4014/4014 4021/4021 4253/4253
f 3979/3979 4001/4001 4261/4261
f 4001/4001 4266/4266 4261/4261
f 4107/4107 4108/4108 4272/4272
f 3949/3949 3962/3962 4278/4278
f 4011/4011 4249/4249 4125/4125
f 4042/4042 4281/4281 4047/4047
f 4062/4062 4075/4075 4287/4287
f 3966/3966 4289/4289 4005/4005
f 4019/4019 4295/4295 4063/4063
f 4084/4084 4304/4304 4088/4088
f 3985/3985 4306/4306 4117/4117
f 4065/4065 4298/4298 4203/4203
f 4106/4106 4271/4271 4311/4311
f 3495/3495 3512/3512 3921/3921
f 2892/2892 3579/3579 3837/3837
f 4151/4151 4241/4241 4210/4210
f 4056/4056 4062/4062 4313/4313
f 3005/3005 4166/4166 3618/3618
f 3965/3965 4105/4105 4310/4310
f 4115/4115 4305/4305 4320/4320
f 3994/3994 4118/4118 4319/4319
f 4131/4131 4326/4326 4134/4134
f 3957/3957 4331/4331 4132/4132
f 4133/4133 4331/4331 4323/4323
f 3997/3997 4226/4226 4332/4332
f 3951/3951 4238/4238 4169/4169
f 3997/3997 4332/4332 4009/4009
f 4070/4070 4201/4201 4223/4223
f 4073/4073 4196/4196 4287/4287
f 4009/4009 4332/4332 4334/4334
f 4084/4084 4336/4336 4304/4304
f 4038/4038 4154/4154 4347/4347
f 4001/4001 4161/4161 4264/4264
f 4110/4110 4135/4135 4350/4350
f 3984/3984 4006/4006 4292/4292
f 4039/4039 4344/4344 4171/4171
f 4087/4087 4234/4234 4340/4340
f 4067/4067 4355/4355 4193/4193
f 4135/4135 4324/4324 4352/4352
f 4066/4066 4146/4146 4353/4353
f 2950/2950 3751/3751 3484/3484
f 4024/4024 4128/4128 4209/4209
f 3885/3885 3930/3930 4358/4358
f 4095/4095 4245/4245 4361/4361
f 3968/3968 3978/3978 4257/4257
f 3382/3382 3712/3712 4365/4365
f 3985/3985 4294/4294 4370/4370
f 3977/3977 4375/4375 4149/4149
f 3417/3417 3592/3592 4383/4383
f 4099/4099 4361/4361 4102/4102
f 3574/3574 4385/4385 3640/3640
f 3482/3482 3852/3852 3639/3639
f 3679/3679 3847/3847 4389/4389
f 3400/3400 3933/3933 3859/3859
f 3487/3487 4394/4394 3615/3615
f 3695/3695 3698/3698 4391/4391
f 3982/3982 4372/4372 4306/4306
f 3409/3409 3756/3756 4397/4397
f 3674/3674 4401/4401 3708/3708
f 3508/3508 4405/4405 4408/4408
f 4101/4101 4363/4363 4239/4239
f 3436/3436 3616/3616 4411/4411
f 3567/3567 3939/3939 4416/4416
f 3634/3634 3794/3794 4420/4420
f 3486/3486 3807/3807 4393/4393
f 3682/3682 4388/4388 3701/3701
f 3473/3473 3882/3882 4422/4422
f 3432/3432 4428/4428 3771/3771
f 3955/3955 4278/4278 4327/4327
f 3409/3409 4418/4418 3792/3792
f 4036/4036 4431/4431 4153/4153
f 4017/4017 4207/4207 4297/4297
f 3830/3830 3848/3848 3843/3843
f 3414/3414 3775/3775 4426/4426
f 4049/4049 4438/4438 4234/4234
f 3585/3585 4440/4440 3688/3688
f 3506/3506 4409/4409 3716/3716
f 3507/3507 3641/3641 4404/4404
f 3438/3438 3892/3892 4444/4444
f 3534/3534 3872/3872 4450/4450
f 4124/4124 4222/4222 4453/4453
f 4124/4124 4453/4453 4208/4208
f 3665/3665 4460/4460 3715/3715
f 3973/3973 4008/4008 4379/4379
f 4008/4008 4333/4333 4374/4374
f 3406/3406 4464/4464 3424/3424
f 3409/3409 4399/4399 4419/4419
f 3472/3472 4422/4422 3556/3556
f 4033/4033 4054/4054 4434/4434
f 4120/4120 4147/4147 4377/4377
f 3737/3737 3926/3926 4466/4466
f 4129/4129 4251/4251 4142/4142
f 4123/4123 4378/4378 4231/4231
f 3418/3418 4384/4384 3923/3923
f 3964/3964 4309/4309 4276/4276
f 3898/3898 4469/4469 3905/3905
f 2942/2942 4472/4472 3393/3393
f 2805/2805 4475/4475 3832/3832
f 3442/3442 4479/4479 3626/3626
f 3408/3408 3822/3822 4482/4482
f 3145/3145 3489/3489 3722/3722
f 3630/3630 3709/3709 4400/4400
f 4055/4055 4315/4315 4484/4484
f 4022/4022 4058/4058 4485/4485
f 3555/3555 4480/4480 3825/3825
f 3717/3717 4413/4413 3938/3938
f 3415/3415 4392/4392 3805/3805
f 3580/3580 3694/3694 3839/3839
f 3408/3408 4482/4482 4463/4463
f 3820/3820 3896/3896 4489/4489
f 4232/4232 4436/4436 4493/4493
f 3445/3445 3620/3620 4478/4478
f 3425/3425 4465/4465 3545/3545
f 4155/4155 4433/4433 4344/4344
f 4089/4089 4303/4303 4243/4243
f 3539/3539 3906/3906 4469/4469
f 3439/3439 4447/4447 3909/3909
f 4194/4194 4354/4354 4499/4499
f 4167/4167 4236/4236 4503/4503
f 3523/3523 3547/3547 3672/3672
f 4044/4044 4216/4216 4283/4283
f 4213/4213 4242/4242 4506/4506
f 2379/2379 3538/3538 4511/4511
f 4110/4110 4516/4516 4270/4270
f 3624/3624 4477/4477 3787/3787
f 3520/3520 4518/4518 3776/3776
f 4052/4052 4200/4200 4178/4178
f 3383/3383 4364/4364 3879/3879
f 3543/3543 4482/4482 3572/3572
f 3552/3552 3570/3570 4483/4483
f 3864/3864 4451/4451 3869/3869
f 4225/4225 4376/4376 4332/4332
f 3627/3627 4400/4400 4522/4522
f 4332/4332 4380/4380 4335/4335
f 3480/3480 3826/3826 4524/4524
f 3541/3541 4531/4531 3685/3685
f 3532/3532 4528/4528 3541/3541
f 3593/3593 4137/4137 4467/4467
f 3533/3533 4398/4398 3758/3758
f 3566/3566 4415/4415 3575/3575
f 4255/4255 4265/4265 4532/4532
f 3454/3454 3736/3736 4467/4467
f 3456/3456 4467/4467 4138/4138
f 3746/3746 3764/3764 3915/3915
f 3590/3590 4467/4467 4384/4384
f 3614/3614 4392/4392 4412/4412
f 3518/3518 3842/3842 4519/4519
f 4111/4111 4536/4536 4246/4246
f 3437/3437 4410/4410 4425/4425
f 3766/3766 4424/4424 3881/3881
f 3642/3642 4387/4387 4404/4404
f 3462/3462 3759/3759 3474/3474
f 3622/3622 3730/3730 4477/4477
f 3691/3691 4440/4440 3849/3849
f 3704/3704 4540/4540 4462/4462
f 3397/3397 3686/3686 4529/4529
f 2454/2454 3390/3390 4543/4543
f 3668/3668 3704/3704 4462/4462
f 3584/3584 3779/3779 4441/4441
f 3605/3605 4538/4538 3706/3706
f 3650/3650 3740/3740 3934/3934
f 3838/3838 4390/4390 3845/3845
f 1757/1757 4550/4550 1797/1797
f 3924/3924 4382/4382 4467/4467
f 3812/3812 3863/3863 3858/3858
f 3463/3463 4525/4525 3828/3828
f 4203/4203 4298/4298 4552/4552
f 3734/3734 3910/3910 4445/4445
f 3588/3588 4523/4523 3597/3597
f 3587/3587 3629/3629 4523/4523
f 3609/3609 3877/3877 4366/4366
f 3479/3479 4526/4526 3856/3856
f 4247/4247 4535/4535 4361/4361
f 2985/2985 3483/3483 3403/3403
f 3535/3535 4449/4449 4395/4395
f 3086/3086 3943/3943 3514/3514
f 3746/3746 4423/4423 3762/3762
f 4021/4021 4488/4488 4250/4250
f 3635/3635 4421/4421 3865/3865
f 4064/4064 4286/4286 4313/4313
f 3718/3718 4406/4406 4417/4417
f 3492/3492 3816/3816 4182/4182
f 3539/3539 4556/4556 4510/4510
f 3789/3789 4476/4476 3895/3895
f 4170/4170 4502/4502 4187/4187
f 3411/3411 4429/4429 4392/4392
f 4307/4307 4371/4371 4557/4557
f 4210/4210 4505/4505 4218/4218
f 3693/3693 4388/4388 3836/3836
f 3547/3547 4402/4402 3673/3673
f 4172/4172 4345/4345 4176/4176
f 3740/3740 3940/3940 3809/3809
f 2941/2941 3561/3561 4473/4473
f 4048/4048 4279/4279 4437/4437
f 4204/4204 4551/4551 4221/4221
f 4244/4244 4301/4301 4506/4506
f 3731/3731 4446/4446 4476/4476
f 3543/3543 4465/4465 4481/4481
f 2127/2127 4191/4191 2128/2128
f 2874/2874 3488/3488 3802/3802
f 4324/4324 4563/4563 4350/4350
f 4325/4325 4328/4328 4566/4566
f 4392/4392 4427/4427 4410/4410
f 3990/3990 4318/4318 4162/4162
f 4233/4233 4491/4491 4337/4337
f 3893/3893 4476/4476 4445/4445
f 4111/4111 4184/4184 4536/4536
f 3739/3739 3808/3808 3936/3936
f 3558/3558 4423/4423 3749/3749
f 4237/4237 4360/4360 4500/4500
f 4050/4050 4175/4175 4434/4434
f 3598/3598 4522/4522 4400/4400
f 3814/3814 3860/3860 3932/3932
f 3549/3549 3600/3600 4400/4400
f 3777/3777 4520/4520 4442/4442
f 4308/4308 4558/4558 4322/4322
f 3573/3573 4414/4414 4407/4407
f 4504/4504 4570/4570 4573/4573
f 4223/4223 4551/4551 4455/4455
f 3576/3576 4407/4407 4386/4386
f 3868/3868 4421/4421 4451/4451
f 3607/3607 4459/4459 4539/4539
f 3458/3458 3475/3475 4527/4527
f 4396/4396 4448/4448 4421/4421
f 3531/3531 3604/3604 4530/4530
f 3613/3613 4367/4367 3713/3713
f 3395/3395 4530/4530 3604/3604
f 3841/3841 3850/3850 4521/4521
f 3612/3612 3714/3714 4461/4461
f 3850/3850 4443/4443 4521/4521
f 3475/3475 3853/3853 4526/4526
f 4386/4386 4407/4407 4403/4403
f 4159/4159 4534/4534 4267/4267
f 3660/3660 4575/4575 3908/3908
f 1932/1932 2637/2637 4580/4580
f 2611/2611 4583/4583 3931/3931
f 3886/3886 4358/4358 4586/4586
f 4227/4227 4230/4230 4381/4381
f 4269/4269 4277/4277 4311/4311
f 4435/4435 4593/4593 4492/4492
f 4282/4282 4591/4591 4439/4439
f 3970/3970 4256/4256 4293/4293
f 4218/4218 4507/4507 4574/4574
f 4356/4356 4598/4598 4498/4498
f 4205/4205 4456/4456 4602/4602
f 4209/4209 4602/4602 4296/4296
f 4298/4298 4603/4603 4552/4552
f 3887/3887 4605/4605 3896/3896
f 3539/3539 4468/4468 4556/4556
f 4326/4326 4567/4567 4562/4562
f 4197/4197 4497/4497 4606/4606
f 4185/4185 4501/4501 4537/4537
f 4275/4275 4612/4612 4330/4330
f 4299/4299 4617/4617 4508/4508
f 4509/4509 4618/4618 4571/4571
f 4110/4110 4351/4351 4516/4516
f 4156/4156 4622/4622 4534/4534
f 4268/4268 4627/4627 4277/4277
f 4177/4177 4629/4629 4432/4432
f 4553/4553 4599/4599 4638/4638
f 4362/4362 4537/4537 4501/4501
f 4273/4273 4513/4513 4625/4625
f 4192/4192 4639/4639 4285/4285
f 4368/4368 4647/4647 4560/4560
f 3431/3431 3517/3517 4164/4164
f 4455/4455 4551/4551 4635/4635
f 4179/4179 4342/4342 4648/4648
f 4262/4262 4533/4533 4621/4621
f 4561/4561 4645/4645 4653/4653
f 4198/4198 4607/4607 4641/4641
f 2591/2591 4657/4657 3917/3917
f 4496/4496 4661/4661 4609/4609
f 4329/4329 4611/4611 4568/4568
f 4290/4290 4666/4666 4369/4369
f 4373/4373 4664/4664 4644/4644
f 1758/1758 2379/2379 4670/4670
f 4495/4495 4598/4598 4662/4662
f 2833/2833 4676/4676 2854/2854
f 2803/2803 3948/3948 4678/4678
f 1795/1795 2834/2834 3632/3632
f 4220/4220 4572/4572 4685/4685
f 4180/4180 4687/4687 4632/4632
f 4452/4452 4636/4636 4690/4690
f 4259/4259 4623/4623 4694/4694
f 4141/4141 4594/4594 4357/4357
f 3884/3884 4697/4697 3900/3900
f 4312/4312 4700/4700 4487/4487
f 4512/4512 4703/4703 4624/4624
f 3897/3897 4605/4605 4489/4489
f 4564/4564 4567/4567 4707/4707
f 4350/4350 4563/4563 4708/4708
f 4250/4250 4486/4486 4702/4702
f 4180/4180 4649/4649 4687/4687
f 4601/4601 4711/4711 4634/4634
f 4341/4341 4433/4433 4714/4714
f 4430/4430 4719/4719 4716/4716
f 4346/4346 4723/4723 4648/4648
f 4343/4343 4715/4715 4720/4720
f 4317/4317 4559/4559 4653/4653
f 4637/4637 4725/4725 4691/4691
f 1798/1798 4728/4728 2834/2834
f 4570/4570 4683/4683 4573/4573
f 3493/3493 3921/3921 4733/4733
f 4434/4434 4629/4629 4717/4717
f 4156/4156 4696/4696 4622/4622
f 4338/4338 4494/4494 4592/4592
f 3927/3927 4583/4583 4585/4585
f 4608/4608 4663/4663 4643/4643
f 4646/4646 4667/4667 4652/4652
f 4274/4274 4628/4628 4734/4734
f 2611/2611 3832/3832 4738/4738
f 4596/4596 4640/4640 4660/4660
f 4626/4626 4705/4705 4736/4736
f 4454/4454 4739/4739 4743/4743
f 4457/4457 4689/4689 4739/4739
f 3887/3887 4586/4586 4605/4605
f 4692/4692 4727/4727 4740/4740
f 3884/3884 3907/3907 4578/4578
f 4458/4458 4750/4750 4604/4604
f 4600/4600 4749/4749 4712/4712
f 4714/4714 4719/4719 4751/4751
f 2132/2132 4191/4191 4754/4754
f 4638/4638 4711/4711 4761/4761
f 4633/4633 4760/4760 4726/4726
f 4287/4287 4764/4764 4313/4313
f 2834/2834 4728/4728 4673/4673
f 4565/4565 4614/4614 4706/4706
f 4569/4569 4616/4616 4683/4683
f 4714/4714 4753/4753 4721/4721
f 3818/3818 4490/4490 4767/4767
f 4454/4454 4745/4745 4748/4748
f 3929/3929 4587/4587 4359/4359
f 3493/3493 4576/4576 3660/3660
f 3392/3392 4769/4769 3488/3488
f 2640/2640 3503/3503 4579/4579
f 3488/3488 4769/4769 3802/3802
f 4252/4252 4701/4701 4771/4771
f 3902/3902 4775/4775 4469/4469
f 4468/4468 4775/4775 4556/4556
f 3470/3470 4783/4783 3489/3489
f 4713/4713 4747/4747 4758/4758
f 4160/4160 4785/4785 4693/4693
f 4515/4515 4789/4789 4704/4704
f 4630/4630 4688/4688 4793/4793
f 4649/4649 4791/4791 4687/4687
f 4489/4489 4605/4605 4766/4766
f 4741/4741 4757/4757 4746/4746
f 4727/4727 4797/4797 4740/4740
f 4631/4631 4790/4790 4718/4718
f 4739/4739 4796/4796 4744/4744
f 4722/4722 4752/4752 4790/4790
f 4718/4718 4794/4794 4752/4752
f 4648/4648 4720/4720 4792/4792
f 4162/4162 4316/4316 4799/4799
f 3833/3833 4475/4475 4738/4738
f 3817/3817 3820/3820 4766/4766
f 4742/4742 4795/4795 4759/4759
f 4724/4724 4759/4759 4798/4798
f 3489/3489 4805/4805 3722/3722
f 2614/2614 4738/4738 4807/4807
f 2615/2615 4808/4808 4583/4583
f 3723/3723 3770/3770 3727/3727
f 4300/4300 4810/4810 4619/4619
f 4818/4818 4821/4821 4828/4828
f 1759/1759 4832/4832 4836/4836
f 4841/4841 4847/4847 4850/4850
f 4839/4839 4848/4848 4855/4855
f 4861/4861 4865/4865 4871/4871
f 4859/4859 4871/4871 4873/4873
f 4818/4818 4877/4877 4823/4823
f 4816/4816 4828/4828 4880/4880
f 4825/4825 4886/4886 4881/4881
f 4823/4823 4877/4877 4889/4889
f 4891/4891 4896/4896 4898/4898
f 4860/4860 4903/4903 4869/4869
f 4258/4258 4695/4695 4784/4784
f 4263/4263 4785/4785 4906/4906
f 4891/4891 4911/4911 4912/4912
f 4842/4842 4857/4857 4917/4917
f 4841/4841 4919/4919 4847/4847
f 4890/4890 4899/4899 4909/4909
f 4890/4890 4915/4915 4893/4893
f 4860/4860 4921/4921 4903/4903
f 4893/4893 4924/4924 4899/4899
f 4892/4892 4929/4929 4926/4926
f 4911/4911 4937/4937 4915/4915
f 2131/2131 4940/4940 3948/3948
f 2453/2453 4542/4542 4191/4191
f 2805/2805 4944/4944 4475/4475
f 1757/1757 4951/4951 4547/4547
f 4814/4814 4953/4953 4876/4876
f 4895/4895 4914/4914 4960/4960
f 3884/3884 4577/4577 4697/4697
f 4614/4614 4963/4963 4709/4709
f 3469/3469 3524/3524 4972/4972
f 4925/4925 4928/4928 4977/4977
f 4620/4620 4981/4981 4682/4682
f 4901/4901 4927/4927 4977/4977
f 4894/4894 4959/4959 4933/4933
f 1799/1799 4546/4546 4985/4985
f 4615/4615 4812/4812 4982/4982
f 4285/4285 4639/4639 4990/4990
f 1758/1758 4669/4669 4831/4831
f 3903/3903 4993/4993 4772/4772
f 4817/4817 4883/4883 4998/4998
f 4581/4581 5001/5001 4584/4584
f 3745/3745 3800/3800 3783/3783
f 3389/3389 5003/5003 5004/5004
f 4290/4290 5006/5006 4668/4668
f 3389/3389 5004/5004 4543/4543
f 4254/4254 5010/5010 4291/4291
f 4840/4840 4916/4916 5015/5015
f 4845/4845 4918/4918 5018/5018
f 4904/4904 4923/4923 5025/5025
f 1796/1796 5030/5030 4730/4730
f 2806/2806 4678/4678 4945/4945
f 3945/3945 4942/4942 5035/5035
f 3725/3725 5038/5038 3769/3769
f 1759/1759 4836/4836 4949/4949
f 4822/4822 5041/5041 4827/4827
f 2130/2130 5042/5042 5050/5050
f 4882/4882 4885/4885 4995/4995
f 4879/4879 5053/5053 4888/4888
f 3903/3903 4697/4697 4994/4994
f 4862/4862 5059/5059 4922/4922
f 4913/4913 4936/4936 5062/5062
f 3503/3503 4181/4181 4579/4579
f 4697/4697 4773/4773 4994/4994
f 3385/3385 3645/3645 5073/5073
f 4844/4844 5078/5078 5082/5082
f 4846/4846 5082/5082 4849/4849
f 4897/4897 5085/5085 4908/4908
f 3654/3654 3875/3875 5088/5088
f 3497/3497 4733/4733 4576/4576
f 2851/2851 5090/5090 3645/3645
f 4866/4866 4902/4902 5026/5026
f 2130/2130 5050/5050 4939/4939
f 1798/1798 4986/4986 5030/5030
f 4588/4588 5098/5098 4605/4605
f 4910/4910 5086/5086 5068/5068
f 4284/4284 5104/5104 4589/4589
f 4815/4815 4999/4999 4955/4955
f 4475/4475 4944/4944 4738/4738
f 2379/2379 4511/4511 4670/4670
f 4910/4910 5064/5064 4935/4935
f 3815/3815 4766/4766 4605/4605
f 4586/4586 5001/5001 5097/5097
f 4897/4897 4978/4978 5105/5105
f 4275/4275 4735/4735 5108/5108
f 4920/4920 5058/5058 5024/5024
f 3816/3816 4605/4605 5097/5097
f 3816/3816 5097/5097 5113/5113
f 2129/2129 4755/4755 5046/5046
f 4878/4878 4956/4956 5053/5053
f 4215/4215 5118/5118 4280/4280
f 4706/4706 4965/4965 5120/5120
f 4283/4283 5116/5116 5103/5103
f 4577/4577 5125/5125 4697/4697
f 4984/4984 5127/5127 5028/5028
f 5131/5131 5135/5135 5141/5141
f 4190/4190 5144/5144 4756/4756
f 5130/5130 5149/5149 5133/5133
f 5132/5132 5138/5138 5151/5151
f 4838/4838 5020/5020 4918/4918
f 4824/4824 5039/5039 5158/5158
f 4851/4851 5162/5162 4856/4856
f 4900/4900 5106/5106 5085/5085
f 4756/4756 5144/5144 5165/5165
f 3947/3947 5032/5032 5169/5169
f 4941/4941 5176/5176 5034/5034
f 3946/3946 5168/5168 5177/5177
f 3944/3944 5180/5180 4679/4679
f 4834/4834 5184/5184 4950/4950
f 4549/4549 4947/4947 5187/5187
f 5033/5033 5173/5173 5189/5189
f 5031/5031 5189/5189 5171/5171
f 4697/4697 5123/5123 4773/4773
f 4948/4948 5184/5184 5187/5187
f 4820/4820 4887/4887 5056/5056
f 4863/4863 4874/4874 5192/5192
f 4938/4938 5049/5049 5195/5195
f 5175/5175 5196/5196 5189/5189
f 5171/5171 5189/5189 5200/5200
f 5144/5144 5205/5205 5167/5167
f 4838/4838 5016/5016 5021/5021
f 4549/4549 5207/5207 5127/5127
f 4938/4938 5195/5195 5174/5174
f 5043/5043 5195/5195 5051/5051
f 4549/4549 5187/5187 5207/5207
f 4548/4548 5127/5127 4984/4984
f 5129/5129 5153/5153 5211/5211
f 4582/4582 5214/5214 5000/5000
f 5184/5184 5218/5218 5187/5187
f 4674/4674 4729/4729 5221/5221
f 5170/5170 5199/5199 5226/5226
f 5182/5182 5230/5230 5216/5216
f 5234/5234 5237/5237 5241/5241
f 5234/5234 5245/5245 5237/5237
f 5248/5248 5253/5253 5258/5258
f 5237/5237 5263/5263 5266/5266
f 5221/5221 5245/5245 5234/5234
f 5248/5248 5258/5258 5270/5270
f 5263/5263 5278/5278 5266/5266
f 5281/5281 5283/5283 5287/5287
f 5237/5237 5289/5289 5241/5241
f 5144/5144 5297/5297 5294/5294
f 5273/5273 5294/5294 5297/5297
f 5134/5134 5147/5147 5142/5142
f 4674/4674 5221/5221 5234/5234
f 5237/5237 5245/5245 5263/5263
f 5275/5275 5281/5281 5287/5287
f 5248/5248 5273/5273 5297/5297
f 5303/5303 5306/5306 5313/5313
f 5248/5248 5297/5297 5317/5317
f 5266/5266 5278/5278 5287/5287
f 5200/5200 5321/5321 5226/5226
f 5281/5281 5325/5325 5283/5283
f 5281/5281 5329/5329 5325/5325
f 5230/5230 5325/5325 5329/5329
f 4650/4650 4665/4665 5008/5008
f 5146/5146 5294/5294 5205/5205
f 5200/5200 5334/5334 5321/5321
f 5253/5253 5301/5301 5336/5336
f 5304/5304 5340/5340 5311/5311
f 5144/5144 5344/5344 5297/5297
f 5253/5253 5336/5336 5258/5258
f 5306/5306 5321/5321 5334/5334
f 5216/5216 5230/5230 5329/5329
f 5301/5301 5311/5311 5336/5336
f 5306/5306 5334/5334 5341/5341
f 5188/5188 5351/5351 5209/5209
f 4730/4730 5030/5030 5354/5354
f 4914/4914 5069/5069 4958/4958
f 4275/4275 5356/5356 4610/4610
f 5265/5265 5285/5285 5360/5360
f 4843/4843 5021/5021 5080/5080
f 5138/5138 5363/5363 5151/5151
f 3647/3647 5367/5367 5074/5074
f 5000/5000 5214/5214 5096/5096
f 4819/4819 5054/5054 5039/5039
f 4143/4143 5369/5369 4594/4594
f 5239/5239 5374/5374 5290/5290
f 4930/4930 4957/4957 5378/5378
f 4931/4931 5376/5376 5381/5381
f 5172/5172 5225/5225 5179/5179
f 5190/5190 5389/5389 5202/5202
f 5256/5256 5393/5393 5302/5302
f 5247/5247 5396/5396 5264/5264
f 5249/5249 5397/5397 5254/5254
f 5315/5315 5343/5343 5401/5401
f 4730/4730 5354/5354 5222/5222
f 5183/5183 5406/5406 5231/5231
f 5302/5302 5407/5407 5308/5308
f 5238/5238 5267/5267 5373/5373
f 5152/5152 5363/5363 5413/5413
f 5305/5305 5414/5414 5322/5322
f 5097/5097 5215/5215 5112/5112
f 5420/5420 5424/5424 5428/5428
f 4853/4853 5162/5162 5434/5434
f 5424/5424 5439/5439 5428/5428
f 3384/3384 5077/5077 5440/5440
f 5145/5145 5447/5447 5347/5347
f 5219/5219 5327/5327 5450/5450
f 5224/5224 5454/5454 5460/5460
f 5257/5257 5463/5463 5272/5272
f 5130/5130 5468/5468 5148/5148
f 5220/5220 5354/5354 5455/5455
f 3384/3384 5440/5440 5003/5003
f 5425/5425 5470/5470 5438/5438
f 5223/5223 5457/5457 5243/5243
f 2856/2856 4672/4672 5478/5478
f 5190/5190 5480/5480 5388/5388
f 4349/4349 4707/4707 5488/5488
f 5428/5428 5439/5439 5492/5492
f 5128/5128 5210/5210 5497/5497
f 5190/5190 5197/5197 5480/5480
f 4675/4675 5233/5233 5498/5498
f 5418/5418 5501/5501 5423/5423
f 5422/5422 5504/5504 5471/5471
f 4835/4835 5403/5403 5181/5181
f 5426/5426 5493/5493 5507/5507
f 5427/5427 5506/5506 5509/5509
f 4754/4754 5166/5166 5046/5046
f 5419/5419 5429/5429 5509/5509
f 5208/5208 5513/5513 5495/5495
f 5244/5244 5516/5516 5396/5396
f 5232/5232 5402/5402 5521/5521
f 4852/4852 5083/5083 5161/5161
f 3465/3465 3652/3652 5525/5525
f 5255/5255 5398/5398 5393/5393
f 5439/5439 5475/5475 5492/5492
f 2852/2852 5476/5476 5094/5094
f 5081/5081 5532/5532 5082/5082
f 4314/4314 4763/4763 4700/4700
f 4952/4952 5534/5534 5055/5055
f 5269/5269 5464/5464 5535/5535
f 4302/4302 5539/5539 4811/4811
f 4188/4188 5445/5445 5143/5143
f 5421/5421 5512/5512 5501/5501
f 5186/5186 5219/5219 5541/5541
f 4191/4191 4545/4545 5446/5446
f 4681/4681 5178/5178 5228/5228
f 4826/4826 5160/5160 4885/4885
f 3564/3564 5546/5546 4473/4473
f 5277/5277 5552/5552 5282/5282
f 5029/5029 5126/5126 5497/5497
f 5045/5045 5558/5558 5483/5483
f 5129/5129 5211/5211 5467/5467
f 5469/5469 5564/5564 5491/5491
f 5490/5490 5563/5563 5567/5567
f 5202/5202 5389/5389 5571/5571
f 5163/5163 5206/5206 5572/5572
f 3618/3618 4163/4163 5578/5578
f 5048/5048 5482/5482 5198/5198
f 5284/5284 5326/5326 5580/5580
f 3780/3780 3801/3801 5582/5582
f 5494/5494 5569/5569 5505/5505
f 5204/5204 5295/5295 5573/5573
f 5339/5339 5583/5583 5401/5401
f 5201/5201 5585/5585 5333/5333
f 5208/5208 5350/5350 5513/5513
f 5271/5271 5537/5537 5296/5296
f 5153/5153 5411/5411 5211/5211
f 4833/4833 5591/5591 4835/4835
f 5076/5076 5593/5593 5441/5441
f 5092/5092 5476/5476 5598/5598
f 4837/4837 5588/5588 5405/5405
f 5473/5473 5502/5502 5604/5604
f 5164/5164 5576/5576 5606/5606
f 4867/4867 5023/5023 5615/5615
f 5302/5302 5393/5393 5407/5407
f 4705/4705 5619/5619 4736/4736
f 4577/4577 5621/5621 5125/5125
f 5232/5232 5521/5521 5323/5323
f 5364/5364 5623/5623 5412/5412
f 5203/5203 5631/5631 5585/5585
f 5236/5236 5240/5240 5633/5633
f 5259/5259 5338/5338 5640/5640
f 5030/5030 5644/5644 5355/5355
f 5029/5029 5497/5497 5644/5644
f 3470/3470 4974/4974 4782/4782
f 5246/5246 5461/5461 5519/5519
f 5312/5312 5636/5636 5337/5337
f 4219/4219 4686/4686 5647/5647
f 5282/5282 5652/5652 5330/5330
f 5262/5262 5659/5659 5274/5274
f 5042/5042 5163/5163 5608/5608
f 4680/4680 5229/5229 5665/5665
f 5310/5310 5666/5666 5636/5636
f 3618/3618 5578/5578 3752/3752
f 5260/5260 5637/5637 5462/5462
f 5506/5506 5568/5568 5671/5671
f 5022/5022 5677/5677 5613/5613
f 5503/5503 5508/5508 5603/5603
f 5136/5136 5682/5682 5361/5361
f 4771/4771 5686/5686 5693/5693
f 4698/4698 5686/5686 4771/4771
f 4252/4252 4771/4771 5693/5693
f 5276/5276 5699/5699 5555/5555
f 5227/5227 5319/5319 5703/5703
f 4776/4776 5125/5125 5704/5704
f 5235/5235 5633/5633 5498/5498
f 5472/5472 5601/5601 5712/5712
f 5474/5474 5706/5706 5561/5561
f 5595/5595 5719/5719 5722/5722
f 5014/5014 5531/5531 5019/5019
f 5018/5018 5528/5528 5079/5079
f 3803/3803 5723/5723 3890/3890
f 5279/5279 5659/5659 5699/5699
f 3645/3645 5090/5090 5367/5367
f 5076/5076 5717/5717 5593/5593
f 4583/4583 4808/4808 5730/5730
f 5140/5140 5147/5147 5732/5732
f 4710/4710 5120/5120 5488/5488
f 5718/5718 5735/5735 5721/5721
f 3402/3402 5549/5549 3560/3560
f 5217/5217 5450/5450 5540/5540
f 5510/5510 5742/5742 5602/5602
f 4555/4555 4774/4774 5704/5704
f 4785/4785 5744/5744 4906/4906
f 4302/4302 4336/4336 5539/5539
f 5075/5075 5737/5737 5716/5716
f 5444/5444 5594/5594 5720/5720
f 5211/5211 5411/5411 5750/5750
f 5506/5506 5672/5672 5509/5509
f 4932/4932 5382/5382 5754/5754
f 5261/5261 5394/5394 5660/5660
f 5280/5280 5553/5553 5655/5655
f 5298/5298 5348/5348 5756/5756
f 4671/4671 5761/5761 5477/5477
f 5293/5293 5766/5766 5575/5575
f 5328/5328 5772/5772 5450/5450
f 5307/5307 5774/5774 5414/5414
f 5332/5332 5585/5585 5780/5780
f 5314/5314 5401/5401 5668/5668
f 4699/4699 4765/4765 5689/5689
f 5404/5404 5592/5592 5520/5520
f 5335/5335 5583/5583 5342/5342
f 5331/5331 5653/5653 5771/5771
f 4144/4144 5783/5783 5370/5370
f 4157/4157 5743/5743 4786/4786
f 4953/4953 4996/4996 5788/5788
f 4217/4217 5649/5649 5117/5117
f 4543/4543 5004/5004 5794/5794
f 5441/5441 5720/5720 5799/5799
f 5111/5111 5214/5214 5802/5802
f 3816/3816 5113/5113 5806/5806
f 5211/5211 5807/5807 5467/5467
f 5003/5003 5442/5442 5808/5808
f 5362/5362 5685/5685 5628/5628
f 5511/5511 5672/5672 5813/5813
f 5012/5012 5814/5814 5527/5527
f 5027/5027 5058/5058 5676/5676
f 4979/4979 5817/5817 5105/5105
f 5125/5125 5822/5822 5704/5704
f 4142/4142 4251/4251 5783/5783
f 5202/5202 5571/5571 5629/5629
f 5568/5568 5828/5828 5673/5673
f 5147/5147 5836/5836 5732/5732
f 5560/5560 5838/5838 5565/5565
f 5268/5268 5358/5358 5844/5844
f 5137/5137 5845/5845 5684/5684
f 4654/4654 5005/5005 5850/5850
f 5335/5335 5779/5779 5583/5583
f 5185/5185 5544/5544 5351/5351
f 4684/4684 4983/4983 5651/5651
f 5214/5214 5853/5853 5802/5802
f 5072/5072 5860/5860 5736/5736
f 5293/5293 5537/5537 5769/5769
f 5122/5122 5861/5861 5865/5865
f 5721/5721 5734/5734 5796/5796
f 5125/5125 5621/5621 5862/5862
f 4934/4934 5754/5754 4977/4977
f 4872/4872 5873/5873 4875/4875
f 5479/5479 5762/5762 5599/5599
f 5072/5072 5878/5878 5860/5860
f 5139/5139 5731/5731 5847/5847
f 4675/4675 5498/5498 5759/5759
f 4677/4677 5662/5662 4943/4943
f 5124/5124 5867/5867 5821/5821
f 5443/5443 5799/5799 5810/5810
f 4321/4321 4651/4651 5849/5849
f 4854/4854 5433/5433 4916/4916
f 5530/5530 5814/5814 5674/5674
f 5566/5566 5840/5840 5826/5826
f 4704/4704 4789/4789 5617/5617
f 3421/3421 5882/5882 3943/3943
f 4294/4294 5885/5885 5006/5006
f 5150/5150 5468/5468 5889/5889
f 5242/5242 5291/5291 5635/5635
f 5087/5087 5107/5107 5816/5816
f 5309/5309 5408/5408 5774/5774
f 5211/5211 5891/5891 5807/5807
f 5554/5554 5698/5698 5895/5895
f 4958/4958 5069/5069 5375/5375
f 5386/5386 5629/5629 5570/5570
f 5075/5075 5365/5365 5878/5878
f 5739/5739 5859/5859 5903/5903
f 5284/5284 5580/5580 5906/5906
f 5284/5284 5906/5906 5286/5286
f 5465/5465 5768/5768 5536/5536
f 5400/5400 5584/5584 5669/5669
f 4830/4830 5909/5909 5587/5587
f 5738/5738 5913/5913 5795/5795
f 5452/5452 5770/5770 5919/5919
f 5481/5481 5559/5559 5923/5923
f 5353/5353 5925/5925 5453/5453
f 4954/4954 5792/5792 5534/5534
f 5639/5639 5670/5670 5929/5929
f 5229/5229 5702/5702 5663/5663
f 5456/5456 5925/5925 5458/5458
f 3464/3464 5933/5933 3525/3525
f 5797/5797 5935/5935 5809/5809
f 5466/5466 5638/5638 5931/5931
f 5352/5352 5543/5543 5941/5941
f 5391/5391 5484/5484 5923/5923
f 5499/5499 5596/5596 5760/5760
f 5654/5654 5920/5920 5773/5773
f 5353/5353 5943/5943 5925/5925
f 5451/5451 5919/5919 5545/5545
f 5586/5586 5630/5630 5948/5948
f 5574/5574 5763/5763 5609/5609
f 5349/5349 5942/5942 5515/5515
f 5047/5047 5610/5610 5923/5923
f 5002/5002 5939/5939 5004/5004
f 5004/5004 5939/5939 5949/5949
f 5320/5320 5416/5416 5700/5700
f 5044/5044 5922/5922 5557/5557
f 5395/5395 5518/5518 5661/5661
f 5465/5465 5927/5927 5767/5767
f 5529/5529 5675/5675 5827/5827
f 4976/4976 5954/5954 5820/5820
f 5387/5387 5947/5947 5630/5630
f 5354/5354 5644/5644 5945/5945
f 5657/5657 5897/5897 5697/5697
f 5542/5542 5919/5919 5940/5940
f 5556/5556 5896/5896 5654/5654
f 5496/5496 5942/5942 5643/5643
f 5496/5496 5514/5514 5942/5942
f 4595/4595 5369/5369 5957/5957
f 5656/5656 5896/5896 5917/5917
f 5410/5410 5962/5962 5749/5749
f 5459/5459 5926/5926 5517/5517
f 5150/5150 5890/5890 5835/5835
f 5735/5735 5903/5903 5913/5913
f 5584/5584 5776/5776 5667/5667
f 5667/5667 5778/5778 5930/5930
f 5586/5586 5947/5947 5781/5781
f 4868/4868 5874/5874 4870/4870
f 5764/5764 5928/5928 5923/5923
f 5607/5607 5765/5765 5923/5923
f 5658/5658 5924/5924 5898/5898
f 5777/5777 5946/5946 5929/5929
f 5642/5642 5925/5925 5944/5944
f 5518/5518 5925/5925 5661/5661
f 5390/5390 5923/5923 5947/5947
f 5897/5897 5925/5925 5918/5918
f 5641/5641 5921/5921 5925/5925
f 5645/5645 5940/5940 5919/5919
f 5923/5923 5930/5930 5947/5947
f 4336/4336 5965/5965 5538/5538
f 5412/5412 5626/5626 5961/5961
f 5467/5467 5807/5807 5887/5887
f 5292/5292 5966/5966 5634/5634
f 4977/4977 5755/5755 5952/5952
f 5534/5534 5785/5785 5968/5968
f 5066/5066 5084/5084 5815/5815
f 5562/5562 5710/5710 5841/5841
f 5053/5053 5533/5533 5974/5974
f 5082/5082 5532/5532 5827/5827
f 4738/4738 5975/5975 4807/4807
f 3391/3391 4470/4470 4770/4770
f 5003/5003 5808/5808 5936/5936
f 3466/3466 5526/5526 5933/5933
f 5807/5807 5891/5891 5887/5887
f 5856/5856 5877/5877 5978/5978
f 5733/5733 5836/5836 5846/5846
f 4277/4277 5108/5108 5356/5356
f 4514/4514 5984/5984 4788/4788
f 4884/4884 5154/5154 4997/4997
f 5664/5664 5701/5701 5987/5987
f 4808/4808 5975/5975 5728/5728
f 4288/4288 5009/5009 5883/5883
f 5888/5888 5892/5892 5991/5991
f 4541/4541 5794/5794 5998/5998
f 4597/4597 5955/5955 4642/4642
f 5684/5684 5845/5845 6000/6000
f 4738/4738 4946/4946 5975/5975
f 5855/5855 6006/6006 5903/5903
f 3450/3450 3767/3767 6008/6008
f 4544/4544 5995/5995 5448/5448
f 5212/5212 5751/5751 5893/5893
f 4943/4943 5662/5662 5986/5986
f 5004/5004 5949/5949 5794/5794
f 4510/4510 4556/4556 6018/6018
f 5836/5836 6003/6003 5846/5846
f 5753/5753 5992/5992 5894/5894
f 5368/5368 5980/5980 5879/5879
f 5061/5061 6023/6023 6026/6026
f 5061/5061 6026/6026 5678/5678
f 4943/4943 5986/5986 5975/5975
f 3918/3918 6030/6030 4732/4732
f 4318/4318 5852/5852 4799/4799
f 4875/4875 5870/5870 5193/5193
f 5680/5680 6002/6002 5953/5953
f 5798/5798 6032/6032 5937/5937
f 4511/4511 6017/6017 4670/4670
f 5834/5834 5888/5888 5989/5989
f 5837/5837 5990/5990 6038/6038
f 5292/5292 6039/6039 5966/5966
f 5753/5753 6036/6036 5992/5992
f 5114/5114 5803/5803 5805/5805
f 5346/5346 5449/5449 5996/5996
f 4514/4514 6043/6043 5984/5984
f 5818/5818 5951/5951 5999/5999
f 5826/5826 5840/5840 6046/6046
f 5345/5345 5994/5994 5756/5756
f 5705/5705 5824/5824 6052/6052
f 5862/5862 6053/6053 5866/5866
f 5823/5823 5866/5866 6053/6053
f 5802/5802 5854/5854 6058/6058
f 5624/5624 5681/5681 6059/6059
f 5366/5366 6063/6063 5979/5979
f 5710/5710 6045/6045 5839/5839
f 5534/5534 5969/5969 5971/5971
f 5090/5090 6064/6064 5367/5367
f 5299/5299 6070/6070 5316/5316
f 4158/4158 4802/4802 5746/5746
f 3489/3489 4783/4783 4806/4806
f 5857/5857 5978/5978 6072/6072
f 5612/5612 5679/5679 6028/6028
f 5832/5832 6077/6077 6003/6003
f 4260/4260 4907/4907 5010/5010
f 5815/5815 6001/6001 6078/6078
f 3405/3405 6082/6082 5549/5549
f 5039/5039 5052/5052 5973/5973
f 5801/5801 5913/5913 6086/6086
f 5292/5292 5373/5373 6039/6039
f 4858/4858 5191/5191 5057/5057
f 3802/3802 4769/4769 5726/5726
f 5900/5900 6095/6095 5915/5915
f 4583/4583 5729/5729 5214/5214
f 4339/4339 4590/4590 5964/5964
f 5509/5509 5813/5813 6099/6099
f 5509/5509 6098/6098 5740/5740
f 4864/4864 5616/5616 6106/6106
f 5300/5300 5758/5758 6067/6067
f 5752/5752 5958/5958 6108/6108
f 4868/4868 6105/6105 5871/5871
f 5267/5267 6113/6113 5373/5373
f 5899/5899 6101/6101 6016/6016
f 3484/3484 3751/3751 6116/6116
f 5911/5911 6016/6016 6020/6020
f 5822/5822 6120/6120 6050/6050
f 5902/5902 6016/6016 6094/6094
f 5625/5625 6123/6123 5959/5959
f 5914/5914 6096/6096 6015/6015
f 5267/5267 5843/5843 6113/6113
f 5754/5754 6129/6129 5952/5952
f 5960/5960 6126/6126 6111/6111
f 5091/5091 5597/5597 5500/5500
f 5916/5916 6019/6019 6132/6132
f 5975/5975 5986/5986 6134/6134
f 5213/5213 6137/6137 5854/5854
f 5833/5833 6037/6037 6077/6077
f 3725/3725 6139/6139 5036/5036
f 4287/4287 4989/4989 4764/4764
f 4348/4348 5486/5486 4516/4516
f 3784/3784 6144/6144 3875/3875
f 5858/5858 6148/6148 6006/6006
f 5605/5605 6154/6154 5709/5709
f 4669/4669 6155/6155 4831/4831
f 5683/5683 6130/6130 6060/6060
f 5912/5912 6133/6133 6089/6089
f 5858/5858 6071/6071 6150/6150
f 5707/5707 6162/6162 6048/6048
f 4916/4916 5431/5431 5015/5015
f 5683/5683 5950/5950 6128/6128
f 6166/6166 6168/6168 6173/6173
f 6167/6167 6178/6178 6170/6170
f 6167/6167 6184/6184 6178/6178
f 5627/5627 6061/6061 6122/6122
f 6185/6185 6187/6187 6194/6194
f 1933/1933 4655/4655 2591/2591
f 6200/6200 6205/6205 6206/6206
f 6209/6209 6214/6214 6220/6220
f 4517/4517 5489/5489 6044/6044
f 6185/6185 6225/6225 6187/6187
f 6186/6186 6193/6193 6231/6231
f 6197/6197 6208/6208 6232/6232
f 5713/5713 6236/6236 6157/6157
f 6209/6209 6240/6240 6213/6213
f 5382/5382 6131/6131 5754/5754
f 6166/6166 6173/6173 6243/6243
f 5800/5800 6091/6091 6248/6248
f 5901/5901 6252/6252 6102/6102
f 6207/6207 6253/6253 6258/6258
f 6206/6206 6260/6260 6232/6232
f 6198/6198 6264/6264 6203/6203
f 6165/6165 6243/6243 6184/6184
f 6189/6189 6268/6268 6193/6193
f 6205/6205 6271/6271 6206/6206
f 6206/6206 6271/6271 6254/6254
f 6173/6173 6275/6275 6280/6280
f 6185/6185 6286/6286 6226/6226
f 6168/6168 6176/6176 6290/6290
f 6213/6213 6297/6297 6218/6218
f 6213/6213 6239/6239 6299/6299
f 6171/6171 6275/6275 6173/6173
f 6190/6190 6309/6309 6268/6268
f 6188/6188 6225/6225 6305/6305
f 6186/6186 6313/6313 6318/6318
f 5795/5795 6322/6322 6033/6033
f 5800/5800 6248/6248 6323/6323
f 5976/5976 6327/6327 6072/6072
f 6172/6172 6279/6279 6246/6246
f 6186/6186 6231/6231 6313/6313
f 6196/6196 6233/6233 6259/6259
f 6186/6186 6319/6319 6286/6286
f 4787/4787 5985/5985 5619/5619
f 6247/6247 6282/6282 6331/6331
f 4642/4642 5955/5955 4991/4991
f 4590/4590 5100/5100 5964/5964
f 6217/6217 6297/6297 6334/6334
f 6201/6201 6338/6338 6262/6262
f 6209/6209 6216/6216 6341/6341
f 5904/5904 6007/6007 6252/6252
f 6205/6205 6349/6349 6272/6272
f 6227/6227 6287/6287 6351/6351
f 4554/4554 5704/5704 6051/6051
f 6111/6111 6123/6123 6361/6361
f 6210/6210 6362/6362 6369/6369
f 5977/5977 6062/6062 6328/6328
f 3403/3403 3483/3483 6082/6082
f 4613/4613 5357/5357 4961/4961
f 5790/5790 5971/5971 5967/5967
f 6175/6175 6376/6376 6289/6289
f 5787/5787 6158/6158 5972/5972
f 6195/6195 6269/6269 6379/6379
f 6174/6174 6183/6183 6382/6382
f 6025/6025 6356/6356 6124/6124
f 6245/6245 6388/6388 6380/6380
f 6182/6182 6242/6242 6380/6380
f 6291/6291 6374/6374 6393/6393
f 6288/6288 6316/6316 6353/6353
f 6211/6211 6368/6368 6240/6240
f 6170/6170 6397/6397 6278/6278
f 6204/6204 6400/6400 6348/6348
f 6204/6204 6263/6263 6400/6400
f 6215/6215 6404/6404 6293/6293
f 6212/6212 6298/6298 6402/6402
f 6169/6169 6292/6292 6394/6394
f 6209/6209 6345/6345 6364/6364
f 6229/6229 6406/6406 6315/6315
f 6192/6192 6407/6407 6230/6230
f 6273/6273 6350/6350 6410/6410
f 6169/6169 6394/6394 6396/6396
f 6073/6073 6415/6415 6150/6150
f 4555/4555 6418/6418 6017/6017
f 5802/5802 6420/6420 5804/5804
f 6228/6228 6351/6351 6308/6308
f 6267/6267 6310/6310 6424/6424
f 5017/5017 6425/6425 5811/5811
f 5812/5812 6428/6428 6097/6097
f 6241/6241 6369/6369 6300/6300
f 6202/6202 6257/6257 6430/6430
f 6085/6085 6133/6133 6433/6433
f 6244/6244 6330/6330 6389/6389
f 5040/5040 6437/6437 5159/5159
f 5970/5970 6163/6163 6441/6441
f 5786/5786 6444/6444 6156/6156
f 6219/6219 6449/6449 6347/6347
f 6219/6219 6336/6336 6449/6449
f 5522/5522 5589/5589 6454/6454
f 6317/6317 6459/6459 6354/6354
f 6191/6191 6461/6461 6406/6406
f 6191/6191 6378/6378 6462/6462
f 6177/6177 6384/6384 6464/6464
f 6199/6199 6429/6429 6339/6339
f 6255/6255 6274/6274 6412/6412
f 6270/6270 6422/6422 6379/6379
f 5326/5326 5523/5523 6468/6468
f 6090/6090 6432/6432 6470/6470
f 4670/4670 6017/6017 6155/6155
f 5524/5524 6475/6475 5933/5933
f 6091/6091 6477/6477 6249/6249
f 4471/4471 6481/6481 4770/4770
f 4248/4248 5691/5691 5783/5783
f 6175/6175 6466/6466 6372/6372
f 4829/4829 6452/6452 5908/5908
f 6047/6047 6160/6160 6445/6445
f 6161/6161 6234/6234 6485/6485
f 5853/5853 6137/6137 6058/6058
f 5600/5600 5741/5741 6153/6153
f 5741/5741 6488/6488 6153/6153
f 6248/6248 6490/6490 6324/6324
f 6006/6006 6147/6147 6495/6495
f 5091/5091 5500/5500 5633/5633
f 5083/5083 6504/6504 5161/5161
f 4997/4997 5157/5157 6509/6509
f 5939/5939 6512/6512 5949/5949
f 6021/6021 6356/6356 6027/6027
f 5324/5324 6469/6469 5579/5579
f 6004/6004 6515/6515 6250/6250
f 5590/5590 5910/5910 6455/6455
f 5162/5162 6502/6502 5434/5434
f 5070/5070 5385/5385 5377/5377
f 5715/5715 6154/6154 6517/6517
f 6434/6434 6515/6515 6470/6470
f 5748/5748 6523/6523 6036/6036
f 6251/6251 6515/6515 6432/6432
f 6090/6090 6470/6470 6514/6514
f 6111/6111 6359/6359 6525/6525
f 5065/5065 5819/5819 6529/6529
f 5708/5708 6518/6518 6539/6539
f 4831/4831 6540/6540 6456/6456
f 5815/5815 6075/6075 6532/6532
f 5937/5937 6034/6034 6325/6325
f 6005/6005 6088/6088 6516/6516
f 4831/4831 6155/6155 6540/6540
f 6359/6359 6543/6543 6525/6525
f 6377/6377 6421/6421 6546/6546
f 6285/6285 6555/6555 6332/6332
f 5316/5316 6070/6070 6558/6558
f 6248/6248 6477/6477 6490/6490
f 5701/5701 6563/6563 5987/5987
f 6149/6149 6564/6564 6497/6497
f 6352/6352 6458/6458 6569/6569
f 6256/6256 6580/6580 6261/6261
f 6296/6296 6403/6403 6582/6582
f 6332/6332 6588/6588 6390/6390
f 5156/5156 6592/6592 6507/6507
f 6343/6343 6595/6595 6363/6363
f 6151/6151 6599/6599 6224/6224
f 6222/6222 6551/6551 6564/6564
f 5432/5432 6603/6603 6606/6606
f 3768/3768 5037/5037 6010/6010
f 6179/6179 6489/6489 6476/6476
f 6152/6152 6223/6223 6567/6567
f 5872/5872 6610/6610 6615/6615
f 5194/5194 5872/5872 6615/6615
f 5071/5071 6617/6617 5380/5380
f 6180/6180 6478/6478 6492/6492
f 4555/4555 6049/6049 6418/6418
f 6050/6050 6622/6622 6418/6418
f 5063/5063 6627/6627 6619/6619
f 5437/5437 6606/6606 6631/6631
f 5747/5747 6110/6110 6522/6522
f 5822/5822 6053/6053 6120/6120
f 6500/6500 6507/6507 6592/6592
f 6503/6503 6592/6592 6635/6635
f 6221/6221 6598/6598 6386/6386
f 5435/5435 6505/6505 6604/6604
f 6500/6500 6634/6634 6601/6601
f 5383/5383 6619/6619 6636/6636
f 5875/5875 6636/6636 6612/6612
f 6006/6006 6495/6495 6646/6646
f 6050/6050 6120/6120 6622/6622
f 5949/5949 6512/6512 6652/6652
f 6611/6611 6636/6636 6617/6617
f 5017/5017 5430/5430 6654/6654
f 5939/5939 6661/6661 6511/6511
f 5938/5938 6326/6326 6660/6660
f 5155/5155 6665/6665 6593/6593
f 6378/6378 6548/6548 6462/6462
f 6498/6498 6671/6671 6508/6508
f 6006/6006 6676/6676 6091/6091
f 6350/6350 6684/6684 6413/6413
f 6375/6375 6466/6466 6688/6688
f 3816/3816 5804/5804 6420/6420
f 6373/6373 6691/6691 6392/6392
f 4576/4576 4731/4731 5620/5620
f 6265/6265 6338/6338 6692/6692
f 6294/6294 6703/6703 6337/6337
f 5740/5740 6098/6098 6487/6487
f 6266/6266 6698/6698 6401/6401
f 6320/6320 6707/6707 6460/6460
f 6300/6300 6370/6370 6716/6716
f 6608/6608 6618/6618 6721/6721
f 4998/4998 6506/6506 5789/5789
f 6600/6600 6723/6723 6605/6605
f 6594/6594 6667/6667 6633/6633
f 6480/6480 6728/6728 6494/6494
f 5614/5614 6024/6024 6124/6124
f 5191/5191 6616/6616 6738/6738
f 6151/6151 6416/6416 6599/6599
f 6614/6614 6739/6739 6738/6738
f 6323/6323 6490/6490 6748/6748
f 5791/5791 6750/6750 6446/6446
f 6255/6255 6412/6412 6754/6754
f 6552/6552 6756/6756 6566/6566
f 6385/6385 6599/6599 6416/6416
f 5802/5802 6058/6058 6420/6420
f 6109/6109 6526/6526 6758/6758
f 5728/5728 5975/5975 6765/6765
f 5988/5988 6560/6560 6135/6135
f 6620/6620 6768/6768 6717/6717
f 3873/3873 6144/6144 5088/5088
f 5876/5876 6103/6103 6776/6776
f 6608/6608 6721/6721 6786/6786
f 6093/6093 6731/6731 6479/6479
f 6496/6496 6565/6565 6644/6644
f 6491/6491 6791/6791 6746/6746
f 6365/6365 6597/6597 6793/6793
f 6366/6366 6793/6793 6371/6371
f 6181/6181 6735/6735 6491/6491
f 6493/6493 6729/6729 6796/6796
f 6367/6367 6793/6793 6712/6712
f 5869/5869 6798/6798 6637/6637
f 6062/6062 6805/6805 6328/6328
f 5159/5159 6437/6437 6807/6807
f 6512/6512 6814/6814 6652/6652
f 6513/6513 6662/6662 6812/6812
f 5868/5868 6778/6778 6801/6801
f 6021/6021 6816/6816 6356/6356
f 6159/6159 6486/6486 6820/6820
f 5970/5970 6442/6442 6822/6822
f 5622/5622 6830/6830 5863/5863
f 5158/5158 6807/6807 6664/6664
f 5065/5065 6529/6529 6835/6835
f 6620/6620 6628/6628 6840/6840
f 4474/4474 6844/6844 6482/6482
f 3524/3524 5934/5934 4967/4967
f 4778/4778 4969/4969 6771/6771
f 6720/6720 6772/6772 6849/6849
f 6566/6566 6756/6756 6647/6647
f 6643/6643 6755/6755 6733/6733
f 6491/6491 6735/6735 6791/6791
f 5067/5067 6834/6834 6626/6626
f 4971/4971 6848/6848 6769/6769
f 5757/5757 5997/5997 6069/6069
f 4800/4800 6852/6852 5745/5745
f 4970/4970 6859/6859 6847/6847
f 5213/5213 5729/5729 6765/6765
f 3721/3721 4804/4804 6141/6141
f 5862/5862 6865/6865 6053/6053
f 5793/5793 6066/6066 5993/5993
f 6006/6006 6641/6641 6676/6676
f 6719/6719 6850/6850 6858/6858
f 6501/6501 6872/6872 6671/6671
f 3920/3920 4656/4656 6030/6030
f 6348/6348 6400/6400 6876/6876
f 6387/6387 6417/6417 6881/6881
f 5215/5215 6884/6884 6137/6137
f 6074/6074 6887/6887 6415/6415
f 5057/5057 6817/6817 6022/6022
f 6400/6400 6694/6694 6876/6876
f 4737/4737 5617/5617 5110/5110
f 5192/5192 6737/6737 6891/6891
f 5059/5059 5192/5192 6891/6891
f 6621/6621 6842/6842 6897/6897
f 6732/6732 6902/6902 6795/6795
f 6417/6417 6905/6905 6881/6881
f 6415/6415 6908/6908 6903/6903
f 5864/5864 6829/6829 6863/6863
f 6621/6621 6897/6897 6770/6770
f 6414/6414 6887/6887 6909/6909
f 4764/4764 6916/6916 5688/5688
f 4809/4809 5539/5539 6921/6921
f 5250/5250 5318/5318 6558/6558
f 5095/5095 5632/5632 5966/5966
f 5039/5039 5973/5973 6826/6826
f 5711/5711 6537/6537 6926/6926
f 6072/6072 6329/6329 6806/6806
f 5379/5379 6638/6638 6837/6837
f 6072/6072 6806/6806 6888/6888
f 6510/6510 6670/6670 6927/6927
f 6314/6314 6707/6707 6321/6321
f 5486/5486 6933/6933 6044/6044
f 6348/6348 6876/6876 6686/6686
f 6296/6296 6582/6582 6937/6937
f 5611/5611 6121/6121 6940/6940
f 5616/5616 6940/6940 6106/6106
f 4810/4810 6943/6943 4980/4980
f 5829/5829 6046/6046 6446/6446
f 3816/3816 6420/6420 4182/4182
f 6736/6736 6945/6945 6790/6790
f 6035/6035 6531/6531 6076/6076
f 5539/5539 5963/5963 6949/6949
f 5082/5082 6954/6954 6499/6499
f 6325/6325 6957/6957 6660/6660
f 4731/4731 6958/6958 5620/5620
f 5621/5621 6958/6958 6828/6828
f 6626/6626 6834/6834 6843/6843
f 4780/4780 6773/6773 6899/6899
f 6607/6607 6725/6725 6632/6632
f 4779/4779 6961/6961 4806/4806
f 5100/5100 6964/6964 5964/5964
f 6457/6457 6707/6707 6568/6568
f 4905/4905 6965/6965 5011/5011
f 6235/6235 6969/6969 6485/6485
f 4963/4963 6971/6971 5119/5119
f 4764/4764 4989/4989 6975/6975
f 4801/4801 5851/5851 6983/6983
f 6276/6276 6986/6986 6284/6284
f 5121/5121 6991/6991 5487/5487
f 4813/4813 6920/6920 6943/6943
f 5984/5984 6044/6044 6933/6933
f 6749/6749 6791/6791 6947/6947
f 4762/4762 6977/6977 6915/6915
f 6335/6335 6705/6705 6448/6448
f 6342/6342 6447/6447 6706/6706
f 5214/5214 6765/6765 6884/6884
f 5436/5436 6630/6630 6657/6657
f 6609/6609 6742/6742 6613/6613
f 6255/6255 6754/6754 6577/6577
f 6484/6484 6968/6968 6820/6820
f 3484/3484 6116/6116 6084/6084
f 5384/5384 6832/6832 6131/6131
f 6283/6283 6994/6994 6556/6556
f 5013/5013 6654/6654 6426/6426
f 6797/6797 6901/6901 6946/6946
f 6883/6883 6906/6906 6996/6996
f 6639/6639 6803/6803 6837/6837
f 4777/4777 6999/6999 6959/6959
f 6718/6718 6860/6860 6781/6781
f 6629/6629 6725/6725 6656/6656
f 6322/6322 6747/6747 6956/6956
f 6640/6640 6734/6734 6880/6880
f 6525/6525 6543/6543 7005/7005
f 5010/5010 6965/6965 7009/7009
f 5039/5039 6826/6826 6437/6437
f 4801/4801 6981/6981 6855/6855
f 6648/6648 6882/6882 6997/6997
f 6745/6745 6946/6946 6901/6901
f 5794/5794 5949/5949 6652/6652
f 5690/5690 6914/6914 7011/7011
f 5539/5539 6950/6950 6919/6919
f 5982/5982 7016/7016 7018/7018
f 5619/5619 5981/5981 7018/7018
f 6904/6904 6910/6910 6996/6996
f 4906/4906 5744/5744 7022/7022
f 6633/6633 6667/6667 6869/6869
f 5744/5744 6853/6853 7020/7020
f 6421/6421 7028/7028 6546/6546
f 4906/4906 7023/7023 6967/6967
f 4165/4165 7033/7033 5577/5577
f 6602/6602 6789/6789 6726/6726
f 6059/6059 6942/6942 6125/6125
f 6730/6730 6744/6744 6900/6900
f 4988/4988 5955/5955 7036/7036
f 4966/4966 7040/7040 6861/6861
f 6307/6307 6351/6351 6571/6571
f 6504/6504 6953/6953 6873/6873
f 6642/6642 7045/7045 6679/6679
f 5121/5121 6971/6971 6991/6991
f 4781/4781 6898/6898 7001/7001
f 5485/5485 6990/6990 6932/6932
f 5687/5687 7012/7012 5694/5694
f 6913/6913 6978/6978 7053/7053
f 5009/5009 7009/7009 5883/5883
f 5852/5852 7055/7055 6981/6981
f 6779/6779 6862/6862 7039/7039
f 5060/5060 6891/6891 7057/7057
f 5117/5117 5649/5649 7063/7063
f 5964/5964 6964/6964 7069/7069
f 5963/5963 7068/7068 6949/6949
f 6380/6380 6388/6388 6587/6587
f 6645/6645 6998/6998 6907/6907
f 6281/6281 6989/6989 6994/6994
f 5789/5789 6506/6506 6930/6930
f 6306/6306 7071/7071 6422/6422
f 4992/4992 7074/7074 6979/6979
f 6259/6259 7079/7079 6431/6431
f 6119/6119 7084/7084 6622/6622
f 5983/5983 6933/6933 7014/7014
f 5108/5108 7089/7089 7093/7093
f 5109/5109 7093/7093 5356/5356
f 5825/5825 6445/6445 6751/6751
f 6164/6164 6825/6825 6443/6443
f 5091/5091 5966/5966 7096/7096
f 5093/5093 7096/7096 6062/6062
f 6092/6092 7097/7097 6727/6727
f 6649/6649 6909/6909 7105/7105
f 6731/6731 7097/7097 6748/6748
f 6748/6748 7100/7100 6955/6955
f 4964/4964 5356/5356 7106/7106
f 6737/6737 6739/6739 6891/6891
f 6971/6971 7111/7111 6991/6991
f 5370/5370 5782/5782 7116/7116
f 6053/6053 7084/7084 6119/6119
f 6423/6423 7071/7071 7027/7027
f 6543/6543 7120/7120 7005/7005
f 5356/5356 7091/7091 7108/7108
f 6295/6295 6936/6936 6705/6705
f 6609/6609 6784/6784 6740/6740
f 6934/6934 6992/6992 7112/7112
f 4983/4983 7123/7123 5650/5650
f 4987/4987 7126/7126 7077/7077
f 4975/4975 7000/7000 7041/7041
f 6854/6854 6982/6982 7129/7129
f 6678/6678 7048/7048 7008/7008
f 6311/6311 7132/7132 6708/6708
f 6312/6312 6408/6408 7134/7134
f 6974/6974 7138/7138 7113/7113
f 6780/6780 7042/7042 7000/7000
f 5118/5118 7062/7062 7141/7141
f 5830/5830 6751/6751 7143/7143
f 4968/4968 6962/6962 7002/7002
f 6153/6153 6488/6488 7150/7150
f 6785/6785 7003/7003 6896/6896
f 4981/4981 6944/6944 7122/7122
f 6680/6680 7155/7155 7049/7049
f 4991/4991 7038/7038 7125/7125
f 6097/6097 6427/6427 7156/7156
f 6339/6339 6431/6431 7079/7079
f 6100/6100 7159/7159 6487/6487
f 6064/6064 7096/7096 6805/6805
f 6681/6681 7007/7007 7160/7160
f 5691/5691 7117/7117 5783/5783
f 5371/5371 7037/7037 5956/5956
f 4962/4962 7107/7107 6973/6973
f 5646/5646 7122/7122 7164/7164
f 6782/6782 6895/6895 6841/6841
f 6722/6722 6788/6788 6870/6870
f 6724/6724 6867/6867 6874/6874
f 6669/6669 6875/6875 6866/6866
f 6675/6675 7046/7046 7154/7154
f 6277/6277 6399/6399 6985/6985
f 6668/6668 6672/6672 6868/6868
f 6785/6785 6841/6841 6838/6838
f 3451/3451 5582/5582 3801/3801
f 6658/6658 6724/6724 6871/6871
f 6061/6061 7168/7168 6941/6941
f 6783/6783 6836/6836 6799/6799
f 6741/6741 6785/6785 6802/6802
f 6666/6666 6809/6809 6673/6673
f 6743/6743 6799/6799 6892/6892
f 6981/6981 7055/7055 7131/7131
f 6658/6658 6871/6871 6952/6952
f 6669/6669 6809/6809 6929/6929
f 5550/5550 6081/6081 7170/7170
f 6777/6777 6893/6893 6800/6800
f 5369/5369 7177/7177 7036/7036
f 6646/6646 7180/7180 7047/7047
f 6646/6646 7105/7105 7180/7180
f 5648/5648 7165/7165 7065/7065
f 6333/6333 6554/6554 6586/6586
f 3515/3515 7031/7031 4163/4163
f 5007/5007 7183/7183 5850/5850
f 5714/5714 6925/6925 6237/6237
f 5692/5692 7010/7010 7188/7188
f 5102/5102 7189/7189 6963/6963
f 6857/6857 7194/7194 7019/7019
f 6912/6912 7051/7051 7195/7195
f 5392/5392 5397/5397 7200/7200
f 5110/5110 5617/5617 7088/7088
f 6889/6889 7105/7105 6909/6909
f 6972/6972 7208/7208 7139/7139
f 6966/6966 7210/7210 7009/7009
f 6235/6235 7214/7214 6969/6969
f 6596/6596 7218/7218 6794/6794
f 6919/6919 6950/6950 7222/7222
f 5886/5886 7225/7225 7184/7184
f 5006/5006 5885/5885 7185/7185
f 5794/5794 6652/6652 6068/6068
f 6054/6054 6623/6623 7085/7085
f 6663/6663 7230/7230 6813/6813
f 6967/6967 7023/7023 7232/7232
f 6058/6058 6137/6137 7233/7233
f 5099/5099 5115/5115 7242/7242
f 5848/5848 7245/7245 7054/7054
f 7043/7043 7227/7227 7153/7153
f 7011/7011 7248/7248 7188/7188
f 6804/6804 7251/7251 6888/6888
f 5850/5850 7183/7183 7244/7244
f 5695/5695 7254/7254 7118/7118
f 6856/6856 7128/7128 7259/7259
f 6851/6851 7258/7258 7192/7192
f 5884/5884 7262/7262 7223/7223
f 6964/6964 7189/7189 7069/7069
f 6966/6966 7263/7263 7210/7210
f 6307/6307 6571/6571 7266/7266
f 6976/6976 7076/7076 7271/7271
f 5618/5618 7273/7273 7087/7087
f 7056/7056 7277/7277 7130/7130
f 6060/6060 6131/6131 7169/7169
f 6949/6949 7068/7068 7281/7281
f 3654/3654 5089/5089 7285/7285
f 7005/7005 7120/7120 7288/7288
f 6944/6944 7289/7289 7122/7122
f 6914/6914 7248/7248 7013/7013
f 7120/7120 7292/7292 7288/7288
f 6980/6980 7297/7297 7052/7052
f 5883/5883 7009/7009 7261/7261
f 4733/4733 6031/6031 6958/6958
f 6933/6933 7299/7299 7014/7014
f 6056/6056 6864/6864 6831/6831
f 6585/6585 7302/7302 6938/6938
f 6702/6702 6936/6936 7306/7306
f 5101/5101 7241/7241 7308/7308
f 6303/6303 7317/7317 7070/7070
f 6660/6660 6957/6957 7229/7229
f 6138/6138 6886/6886 7234/7234
f 6055/6055 6827/6827 7320/7320
f 6967/6967 7232/7232 7264/7264
f 7054/7054 7245/7245 7328/7328
f 6917/6917 7289/7289 6943/6943
f 5619/5619 7018/7018 7274/7274
f 6302/6302 7330/7330 6405/6405
f 5115/5115 7140/7140 7242/7242
f 6055/6055 7321/7321 6624/6624
f 6154/6154 7152/7152 6517/6517
f 7021/7021 7338/7338 7232/7232
f 3653/3653 7285/7285 5525/5525
f 6577/6577 6754/6754 7340/7340
f 5372/5372 7115/7115 7176/7176
f 6980/6980 7270/7270 7296/7296
f 7016/7016 7346/7346 7018/7018
f 6301/6301 6714/6714 7333/7333
f 6674/6674 7161/7161 7325/7325
f 6891/6891 7348/7348 7059/7059
f 5101/5101 7308/7308 7191/7191
f 6971/6971 7107/7107 7353/7353
f 6932/6932 7110/7110 7358/7358
f 7020/7020 7193/7193 7337/7337
f 5784/5784 6930/6930 7362/7362
f 7137/7137 7207/7207 7367/7367
f 6911/6911 7196/7196 7248/7248
f 5966/5966 6041/6041 7095/7095
f 6937/6937 7303/7303 7307/7307
f 7055/7055 7326/7326 7276/7276
f 6057/6057 7233/7233 6419/6419
f 6533/6533 7368/7368 6923/6923
f 6971/6971 7374/7374 7208/7208
f 7014/7014 7298/7298 7376/7376
f 7050/7050 7295/7295 7199/7199
f 6764/6764 7238/7238 6885/6885
f 6541/6541 7381/7381 7119/7119
f 5695/5695 7187/7187 7384/7384
f 7044/7044 7387/7387 7343/7343
f 7044/7044 7343/7343 7228/7228
f 3421/3421 3889/3889 5880/5880
f 6677/6677 7323/7323 7391/7391
f 7087/7087 7273/7273 7396/7396
f 6922/6922 7221/7221 7400/7400
f 7109/7109 7136/7136 7365/7365
f 6092/6092 7402/7402 7097/7097
f 6038/6038 6523/6523 7408/7408
f 6820/6820 6970/6970 7216/7216
f 6418/6418 6625/6625 7320/7320
f 7047/7047 7180/7180 7386/7386
f 6087/6087 6676/6676 7403/7403
f 6677/6677 7392/7392 7404/7404
f 6420/6420 7235/7235 7409/7409
f 6808/6808 7412/7412 6928/6928
f 7131/7131 7275/7275 7420/7420
f 6395/6395 6689/6689 7422/7422
f 6948/6948 7280/7280 7399/7399
f 7091/7091 7425/7425 7108/7108
f 7125/7125 7428/7428 7430/7430
f 7073/7073 7125/7125 7430/7430
f 7069/7069 7190/7190 7434/7434
f 6971/6971 7352/7352 7373/7373
f 6985/6985 7436/7436 6993/6993
f 7067/7067 7434/7434 7282/7282
f 6949/6949 7399/7399 7220/7220
f 6466/6466 7422/7422 6690/6690
f 7224/7224 7261/7261 7439/7439
f 6037/6037 7406/7406 6528/6528
f 6957/6957 7443/7443 7229/7229
f 6878/6878 7449/7449 7455/7455
f 7141/7141 7460/7460 7240/7240
f 7142/7142 7462/7462 7460/7460
f 7009/7009 7440/7440 7261/7261
f 6932/6932 7357/7357 7464/7464
f 6829/6829 6958/6958 7321/7321
f 7277/7277 7326/7326 7470/7470
f 5696/5696 7384/7384 7253/7253
f 7189/7189 7308/7308 7472/7472
f 7109/7109 7365/7365 7357/7357
f 6815/6815 7230/7230 7442/7442
f 6935/6935 7467/7467 7300/7300
f 6130/6130 6832/6832 7475/7475
f 6344/6344 6704/6704 7306/7306
f 5831/5831 7145/7145 7480/7480
f 5082/5082 5827/5827 7480/7480
f 6556/6556 6994/6994 7484/7484
f 6652/6652 6811/6811 7444/7444
f 6573/6573 6708/6708 7487/7487
f 6793/6793 7219/7219 7491/7491
f 7188/7188 7248/7248 7493/7493
f 7186/7186 7493/7493 7385/7385
f 6553/6553 7482/7482 6590/6590
f 6697/6697 7448/7448 6879/6879
f 6708/6708 7132/7132 7487/7487
f 7122/7122 7289/7289 7498/7498
f 7015/7015 7377/7377 7345/7345
f 6409/6409 6684/6684 7504/7504
f 6682/6682 6877/6877 7453/7453
f 7025/7025 7072/7072 7314/7314
f 7075/7075 7431/7431 7270/7270
f 7034/7034 7508/7508 7125/7125
f 7127/7127 7419/7419 7260/7260
f 5416/5416 7509/7509 5701/5701
f 7106/7106 7424/7424 7515/7515
f 7106/7106 7515/7515 7355/7355
f 7199/7199 7296/7296 7519/7519
f 6753/6753 7524/7524 7342/7342
f 7009/7009 7209/7209 7440/7440
f 7066/7066 7462/7462 7140/7140
f 7119/7119 7381/7381 7529/7529
f 6398/6398 7538/7538 6985/6985
f 6105/6105 6940/6940 7548/7548
f 6105/6105 7548/7548 7550/7550
f 7124/7124 7508/7508 7428/7428
f 6765/6765 7559/7559 7237/7237
f 1932/1932 4580/4580 4182/4182
f 7017/7017 7346/7346 7561/7561
f 7017/7017 7561/7561 7274/7274
f 6544/6544 7026/7026 7563/7563
f 7239/7239 7458/7458 7311/7311
f 7236/7236 7559/7559 7409/7409
f 7270/7270 7519/7519 7296/7296
f 7278/7278 7567/7567 7398/7398
f 6918/6918 7399/7399 7575/7575
f 6918/6918 7575/7575 7290/7290
f 6357/6357 7381/7381 6542/6542
f 7343/7343 7389/7389 7571/7571
f 6412/6412 7527/7527 6752/6752
f 7393/7393 7580/7580 7401/7401
f 7323/7323 7577/7577 7391/7391
f 6529/6529 7583/7583 6835/6835
f 7189/7189 7472/7472 7434/7434
f 7184/7184 7225/7225 7591/7591
f 7181/7181 7593/7593 7390/7390
f 6527/6527 7006/7006 6758/6758
f 6924/6924 7371/7371 7598/7598
f 7036/7036 7603/7603 7607/7607
f 6957/6957 7098/7098 7441/7441
f 6238/6238 7610/7610 7214/7214
f 6391/6391 7421/7421 7616/7616
f 7388/7388 7595/7595 7572/7572
f 7357/7357 7365/7365 7618/7618
f 5521/5521 6451/6451 7622/7622
f 6392/6392 7539/7539 6399/6399
f 6237/6237 6925/6925 7599/7599
f 6655/6655 6951/6951 7626/7626
f 7184/7184 7591/7591 7245/7245
f 7036/7036 7606/7606 7507/7507
f 6427/6427 6659/6659 7158/7158
f 4770/4770 7633/7633 5724/5724
f 7324/7324 7581/7581 7576/7576
f 7246/7246 7591/7591 7635/7635
f 6159/6159 6820/6820 7639/7639
f 6805/6805 7096/7096 7250/7250
f 7122/7122 7499/7499 7163/7163
f 7035/7035 7178/7178 7603/7603
f 7224/7224 7439/7439 7641/7641
f 7257/7257 7416/7416 7647/7647
f 7024/7024 7312/7312 7562/7562
f 7198/7198 7649/7649 7248/7248
f 7290/7290 7575/7575 7654/7654
f 7117/7117 7660/7660 7175/7175
f 6107/6107 6758/6758 6520/6520
f 5060/5060 7058/7058 6818/6818
f 7299/7299 7665/7665 7376/7376
f 6407/6407 6462/6462 7668/7668
f 6065/6065 6651/6651 6557/6557
f 7065/7065 7162/7162 7680/7680
f 6406/6406 7671/7671 7133/7133
f 7270/7270 7431/7431 7683/7683
f 7276/7276 7470/7470 7419/7419
f 7429/7429 7684/7684 7432/7432
f 7218/7218 7687/7687 7490/7490
f 7064/7064 7673/7673 7462/7462
f 7132/7132 7690/7690 7487/7487
f 7299/7299 7465/7465 7666/7666
f 6017/6017 6418/6418 6155/6155
f 7347/7347 7377/7377 7692/7692
f 6576/6576 7341/7341 7697/7697
f 7194/7194 7258/7258 7648/7648
f 7166/7166 7498/7498 7698/7698
f 6888/6888 7251/7251 7104/7104
f 7344/7344 7691/7691 7560/7560
f 6466/6466 7701/7701 7422/7422
f 7256/7256 7383/7383 7706/7706
f 7354/7354 7514/7514 7373/7373
f 7243/7243 7634/7634 7328/7328
f 6995/6995 7435/7435 7482/7482
f 7205/7205 7620/7620 7366/7366
f 7175/7175 7660/7660 7604/7604
f 6596/6596 7686/7686 7217/7217
f 6928/6928 7412/7412 7709/7709
f 7326/7326 7716/7716 7470/7470
f 5082/5082 7629/7629 6953/6953
f 7192/7192 7648/7648 7338/7338
f 5522/5522 7623/7623 6467/6467
f 7289/7289 7651/7651 7498/7498
f 7327/7327 7634/7634 7715/7715
f 5415/5415 5775/5775 7717/7717
f 7573/7573 7594/7594 7578/7578
f 7206/7206 7375/7375 7721/7721
f 7211/7211 7730/7730 7440/7440
f 7115/7115 7253/7253 7736/7736
f 7114/7114 7733/7733 7659/7659
f 7422/7422 7701/7701 7739/7739
f 4474/4474 5548/5548 6846/6846
f 6136/6136 6562/6562 7744/7744
f 7086/7086 7750/7750 7091/7091
f 7255/7255 7704/7704 7732/7732
f 7162/7162 7699/7699 7677/7677
f 6713/6713 6792/6792 7490/7490
f 7459/7459 7463/7463 7758/7758
f 7570/7570 7579/7579 7582/7582
f 7182/7182 7579/7579 7596/7596
f 7097/7097 7402/7402 7761/7761
f 7272/7272 7561/7561 7395/7395
f 7385/7385 7493/7493 7767/7767
f 7279/7279 7434/7434 7568/7568
f 6380/6380 6591/6591 7768/7768
f 7179/7179 7405/7405 7578/7578
f 6104/6104 7555/7555 6775/6775
f 7199/7199 7520/7520 7776/7776
f 7101/7101 7779/7779 7441/7441
f 6402/6402 7334/7334 6581/6581
f 7214/7214 7610/7610 7782/7782
f 6340/6340 7305/7305 7787/7787
f 6439/6439 6823/6823 7792/7792
f 5701/5701 7743/7743 6561/6561
f 5252/5252 7202/7202 5399/5399
f 5288/5288 7794/7794 5359/5359
f 7105/7105 7764/7764 7180/7180
f 6463/6463 7797/7797 7702/7702
f 7270/7270 7683/7683 7519/7519
f 7426/7426 7803/7803 7515/7515
f 7397/7397 7561/7561 7809/7809
f 7180/7180 7760/7760 7403/7403
f 7305/7305 7815/7815 7787/7787
f 6346/6346 7821/7821 6595/6595
f 7086/7086 7394/7394 7750/7750
f 7197/7197 7774/7774 7649/7649
f 6383/6383 7825/7825 6463/6463
f 6392/6392 7616/7616 7540/7540
f 6818/6818 7058/7058 7827/7827
f 6939/6939 7168/7168 7549/7549
f 6465/6465 7823/7823 7797/7797
f 7247/7247 7650/7650 7494/7494
f 7134/7134 7833/7833 7689/7689
f 6259/6259 6578/6578 7842/7842
f 6259/6259 7839/7839 7081/7081
f 6339/6339 7079/7079 6700/6700
f 6159/6159 7639/7639 6825/6825
f 7461/7461 7677/7677 7756/7756
f 7303/7303 7811/7811 7306/7306
f 7288/7288 7292/7292 7844/7844
f 6437/6437 7411/7411 6810/6810
f 7092/7092 7803/7803 7426/7426
f 7102/7102 7249/7249 7848/7848
f 6654/6654 7849/7849 7158/7158
f 5417/5417 7718/7718 7511/7511
f 7292/7292 7857/7857 7844/7844
f 6517/6517 7152/7152 7861/7861
f 7207/7207 7722/7722 7621/7621
f 6687/6687 7863/7863 7506/7506
f 7445/7445 7779/7779 7866/7866
f 7231/7231 7872/7872 7264/7264
f 6579/6579 7877/7877 7840/7840
f 7336/7336 7645/7645 7881/7881
f 6762/6762 7004/7004 7287/7287
f 7210/7210 7263/7263 7727/7727
f 7232/7232 7335/7335 7883/7883
f 3516/3516 7887/7887 7029/7029
f 6411/6411 7502/7502 7525/7525
f 6130/6130 7888/7888 7167/7167
f 6041/6041 7891/7891 7095/7095
f 6346/6346 7897/7897 7821/7821
f 6833/6833 7903/7903 7477/7477
f 5975/5975 6135/6135 6765/6765
f 6462/6462 6549/6549 7912/7912
f 6547/6547 7564/7564 7917/7917
f 7763/7763 7921/7921 7780/7780
f 6652/6652 7444/7444 7865/7865
f 6155/6155 7924/7924 6540/6540
f 6453/6453 6540/6540 7925/7925
f 6528/6528 7406/7406 7927/7927
f 7099/7099 7763/7763 7780/7780
f 6575/6575 7693/7693 7875/7875
f 6462/6462 7909/7909 7668/7668
f 7778/7778 7922/7922 7868/7868
f 7440/7440 7728/7728 7641/7641
f 7457/7457 7758/7758 7929/7929
f 6839/6839 7585/7585 7901/7901
f 7096/7096 7936/7936 7250/7250
f 6127/6127 7475/7475 7939/7939
f 7158/7158 7852/7852 7942/7942
f 6357/6357 7952/7952 7381/7381
f 7309/7309 7955/7955 7471/7471
f 6346/6346 7787/7787 7898/7898
f 7090/7090 7753/7753 7803/7803
f 7418/7418 7469/7469 7957/7957
f 7252/7252 7960/7960 7847/7847
f 6820/6820 7216/7216 7968/7968
f 7102/7102 7848/7848 7959/7959
f 7521/7521 7682/7682 7970/7970
f 7456/7456 7931/7931 7972/7972
f 6381/6381 7770/7770 7825/7825
f 6130/6130 7937/7937 7888/7888
f 6711/6711 7489/7489 7973/7973
f 6487/6487 7159/7159 7983/7983
f 7340/7340 7986/7986 7694/7694
f 6824/6824 7636/7636 7793/7793
f 7225/7225 7989/7989 7591/7591
f 6523/6523 7994/7994 7407/7407
f 7407/7407 7993/7993 7928/7928
f 7168/7168 7889/7889 7547/7547
f 6710/6710 8003/8003 7332/7332
f 7250/7250 7936/7936 7958/7958
f 7103/7103 7959/7959 8005/8005
f 6683/6683 7451/7451 8006/8006
f 7105/7105 8004/8004 7764/7764
f 7144/7144 8012/8012 7480/7480
f 6237/6237 7597/7597 8018/8018
f 6751/6751 8010/8010 7143/7143
f 7384/7384 7766/7766 8022/8022
f 7382/7382 8022/8022 7706/7706
f 6774/6774 7556/7556 8025/8025
f 7488/7488 7690/7690 8032/8032
f 6595/6595 8040/8040 7685/7685
f 6777/6777 8026/8026 6890/6890
f 7094/7094 7893/7893 7934/7934
f 6655/6655 7626/7626 7855/7855
f 5082/5082 8046/8046 7629/7629
f 6931/6931 7711/7711 7363/7363
f 7135/7135 7671/7671 7834/7834
f 4770/4770 6481/6481 8048/8048
f 6519/6519 7859/7859 6538/6538
f 6695/6695 8050/8050 7446/7446
f 6358/6358 6817/6817 7828/7828
f 7762/7762 8005/8005 7962/7962
f 7763/7763 7961/7961 7921/7921
f 6530/6530 7927/7927 8055/8055
f 6894/6894 8024/8024 7349/7349
f 7157/7157 7943/7943 7982/7982
f 7920/7920 7958/7958 7934/7934
f 7490/7490 7688/7688 8058/8058
f 6595/6595 7820/7820 8040/8040
f 6488/6488 8061/8061 7149/7149
f 6545/6545 8066/8066 7908/7908
f 5082/5082 7480/7480 8046/8046
f 7867/7867 7919/7919 7933/7933
f 6135/6135 8071/8071 6764/6764
f 6524/6524 6758/6758 8073/8073
f 7339/7339 7524/7524 8078/8078
f 6652/6652 7865/7865 7934/7934
f 6237/6237 8016/8016 8082/8082
f 6589/6589 7481/7481 7770/7770
f 7121/7121 7534/7534 7294/7294
f 6155/6155 6418/6418 7925/7925
f 7427/7427 7508/7508 8089/8089
f 7057/7057 7351/7351 8094/8094
f 6304/6304 7265/7265 8095/8095
f 6304/6304 8095/8095 7318/7318
f 5580/5580 6469/6469 5906/5906
f 7291/7291 7533/7533 8102/8102
f 8105/8105 8110/8110 8111/8111
f 6715/6715 7977/7977 8117/8117
f 6450/6450 8124/8124 7622/7622
f 6709/6709 8118/8118 8002/8002
f 7680/7680 7699/7699 8125/8125
f 7447/7447 8052/8052 7450/7450
f 7480/7480 8012/8012 8046/8046
f 6820/6820 8137/8137 7637/7637
f 3750/3750 5577/5577 8139/8139
f 3450/3450 6012/6012 8148/8148
f 6487/6487 7981/7981 8062/8062
f 5250/5250 6558/6558 8152/8152
f 6572/6572 7486/7486 8036/8036
f 7359/7359 7712/7712 8157/8157
f 7500/7500 8126/8126 7698/7698
f 3889/3889 8163/8163 5880/5880
f 7438/7438 8166/8166 7482/7482
f 7370/7370 8019/8019 7600/7600
f 5577/5577 7033/7033 8170/8170
f 7212/7212 8174/8174 8178/8178
f 7373/7373 7516/7516 8181/8181
f 8106/8106 8116/8116 8190/8190
f 6418/6418 8192/8192 7925/7925
f 3514/3514 8195/8195 7886/7886
f 7640/7640 7725/7725 8198/8198
f 6437/6437 8204/8204 7411/7411
f 3781/3781 8212/8212 6144/6144
f 7357/7357 7618/7618 8217/8217
f 6418/6418 8220/8220 8192/8192
f 7151/7151 8223/8223 7859/7859
f 7494/7494 7649/7649 8227/8227
f 7495/7495 7655/7655 8229/8229
f 7423/7423 8234/8234 7616/7616
f 6550/6550 7917/7917 8065/8065
f 5251/5251 8150/8150 7200/7200
f 6355/6355 8242/8242 7952/7952
f 7638/7638 8129/8129 7791/7791
f 8105/8105 8188/8188 8108/8108
f 7752/7752 8244/8244 7802/7802
f 7676/7676 8247/8247 7755/7755
f 7757/7757 7899/7899 7930/7930
f 7819/7819 7895/7895 8245/8245
f 6360/6360 7826/7826 8237/8237
f 7493/7493 8226/8226 7767/7767
f 7759/7759 8246/8246 7900/7900
f 6652/6652 7935/7935 7893/7893
f 7492/7492 8056/8056 7975/7975
f 8251/8251 8253/8253 8258/8258
f 6987/6987 7541/7541 8263/8263
f 7213/7213 8266/8266 7968/7968
f 7423/7423 7740/7740 8235/8235
f 8271/8271 8273/8273 8282/8282
f 7414/7414 8281/8281 8275/8275
f 7213/7213 7781/7781 8286/8286
f 7263/7263 7871/7871 7723/7723
f 8289/8289 8292/8292 8298/8298
f 7542/7542 7614/7614 8199/8199
f 8029/8029 8289/8289 8296/8296
f 7503/7503 7707/7707 7522/7522
f 7850/7850 8258/8258 8253/8253
f 8300/8300 8305/8305 8306/8306
f 8300/8300 8308/8308 8312/8312
f 8249/8249 8316/8316 8253/8253
f 8270/8270 8280/8280 8323/8323
f 7215/7215 8178/8178 8269/8269
f 7475/7475 8327/8327 7938/7938
f 7584/7584 8300/8300 8312/8312
f 6521/6521 8072/8072 7998/7998
f 7574/7574 8331/8331 7652/7652
f 7587/7587 8313/8313 8334/8334
f 8256/8256 8336/8336 8338/8338
f 8248/8248 8256/8256 8341/8341
f 7902/7902 8333/8333 8311/8311
f 7368/7368 8344/8344 8017/8017
f 7350/7350 8029/8029 8296/8296
f 8112/8112 8351/8351 8347/8347
f 8110/8110 8191/8191 8359/8359
f 7615/7615 8232/8232 8200/8200
f 7537/7537 7726/7726 8263/8263
f 7710/7710 8361/8361 8159/8159
f 7946/7946 8367/8367 7982/7982
f 7628/7628 8258/8258 7853/7853
f 7415/7415 8360/8360 7708/7708
f 7536/7536 8199/8199 7731/7731
f 7503/7503 7734/7734 7707/7707
f 7586/7586 8333/8333 7905/7905
f 7413/7413 8274/8274 8364/8364
f 7410/7410 8371/8371 8278/8278
f 7268/7268 8244/8244 8098/8098
f 8301/8301 8374/8374 8304/8304
f 8307/8307 8379/8379 8315/8315
f 7649/7649 7777/7777 8382/8382
f 7348/7348 8297/8297 8094/8094
f 7501/7501 7664/7664 7735/7735
f 7851/7851 8254/8254 8386/8386
f 7907/7907 8314/8314 8377/8377
f 7619/7619 7721/7721 8389/8389
f 8319/8319 8392/8392 8385/8385
f 8252/8252 8318/8318 8385/8385
f 8291/8291 8397/8397 8295/8295
f 7544/7544 8400/8400 7558/7558
f 3514/3514 3943/3943 5882/5882
f 7394/7394 7808/7808 7750/7750
f 5577/5577 8170/8170 8141/8141
f 3782/3782 5582/5582 8403/8403
f 6584/6584 7331/7331 8409/8409
f 7268/7268 7805/7805 8243/8243
f 7669/7669 7910/7910 8171/8171
f 6687/6687 8413/8413 7863/7863
f 6529/6529 8422/8422 7589/7589
f 6574/6574 8429/8429 7269/7269
f 8272/8272 8322/8322 8431/8431
f 8272/8272 8430/8430 8277/8277
f 8307/8307 8435/8435 8379/8379
f 8302/8302 8419/8419 8376/8376
f 7674/7674 7816/7816 8245/8245
f 8287/8287 8438/8438 8293/8293
f 7410/7410 8208/8208 8369/8369
f 7913/7913 8177/8177 8171/8171
f 7642/7642 8197/8197 8443/8443
f 6040/6040 8452/8452 7890/7890
f 7476/7476 7906/7906 8455/8455
f 5373/5373 8447/8447 6042/6042
f 7588/7588 8417/8417 8299/8299
f 8276/8276 8434/8434 8363/8363
f 7904/7904 8378/8378 8456/8456
f 7624/7624 8460/8460 8255/8255
f 8257/8257 8460/8460 8335/8335
f 8290/8290 8464/8464 8439/8439
f 7800/7800 7822/7822 8467/8467
f 6751/6751 8474/8474 8010/8010
f 8250/8250 8393/8393 8317/8317
f 8091/8091 8294/8294 8394/8394
f 8027/8027 8463/8463 8288/8288
f 8279/8279 8372/8372 8323/8323
f 7532/7532 8481/8481 8101/8101
f 8028/8028 8483/8483 8466/8466
f 8309/8309 8375/8375 8437/8437
f 7378/7378 7951/7951 8000/8000
f 8303/8303 8375/8375 8310/8310
f 7824/7824 7965/7965 8471/8471
f 7770/7770 7967/7967 7825/7825
f 6819/6819 7966/7966 7771/7771
f 7689/7689 7833/7833 8486/8486
f 3451/3451 8489/8489 5582/5582
f 7226/7226 7641/7641 8444/8444
f 8201/8201 8233/8233 8495/8495
f 8291/8291 8441/8441 8397/8397
f 6559/6559 6650/6650 8153/8153
f 7212/7212 8284/8284 8174/8174
f 7754/7754 8096/8096 8244/8244
f 8250/8250 8342/8342 8393/8393
f 7080/7080 7838/7838 7531/7531
f 8015/8015 8344/8344 8082/8082
f 7531/7531 7837/7837 8480/8480
f 6583/6583 8408/8408 7304/7304
f 7553/7553 8482/8482 8030/8030
f 7517/7517 7801/7801 8498/8498
f 6453/6453 7925/7925 8123/8123
f 7380/7380 8001/8001 8120/8120
f 7267/7267 8497/8497 7804/7804
f 7505/7505 7862/7862 7661/7661
f 6685/6685 8008/8008 8410/8410
f 8337/8337 8459/8459 8339/8339
f 8156/8156 8362/8362 8503/8503
f 8363/8363 8432/8432 8505/8505
f 7497/7497 8507/8507 8126/8126
f 8384/8384 8391/8391 8510/8510
f 5788/5788 7362/7362 8518/8518
f 8440/8440 8465/8465 8484/8484
f 8110/8110 8350/8350 8115/8115
f 7332/7332 7999/7999 7953/7953
f 7854/7854 8386/8386 8511/8511
f 7625/7625 8523/8523 8462/8462
f 4768/4768 8049/8049 7632/7632
f 8092/8092 8395/8395 8526/8526
f 8380/8380 8436/8436 8457/8457
f 8340/8340 8510/8510 8391/8391
f 8324/8324 8502/8502 8433/8433
f 7841/7841 8100/8100 8480/8480
f 6535/6535 7860/7860 8224/8224
f 8202/8202 8494/8494 8442/8442
f 7786/7786 7930/7930 7896/7896
f 8343/8343 8458/8458 8513/8513
f 7787/7787 7812/7812 8528/8528
f 8206/8206 8320/8320 8370/8370
f 8206/8206 8506/8506 8321/8321
f 3750/3750 8143/8143 6117/6117
f 7976/7976 8535/8535 8541/8541
f 8398/8398 8440/8440 8484/8484
f 7557/7557 8395/8395 8485/8485
f 7931/7931 8547/8547 7972/7972
f 7551/7551 8526/8526 8396/8396
f 7518/7518 8548/8548 7773/7773
f 7546/7546 8551/8551 8400/8400
f 7750/7750 7806/7806 8557/8557
f 8373/8373 8457/8457 8436/8436
f 8373/8373 8420/8420 8457/8457
f 7724/7724 8561/8561 8260/8260
f 4803/4803 8566/8566 6142/6142
f 7485/7485 8569/8569 7772/7772
f 7672/7672 8571/8571 7817/7817
f 7818/7818 8571/8571 8039/8039
f 7634/7634 8574/8574 7715/7715
f 7508/7508 7607/7607 8087/8087
f 7452/7452 8580/8580 8007/8007
f 8160/8160 8504/8504 8205/8205
f 7267/7267 8427/8427 8500/8500
f 7549/7549 7889/7889 8585/8585
f 8461/8461 8522/8522 8514/8514
f 6437/6437 8587/8587 8204/8204
f 7977/7977 8540/8540 8121/8121
f 7788/7788 8593/8593 7932/7932
f 7662/7662 7864/7864 8414/8414
f 7751/7751 8558/8558 8099/8099
f 6821/6821 7772/7772 8597/8597
f 6693/6693 7078/7078 8602/8602
f 5791/5791 8472/8472 6750/6750
f 7372/7372 8084/8084 8345/8345
f 7496/7496 8230/8230 8507/8507
f 7316/7316 8097/8097 8610/8610
f 7526/7526 7705/7705 8617/8617
f 7232/7232 7880/7880 8626/8626
f 7686/7686 8629/8629 8058/8058
f 7981/7981 8365/8365 8632/8632
f 8012/8012 8634/8634 8046/8046
f 3451/3451 8146/8146 8491/8491
f 6237/6237 8639/8639 8641/8641
f 7329/7329 7950/7950 8645/8645
f 7331/7331 8644/8644 8409/8409
f 6536/6536 8651/8651 7368/7368
f 7911/7911 8656/8656 8179/8179
f 7379/7379 8122/8122 8657/8657
f 7963/7963 8662/8662 8470/8470
f 7627/7627 8043/8043 8522/8522
f 6136/6136 7742/7742 8069/8069
f 3514/3514 5882/5882 8195/8195
f 7083/7083 7530/7530 8665/8665
f 7082/7082 8666/8666 8606/8606
f 7930/7930 8668/8668 8543/8543
f 7980/7980 8630/8630 8060/8060
f 7888/7888 7937/7937 8583/8583
f 7667/7667 8674/8674 7835/7835
f 7695/7695 8675/8675 7874/7874
f 6529/6529 8053/8053 8679/8679
f 5788/5788 8518/8518 8475/8475
f 5525/5525 7285/7285 6474/6474
f 7381/7381 8658/8658 7529/7529
f 7315/7315 7914/7914 7565/7565
f 7930/7930 8595/8595 8669/8669
f 8686/8686 8691/8691 8699/8699
f 8113/8113 8346/8346 8702/8702
f 8698/8698 8708/8708 8715/8715
f 8685/8685 8698/8698 8715/8715
f 8348/8348 8354/8354 8705/8705
f 7147/7147 8059/8059 8631/8631
f 7964/7964 8268/8268 8664/8664
f 7231/7231 8625/8625 7872/7872
f 7738/7738 8717/8717 8231/8231
f 5581/5581 8491/8491 8404/8404
f 6467/6467 7623/7623 8724/8724
f 8119/8119 8541/8541 8660/8660
f 6418/6418 7321/7321 8219/8219
f 6820/6820 8598/8598 8132/8132
f 7058/7058 8091/8091 8728/8728
f 8155/8155 8203/8203 8731/8731
f 7293/7293 8102/8102 7856/7856
f 8154/8154 8730/8730 8735/8735
f 7433/7433 7472/7472 8740/8740
f 7543/7543 8744/8744 8747/8747
f 8751/8751 8756/8756 8760/8760
f 8099/8099 8558/8558 8613/8613
f 7685/7685 8040/8040 8628/8628
f 8349/8349 8762/8762 8703/8703
f 7729/7729 8768/8768 8561/8561
f 8189/8189 8772/8772 8358/8358
f 7836/7836 8775/8775 8103/8103
f 8423/8423 8777/8777 8454/8454
f 8090/8090 8527/8527 8780/8780
f 7470/7470 7716/7716 7957/7957
f 5036/5036 6143/6143 6013/6013
f 7545/7545 8585/8585 8744/8744
f 7554/7554 8782/8782 8524/8524
f 8042/8042 8512/8512 8521/8521
f 7546/7546 8749/8749 8551/8551
f 7552/7552 8399/8399 8781/8781
f 7369/7369 8650/8650 8086/8086
f 8525/8525 8781/8781 8780/8780
f 6080/6080 6115/6115 8786/8786
f 7399/7399 8788/8788 7575/7575
f 6535/6535 8221/8221 8791/8791
f 7679/7679 8797/8797 8571/8571
f 7700/7700 7796/7796 8800/8800
f 6529/6529 8683/8683 8418/8418
f 7601/7601 8806/8806 7606/7606
f 7769/7769 8569/8569 8600/8600
f 7146/7146 8633/8633 8366/8366
f 7148/7148 8366/8366 8222/8222
f 8757/8757 8810/8810 8761/8761
f 8037/8037 8572/8572 8794/8794
f 7356/7356 8216/8216 8817/8817
f 7670/7670 8175/8175 8673/8673
f 7341/7341 8076/8076 7985/7985
f 7662/7662 8411/8411 8821/8821
f 8178/8178 8825/8825 8269/8269
f 6758/6758 7286/7286 7845/7845
f 7434/7434 8737/8737 7569/7569
f 7308/7308 8829/8829 7954/7954
f 7479/7479 8453/8453 8778/8778
f 8264/8264 8562/8562 8445/8445
f 1932/1932 4182/4182 8832/8832
f 7908/7908 8066/8066 8652/8652
f 7513/7513 8499/8499 8839/8839
f 8415/8415 8619/8619 8820/8820
f 7945/7945 8222/8222 8368/8368
f 6237/6237 8085/8085 8638/8638
f 7560/7560 7692/7692 8841/8841
f 8172/8172 8286/8286 8846/8846
f 3780/3780 8403/8403 8848/8848
f 7417/7417 8853/8853 7643/7643
f 7923/7923 8193/8193 8218/8218
f 8446/8446 8560/8560 8765/8765
f 8261/8261 8445/8445 8493/8493
f 8425/8425 8838/8838 8501/8501
f 7703/7703 8819/8819 8621/8621
f 7658/7658 8819/8819 7703/7703
f 8544/8544 8670/8670 8793/8793
f 8559/8559 8835/8835 8614/8614
f 8468/8468 8663/8663 8856/8856
f 8596/8596 8796/8796 8670/8670
f 7798/7798 8469/8469 8854/8854
f 8695/8695 8863/8863 8700/8700
f 8696/8696 8861/8861 8866/8866
f 7690/7690 8487/8487 8032/8032
f 8207/8207 8589/8589 8733/8733
f 8752/8752 8759/8759 8814/8814
f 7950/7950 8241/8241 8645/8645
f 8428/8428 8611/8611 8835/8835
f 7675/7675 8542/8542 8795/8795
f 8684/8684 8713/8713 8691/8691
f 7701/7701 8802/8802 7737/7737
f 7739/7739 8801/8801 8868/8868
f 7647/7647 8853/8853 8873/8873
f 7303/7303 8878/8878 7814/7814
f 8104/8104 8775/8775 8882/8882
f 8093/8093 8779/8779 8728/8728
f 8130/8130 8599/8599 8886/8886
f 7696/7696 7984/7984 8675/8675
f 7622/7622 8124/8124 8892/8892
f 8042/8042 8894/8894 8512/8512
f 7926/7926 7997/7997 8054/8054
f 7460/7460 7972/7972 8827/8827
f 7310/7310 7458/7458 8828/8828
f 7925/7925 8889/8889 8123/8123
f 7364/7364 8158/8158 8734/8734
f 8269/8269 8855/8855 8661/8661
f 8697/8697 8866/8866 8712/8712
f 8752/8752 8814/8814 8899/8899
f 8176/8176 8653/8653 8822/8822
f 7602/7602 7659/7659 8807/8807
f 7313/7313 8616/8616 8908/8908
f 7843/7843 8911/8911 8773/8773
f 6759/6759 7846/7846 7858/7858
f 8422/8422 8681/8681 8914/8914
f 6534/6534 8789/8789 8648/8648
f 7849/7849 8515/8515 8896/8896
f 7849/7849 8896/8896 8917/8917
f 7322/7322 8919/8919 8219/8219
f 7852/7852 8917/8917 7944/7944
f 7947/7947 8918/8918 8924/8924
f 7996/7996 8582/8582 8054/8054
f 8011/8011 8478/8478 8926/8926
f 7530/7530 8601/8601 8667/8667
f 8710/8710 8864/8864 8931/8931
f 8704/8704 8764/8764 8937/8937
f 8173/8173 8845/8845 8672/8672
f 6436/6436 7790/7790 8473/8473
f 7481/7481 8167/8167 8940/8940
f 7941/7941 8054/8054 8584/8584
f 8043/8043 8945/8945 8897/8897
f 7843/7843 7876/7876 8911/8911
f 7475/7475 8949/8949 8325/8325
f 7653/7653 8953/8953 8229/8229
f 7483/7483 8939/8939 8568/8568
f 8013/8013 8928/8928 8083/8083
f 7940/7940 8329/8329 8054/8054
f 8054/8054 8326/8326 8680/8680
f 7060/7060 8554/8554 7829/7829
f 7475/7475 8955/8955 8949/8949
f 6438/6438 8477/8477 8519/8519
f 8014/8014 8086/8086 8646/8646
f 7831/7831 8552/8552 8748/8748
f 8014/8014 8649/8649 8634/8634
f 8535/8535 8960/8960 8541/8541
f 8539/8539 8964/8964 8659/8659
f 8862/8862 8968/8968 8865/8865
f 7948/7948 8790/8790 8221/8221
f 8867/8867 8966/8966 8933/8933
f 8932/8932 8968/8968 8973/8973
f 8758/8758 8978/8978 8810/8810
f 8750/8750 8901/8901 8754/8754
f 8353/8353 8979/8979 8763/8763
f 8114/8114 8706/8706 8187/8187
f 8586/8586 8735/8735 8732/8732
f 3891/3891 5723/5723 8162/8162
f 8568/8568 8939/8939 8982/8982
f 7949/7949 8922/8922 8791/8791
f 8780/8780 8784/8784 8985/8985
f 7061/7061 8993/8993 8553/8553
f 8328/8328 8948/8948 8682/8682
f 6435/6435 8516/8516 8995/8995
f 5700/5700 7510/7510 8997/8997
f 5700/5700 8997/8997 7748/7748
f 8426/8426 9002/9002 8612/8612
f 6653/6653 9005/9005 8153/8153
f 7362/7362 9010/9010 8520/8520
f 8045/8045 8637/8637 9013/9013
f 8635/8635 8920/8920 9014/9014
f 8658/8658 8963/8963 8961/8961
f 7058/7058 8729/8729 8992/8992
f 7789/7789 8131/8131 8479/8479
f 8409/8409 8644/8644 9016/9016
f 8538/8538 8959/8959 8962/8962
f 8136/8136 8927/8927 8476/8476
f 8774/8774 8909/8909 8881/8881
f 8063/8063 9021/9021 8655/8655
f 7996/7996 8745/8745 8582/8582
f 8134/8134 8886/8886 9025/9025
f 8406/8406 9016/9016 9027/9027
f 7376/7376 7665/7665 9032/9032
f 7474/7474 8778/8778 9037/9037
f 7454/7454 8052/8052 8581/8581
f 8636/8636 8647/8647 8925/8925
f 8647/8647 8792/8792 8923/8923
f 8555/8555 8990/8990 9044/9044
f 8421/8421 9038/9038 8776/8776
f 8081/8081 8929/8929 8640/8640
f 8416/8416 8915/8915 9038/9038
f 8682/8682 8950/8950 8913/8913
f 8044/8044 9013/9013 8946/8946
f 7535/7535 8658/8658 9050/9050
f 8401/8401 8550/8550 9040/9040
f 7512/7512 8836/8836 8180/8180
f 7613/7613 9055/9055 7784/7784
f 8763/8763 8979/8979 8935/8935
f 7830/7830 8746/8746 9060/9060
f 8918/8918 9011/9011 8921/8921
f 8690/8690 8714/8714 9062/9062
f 8708/8708 9065/9065 8715/8715
f 8671/8671 8847/8847 9071/9071
f 4974/4974 9077/9077 6960/6960
f 4806/4806 6961/6961 9079/9079
f 8238/8238 9016/9016 8645/8645
f 8716/8716 9066/9066 9061/9061
f 8107/8107 9082/9082 8352/8352
f 7797/7797 8858/8858 9087/9087
f 8517/8517 9008/9008 8995/8995
f 7202/7202 8149/8149 9088/9088
f 8133/8133 8640/8640 8930/8930
f 7575/7575 8787/8787 8331/8331
f 7356/7356 8817/8817 7466/7466
f 7835/7835 8673/8673 9074/9074
f 7360/7360 8735/8735 8586/8586
f 8269/8269 9092/9092 8857/8857
f 7995/7995 8075/8075 8743/8743
f 8742/8742 9060/9060 8747/8747
f 7478/7478 9039/9039 8956/8956
f 7730/7730 7871/7871 8766/8766
f 4805/4805 9078/9078 8564/8564
f 8402/8402 9043/9043 8783/8783
f 6440/6440 8996/8996 8588/8588
f 7830/7830 9060/9060 8236/8236
f 5088/5088 6145/6145 7284/7284
f 8687/8687 8965/8965 8860/8860
f 8916/8916 8944/8944 9012/9012
f 8728/8728 8779/8779 8987/8987
f 7808/7808 8837/8837 8556/8556
f 8654/8654 9020/9020 8826/8826
f 8895/8895 8947/8947 8916/8916
f 8770/8770 8903/8903 9095/9095
f 8812/8812 9097/9097 8902/8902
f 8859/8859 9093/9093 9086/9086
f 8727/8727 8986/8986 8989/8989
f 7797/7797 9100/9100 8803/8803
f 7361/7361 8590/8590 8994/8994
f 8233/8233 8721/8721 8495/8495
f 3786/3786 8848/8848 8210/8210
f 8075/8075 9058/9058 8741/8741
f 6237/6237 8643/8643 9103/9103
f 8912/8912 8951/8951 9036/9036
f 7465/7465 9032/9032 7666/7666
f 8102/8102 8880/8880 9107/9107
f 7856/7856 8102/8102 9105/9105
f 7361/7361 8994/8994 9009/9009
f 8240/8240 9059/9059 9114/9114
f 8952/8952 8954/8954 9035/9035
f 8988/8988 9042/9042 8991/8991
f 6759/6759 7858/7858 9117/9117
f 9062/9062 9070/9070 9120/9120
f 8785/8785 9041/9041 8986/8986
f 7223/7223 8443/8443 7990/7990
f 7876/7876 9123/9123 8911/8911
f 8041/8041 8798/8798 9127/9127
f 8356/8356 8771/8771 9131/9131
f 7706/7706 8022/8022 9135/9135
f 8269/8269 9136/9136 9091/9091
f 8658/8658 8957/8957 9050/9050
f 8885/8885 8909/8909 9140/9140
f 7523/7523 8618/8618 9148/9148
f 8607/8607 8883/8883 9145/9145
f 7528/7528 9156/9156 8608/8608
f 8935/8935 8979/8979 9160/9160
f 8135/8135 8642/8642 8640/8640
f 7925/7925 8220/8220 8889/8889
f 7608/7608 8805/8805 9163/9163
f 7519/7519 7970/7970 8548/8548
f 8753/8753 8898/8898 9165/9165
f 8900/8900 9167/9167 9166/9166
f 7785/7785 8530/8530 8594/8594
f 8109/8109 8357/8357 9131/9131
f 8711/8711 9172/9172 9067/9067
f 7799/7799 9085/9085 9176/9176
f 4974/4974 9178/9178 9077/9077
f 7524/7524 9147/9147 8078/8078
f 8604/8604 9152/9152 8880/8880
f 8910/8910 9124/9124 9145/9145
f 7856/7856 9107/9107 9118/9118
f 7657/7657 7706/7706 9135/9135
f 6699/6699 8605/8605 9183/9183
f 9086/9086 9093/9093 9186/9186
f 8931/8931 8971/8971 9194/9194
f 9069/9069 9172/9172 9197/9197
f 8038/8038 9128/9128 8628/8628
f 7590/7590 8575/8575 7635/7635
f 7301/7301 8407/8407 8879/8879
f 7533/7533 9047/9047 9154/9154
f 8267/8267 8825/8825 9136/9136
f 8603/8603 9141/9141 9204/9204
f 8535/8535 9208/9208 8960/8960
f 8238/8238 9212/9212 9015/9015
f 9017/9017 9213/9213 9029/9029
f 8771/8771 9094/9094 9131/9131
f 8966/8966 9218/9218 8972/8972
f 9068/9068 9220/9220 9120/9120
f 9065/9065 9196/9196 9221/9221
f 8755/8755 9165/9165 8975/8975
f 9093/9093 9226/9226 9187/9187
f 7875/7875 8677/8677 9122/9122
f 7399/7399 9231/9231 8787/8787
f 9064/9064 9121/9121 9224/9224
f 9064/9064 9223/9223 9236/9236
f 8694/8694 9063/9063 9235/9235
f 8133/8133 9026/9026 8642/8642
f 7418/7418 7957/7957 8852/8852
f 5359/5359 9240/9240 5844/5844
f 6985/6985 8262/8262 9241/9241
f 8769/8769 9168/9168 8900/8900
f 4973/4973 5932/5932 9178/9178
f 6483/6483 6845/6845 8047/8047
f 8707/8707 8936/8936 9252/9252
f 7978/7978 9258/9258 8537/8537
f 7773/7773 8548/8548 9264/9264
f 8811/8811 8977/8977 9265/9265
f 8880/8880 9271/9271 9107/9107
f 9108/9108 9272/9272 9119/9119
f 6763/6763 9118/9118 9272/9272
f 8536/8536 9258/9258 9207/9207
f 7611/7611 9275/9275 9056/9056
f 6029/6029 9278/9278 9282/9282
f 8239/8239 9115/9115 9212/9212
f 8884/8884 9152/9152 9285/9285
f 8980/8980 9287/9287 9188/9188
f 7429/7429 9293/9293 7681/7681
f 8709/8709 8931/8931 9194/9194
f 8934/8934 9159/9159 9296/9296
f 4659/4659 9278/9278 6029/6029
f 7746/7746 9297/9297 8070/8070
f 6988/6988 9302/9302 7437/7437
f 7783/7783 9053/9053 8284/8284
f 9091/9091 9136/9136 9227/9227
f 8592/8592 9304/9304 8798/8798
f 1933/1933 8833/8833 4655/4655
f 8009/8009 9311/9311 8412/8412
f 6652/6652 7893/7893 9004/9004
f 9176/9176 9191/9191 9288/9288
f 8886/8886 8981/8981 9190/9190
f 8974/8974 9216/9216 9195/9195
f 9084/9084 9189/9189 9176/9176
f 8609/8609 9205/9205 9181/9181
f 9112/9112 9206/9206 9211/9211
f 6765/6765 8070/8070 9297/9297
f 8259/8259 8496/8496 9312/9312
f 7832/7832 9072/9072 9319/9319
f 6984/6984 9246/9246 9300/9300
f 8942/8942 9288/9288 8984/8984
f 7797/7797 9177/9177 9100/9100
f 8799/8799 9306/9306 9128/9128
f 6701/6701 9180/9180 9323/9323
f 6031/6031 9282/9282 6958/6958
f 8642/8642 9024/9024 9228/9228
f 7646/7646 9327/9327 7882/7882
f 8886/8886 9229/9229 9025/9025
f 9028/9028 9214/9214 9209/9209
f 9030/9030 9210/9210 9258/9258
f 8075/8075 9113/9113 9057/9057
f 9329/9329 9335/9335 9338/9338
f 9217/9217 9335/9335 9332/9332
f 9192/9192 9219/9219 9330/9330
f 8969/8969 9334/9334 9215/9215
f 8823/8823 9200/9200 9136/9136
f 8412/8412 9311/9311 8620/8620
f 8976/8976 9164/9164 9341/9341
f 8183/8183 9169/9169 8772/8772
f 8958/8958 9206/9206 9048/9048
f 7438/7438 9303/9303 8168/8168
f 7741/7741 8869/8869 8718/8718
f 8109/8109 9131/9131 9081/9081
f 6757/6757 9342/9342 8074/8074
f 6237/6237 9348/9348 7609/7609
f 8052/8052 9351/9351 8581/8581
f 8064/8064 9358/9358 9019/9019
f 7617/7617 8388/8388 8215/8215
f 8444/8444 8766/8766 9359/9359
f 8886/8886 9190/9190 9229/9229
f 8353/8353 9363/9363 8979/8979
f 6237/6237 9102/9102 9348/9348
f 5358/5358 7795/7795 9240/9240
f 7612/7612 9348/9348 9276/9276
f 8615/8615 8999/8999 8906/8906
f 7833/7833 9368/9368 8486/8486
f 5881/5881 8163/8163 8195/8195
f 7319/7319 8907/8907 7916/7916
f 7592/7592 9371/9371 8574/8574
f 6760/6760 9273/9273 9374/9374
f 9122/9122 9383/9383 9141/9141
f 8884/8884 9285/9285 9271/9271
f 5373/5373 6113/6113 8449/8449
f 8709/8709 9194/9194 9171/9171
f 9052/9052 9274/9274 9386/9386
f 6570/6570 9388/9388 8424/8424
f 8936/8936 9295/9295 9254/9254
f 7427/7427 8089/8089 9391/9391
f 9142/9142 9155/9155 9203/9203
f 9144/9144 9284/9284 9157/9157
f 8284/8284 9316/9316 8844/8844
f 8075/8075 9343/9343 9110/9110
f 9109/9109 9374/9374 9273/9273
f 9158/9158 9381/9381 9202/9202
f 9018/9018 9354/9354 9394/9394
f 9046/9046 9206/9206 9116/9116
f 8701/8701 9249/9249 9397/9397
f 8813/8813 9266/9266 9095/9095
f 9138/9138 9201/9201 9405/9405
f 5393/5393 9411/9411 5407/5407
f 7591/7591 7992/7992 9372/9372
f 8531/8531 9306/9306 8591/8591
f 7878/7878 9412/9412 8624/8624
f 8151/8151 9005/9005 9089/9089
f 9198/9198 9237/9237 9222/9222
f 9164/9164 9168/9168 9416/9416
f 8492/8492 8718/8718 9313/9313
f 6118/6118 8142/8142 9421/9421
f 6118/6118 9421/9421 8786/8786
f 9271/9271 9285/9285 9423/9423
f 7399/7399 7566/7566 8736/8736
f 9051/9051 9426/9426 9153/9153
f 9161/9161 9248/9248 9294/9294
f 9143/9143 9382/9382 9285/9285
f 8843/8843 9316/9316 9073/9073
f 8184/8184 8702/8702 9402/9402
f 6758/6758 9429/9429 9346/9346
f 9276/9276 9348/9348 9385/9385
f 9253/9253 9435/9435 9399/9399
f 6696/6696 9322/9322 8051/8051
f 8979/8979 9255/9255 9160/9160
f 7892/7892 9438/9438 9004/9004
f 9049/9049 9111/9111 9344/9344
f 9174/9174 9233/9233 9196/9196
f 7806/7806 9442/9442 8836/8836
f 8642/8642 9225/9225 9137/9137
f 5288/5288 5907/5907 7794/7794
f 8355/8355 9082/9082 9364/9364
f 9194/9194 9331/9331 9336/9336
f 8967/8967 9445/9445 9333/9333
f 7644/7644 8874/8874 9327/9327
f 7879/7879 9328/9328 9412/9412
f 7377/7377 9446/9446 7692/7692
f 9335/9335 9445/9445 9338/9338
f 8220/8220 9449/9449 8889/8889
f 8642/8642 9139/9139 9406/9406
f 9337/9337 9456/9456 9462/9462
f 8265/8265 9312/9312 9241/9241
f 9200/9200 9467/9467 9404/9404
f 9098/9098 9175/9175 9468/9468
f 9283/9283 9377/9377 9426/9426
f 9151/9151 9428/9428 9379/9379
f 6761/6761 9475/9475 9477/9477
f 8622/8622 9311/9311 9150/9150
f 6757/6757 9481/9481 9475/9475
f 9125/9125 9184/9184 9378/9378
f 9183/9183 9205/9205 9380/9380
f 8286/8286 9467/9467 9318/9318
f 7428/7428 9391/9391 9290/9290
f 7974/7974 9483/9483 9256/9256
f 7511/7511 7720/7720 9488/9488
f 9176/9176 9288/9288 9471/9471
f 5393/5393 7201/7201 9408/9408
f 7979/7979 8056/8056 9484/9484
f 6572/6572 8036/8036 9390/9390
f 8406/8406 9027/9027 9496/9496
f 8405/8405 9492/9492 8876/8876
f 8050/8050 9324/9324 9352/9352
f 7915/7915 9499/9499 8068/8068
f 6083/6083 8786/8786 9506/9506
f 7835/7835 9317/9317 9366/9366
f 6760/6760 9376/9376 9480/9480
f 8007/8007 8576/8576 9308/9308
f 9200/9200 9395/9395 9466/9466
f 7399/7399 8738/8738 9231/9231
f 9316/9316 9463/9463 9393/9393
f 8567/8567 9075/9075 9509/9509
f 9259/9259 9486/9486 9515/9515
f 9031/9031 9257/9257 9498/9498
f 8067/8067 9502/9502 9356/9356
f 5933/5933 6475/6475 9521/9521
f 9194/9194 9339/9339 9460/9460
f 5408/5408 9524/9524 5774/5774
f 5932/5932 9518/9518 9178/9178
f 6139/6139 8563/8563 9530/9530
f 7560/7560 8841/8841 7807/7807
f 6011/6011 6140/6140 9529/9529
f 7632/7632 8047/8047 9532/9532
f 7031/7031 9536/9536 8169/8169
f 6845/6845 9532/9532 8047/8047
f 9077/9077 9178/9178 9540/9540
f 8642/8642 9407/9407 9104/9104
f 9453/9453 9542/9542 9461/9461
f 8979/8979 9549/9549 9251/9251
f 8979/8979 9552/9552 9549/9549
f 9315/9315 9396/9396 9355/9355
f 9104/9104 9406/9406 9464/9464
f 9170/9170 9554/9554 9238/9238
f 5551/5551 9562/9562 6845/6845
f 8213/8213 8848/8848 9566/9566
f 8164/8164 9568/9568 8938/8938
f 6761/6761 9477/9477 9429/9429
f 7894/7894 8448/8448 9439/9439
f 8888/8888 9450/9450 9574/9574
f 8404/8404 9576/9576 8848/8848
f 8403/8403 8491/8491 9576/9576
f 8426/8426 9388/9388 9002/9002
f 8163/8163 9578/9578 8196/8196
f 6146/6146 9584/9584 7284/7284
f 6845/6845 9562/9562 9532/9532
f 7650/7650 8381/8381 8228/8228
f 5547/5547 7172/7172 9588/9588
f 9338/9338 9444/9444 9451/9451
f 6079/6079 9506/9506 7173/7173
f 5727/5727 9582/9582 8161/8161
f 8141/8141 8170/8170 9534/9534
f 6009/6009 9526/9526 9592/9592
f 9179/9179 9520/9520 9539/9539
f 6145/6145 8211/8211 9584/9584
f 9045/9045 9343/9343 9424/9424
f 5409/5409 9411/9411 9523/9523
f 6473/6473 7283/7283 9586/9586
f 8979/8979 9365/9365 9551/9551
f 9596/9596 9599/9599 9604/9604
f 9543/9543 9593/9593 9603/9603
f 7775/7775 9261/9261 8382/8382
f 7885/7885 8194/8194 9606/9606
f 8941/8941 9607/9607 9289/9289
f 5548/5548 9589/9589 9562/9562
f 9345/9345 9430/9430 9427/9427
f 8977/8977 9340/9340 9265/9265
f 7510/7510 9611/9611 8997/8997
f 7765/7765 8227/8227 8023/8023
f 7651/7651 8330/8330 8953/8953
f 9076/9076 9541/9541 9510/9510
f 8209/8209 9565/9565 9584/9584
f 6014/6014 9618/9618 8145/8145
f 8786/8786 9418/9418 9506/9506
f 8565/8565 9508/9508 9528/9528
f 6014/6014 9592/9592 9616/9616
f 7032/7032 7884/7884 9619/9619
f 5725/5725 9623/9623 9579/9579
f 6471/6471 9629/9629 9519/9519
f 7174/7174 9635/9635 9590/9590
f 8138/8138 9534/9534 9639/9639
f 9250/9250 9548/9548 9433/9433
f 8849/8849 9575/9575 9564/9564
f 7622/7622 9640/9640 8725/8725
f 8195/8195 9581/9581 9606/9606
f 7630/7630 9531/9531 9560/9560
f 7030/7030 9619/9619 9533/9533
f 5724/5724 7632/7632 9624/9624
f 8140/8140 9637/9637 9420/9420
f 6472/6472 9585/9585 9631/9631
f 7171/7171 9504/9504 9632/9632
f 7631/7631 9558/9558 9625/9625
f 9509/9509 9537/9537 9642/9642
f 9508/9508 9643/9643 9527/9527
f 7884/7884 9605/9605 9619/9619
f 5842/5842 9646/9646 6112/6112
f 7678/7678 9648/9648 8545/8545
f 4182/4182 6420/6420 7409/7409
f 9546/9546 9652/9652 9595/9595
f 7987/7987 9657/9657 8675/8675
f 8689/8689 9234/9234 9557/9557
f 9594/9594 9654/9654 9598/9598
f 9535/9535 9619/9619 9636/9636
f 9591/9591 9658/9658 9617/9617
f 8147/8147 9575/9575 8490/8490
f 9563/9563 9575/9575 9662/9662
f 9260/9260 9511/9511 9497/9497
f 8144/8144 9614/9614 9575/9575
f 9564/9564 9660/9660 9583/9583
f 9527/9527 9658/9658 9591/9591
f 9583/9583 9663/9663 9627/9627
f 9286/9286 9610/9610 9471/9471
f 9419/9419 9638/9638 9507/9507
f 7622/7622 8891/8891 9640/9640
f 9517/9517 9626/9626 9538/9538
f 9528/9528 9641/9641 9658/9658
f 7509/7509 9491/9491 9613/9613
f 9561/9561 9580/9580 9622/9622
f 9505/9505 9638/9638 9633/9633
f 9559/9559 9587/9587 9634/9634
f 9104/9104 9464/9464 9349/9349
f 8283/8283 9350/9350 9465/9465
f 9545/9545 9665/9665 9651/9651
f 9653/9653 9666/9666 9670/9670
f 9598/9598 9654/9654 9669/9669
f 8693/8693 9676/9676 8967/8967
f 9577/9577 9621/9621 9605/9605
f 9575/9575 9615/9615 9659/9659
f 9459/9459 9547/9547 9602/9602
f 9424/9424 9431/9431 9478/9478
f 9561/9561 9634/9634 9580/9580
f 9180/9180 9680/9680 9323/9323
f 9580/9580 9634/9634 9619/9619
f 9620/9620 9634/9634 9638/9638
f 5842/5842 9240/9240 9644/9644
f 9538/9538 9628/9628 9641/9641
f 9575/9575 9658/9658 9660/9660
f 9630/9630 9661/9661 9641/9641
f 9641/9641 9660/9660 9658/9658
f 8943/8943 9571/9571 9609/9609
f 9375/9375 9684/9684 9480/9480
f 7985/7985 8076/8076 9655/9655
f 9107/9107 9683/9683 9373/9373
f 9422/9422 9479/9479 9473/9473
f 9007/9007 9687/9687 9089/9089
f 9122/9122 9693/9693 9182/9182
f 9597/9597 9698/9698 9601/9601
f 8692/8692 9556/9556 9701/9701
f 7377/7377 9033/9033 9446/9446
f 9320/9320 9711/9711 9369/9369
f 8286/8286 9053/9053 9712/9712
f 9185/9185 9690/9690 9677/9677
f 9600/9600 9672/9672 9696/9696
f 8165/8165 9301/9301 9715/9715
f 8079/8079 8678/8678 9656/9656
f 8033/8033 8488/8488 9367/9367
f 8057/8057 8627/8627 9485/9485
f 8804/8804 9101/9101 8871/8871
f 7722/7722 9719/9719 8390/8390
f 8165/8165 9715/9715 9569/9569
f 7813/7813 8877/8877 9722/9722
f 8034/8034 9367/9367 9724/9724
f 8875/8875 9493/9493 9721/9721
f 5905/5905 6469/6469 9728/9728
f 9315/9315 9357/9357 9705/9705
f 7918/7918 8904/8904 9501/9501
f 9245/9245 9715/9715 9299/9299
f 8723/8723 8870/8870 9099/9099
f 9370/9370 9704/9704 9725/9725
f 7468/7468 8816/8816 9034/9034
f 8677/8677 9693/9693 9124/9124
f 8080/8080 9694/9694 8676/8676
f 9106/9106 9271/9271 9683/9683
f 6114/6114 9645/9645 8451/8451
f 9269/9269 9425/9425 9476/9476
f 8722/8722 9101/9101 9472/9472
f 9243/9243 9572/9572 9716/9716
f 8627/8627 9126/9126 9485/9485
f 8577/8577 9353/9353 9325/9325
f 9455/9455 9667/9667 9544/9544
f 8688/8688 9702/9702 9674/9674
f 9130/9130 9516/9516 9487/9487
f 7813/7813 9722/9722 8532/8532
f 7713/7713 9735/9735 7957/7957
f 9355/9355 9500/9500 9709/9709
f 7472/7472 7956/7956 9739/9739
f 8534/8534 9723/9723 9494/9494
f 6469/6469 8726/8726 9727/9727
f 7870/7870 9360/9360 8767/8767
f 8077/8077 9146/9146 9689/9689
f 8579/8579 9321/9321 9679/9679
f 8905/8905 9000/9000 9503/9503
f 7373/7373 8181/8181 9743/9743
f 9193/9193 9460/9460 9746/9746
f 8720/8720 9244/9244 9314/9314
f 8035/8035 9726/9726 9706/9706
f 8031/8031 9707/9707 9387/9387
f 9242/9242 9469/9469 9567/9567
f 9470/9470 9608/9608 9570/9570
f 9001/9001 9710/9710 9501/9501
f 9003/9003 9389/9389 9708/9708
f 9309/9309 9678/9678 9691/9691
f 9129/9129 9305/9305 9513/9513
f 8529/8529 9512/9512 9307/9307
f 9149/9149 9310/9310 9692/9692
f 8719/8719 9470/9470 9247/9247
f 8578/8578 9678/9678 9309/9309
f 8533/8533 9495/9495 9514/9514
f 8970/8970 9675/9675 9445/9445
f 9458/9458 9601/9601 9744/9744
f 6765/6765 9749/9749 7559/7559
f 9082/9082 9133/9133 9752/9752
f 7473/7473 9737/9737 8740/8740
f 8840/8840 9442/9442 9758/9758
f 7990/7990 8446/8446 9759/9759
f 9004/9004 9437/9437 9762/9762
f 7714/7714 8574/8574 9733/9733
f 7200/7200 9090/9090 9767/9767
f 7680/7680 8127/8127 9771/9771
f 7607/7607 9162/9162 9775/9775
f 9173/9173 9781/9781 9555/9555
f 7691/7691 9448/9448 8841/8841
f 6765/6765 9297/9297 9783/9783
f 7956/7956 8830/8830 9739/9739
f 9671/9671 9790/9790 9697/9697
f 9601/9601 9695/9695 9792/9792
f 8128/8128 8507/8507 9794/9794
f 8285/8285 9714/9714 9347/9347
f 7971/7971 8546/8546 9649/9649
f 9556/9556 9778/9778 9798/9798
f 7605/7605 9775/9775 8088/8088
f 8127/8127 9796/9796 9774/9774
f 8874/8874 9804/9804 9327/9327
f 8573/8573 9807/9807 9808/9808
f 9556/9556 9801/9801 9701/9701
f 9347/9347 9714/9714 9384/9384
f 9432/9432 9549/9549 9553/9553
f 5907/5907 9729/9729 7794/7794
f 9664/9664 9789/9789 9670/9670
f 7869/7869 8626/8626 9814/9814
f 9270/9270 9476/9476 9682/9682
f 7681/7681 9293/9293 7970/7970
f 8549/8549 9817/9817 9821/9821
f 9165/9165 9822/9822 9341/9341
f 9171/9171 9194/9194 9779/9779
f 9474/9474 9482/9482 9681/9681
f 9054/9054 9384/9384 9713/9713
f 5774/5774 9522/9522 7719/7719
f 7374/7374 9718/9718 7721/7721
f 8448/8448 9827/9827 9439/9439
f 9454/9454 9791/9791 9668/9668
f 8022/8022 9833/9833 9135/9135
f 9445/9445 9674/9674 9836/9836
f 9326/9326 9805/9805 9412/9412
f 7659/7659 9841/9841 8807/8807
f 7969/7969 9817/9817 8548/8548
f 6958/6958 8919/8919 7321/7321
f 7806/7806 9845/9845 9442/9442
f 9440/9440 9830/9830 9762/9762
f 7203/7203 9848/9848 9411/9411
f 8548/8548 9820/9820 9264/9264
f 9262/9262 9820/9820 9852/9852
f 9165/9165 9415/9415 9822/9822
f 8837/8837 9757/9757 9857/9857
f 8180/8180 8837/8837 9855/9855
f 8227/8227 8383/8383 9861/9861
f 7807/7807 8841/8841 9864/9864
f 7870/7870 9866/9866 9359/9359
f 7374/7374 9742/9742 9718/9718
f 7810/7810 9862/9862 9846/9846
f 8182/8182 9856/9856 9743/9743
f 7957/7957 9871/9871 8852/8852
f 9696/9696 9790/9790 9873/9873
f 8330/8330 9879/9879 8953/8953
f 9096/9096 9883/9883 9131/9131
f 9400/9400 9436/9436 9887/9887
f 9434/9434 9551/9551 9886/9886
f 9006/9006 9762/9762 9888/9888
f 8850/8850 9871/9871 9896/9896
f 8842/8842 9446/9446 9897/9897
f 8381/8381 9263/9263 9861/9861
f 8215/8215 8388/8388 9901/9901
f 7680/7680 9774/9774 9648/9648
f 8229/8229 8953/8953 9907/9907
f 8444/8444 9359/9359 9759/9759
f 7656/7656 9134/9134 9832/9832
f 7957/7957 9732/9732 9871/9871
f 8574/8574 9809/9809 9733/9733
f 9601/9601 9792/9792 9908/9908
f 9782/9782 9915/9915 9799/9799
f 8214/8214 9902/9902 8815/8815
f 9095/9095 9268/9268 9881/9881
f 9447/9447 9918/9918 9898/9898
f 9263/9263 9850/9850 9861/9861
f 7663/7663 9833/9833 9840/9840
f 8332/8332 8787/8787 9923/9923
f 8387/8387 9718/9718 9903/9903
f 9361/9361 9868/9868 9759/9759
f 9696/9696 9873/9873 9793/9793
f 8575/8575 9371/9371 9806/9806
f 9033/9033 9919/9919 9446/9446
f 7717/7717 9522/9522 9929/9929
f 8851/8851 9894/9894 8872/8872
f 4182/4182 9932/9932 8834/8834
f 9703/9703 9800/9800 9916/9916
f 8890/8890 9574/9574 9936/9936
f 8229/8229 9907/9907 8509/8509
f 7991/7991 9807/9807 9371/9371
f 9550/9550 9941/9941 9885/9885
f 9365/9365 9939/9939 9552/9552
f 7972/7972 9944/9944 8831/8831
f 9088/9088 9688/9688 9767/9767
f 8021/8021 8225/8225 9947/9947
f 8841/8841 9900/9900 9863/9863
f 8953/8953 9877/9877 9907/9907
f 9699/9699 9912/9912 9953/9953
f 8331/8331 9956/9956 9878/9878
f 7972/7972 9650/9650 9944/9944
f 8087/8087 9777/9777 9391/9391
f 7870/7870 9959/9959 9866/9866
f 8738/8738 9967/9967 9230/9230
f 7873/7873 9812/9812 9961/9961
f 8508/8508 9969/9969 9797/9797
f 8809/8809 9972/9972 9162/9162
f 9162/9162 9973/9973 9776/9776
f 8787/8787 9231/9231 9925/9925
f 8739/8739 9738/9738 9976/9976
f 9444/9444 9836/9836 9451/9451
f 9780/9780 9980/9980 9913/9913
f 7749/7749 9785/9785 9298/9298
f 4182/4182 7409/7409 9932/9932
f 8020/8020 9950/9950 9833/9833
f 8623/8623 9414/9414 9814/9814
f 8873/8873 9896/9896 9803/9803
f 9267/9267 9340/9340 9823/9823
f 8185/8185 9397/9397 9982/9982
f 8227/8227 9987/9987 9949/9949
f 8331/8331 9923/9923 9956/9956
f 8736/8736 9975/9975 9963/9963
f 8829/8829 9943/9943 9740/9740
f 7969/7969 9293/9293 9815/9815
f 9194/9194 9977/9977 9779/9779
f 8893/8893 9935/9935 9640/9640
f 9573/9573 9991/9991 9938/9938
f 8508/8508 9906/9906 9969/9969
f 8818/8818 9994/9994 9032/9032
f 7990/7990 9761/9761 10000/10000
f 7988/7988 9998/9998 9807/9807
f 9392/9392 9775/9775 9973/9973
f 8227/8227 9859/9859 9989/9989
f 9914/9914 9978/9978 9954/9954
f 9398/9398 9884/9884 9940/9940
f 6958/6958 10004/10004 8919/8919
f 9004/9004 9889/9889 9688/9688
f 9414/9414 10008/10008 9814/9814
f 9032/9032 9994/9994 9917/9917
f 9441/9441 10012/10012 9756/9756
f 9758/9758 10010/10010 9854/9854
f 9760/9760 9865/9865 9999/9999
f 9292/9292 9391/9391 10016/10016
f 8815/8815 9902/9902 10018/10018
f 9866/9866 9958/9958 10021/10021
f 8808/8808 9838/9838 10028/10028
f 9835/9835 9948/9948 10032/10032
f 9717/9717 9743/9743 10035/10035
f 9864/9864 9900/9900 10044/10044
f 9803/9803 9896/9896 10050/10050
f 8806/8806 10026/10026 9973/9973
f 9232/9232 9966/9966 9922/9922
f 9807/9807 10051/10051 9811/9811
f 9413/9413 9802/9802 10049/10049
f 9741/9741 9946/9946 10057/10057
f 9773/9773 9795/9795 10059/10059
f 9736/9736 10056/10056 9976/9976
f 9650/9650 10064/10064 9944/9944
f 9814/9814 10067/10067 9962/9962
f 9813/9813 10009/10009 10069/10069
f 9392/9392 9973/9973 10014/10014
f 9905/9905 10071/10071 9970/9970
f 9731/9731 10075/10075 9869/9869
f 9647/9647 9772/9772 10065/10065
f 9743/9743 9858/9858 10037/10037
f 9875/9875 9957/9957 10071/10071
f 9876/9876 10070/10070 9906/9906
f 9846/9846 9864/9864 10044/10044
f 9834/9834 10031/10031 9839/9839
f 9454/9454 10078/10078 9788/9788
f 9794/9794 9969/9969 10060/10060
f 9790/9790 10077/10077 9874/9874
f 8815/8815 10018/10018 9995/9995
f 8190/8190 10079/10079 9168/9168
f 9870/9870 10073/10073 9893/9893
f 9450/9450 9991/9991 9574/9574
f 9860/9860 10084/10084 9985/9985
f 9763/9763 10091/10091 9891/9891
f 9807/9807 10093/10093 10052/10052
f 9895/9895 10072/10072 10047/10047
f 9730/9730 9810/9810 10054/10054
f 9818/9818 10098/10098 9820/9820
f 9413/9413 10049/10049 10007/10007
f 9291/9291 10015/10015 9819/9819
f 9844/9844 10042/10042 10100/10100
f 9442/9442 9843/9843 10099/10099
f 10006/10006 10049/10049 10066/10066
f 9766/9766 10103/10103 10092/10092
f 9960/9960 10066/10066 10023/10023
f 9807/9807 10001/10001 10096/10096
f 9443/9443 10100/10100 10013/10013
f 9770/9770 10061/10061 10063/10063
f 9853/9853 10013/10013 10036/10036
f 9720/9720 10036/10036 9904/9904
f 9904/9904 10038/10038 10019/10019
f 9816/9816 10017/10017 10097/10097
f 7745/7745 8998/8998 10104/10104
f 9850/9850 10083/10083 9861/9861
f 9821/9821 10098/10098 9849/9849
f 9964/9964 9974/9974 10055/10055
f 9951/9951 9988/9988 10033/10033
f 9734/9734 10053/10053 10074/10074
f 9945/9945 10062/10062 10055/10055
f 9899/9899 9921/9921 10043/10043
f 8186/8186 9983/9983 10079/10079
f 10013/10013 10100/10100 10042/10042
f 9842/9842 10034/10034 10030/10030
f 9970/9970 10071/10071 10058/10058
f 9873/9873 10077/10077 10108/10108
f 9792/9792 9872/9872 10109/10109
f 9867/9867 10025/10025 9999/9999
f 9851/9851 10097/10097 10084/10084
f 9920/9920 9996/9996 10045/10045
f 8449/8449 9645/9645 10112/10112
f 9986/9986 10085/10085 10033/10033
f 9926/9926 10071/10071 9957/9957
f 9971/9971 10029/10029 10017/10017
f 10048/10048 10074/10074 10053/10053
f 4658/4658 8833/8833 10118/10118
f 9999/9999 10022/10022 10095/10095
f 9997/9997 10020/10020 10041/10041
f 10027/10027 10033/10033 10086/10086
f 10053/10053 10094/10094 10066/10066
f 10017/10017 10084/10084 10097/10097
f 10046/10046 10053/10053 10066/10066
f 10017/10017 10029/10029 10084/10084
f 10024/10024 10068/10068 10095/10095
f 10011/10011 10045/10045 10040/10040
f 10058/10058 10071/10071 10063/10063
f 10019/10019 10039/10039 10045/10045
f 10055/10055 10063/10063 10071/10071
f 9924/9924 9965/9965 10071/10071
f 9968/9968 10055/10055 10071/10071
f 9601/9601 9908/9908 9746/9746
f 9362/9362 9400/9400 9942/9942
f 9764/9764 10119/10119 10101/10101
f 9194/9194 9746/9746 9977/9977
f 9167/9167 10081/10081 9416/9416
f 9673/9673 9700/9700 9955/9955
f 7204/7204 9768/9768 9847/9847
f 7747/7747 10126/10126 9787/9787
f 7743/7743 10105/10105 10124/10124
f 9952/9952 9978/9978 10128/10128
f 9890/9890 10090/10090 10132/10132
f 8997/8997 9613/9613 10105/10105
f 9132/9132 9880/9880 9753/9753
f 8726/8726 10134/10134 9727/9727
f 9688/9688 9889/9889 10136/10136
f 8219/8219 8919/8919 10141/10141
f 7794/7794 9729/9729 10133/10133
f 8450/8450 10111/10111 9828/9828
f 9792/9792 10107/10107 9908/9908
f 9673/9673 9955/9955 10130/10130
f 9267/9267 9825/9825 10146/10146
f 9765/9765 10151/10151 10119/10119
f 10088/10088 10157/10157 10132/10132
f 9746/9746 9908/9908 10159/10159
f 9747/9747 10163/10163 9979/9979
f 6767/6767 9786/9786 10168/10168
f 10077/10077 10170/10170 10110/10110
f 10087/10087 10102/10102 10122/10122
f 9981/9981 10162/10162 10127/10127
f 9403/9403 10173/10173 9983/9983
f 9417/9417 10147/10147 9824/9824
f 9265/9265 10146/10146 9882/9882
f 10089/10089 10120/10120 10155/10155
f 9911/9911 10107/10107 10176/10176
f 9892/9892 10131/10131 10139/10139
f 10108/10108 10170/10170 10178/10178
f 8832/8832 9930/9930 10115/10115
f 10132/10132 10157/10157 10139/10139
f 10182/10182 10189/10189 10192/10192
f 10194/10194 10197/10197 10202/10202
f 10205/10205 10208/10208 10210/10210
f 10216/10216 10219/10219 10223/10223
f 10185/10185 10220/10220 10213/10213
f 10193/10193 10227/10227 10231/10231
f 10195/10195 10208/10208 10205/10205
f 10185/10185 10192/10192 10220/10220
f 10194/10194 10235/10235 10237/10237
f 10213/10213 10223/10223 10241/10241
f 10205/10205 10210/10210 10243/10243
f 10195/10195 10205/10205 10249/10249
f 10197/10197 10253/10253 10208/10208
f 10191/10191 10260/10260 10255/10255
f 6764/6764 10263/10263 9751/9751
f 10194/10194 10267/10267 10252/10252
f 10194/10194 10253/10253 10195/10195
f 10192/10192 10257/10257 10219/10219
f 10190/10190 10272/10272 10259/10259
f 10184/10184 10216/10216 10274/10274
f 10183/10183 10273/10273 10277/10277
f 10196/10196 10249/10249 10199/10199
f 10194/10194 10229/10229 10235/10235
f 10194/10194 10237/10237 10268/10268
f 10191/10191 10282/10282 10272/10272
f 10217/10217 10255/10255 10286/10286
f 10221/10221 10289/10289 10222/10222
f 10207/10207 10251/10251 10291/10291
f 10218/10218 10297/10297 10289/10289
f 10207/10207 10290/10290 10301/10301
f 10209/10209 10299/10299 10303/10303
f 10182/10182 10278/10278 10189/10189
f 10218/10218 10286/10286 10310/10310
f 10223/10223 10313/10313 10240/10240
f 10207/10207 10317/10317 10210/10210
f 10207/10207 10306/10306 10317/10317
f 10194/10194 10202/10202 10228/10228
f 10219/10219 10308/10308 10297/10297
f 10189/10189 10280/10280 10191/10191
f 10255/10255 10319/10319 10286/10286
f 10250/10250 10266/10266 10325/10325
f 10213/10213 10329/10329 10274/10274
f 10223/10223 10289/10289 10314/10314
f 10201/10201 10248/10248 10330/10330
f 10250/10250 10322/10322 10293/10293
f 9452/9452 10169/10169 10076/10076
f 9688/9688 10138/10138 10333/10333
f 8725/8725 9640/9640 10338/10338
f 9762/9762 9830/9830 10343/10343
f 9523/9523 10346/10346 9927/9927
f 9640/9640 9937/9937 10353/10353
f 9640/9640 10348/10348 10338/10338
f 10254/10254 10356/10356 10318/10318
f 7717/7717 9927/9927 9489/9489
f 8726/8726 10336/10336 10134/10134
f 9397/9397 10358/10358 10172/10172
f 9984/9984 10363/10363 10082/10082
f 10108/10108 10178/10178 10175/10175
f 9910/9910 10176/10176 10369/10369
f 6766/6766 10168/10168 10262/10262
f 9410/9410 10346/10346 9525/9525
f 10256/10256 10261/10261 10370/10370
f 10129/10129 10163/10163 10376/10376
f 10294/10294 10326/10326 10381/10381
f 10261/10261 10270/10270 10370/10370
f 10215/10215 10390/10390 10328/10328
f 10224/10224 10391/10391 10232/10232
f 9363/9363 10361/10361 9401/9401
f 10273/10273 10327/10327 10384/10384
f 10284/10284 10400/10400 10307/10307
f 10307/10307 10400/10400 10404/10404
f 10233/10233 10412/10412 10236/10236
f 10292/10292 10414/10414 10298/10298
f 10200/10200 10418/10418 10225/10225
f 10206/10206 10420/10420 10247/10247
f 10295/10295 10309/10309 10408/10408
f 10214/10214 10238/10238 10428/10428
f 10248/10248 10430/10430 10331/10331
f 9685/9685 10333/10333 10436/10436
f 9686/9686 10436/10436 9769/9769
f 10288/10288 10440/10440 10311/10311
f 8220/8220 10445/10445 9449/9449
f 10137/10137 10156/10156 10149/10149
f 10121/10121 10152/10152 10156/10156
f 9745/9745 10158/10158 10447/10447
f 10174/10174 10177/10177 10367/10367
f 9417/9417 10080/10080 10450/10450
f 9882/9882 10148/10148 10457/10457
f 10226/10226 10417/10417 10392/10392
f 10232/10232 10458/10458 10234/10234
f 10211/10211 10315/10315 10462/10462
f 10186/10186 10277/10277 10471/10471
f 9909/9909 10365/10365 10473/10473
f 9490/9490 10478/10478 9612/9612
f 9613/9613 10475/10475 10105/10105
f 10147/10147 10480/10480 10456/10456
f 10082/10082 10363/10363 10451/10451
f 10368/10368 10482/10482 10473/10473
f 9490/9490 9927/9927 10487/10487
f 10288/10288 10296/10296 10492/10492
f 10287/10287 10490/10490 10443/10443
f 10187/10187 10495/10495 10283/10283
f 9417/9417 10452/10452 10145/10145
f 10236/10236 10412/10412 10265/10265
f 9768/9768 10502/10502 9847/9847
f 7409/7409 7559/7559 9751/9751
f 9762/9762 10341/10341 10154/10154
f 9882/9882 10457/10457 10505/10505
f 10305/10305 10465/10465 10316/10316
f 10198/10198 10331/10331 10418/10418
f 9365/9365 10508/10508 10357/10357
f 9826/9826 10512/10512 10341/10341
f 10269/10269 10281/10281 10519/10519
f 10285/10285 10318/10318 10524/10524
f 10258/10258 10370/10370 10355/10355
f 10212/10212 10527/10527 10244/10244
f 10230/10230 10396/10396 10458/10458
f 10138/10138 10150/10150 10333/10333
f 10300/10300 10530/10530 10302/10302
f 10180/10180 10484/10484 10366/10366
f 9769/9769 10436/10436 10499/10499
f 10264/10264 10537/10537 10321/10321
f 10106/10106 10547/10547 10125/10125
f 10279/10279 10494/10494 10515/10515
f 9457/9457 10549/10549 10169/10169
f 10292/10292 10380/10380 10414/10414
f 10144/10144 10454/10454 10552/10552
f 10285/10285 10522/10522 10403/10403
f 10271/10271 10515/10515 10370/10370
f 10128/10128 10374/10374 10557/10557
f 10304/10304 10531/10531 10464/10464
f 9829/9829 10113/10113 10562/10562
f 10171/10171 10548/10548 10180/10180
f 10179/10179 10550/10550 10564/10564
f 9409/9409 9848/9848 10395/10395
f 10324/10324 10567/10567 10378/10378
f 9239/9239 10574/10574 9644/9644
f 9744/9744 10576/10576 10163/10163
f 9883/9883 10506/10506 10584/10584
f 10320/10320 10586/10586 10524/10524
f 9745/9745 10383/10383 10580/10580
f 9848/9848 10500/10500 10399/10399
f 10296/10296 10407/10407 10491/10491
f 9745/9745 10447/10447 10379/10379
f 10233/10233 10458/10458 10412/10412
f 9983/9983 10172/10172 10590/10590
f 10245/10245 10526/10526 10597/10597
f 10204/10204 10599/10599 10420/10420
f 9411/9411 10393/10393 10344/10344
f 9928/9928 10344/10344 10488/10488
f 10203/10203 10242/10242 10598/10598
f 10172/10172 10360/10360 10590/10590
f 7795/7795 10134/10134 9240/9240
f 10239/10239 10312/10312 10429/10429
f 9908/9908 10473/10473 10601/10601
f 9673/9673 10128/10128 10558/10558
f 10474/10474 10483/10483 10605/10605
f 9831/9831 10562/10562 10510/10510
f 10246/10246 10420/10420 10433/10433
f 9755/9755 9883/9883 10584/10584
f 10360/10360 10507/10507 10609/10609
f 10359/10359 10610/10610 10593/10593
f 10456/10456 10480/10480 10611/10611
f 4655/4655 10117/10117 9277/9277
f 10180/10180 10617/10617 10484/10484
f 9646/9646 10571/10571 10621/10621
f 10457/10457 10614/10614 10505/10505
f 10312/10312 10626/10626 10429/10429
f 10298/10298 10414/10414 10530/10530
f 9645/9645 10620/10620 10114/10114
f 9490/9490 10487/10487 10478/10478
f 9083/9083 10631/10631 9365/9365
f 10215/10215 10426/10426 10387/10387
f 10481/10481 10633/10633 10612/10612
f 10323/10323 10538/10538 10566/10566
f 10484/10484 10617/10617 10606/10606
f 8220/8220 10143/10143 10445/10445
f 10105/10105 10477/10477 10546/10546
f 10273/10273 10471/10471 10276/10276
f 10320/10320 10354/10354 10588/10588
f 10212/10212 10461/10461 10527/10527
f 10265/10265 10412/10412 10535/10535
f 10505/10505 10613/10613 10639/10639
f 10275/10275 10385/10385 10468/10468
f 9934/9934 9992/9992 10349/10349
f 10144/10144 10551/10551 10480/10480
f 10113/10113 10623/10623 10562/10562
f 9365/9365 10631/10631 10509/10509
f 10181/10181 10565/10565 10617/10617
f 10332/10332 10432/10432 10418/10418
f 10473/10473 10607/10607 10601/10601
f 10164/10164 10582/10582 10559/10559
f 10163/10163 10556/10556 10375/10375
f 10356/10356 10373/10373 10587/10587
f 10188/10188 10470/10470 10496/10496
f 9240/9240 10134/10134 10571/10571
f 10480/10480 10551/10551 10634/10634
f 10600/10600 10608/10608 10615/10615
f 10507/10507 10643/10643 10609/10609
f 10125/10125 10545/10545 10647/10647
f 10311/10311 10440/10440 10627/10627
f 9983/9983 10590/10590 10362/10362
f 9909/9909 10600/10600 10159/10159
f 10590/10590 10610/10610 10641/10641
f 10612/10612 10633/10633 10637/10637
f 10412/10412 10650/10650 10534/10534
f 10453/10453 10523/10523 10554/10554
f 10423/10423 10476/10476 10489/10489
f 10382/10382 10448/10448 10416/10416
f 10406/10406 10594/10594 10644/10644
f 10424/10424 10619/10619 10570/10570
f 10372/10372 10635/10635 10553/10553
f 10415/10415 10449/10449 10533/10533
f 10135/10135 10340/10340 10472/10472
f 10160/10160 10602/10602 10532/10532
f 10463/10463 10533/10533 10603/10603
f 10371/10371 10553/10553 10589/10589
f 10364/10364 10521/10521 10455/10455
f 10421/10421 10596/10596 10479/10479
f 10386/10386 10427/10427 10573/10573
f 10134/10134 10388/10388 10572/10572
f 10372/10372 10516/10516 10638/10638
f 10394/10394 10419/10419 10431/10431
f 10135/10135 10472/10472 10389/10389
f 10525/10525 10589/10589 10555/10555
f 10398/10398 10503/10503 10460/10460
f 10364/10364 10402/10402 10523/10523
f 10425/10425 10625/10625 10624/10624
f 10422/10422 10485/10485 10431/10431
f 10476/10476 10595/10595 10528/10528
f 10345/10345 10431/10431 10486/10486
f 10377/10377 10569/10569 10575/10575
f 10402/10402 10591/10591 10405/10405
f 10561/10561 10622/10622 10625/10625
f 10364/10364 10592/10592 10401/10401
f 10479/10479 10529/10529 10542/10542
f 10337/10337 10350/10350 10497/10497
f 10347/10347 10397/10397 10431/10431
f 10161/10161 10532/10532 10448/10448
f 10467/10467 10604/10604 10618/10618
f 10339/10339 10493/10493 10469/10469
f 10410/10410 10498/10498 10434/10434
f 10411/10411 10459/10459 10501/10501
f 10350/10350 10520/10520 10497/10497
f 10441/10441 10560/10560 10625/10625
f 10372/10372 10638/10638 10632/10632
f 10409/10409 10645/10645 10490/10490
f 10466/10466 10618/10618 10542/10542
f 10466/10466 10542/10542 10529/10529
f 10333/10333 10657/10657 10436/10436
f 10536/10536 10578/10578 10568/10568
f 10509/10509 10629/10629 10642/10642
f 10153/10153 10343/10343 10335/10335
f 10438/10438 10490/10490 10658/10658
f 10540/10540 10616/10616 10564/10564
f 9784/9784 10123/10123 10167/10167
f 9750/9750 10263/10263 10661/10661
f 10539/10539 10662/10662 10648/10648
f 10351/10351 10665/10665 10517/10517
f 10442/10442 10511/10511 10563/10563
f 10413/10413 10435/10435 10651/10651
f 10537/10537 10650/10650 10581/10581
f 9990/9990 10666/10666 10352/10352
f 9450/9450 10444/10444 9991/9991
f 6958/6958 9282/9282 10669/10669
f 9748/9748 10661/10661 10670/10670
f 9674/9674 10675/10675 9836/9836
f 10577/10577 10652/10652 10676/10676
f 10437/10437 10656/10656 10653/10653
f 10439/10439 10660/10660 10513/10513
f 10126/10126 10646/10646 10167/10167
f 10504/10504 10679/10679 10583/10583
f 10505/10505 10636/10636 10677/10677
f 9451/9451 9836/9836 10549/10549
f 9755/9755 10585/10585 10678/10678
f 10557/10557 10579/10579 10681/10681
f 10550/10550 10687/10687 10565/10565
f 10639/10639 10688/10688 10680/10680
f 9673/9673 10558/10558 10681/10681
f 10514/10514 10660/10660 10694/10694
f 10490/10490 10644/10644 10699/10699
f 10518/10518 10702/10702 10639/10639
f 10548/10548 10706/10706 10686/10686
f 10490/10490 10697/10697 10659/10659
f 10492/10492 10699/10699 10696/10696
f 10549/10549 10708/10708 10704/10704
f 10565/10565 10684/10684 10713/10713
f 9990/9990 10717/10717 10666/10666
f 10639/10639 10703/10703 10688/10688
f 9837/9837 10708/10708 10549/10549
f 10518/10518 10667/10667 10702/10702
f 9082/9082 9755/9755 10722/10722
f 9673/9673 10682/10682 10672/10672
f 10683/10683 10705/10705 10710/10710
f 10333/10333 10724/10724 10654/10654
f 10165/10165 10727/10727 10262/10262
f 10341/10341 10512/10512 10695/10695
f 10263/10263 10727/10727 10661/10661
f 10579/10579 10676/10676 10681/10681
f 10628/10628 10698/10698 10640/10640
f 10544/10544 10730/10730 10663/10663
f 10334/10334 10733/10733 10723/10723
f 10167/10167 10646/10646 10737/10737
f 9280/9280 10669/10669 9281/9281
f 10653/10653 10656/10656 10739/10739
f 10541/10541 10565/10565 10742/10742
f 9836/9836 10744/10744 10708/10708
f 9279/9279 10118/10118 10750/10750
f 9993/9993 10446/10446 10140/10140
f 10679/10679 10688/10688 10752/10752
f 10543/10543 10741/10741 10729/10729
f 10655/10655 10726/10726 10738/10738
f 10335/10335 10343/10343 10733/10733
f 9931/9931 10748/10748 10116/10116
f 9755/9755 10678/10678 10751/10751
f 10166/10166 10736/10736 10727/10727
f 8919/8919 10756/10756 10141/10141
f 10652/10652 10760/10760 10764/10764
f 10651/10651 10738/10738 10761/10761
f 10649/10649 10664/10664 10728/10728
f 10685/10685 10709/10709 10711/10711
f 10342/10342 10690/10690 10765/10765
f 10652/10652 10764/10764 10676/10676
f 8919/8919 10003/10003 10767/10767
f 10343/10343 10766/10766 10732/10732
f 9836/9836 10673/10673 10770/10770
f 6958/6958 10669/10669 10002/10002
f 10667/10667 10774/10774 10702/10702
f 10676/10676 10777/10777 10681/10681
f 10693/10693 10699/10699 10779/10779
f 9080/9080 10721/10721 10630/10630
f 10707/10707 10747/10747 10712/10712
f 10628/10628 10781/10781 10698/10698
f 10676/10676 10764/10764 10777/10777
f 10724/10724 10733/10733 10786/10786
f 10725/10725 10787/10787 10738/10738
f 10688/10688 10702/10702 10790/10790
f 10565/10565 10713/10713 10795/10795
f 9754/9754 10754/10754 10722/10722
f 10738/10738 10785/10785 10761/10761
f 10689/10689 10791/10791 10752/10752
f 10713/10713 10746/10746 10792/10792
f 10700/10700 10783/10783 10796/10796
f 8919/8919 10768/10768 10756/10756
f 10666/10666 10717/10717 10775/10775
f 10648/10648 10731/10731 10800/10800
f 10729/10729 10741/10741 10806/10806
f 10630/10630 10812/10812 10784/10784
f 9278/9278 10814/10814 10668/10668
f 10699/10699 10797/10797 10779/10779
f 9991/9991 10142/10142 10817/10817
f 9993/9993 10817/10817 10719/10719
f 10732/10732 10765/10765 10819/10819
f 10730/10730 10805/10805 10799/10799
f 10693/10693 10779/10779 10820/10820
f 10701/10701 10773/10773 10825/10825
f 10003/10003 10668/10668 10814/10814
f 10715/10715 10830/10830 10773/10773
f 10671/10671 10681/10681 10777/10777
f 10630/10630 10721/10721 10808/10808
f 10733/10733 10831/10831 10786/10786
f 7409/7409 9751/9751 9933/9933
f 10703/10703 10835/10835 10790/10790
f 10565/10565 10793/10793 10742/10742
f 10703/10703 10827/10827 10834/10834
f 10692/10692 10838/10838 10765/10765
f 10693/10693 10820/10820 10841/10841
f 10141/10141 10756/10756 10816/10816
f 9836/9836 10847/10847 10747/10747
f 10691/10691 10849/10849 10837/10837
f 10674/10674 10778/10778 10856/10856
f 10691/10691 10839/10839 10851/10851
f 9836/9836 10772/10772 10843/10843
f 10661/10661 10727/10727 10857/10857
f 10647/10647 10799/10799 10861/10861
f 10727/10727 10734/10734 10858/10858
f 10763/10763 10785/10785 10866/10866
f 10720/10720 10753/10753 10869/10869
f 10745/10745 10846/10846 10794/10794
f 10672/10672 10855/10855 10771/10771
f 10776/10776 10830/10830 10824/10824
f 10780/10780 10797/10797 10821/10821
f 10740/10740 10872/10872 10806/10806
f 10789/10789 10877/10877 10865/10865
f 10862/10862 10873/10873 10880/10880
f 10826/10826 10883/10883 10836/10836
f 10822/10822 10888/10888 10841/10841
f 10797/10797 10893/10893 10821/10821
f 10721/10721 10868/10868 10813/10813
f 10798/10798 10804/10804 10881/10881
f 10807/10807 10896/10896 10878/10878
f 10764/10764 10898/10898 10777/10777
f 10864/10864 10878/10878 10896/10896
f 10735/10735 10900/10900 10859/10859
f 10807/10807 10906/10906 10896/10896
f 10743/10743 10795/10795 10911/10911
f 10842/10842 10891/10891 10884/10884
f 10760/10760 10898/10898 10764/10764
f 10646/10646 10905/10905 10737/10737
f 10803/10803 10871/10871 10908/10908
f 10762/10762 10863/10863 10915/10915
f 10802/10802 10879/10879 10876/10876
f 10864/10864 10896/10896 10916/10916
f 10840/10840 10886/10886 10850/10850
f 10884/10884 10889/10889 10924/10924
f 10765/10765 10838/10838 10819/10819
f 10820/10820 10892/10892 10888/10888
f 10783/10783 10928/10928 10796/10796
f 10742/10742 10913/10913 10872/10872
f 10823/10823 10829/10829 10882/10882
f 10752/10752 10791/10791 10930/10930
f 10828/10828 10849/10849 10887/10887
f 10732/10732 10819/10819 10833/10833
f 10646/10646 10860/10860 10901/10901
f 10777/10777 10898/10898 10853/10853
f 10835/10835 10885/10885 10923/10923
f 10786/10786 10831/10831 10933/10933
f 10753/10753 10931/10931 10869/10869
f 10005/10005 10935/10935 10767/10767
f 10837/10837 10852/10852 10937/10937
f 10788/10788 10940/10940 10874/10874
f 10801/10801 10875/10875 10940/10940
f 10718/10718 10942/10942 10946/10946
f 10888/10888 10893/10893 10950/10950
f 10890/10890 10951/10951 10921/10921
f 10896/10896 10909/10909 10916/10916
f 10830/10830 10939/10939 10848/10848
f 10854/10854 10898/10898 10954/10954
f 10794/10794 10846/10846 10959/10959
f 10870/10870 10961/10961 10907/10907
f 10772/10772 10964/10964 10844/10844
f 10790/10790 10835/10835 10969/10969
f 10718/10718 10946/10946 10829/10829
f 10716/10716 10817/10817 10977/10977
f 10790/10790 10969/10969 10932/10932
f 10714/10714 10974/10974 10943/10943
f 10894/10894 10980/10980 10952/10952
f 10782/10782 10808/10808 10926/10926
f 10759/10759 10917/10917 10897/10897
f 10835/10835 10983/10983 10972/10972
f 10835/10835 10987/10987 10983/10983
f 10795/10795 10957/10957 10914/10914
f 10895/10895 10991/10991 10980/10980
f 10771/10771 10855/10855 10965/10965
f 10920/10920 10951/10951 10980/10980
f 10845/10845 10966/10966 10958/10958
f 10906/10906 10962/10962 10993/10993
f 10835/10835 10919/10919 10985/10985
f 10797/10797 10925/10925 10893/10893
f 10922/10922 10979/10979 10989/10989
f 10837/10837 10938/10938 10995/10995
f 10899/10899 10918/10918 10999/10999
f 10809/10809 10867/10867 10931/10931
f 10929/10929 10970/10970 11003/11003
f 10906/10906 10993/10993 10916/10916
f 10980/10980 10991/10991 10988/10988
f 10788/10788 10934/10934 10940/10940
f 10811/10811 10931/10931 11004/11004
f 10918/10918 10992/10992 11000/11000
f 10893/10893 10925/10925 10990/10990
f 10661/10661 10858/10858 10903/10903
f 10872/10872 10912/10912 11007/11007
f 10872/10872 11007/11007 11012/11012
f 10871/10871 11012/11012 10960/10960
f 10757/10757 10973/10973 10816/10816
f 10913/10913 10959/10959 11017/11017
f 10801/10801 11018/11018 10861/10861
f 10962/10962 11011/11011 10993/10993
f 10981/10981 10986/10986 11020/11020
f 10003/10003 10815/10815 10936/10936
f 10993/10993 11013/11013 11001/11001
f 10958/10958 10968/10968 11014/11014
f 10988/10988 10991/10991 11021/11021
f 10927/10927 11020/11020 10991/10991
f 10801/10801 10940/10940 11018/11018
f 10899/10899 11001/11001 10955/10955
f 10819/10819 10838/10838 10997/10997
f 10860/10860 11023/11023 10901/10901
f 10854/10854 10954/10954 10967/10967
f 10808/10808 11026/11026 10928/10928
f 10927/10927 11028/11028 11020/11020
f 11001/11001 11011/11011 11010/11010
f 10756/10756 11031/11031 10978/10978
f 10984/10984 11020/11020 11027/11027
f 10971/10971 10982/10982 11025/11025
f 10956/10956 11008/11008 10963/10963
f 10953/10953 11002/11002 11010/11010
f 10910/10910 11016/11016 11009/11009
f 10971/10971 11027/11027 11006/11006
f 10963/10963 11008/11008 11015/11015
f 10810/10810 11005/11005 11029/11029
f 10829/10829 10949/10949 10939/10939
f 10934/10934 11018/11018 10940/10940
f 10661/10661 11034/11034 10670/10670
f 10944/10944 10976/10976 11038/11038
f 10937/10937 11044/11044 10996/10996
f 10861/10861 11018/11018 11050/11050
f 10941/10941 11037/11037 10948/10948
f 10860/10860 11046/11046 11023/11023
f 10938/10938 10946/10946 11044/11044
f 10975/10975 11032/11032 11039/11039
f 10832/10832 11051/11051 11053/11053
f 10833/10833 11054/11054 10933/10933
f 10934/10934 11056/11056 11018/11018
f 10819/10819 11051/11051 10833/10833
f 11019/11019 11056/11056 11047/11047
f 10902/10902 11022/11022 11057/11057
f 10818/10818 10998/10998 11066/11066
f 10994/10994 11043/11043 11067/11067
f 11050/11050 11055/11055 11074/11074
f 10947/10947 11040/11040 11077/11077
f 10946/10946 11077/11077 11070/11070
f 10945/10945 11068/11068 11045/11045
f 10994/10994 11067/11067 11065/11065
f 11052/11052 11071/11071 11054/11054
f 11024/11024 11049/11049 11060/11060
f 11048/11048 11073/11073 11079/11079
f 10904/10904 11057/11057 11084/11084
f 11062/11062 11069/11069 11075/11075
f 11063/11063 11078/11078 11088/11088
f 11041/11041 11088/11088 11076/11076
f 11048/11048 11079/11079 11059/11059
f 11033/11033 11093/11093 11042/11042
f 10661/10661 10903/10903 11083/11083
f 10661/10661 11083/11083 11035/11035
f 11036/11036 11092/11092 11088/11088
f 11073/11073 11096/11096 11079/11079
f 11058/11058 11080/11080 11085/11085
f 10756/10756 11098/11098 11031/11031
f 11030/11030 11099/11099 11093/11093
f 11081/11081 11097/11097 11082/11082
f 11089/11089 11091/11091 11100/11100
f 11051/11051 11095/11095 11072/11072
f 10755/10755 10769/10769 11103/11103
f 11061/11061 11090/11090 11100/11100
f 11051/11051 11104/11104 11095/11095
f 11085/11085 11094/11094 11105/11105
f 10819/10819 11064/11064 11101/11101
f 9278/9278 11106/11106 10814/10814
f 9749/9749 11109/11109 9931/9931
f 10756/10756 11103/11103 11111/11111
f 10815/10815 11115/11115 10936/10936
f 10758/10758 11111/11111 11098/11098
f 10815/10815 11106/11106 11114/11114
f 10819/10819 11101/11101 11118/11118
f 9279/9279 10750/10750 11119/11119
f 9749/9749 10670/10670 11122/11122
f 10819/10819 11118/11118 11051/11051
f 10749/10749 11124/11124 11121/11121
f 9931/9931 11125/11125 10748/10748
f 11035/11035 11083/11083 11129/11129
f 11098/11098 11111/11111 11117/11117
f 11051/11051 11116/11116 11104/11104
f 9749/9749 11122/11122 11109/11109
f 11087/11087 11104/11104 11131/11131
f 11086/11086 11132/11132 11129/11129
f 10936/10936 11114/11114 11135/11135
f 10670/10670 11034/11034 11140/11140
f 10670/10670 11140/11140 11122/11122
f 9931/9931 11109/11109 11125/11125
f 10767/10767 10935/10935 11136/11136
f 11104/11104 11116/11116 11133/11133
f 11035/11035 11127/11127 11142/11142
f 10767/10767 11136/11136 11103/11103
f 11103/11103 11146/11146 11110/11110
f 11112/11112 11147/11147 11118/11118
f 9279/9279 11119/11119 11148/11148
f 9278/9278 11150/11150 11106/11106
f 11035/11035 11143/11143 11140/11140
f 11102/11102 11152/11152 11146/11146
f 11128/11128 11134/11134 11153/11153
f 11116/11116 11144/11144 11156/11156
f 11116/11116 11154/11154 11133/11133
f 11120/11120 11159/11159 11149/11149
f 11123/11123 11139/11139 11164/11164
f 11120/11120 11126/11126 11160/11160
f 11109/11109 11122/11122 11166/11166
f 11118/11118 11158/11158 11154/11154
f 11108/11108 11167/11167 11125/11125
f 11148/11148 11159/11159 11169/11169
f 11106/11106 11150/11150 11168/11168
f 11140/11140 11143/11143 11173/11173
f 11113/11113 11178/11178 11137/11137
f 11129/11129 11172/11172 11141/11141
f 11130/11130 11154/11154 11174/11174
f 11103/11103 11136/11136 11179/11179
f 11161/11161 11182/11182 11171/11171
f 11126/11126 11184/11184 11159/11159
f 11125/11125 11167/11167 11186/11186
f 11155/11155 11190/11190 11175/11175
f 11145/11145 11151/11151 11157/11157
f 11106/11106 11178/11178 11115/11115
f 11122/11122 11164/11164 11166/11166
f 11140/11140 11177/11177 11191/11191
f 11139/11139 11192/11192 11164/11164
f 11165/11165 11186/11186 11166/11166
f 11169/11169 11181/11181 11195/11195
f 11106/11106 11200/11200 11178/11178
f 11154/11154 11158/11158 11189/11189
f 11106/11106 11170/11170 11197/11197
f 11158/11158 11205/11205 11188/11188
f 11184/11184 11206/11206 11196/11196
f 11185/11185 11207/11207 11206/11206
f 11151/11151 11203/11203 11157/11157
f 11102/11102 11212/11212 11152/11152
f 11184/11184 11223/11223 11207/11207
f 11125/11125 11231/11231 11183/11183
f 11193/11193 11206/11206 11234/11234
f 11217/11217 11242/11242 11218/11218
f 11125/11125 11187/11187 11229/11229
f 11206/11206 11207/11207 11232/11232
f 11207/11207 11225/11225 11237/11237
f 11215/11215 11264/11264 11243/11243
f 11184/11184 11267/11267 11222/11222
f 11214/11214 11247/11247 11272/11272
f 11215/11215 11273/11273 11259/11259
f 11220/11220 11276/11276 11255/11255
f 11236/11236 11245/11245 11253/11253
f 11106/11106 11194/11194 11283/11283
f 11226/11226 11245/11245 11236/11236
f 11218/11218 11241/11241 11289/11289
f 11195/11195 11238/11238 11279/11279
f 11233/11233 11256/11256 11293/11293
f 11255/11255 11276/11276 11293/11293
f 11244/11244 11300/11300 11286/11286
f 11251/11251 11258/11258 11274/11274
f 11220/11220 11290/11290 11278/11278
f 11235/11235 11292/11292 11303/11303
f 11103/11103 11179/11179 11210/11210
f 11224/11224 11271/11271 11306/11306
f 11239/11239 11305/11305 11281/11281
f 11240/11240 11259/11259 11301/11301
f 11107/11107 11282/11282 11201/11201
f 11249/11249 11310/11310 11263/11263
f 11227/11227 11309/11309 11250/11250
f 11275/11275 11290/11290 11313/11313
f 11276/11276 11303/11303 11293/11293
f 11246/11246 11309/11309 11311/11311
f 11277/11277 11318/11318 11303/11303
f 11284/11284 11302/11302 11324/11324
f 11277/11277 11312/11312 11320/11320
f 11270/11270 11323/11323 11307/11307
f 11262/11262 11326/11326 11297/11297
f 11287/11287 11298/11298 11329/11329
f 11269/11269 11285/11285 11323/11323
f 11308/11308 11322/11322 11335/11335
f 11257/11257 11311/11311 11339/11339
f 11304/11304 11319/11319 11323/11323
f 11321/11321 11333/11333 11323/11323
f 11299/11299 11326/11326 11341/11341
f 11260/11260 11348/11348 11325/11325
f 11314/11314 11355/11355 11358/11358
f 11291/11291 11353/11353 11317/11317
f 11327/11327 11352/11352 11343/11343
f 11261/11261 11336/11336 11347/11347
f 11321/11321 11364/11364 11333/11333
f 11306/11306 11340/11340 11310/11310
f 11290/11290 11331/11331 11370/11370
f 11355/11355 11374/11374 11359/11359
f 11288/11288 11368/11368 11357/11357
f 11299/11299 11344/11344 11377/11377
f 11315/11315 11365/11365 11320/11320
f 11334/11334 11385/11385 11339/11339
f 11316/11316 11362/11362 11372/11372
f 11315/11315 11366/11366 11365/11365
f 11309/11309 11334/11334 11339/11339
f 11296/11296 11389/11389 11329/11329
f 11295/11295 11380/11380 11382/11382
f 11344/11344 11396/11396 11378/11378
f 11294/11294 11384/11384 11387/11387
f 11337/11337 11397/11397 11350/11350
f 11380/11380 11402/11402 11383/11383
f 11338/11338 11386/11386 11398/11398
f 11351/11351 11401/11401 11405/11405
f 11346/11346 11349/11349 11408/11408
f 11328/11328 11409/11409 11419/11419
f 11330/11330 11425/11425 11369/11369
f 11151/11151 11210/11210 11203/11203
f 11332/11332 11418/11418 11426/11426
f 11361/11361 11428/11428 11371/11371
f 11329/11329 11389/11389 11413/11413
f 11354/11354 11367/11367 11437/11437
f 11334/11334 11442/11442 11385/11385
f 11378/11378 11396/11396 11443/11443
f 11333/11333 11364/11364 11422/11422
f 11363/11363 11370/11370 11421/11421
f 11360/11360 11376/11376 11433/11433
f 11379/11379 11449/11449 11399/11399
f 11356/11356 11435/11435 11375/11375
f 11403/11403 11451/11451 11455/11455
f 11367/11367 11465/11465 11437/11437
f 11333/11333 11420/11420 11441/11441
f 11412/11412 11468/11468 11417/11417
f 11381/11381 11442/11442 11391/11391
f 11371/11371 11430/11430 11463/11463
f 11472/11472 11474/11474 11478/11478
f 11471/11471 11478/11478 11479/11479
f 11400/11400 11456/11456 11406/11406
f 11392/11392 11474/11474 11472/11472
f 11376/11376 11486/11486 11433/11433
f 11172/11172 11489/11489 11192/11192
f 11478/11478 11494/11494 11479/11479
f 11416/11416 11468/11468 11424/11424
f 11475/11475 11495/11495 11478/11478
f 11473/11473 11480/11480 11501/11501
f 11477/11477 11497/11497 11493/11493
f 11184/11184 11230/11230 11265/11265
f 11379/11379 11448/11448 11449/11449
f 11480/11480 11503/11503 11499/11499
f 11436/11436 11462/11462 11512/11512
f 11388/11388 11471/11471 11415/11415
f 11481/11481 11490/11490 11502/11502
f 11391/11391 11442/11442 11516/11516
f 11411/11411 11471/11471 11518/11518
f 11373/11373 11439/11439 11482/11482
f 11459/11459 11470/11470 11501/11501
f 11460/11460 11518/11518 11471/11471
f 11476/11476 11527/11527 11496/11496
f 11446/11446 11522/11522 11450/11450
f 11388/11388 11523/11523 11474/11474
f 11432/11432 11520/11520 11466/11466
f 11451/11451 11525/11525 11458/11458
f 11390/11390 11515/11515 11524/11524
f 11423/11423 11469/11469 11532/11532
f 11427/11427 11533/11533 11441/11441
f 11414/11414 11534/11534 11467/11467
f 11410/11410 11519/11519 11529/11529
f 11440/11440 11530/11530 11514/11514
f 11464/11464 11540/11540 11507/11507
f 11432/11432 11542/11542 11521/11521
f 11492/11492 11498/11498 11547/11547
f 11438/11438 11509/11509 11484/11484
f 11453/11453 11524/11524 11515/11515
f 11345/11345 11550/11550 11393/11393
f 11498/11498 11553/11553 11547/11547
f 11519/11519 11541/11541 11531/11531
f 11342/11342 11407/11407 11552/11552
f 11461/11461 11499/11499 11559/11559
f 11496/11496 11527/11527 11554/11554
f 11461/11461 11558/11558 11538/11538
f 11447/11447 11563/11563 11528/11528
f 11508/11508 11536/11536 11566/11566
f 11526/11526 11561/11561 11555/11555
f 11500/11500 11503/11503 11572/11572
f 11517/11517 11535/11535 11545/11545
f 11499/11499 11572/11572 11558/11558
f 11188/11188 11202/11202 11575/11575
f 11539/11539 11557/11557 11582/11582
f 11491/11491 11548/11548 11504/11504
f 11429/11429 11483/11483 11590/11590
f 11484/11484 11511/11511 11594/11594
f 11394/11394 11600/11600 11445/11445
f 11537/11537 11579/11579 11567/11567
f 11163/11163 11602/11602 11187/11187
f 11515/11515 11544/11544 11604/11604
f 11204/11204 11211/11211 11576/11576
f 11404/11404 11452/11452 11608/11608
f 11404/11404 11607/11607 11551/11551
f 11444/11444 11597/11597 11561/11561
f 11560/11560 11573/11573 11581/11581
f 11555/11555 11564/11564 11612/11612
f 11506/11506 11548/11548 11616/11616
f 11457/11457 11513/11513 11604/11604
f 11395/11395 11551/11551 11596/11596
f 11485/11485 11591/11591 11585/11585
f 11510/11510 11569/11569 11592/11592
f 11454/11454 11605/11605 11610/11610
f 11432/11432 11617/11617 11543/11543
f 11565/11565 11597/11597 11623/11623
f 11503/11503 11615/11615 11626/11626
f 11567/11567 11579/11579 11631/11631
f 11571/11571 11587/11587 11593/11593
f 11551/11551 11609/11609 11595/11595
f 11573/11573 11639/11639 11581/11581
f 11580/11580 11640/11640 11644/11644
f 11562/11562 11621/11621 11614/11614
f 11505/11505 11627/11627 11572/11572
f 11598/11598 11610/11610 11650/11650
f 11570/11570 11652/11652 11589/11589
f 11546/11546 11656/11656 11663/11663
f 11556/11556 11613/11613 11665/11665
f 11599/11599 11646/11646 11622/11622
f 11583/11583 11644/11644 11634/11634
f 11553/11553 11664/11664 11656/11656
f 11546/11546 11553/11553 11659/11659
f 11549/11549 11661/11661 11616/11616
f 11545/11545 11619/11619 11604/11604
f 11568/11568 11635/11635 11652/11652
f 11614/11614 11621/11621 11664/11664
f 11175/11175 11190/11190 11671/11671
f 11624/11624 11649/11649 11675/11675
f 11434/11434 11586/11586 11684/11684
f 11620/11620 11645/11645 11667/11667
f 11616/11616 11660/11660 11629/11629
f 11638/11638 11666/11666 11641/11641
f 11573/11573 11687/11687 11639/11639
f 11651/11651 11691/11691 11694/11694
f 11584/11584 11653/11653 11699/11699
f 11606/11606 11703/11703 11610/11610
f 11610/11610 11703/11703 11708/11708
f 11611/11611 11705/11705 11647/11647
f 11625/11625 11679/11679 11642/11642
f 11632/11632 11643/11643 11680/11680
f 11631/11631 11690/11690 11652/11652
f 11633/11633 11679/11679 11693/11693
f 11648/11648 11707/11707 11678/11678
f 11655/11655 11664/11664 11712/11712
f 11138/11138 11719/11719 11180/11180
f 11604/11604 11617/11617 11701/11701
f 11637/11637 11687/11687 11713/11713
f 11636/11636 11710/11710 11668/11668
f 11676/11676 11706/11706 11711/11711
f 11431/11431 11681/11681 11618/11618
f 11677/11677 11714/11714 11692/11692
f 11572/11572 11627/11627 11721/11721
f 11572/11572 11721/11721 11686/11686
f 11688/11688 11692/11692 11714/11714
f 11228/11228 11726/11726 11266/11266
f 11617/11617 11685/11685 11730/11730
f 11588/11588 11696/11696 11682/11682
f 11617/11617 11732/11732 11701/11701
f 11688/11688 11697/11697 11689/11689
f 11700/11700 11709/11709 11704/11704
f 11135/11135 11178/11178 11718/11718
f 11686/11686 11721/11721 11695/11695
f 11630/11630 11661/11661 11734/11734
f 11703/11703 11736/11736 11712/11712
f 11658/11658 11709/11709 11738/11738
f 11657/11657 11739/11739 11661/11661
f 11684/11684 11698/11698 11746/11746
f 11695/11695 11721/11721 11746/11746
f 11702/11702 11728/11728 11748/11748
f 11662/11662 11743/11743 11735/11735
f 11187/11187 11601/11601 11229/11229
f 11188/11188 11575/11575 11672/11672
f 11628/11628 11735/11735 11722/11722
f 11654/11654 11738/11738 11742/11742
f 11683/11683 11744/11744 11731/11731
f 11733/11733 11740/11740 11751/11751
f 11729/11729 11745/11745 11747/11747
f 11703/11703 11749/11749 11738/11738
f 11737/11737 11753/11753 11741/11741
f 11720/11720 11733/11733 11751/11751
f 11721/11721 11752/11752 11746/11746
f 11745/11745 11751/11751 11750/11750
f 11268/11268 11723/11723 11280/11280
f 11737/11737 11748/11748 11753/11753
f 11162/11162 11191/11191 11602/11602
f 11178/11178 11198/11198 11716/11716
f 11176/11176 11670/11670 11488/11488
f 11213/11213 11755/11755 11577/11577
f 11487/11487 11669/11669 11760/11760
f 11209/11209 11767/11767 11754/11754
f 11192/11192 11487/11487 11772/11772
f 11179/11179 11767/11767 11208/11208
f 11673/11673 11779/11779 11760/11760
f 11180/11180 11718/11718 11769/11769
f 11574/11574 11776/11776 11674/11674
f 11487/11487 11761/11761 11773/11773
f 11578/11578 11755/11755 11777/11777
f 11761/11761 11781/11781 11773/11773
f 11199/11199 11283/11283 11725/11725
f 11192/11192 11773/11773 11601/11601
f 11754/11754 11764/11764 11787/11787
f 11199/11199 11724/11724 11791/11791
f 11763/11763 11797/11797 11788/11788
f 11783/11783 11799/11799 11804/11804
f 11774/11774 11782/11782 11811/11811
f 11785/11785 11807/11807 11814/11814
f 11768/11768 11818/11818 11798/11798
f 11806/11806 11820/11820 11810/11810
f 11797/11797 11817/11817 11828/11828
f 11765/11765 11835/11835 11816/11816
f 11800/11800 11820/11820 11805/11805
f 11789/11789 11796/11796 11840/11840
f 11795/11795 11825/11825 11841/11841
f 11601/11601 11773/11773 11844/11844
f 11759/11759 11847/11847 11780/11780
f 11818/11818 11832/11832 11826/11826
f 11756/11756 11853/11853 11778/11778
f 11229/11229 11602/11602 11793/11793
f 11828/11828 11831/11831 11856/11856
f 11766/11766 11857/11857 11836/11836
f 11775/11775 11813/11813 11861/11861
f 11757/11757 11787/11787 11863/11863
f 11823/11823 11872/11872 11868/11868
f 11812/11812 11823/11823 11868/11868
f 11837/11837 11876/11876 11854/11854
f 11870/11870 11878/11878 11881/11881
f 11868/11868 11872/11872 11881/11881
f 11834/11834 11887/11887 11876/11876
f 11836/11836 11859/11859 11892/11892
f 11762/11762 11778/11778 11850/11850
f 11716/11716 11858/11858 11770/11770
f 11786/11786 11839/11839 11862/11862
f 11784/11784 11894/11894 11802/11802
f 11716/11716 11901/11901 11858/11858
f 11231/11231 11794/11794 11727/11727
f 11771/11771 11860/11860 11844/11844
f 11819/11819 11904/11904 11871/11871
f 11857/11857 11902/11902 11889/11889
f 11815/11815 11846/11846 11861/11861
f 11755/11755 11908/11908 11852/11852
f 11827/11827 11855/11855 11909/11909
f 11855/11855 11875/11875 11909/11909
f 11803/11803 11915/11915 11822/11822
f 11885/11885 11922/11922 11925/11925
f 11781/11781 11848/11848 11898/11898
f 11852/11852 11907/11907 11929/11929
f 11808/11808 11867/11867 11933/11933
f 11760/11760 11851/11851 11928/11928
f 11843/11843 11935/11935 11864/11864
f 11200/11200 11941/11941 11718/11718
f 11829/11829 11945/11945 11838/11838
f 11866/11866 11882/11882 11950/11950
f 11759/11759 11953/11953 11848/11848
f 11755/11755 11865/11865 11907/11907
f 11809/11809 11931/11931 11845/11845
f 11715/11715 11941/11941 11955/11955
f 11875/11875 11959/11959 11909/11909
f 11879/11879 11963/11963 11883/11883
f 11873/11873 11888/11888 11927/11927
f 11716/11716 11966/11966 11901/11901
f 11758/11758 11928/11928 11954/11954
f 11200/11200 11792/11792 11941/11941
f 11829/11829 11911/11911 11945/11945
f 11871/11871 11904/11904 11877/11877
f 11602/11602 11844/11844 11969/11969
f 11880/11880 11906/11906 11965/11965
f 11973/11973 11978/11978 11981/11981
f 11833/11833 11920/11920 11886/11886
f 11603/11603 11968/11968 11982/11982
f 11901/11901 11967/11967 11988/11988
f 11716/11716 11989/11989 11966/11966
f 11848/11848 11953/11953 11993/11993
f 11928/11928 11998/11998 11952/11952
f 11972/11972 11980/11980 12002/12002
f 11846/11846 11931/11931 12006/12006
f 11717/11717 11956/11956 11989/11989
f 11821/11821 12010/12010 11904/11904
f 11874/11874 11926/11926 11960/11960
f 12011/12011 12018/12018 12024/12024
f 12012/12012 12028/12028 12016/12016
f 11845/11845 12006/12006 11970/11970
f 11977/11977 12032/12032 11981/11981
f 11889/11889 11900/11900 11990/11990
f 11842/11842 11944/11944 11935/11935
f 11953/11953 11995/11995 12036/12036
f 11975/11975 12000/12000 12040/12040
f 12013/12013 12043/12043 12027/12027
f 11884/11884 11964/11964 11950/11950
f 11978/11978 12046/12046 12029/12029
f 11602/11602 11939/11939 11790/11790
f 12013/12013 12022/12022 12045/12045
f 11602/11602 11982/11982 11940/11940
f 12015/12015 12050/12050 12023/12023
f 11869/11869 11950/11950 11933/11933
f 11979/11979 12031/12031 12005/12005
f 12018/12018 12054/12054 12052/12052
f 11969/11969 12058/12058 11983/11983
f 11907/11907 11996/11996 11929/11929
f 11801/11801 11896/11896 11918/11918
f 11942/11942 11983/11983 12058/12058
f 11863/11863 12061/12061 11907/11907
f 12021/12021 12049/12049 12042/12042
f 11997/11997 12066/12066 12035/12035
f 11830/11830 11892/11892 11923/11923
f 11953/11953 12034/12034 11993/11993
f 12053/12053 12056/12056 12072/12072
f 11849/11849 12075/12075 12078/12078
f 11970/11970 12006/12006 12082/12082
f 11941/11941 12059/12059 11957/11957
f 12044/12044 12051/12051 12073/12073
f 11824/11824 11919/11919 12009/12009
f 12025/12025 12041/12041 12086/12086
f 11999/11999 12031/12031 12089/12089
f 11907/11907 12061/12061 12095/12095
f 11969/11969 12079/12079 12058/12058
f 12017/12017 12098/12098 12055/12055
f 12030/12030 12048/12048 12102/12102
f 11847/11847 12078/12078 11897/11897
f 12044/12044 12070/12070 12085/12085
f 11976/11976 12101/12101 12047/12047
f 11955/11955 12059/12059 11986/11986
f 12033/12033 12102/12102 12090/12090
f 12019/12019 12026/12026 12106/12106
f 11984/11984 12059/12059 12109/12109
f 11935/11935 11944/11944 12110/12110
f 11890/11890 11910/11910 11921/11921
f 11910/11910 11961/11961 11921/11921
f 11903/11903 12007/12007 11951/11951
f 11932/11932 11951/11951 12008/12008
f 11921/11921 11958/11958 11924/11924
f 11996/11996 12095/12095 12068/12068
f 11905/11905 11951/11951 11962/11962
f 11985/11985 12108/12108 12112/12112
f 12006/12006 12118/12118 12083/12083
f 11976/11976 12125/12125 12101/12101
f 12129/12129 12131/12131 12135/12135
f 12141/12141 12147/12147 12152/12152
f 12142/12142 12153/12153 12157/12157
f 11907/11907 12096/12096 11996/11996
f 12143/12143 12158/12158 12161/12161
f 12144/12144 12160/12160 12150/12150
f 12060/12060 12165/12165 12109/12109
f 11934/11934 12009/12009 12166/12166
f 12064/12064 12169/12169 12091/12091
f 12025/12025 12086/12086 12107/12107
f 11931/11931 12116/12116 12006/12006
f 11892/11892 11987/11987 12111/12111
f 11863/11863 11937/11937 12061/12061
f 12128/12128 12136/12136 12173/12173
f 11916/11916 12166/12166 12009/12009
f 12127/12127 12172/12172 12130/12130
f 12057/12057 12080/12080 12163/12163
f 12081/12081 12118/12118 12181/12181
f 12132/12132 12187/12187 12139/12139
f 12038/12038 12188/12188 12194/12194
f 12001/12001 12089/12089 12199/12199
f 12000/12000 12203/12203 12039/12039
f 12056/12056 12100/12100 12072/12072
f 12134/12134 12205/12205 12176/12176
f 12145/12145 12206/12206 12152/12152
f 12156/12156 12214/12214 12161/12161
f 11893/11893 12114/12114 11946/11946
f 11930/11930 12166/12166 12121/12121
f 12133/12133 12174/12174 12218/12218
f 11891/11891 11946/11946 11912/11912
f 11916/11916 12119/12119 12166/12166
f 12088/12088 12103/12103 12123/12123
f 11895/11895 12077/12077 12223/12223
f 11974/11974 12038/12038 12194/12194
f 12153/12153 12226/12226 12157/12157
f 12020/12020 12231/12231 12099/12099
f 12175/12175 12205/12205 12221/12221
f 12154/12154 12208/12208 12235/12235
f 12148/12148 12162/12162 12210/12210
f 12040/12040 12201/12201 12189/12189
f 12153/12153 12239/12239 12226/12226
f 12138/12138 12242/12242 12205/12205
f 12140/12140 12184/12184 12245/12245
f 12137/12137 12246/12246 12243/12243
f 12155/12155 12234/12234 12237/12237
f 11971/11971 12126/12126 11976/11976
f 11974/11974 12194/12194 12122/12122
f 12132/12132 12252/12252 12185/12185
f 12084/12084 12255/12255 12107/12107
f 12099/12099 12231/12231 12261/12261
f 12108/12108 12180/12180 12113/12113
f 12037/12037 12066/12066 12265/12265
f 12080/12080 12179/12179 12163/12163
f 12159/12159 12225/12225 12214/12214
f 12109/12109 12164/12164 12177/12177
f 11899/11899 12224/12224 11918/11918
f 12133/12133 12218/12218 12253/12253
f 12071/12071 12270/12270 12085/12085
f 12065/12065 12093/12093 12276/12276
f 12072/12072 12100/12100 12262/12262
f 11935/11935 12110/12110 12279/12279
f 12149/12149 12286/12286 12209/12209
f 12207/12207 12284/12284 12235/12235
f 12146/12146 12290/12290 12286/12286
f 12092/12092 12292/12292 12278/12278
f 12072/12072 12262/12262 12296/12296
f 12066/12066 12275/12275 12298/12298
f 11914/11914 12213/12213 12120/12120
f 11913/11913 12224/12224 12301/12301
f 12220/12220 12241/12241 12282/12282
f 12205/12205 12241/12241 12220/12220
f 11949/11949 12279/12279 12110/12110
f 12151/12151 12215/12215 12291/12291
f 12069/12069 12297/12297 12272/12272
f 12273/12273 12304/12304 12298/12298
f 12066/12066 12298/12298 12309/12309
f 12014/12014 12105/12105 12230/12230
f 11947/11947 12115/12115 12254/12254
f 11948/11948 12251/12251 12219/12219
f 12074/12074 12314/12314 12077/12077
f 12243/12243 12248/12248 12288/12288
f 11917/11917 12302/12302 12216/12216
f 12120/12120 12211/12211 12227/12227
f 12117/12117 12228/12228 12236/12236
f 12298/12298 12304/12304 12321/12321
f 12276/12276 12292/12292 12323/12323
f 12186/12186 12254/12254 12329/12329
f 12104/12104 12256/12256 12229/12229
f 12115/12115 12329/12329 12254/12254
f 11947/11947 12217/12217 12283/12283
f 11935/11935 12279/12279 12310/12310
f 12185/12185 12328/12328 12249/12249
f 12120/12120 12238/12238 12182/12182
f 11943/11943 12285/12285 12281/12281
f 12274/12274 12327/12327 12331/12331
f 12277/12277 12333/12333 12305/12305
f 12115/12115 12178/12178 12330/12330
f 12212/12212 12300/12300 12289/12289
f 12235/12235 12284/12284 12247/12247
f 12233/12233 12244/12244 12240/12240
f 12280/12280 12287/12287 12316/12316
f 12183/12183 12250/12250 12330/12330
f 12077/12077 12312/12312 12223/12223
f 12222/12222 12318/12318 12299/12299
f 12289/12289 12300/12300 12317/12317
f 12067/12067 12307/12307 12268/12268
f 12183/12183 12238/12238 12250/12250
f 12303/12303 12331/12331 12336/12336
f 12283/12283 12289/12289 12313/12313
f 12293/12293 12341/12341 12324/12324
f 12074/12074 12344/12344 12311/12311
f 12298/12298 12322/12322 12349/12349
f 12326/12326 12350/12350 12358/12358
f 12298/12298 12349/12349 12309/12309
f 12325/12325 12358/12358 12332/12332
f 12087/12087 12364/12364 12257/12257
f 12097/12097 12339/12339 12294/12294
f 12324/12324 12341/12341 12353/12353
f 12088/12088 12124/12124 12198/12198
f 11848/11848 11993/11993 12074/12074
f 12304/12304 12337/12337 12366/12366
f 12304/12304 12369/12369 12321/12321
f 12191/12191 12203/12203 12375/12375
f 12331/12331 12378/12378 12336/12336
f 12331/12331 12358/12358 12378/12378
f 12084/12084 12271/12271 12363/12363
f 12266/12266 12306/12306 12381/12381
f 12123/12123 12193/12193 12197/12197
f 12321/12321 12366/12366 12384/12384
f 12308/12308 12346/12346 12381/12381
f 12334/12334 12378/12378 12386/12386
f 12258/12258 12365/12365 12390/12390
f 11936/11936 12315/12315 12345/12345
f 11938/11938 12345/12345 12063/12063
f 12335/12335 12387/12387 12396/12396
f 11994/11994 12036/12036 12267/12267
f 12348/12348 12398/12398 12382/12382
f 12351/12351 12401/12401 12359/12359
f 12231/12231 12404/12404 12261/12261
f 12272/12272 12295/12295 12409/12409
f 12004/12004 12413/12413 12204/12204
f 12341/12341 12417/12417 12420/12420
f 12320/12320 12383/12383 12424/12424
f 12319/12319 12424/12424 12347/12347
f 12335/12335 12396/12396 12367/12367
f 12094/12094 12169/12169 12340/12340
f 12269/12269 12408/12408 12363/12363
f 12262/12262 12427/12427 12296/12296
f 12200/12200 12434/12434 12372/12372
f 12354/12354 12421/12421 12402/12402
f 12202/12202 12412/12412 12430/12430
f 12341/12341 12419/12419 12352/12352
f 12297/12297 12425/12425 12410/12410
f 12402/12402 12421/12421 12435/12435
f 12378/12378 12437/12437 12385/12385
f 12232/12232 12259/12259 12391/12391
f 12355/12355 12441/12441 12379/12379
f 12062/12062 12445/12445 12169/12169
f 12364/12364 12407/12407 12447/12447
f 12190/12190 12376/12376 12194/12194
f 12368/12368 12397/12397 12433/12433
f 12377/12377 12441/12441 12439/12439
f 12192/12192 12411/12411 12198/12198
f 12402/12402 12436/12436 12452/12452
f 12357/12357 12403/12403 12451/12451
f 12260/12260 12405/12405 12427/12427
f 12415/12415 12454/12454 12420/12420
f 12409/12409 12428/12428 12449/12449
f 12374/12374 12433/12433 12397/12397
f 12347/12347 12423/12423 12399/12399
f 12063/12063 12345/12345 12443/12443
f 12356/12356 12450/12450 12441/12441
f 12388/12388 12438/12438 12461/12461
f 12383/12383 12471/12471 12422/12422
f 12231/12231 12474/12474 12406/12406
f 12367/12367 12470/12470 12383/12383
f 12421/12421 12455/12455 12435/12435
f 12388/12388 12461/12461 12394/12394
f 12075/12075 12444/12444 12343/12343
f 12231/12231 12465/12465 12474/12474
f 12229/12229 12389/12389 12467/12467
f 12436/12436 12477/12477 12451/12451
f 12003/12003 12196/12196 12413/12413
f 12194/12194 12373/12373 12478/12478
f 12362/12362 12446/12446 12481/12481
f 12405/12405 12473/12473 12427/12427
f 12367/12367 12485/12485 12470/12470
f 12338/12338 12495/12495 12418/12418
f 12413/12413 12500/12500 12432/12432
f 12416/12416 12488/12488 12453/12453
f 12426/12426 12472/12472 12448/12448
f 12264/12264 12380/12380 12505/12505
f 12370/12370 12431/12431 12486/12486
f 12435/12435 12455/12455 12477/12477
f 12438/12438 12440/12440 12508/12508
f 12448/12448 12472/12472 12484/12484
f 12195/12195 12479/12479 12414/12414
f 12400/12400 12422/12422 12512/12512
f 12466/12466 12480/12480 12475/12475
f 11993/11993 12516/12516 12076/12076
f 12074/12074 12516/12516 12442/12442
f 12396/12396 12461/12461 12520/12520
f 12381/12381 12398/12398 12503/12503
f 12438/12438 12510/12510 12462/12462
f 12424/12424 12469/12469 12514/12514
f 12429/12429 12498/12498 12485/12485
f 12441/12441 12450/12450 12523/12523
f 12441/12441 12524/12524 12509/12509
f 12457/12457 12493/12493 12525/12525
f 12373/12373 12395/12395 12518/12518
f 12451/12451 12477/12477 12529/12529
f 12461/12461 12533/12533 12520/12520
f 12342/12342 12536/12536 12496/12496
f 12169/12169 12536/12536 12342/12342
f 12451/12451 12528/12528 12523/12523
f 12169/12169 12445/12445 12517/12517
f 12456/12456 12527/12527 12476/12476
f 12477/12477 12526/12526 12529/12529
f 12468/12468 12485/12485 12539/12539
f 12414/12414 12479/12479 12501/12501
f 12373/12373 12542/12542 12478/12478
f 11994/11994 12263/12263 12506/12506
f 12487/12487 12498/12498 12538/12538
f 12458/12458 12510/12510 12544/12544
f 12371/12371 12519/12519 12541/12541
f 12526/12526 12547/12547 12529/12529
f 12468/12468 12552/12552 12513/12513
f 12398/12398 12511/12511 12504/12504
f 12459/12459 12556/12556 12532/12532
f 12479/12479 12540/12540 12501/12501
f 12563/12563 12567/12567 12574/12574
f 12507/12507 12579/12579 12545/12545
f 12561/12561 12571/12571 12581/12581
f 12507/12507 12522/12522 12576/12576
f 12518/12518 12584/12584 12542/12542
f 12520/12520 12533/12533 12587/12587
f 12531/12531 12554/12554 12589/12589
f 12468/12468 12539/12539 12497/12497
f 12460/12460 12543/12543 12559/12559
f 12468/12468 12594/12594 12552/12552
f 12565/12565 12597/12597 12568/12568
f 12171/12171 12601/12601 12537/12537
f 12558/12558 12582/12582 12592/12592
f 12555/12555 12562/12562 12582/12582
f 12525/12525 12605/12605 12546/12546
f 12468/12468 12497/12497 12594/12594
f 11992/11992 12610/12610 12516/12516
f 12489/12489 12535/12535 12604/12604
f 12566/12566 12616/12616 12572/12572
f 12501/12501 12540/12540 12586/12586
f 12557/12557 12620/12620 12564/12564
f 12563/12563 12621/12621 12595/12595
f 12521/12521 12530/12530 12623/12623
f 12567/12567 12595/12595 12627/12627
f 12569/12569 12626/12626 12617/12617
f 12543/12543 12629/12629 12553/12553
f 12490/12490 12605/12605 12525/12525
f 12583/12583 12634/12634 12591/12591
f 12573/12573 12632/12632 12580/12580
f 12560/12560 12629/12629 12622/12622
f 12492/12492 12603/12603 12641/12641
f 12524/12524 12624/12624 12579/12579
f 12167/12167 12515/12515 12613/12613
f 12570/12570 12617/12617 12633/12633
f 12534/12534 12588/12588 12646/12646
f 12590/12590 12638/12638 12645/12645
f 12533/12533 12648/12648 12585/12585
f 12529/12529 12547/12547 12624/12624
f 12504/12504 12511/12511 12651/12651
f 12170/12170 12655/12655 12602/12602
f 12168/12168 12658/12658 12656/12656
f 12544/12544 12577/12577 12648/12648
f 12543/12543 12647/12647 12629/12629
f 11993/11993 12505/12505 12665/12665
f 12596/12596 12620/12620 12668/12668
f 12622/12622 12629/12629 12670/12670
f 12511/12511 12550/12550 12651/12651
f 12167/12167 12612/12612 12663/12663
f 12598/12598 12677/12677 12627/12627
f 12493/12493 12678/12678 12606/12606
f 12499/12499 12585/12585 12680/12680
f 12630/12630 12650/12650 12682/12682
f 12636/12636 12682/12682 12650/12650
f 12585/12585 12648/12648 12680/12680
f 12504/12504 12651/12651 12688/12688
f 12548/12548 12691/12691 12625/12625
f 12549/12549 12607/12607 12693/12693
f 12599/12599 12668/12668 12672/12672
f 12614/12614 12699/12699 12662/12662
f 12499/12499 12701/12701 12593/12593
f 12669/12669 12707/12707 12673/12673
f 12578/12578 12712/12712 12649/12649
f 12552/12552 12593/12593 12700/12700
f 12547/12547 12694/12694 12690/12690
f 12579/12579 12624/12624 12691/12691
f 12609/12609 12720/12720 12695/12695
f 12575/12575 12691/12691 12714/12714
f 12499/12499 12680/12680 12701/12701
f 12635/12635 12711/12711 12683/12683
f 12502/12502 12688/12688 12665/12665
f 12660/12660 12722/12722 12725/12725
f 12653/12653 12659/12659 12726/12726
f 12628/12628 12684/12684 12706/12706
f 12648/12648 12713/12713 12680/12680
f 12631/12631 12705/12705 12671/12671
f 12551/12551 12702/12702 12652/12652
f 11991/11991 12698/12698 12611/12611
f 12606/12606 12678/12678 12729/12729
f 12490/12490 12729/12729 12678/12678
f 11991/11991 12736/12736 12696/12696
f 12689/12689 12741/12741 12715/12715
f 12608/12608 12734/12734 12718/12718
f 12639/12639 12744/12744 12708/12708
f 12661/12661 12699/12699 12724/12724
f 12681/12681 12750/12750 12703/12703
f 12722/12722 12758/12758 12725/12725
f 12654/12654 12727/12727 12756/12756
f 12652/12652 12702/12702 12760/12760
f 12679/12679 12713/12713 12765/12765
f 12652/12652 12760/12760 12685/12685
f 12710/12710 12745/12745 12769/12769
f 12722/12722 12773/12773 12755/12755
f 12627/12627 12675/12675 12775/12775
f 12692/12692 12695/12695 12719/12719
f 11991/11991 12667/12667 12738/12738
f 12627/12627 12775/12775 12779/12779
f 12603/12603 12782/12782 12641/12641
f 12692/12692 12717/12717 12742/12742
f 12600/12600 12655/12655 12780/12780
f 12697/12697 12771/12771 12723/12723
f 12700/12700 12748/12748 12760/12760
f 12617/12617 12743/12743 12637/12637
f 12615/12615 12768/12768 12746/12746
f 12680/12680 12765/12765 12747/12747
f 12699/12699 12736/12736 12772/12772
f 12720/12720 12733/12733 12784/12784
f 12730/12730 12759/12759 12786/12786
f 12626/12626 12778/12778 12789/12789
f 12716/12716 12742/12742 12764/12764
f 12704/12704 12767/12767 12794/12794
f 12674/12674 12798/12798 12774/12774
f 12738/12738 12785/12785 12752/12752
f 12676/12676 12709/12709 12798/12798
f 12737/12737 12753/12753 12770/12770
f 12749/12749 12763/12763 12801/12801
f 12686/12686 12761/12761 12803/12803
f 12717/12717 12808/12808 12742/12742
f 12721/12721 12787/12787 12808/12808
f 12751/12751 12807/12807 12762/12762
f 12664/12664 12687/12687 12805/12805
f 12728/12728 12810/12810 12754/12754
f 12742/12742 12802/12802 12764/12764
f 12751/12751 12800/12800 12807/12807
f 12666/12666 12806/12806 12812/12812
f 12742/12742 12808/12808 12814/12814
f 12740/12740 12814/12814 12800/12800
f 12666/12666 12812/12812 12735/12735
f 12788/12788 12815/12815 12808/12808
f 12739/12739 12816/12816 12785/12785
f 12808/12808 12815/12815 12813/12813
f 12494/12494 12644/12644 12818/12818
f 12617/12617 12626/12626 12789/12789
f 12491/12491 12818/12818 12731/12731
f 12619/12619 12795/12795 12766/12766
f 12739/12739 12812/12812 12816/12816
f 12802/12802 12814/12814 12804/12804
f 12806/12806 12813/12813 12817/12817
f 12806/12806 12816/12816 12812/12812
f 12732/12732 12819/12819 12810/12810
f 12618/12618 12790/12790 12793/12793
f 12657/12657 12757/12757 12811/12811
f 12776/12776 12821/12821 12777/12777
f 12641/12641 12782/12782 12827/12827
f 12704/12704 12794/12794 12831/12831
f 12709/12709 12831/12831 12798/12798
f 12776/12776 12832/12832 12821/12821
f 12790/12790 12830/12830 12792/12792
f 12778/12778 12823/12823 12789/12789
f 12821/12821 12832/12832 12837/12837
f 12657/12657 12811/12811 12783/12783
f 12774/12774 12798/12798 12833/12833
f 12643/12643 12840/12840 12818/12818
f 12810/12810 12819/12819 12842/12842
f 12641/12641 12824/12824 12843/12843
f 12781/12781 12809/12809 12850/12850
f 12640/12640 12854/12854 12840/12840
f 12791/12791 12820/12820 12856/12856
f 12783/12783 12858/12858 12828/12828
f 12642/12642 12846/12846 12852/12852
f 12798/12798 12831/12831 12865/12865
f 12790/12790 12864/12864 12829/12829
f 12825/12825 12860/12860 12867/12867
f 12822/12822 12835/12835 12856/12856
f 12810/12810 12841/12841 12849/12849
f 12826/12826 12866/12866 12844/12844
f 12790/12790 12857/12857 12864/12864
f 12842/12842 12851/12851 12848/12848
f 12781/12781 12850/12850 12863/12863
f 12799/12799 12838/12838 12834/12834
f 12798/12798 12865/12865 12869/12869
f 12857/12857 12872/12872 12864/12864
f 12846/12846 12876/12876 12852/12852
f 12839/12839 12873/12873 12856/12856
f 12796/12796 12874/12874 12836/12836
f 12864/12864 12872/12872 12870/12870
f 12845/12845 12868/12868 12861/12861
f 12797/12797 12870/12870 12871/12871
f 12849/12849 12853/12853 12862/12862
f 12846/12846 12879/12879 12876/12876
f 12855/12855 12875/12875 12859/12859
f 12847/12847 12861/12861 12877/12877
f 12859/12859 12875/12875 12878/12878
f 2645/2645 3526/3526 2859/2859
f 3581/3581 3753/3753 3696/3696
f 3329/3329 3535/3535 3758/3758
f 2006/2006 2106/2106 2156/2156
f 9022/9022 9395/9395 9200/9200
f 9023/9023 9199/9199 8824/8824
f 6633/6633 6869/6869 6787/6787
f 6633/6633 6787/6787 6600/6600
f 8983/8983 8887/8887 8600/8600
f 8983/8983 8597/8597 8570/8570
f 12393/12393 12361/12361 12882/12882
f 12360/12360 12483/12483 12883/12883
f 12482/12482 12464/12464 12880/12880
f 12463/12463 12392/12392 12881/12881
f 11248/11248 11216/11216 12884/12884
f 11214/11214 11219/11219 12884/12884
f 11221/11221 11254/11254 12885/12885
f 11254/11254 11252/11252 12885/12885
f 2082/2082 1998/1998 12888/12888
f 1997/1997 2048/2048 12886/12886
f 2051/2051 2200/2200 12887/12887
f 2202/2202 2363/2363 12889/12889
f 2363/2363 2083/2083 12889/12889
