# heli_rotor: cut out of tank.glb by tools/split_tank.py
mtllib heli_rotor.mtl
v -0.79848 0.21427 -0.04250
v -0.79848 0.21427 -0.04250
v -0.79848 0.21427 -0.04250
v -0.79848 0.21427 -0.04250
v -0.79848 0.21427 -0.04250
v -0.79848 0.21427 -0.04250
v -0.79843 0.20576 -0.04234
v -0.79843 0.20576 -0.04234
v -0.79843 0.20576 -0.04234
v -0.79835 0.20558 0.04817
v -0.79835 0.20558 0.04817
v -0.79835 0.20558 0.04817
v -0.79835 0.20558 0.04817
v -0.79835 0.20558 0.04817
v -0.79810 0.21430 0.04788
v -0.79810 0.21430 0.04788
v -0.79810 0.21430 0.04788
v -0.60915 0.21439 0.03988
v -0.60915 0.21439 0.03988
v -0.60915 0.21439 0.03988
v -0.60915 0.21439 0.03988
v -0.58273 0.21482 -0.04720
v -0.58273 0.21482 -0.04720
v -0.58273 0.21482 -0.04720
v -0.65842 0.20561 -0.04585
v -0.65842 0.20561 -0.04585
v -0.65842 0.20561 -0.04585
v -0.65842 0.20561 -0.04585
v -0.65842 0.20561 -0.04585
v -0.65836 0.20540 0.04212
v -0.65836 0.20540 0.04212
v -0.65836 0.20540 0.04212
v -0.56477 0.20554 -0.04776
v -0.56477 0.20554 -0.04776
v -0.56477 0.20554 -0.04776
v -0.56477 0.20554 -0.04776
v -0.56477 0.20554 -0.04776
v -0.53495 0.20534 0.03651
v -0.53495 0.20534 0.03651
v -0.53495 0.20534 0.03651
v -0.53297 0.21475 0.03650
v -0.53297 0.21475 0.03650
v -0.48743 0.21475 -0.04890
v -0.48743 0.21475 -0.04890
v -0.48743 0.21475 -0.04890
v -0.48743 0.21475 -0.04890
v -0.51846 0.20617 0.03562
v -0.51846 0.20617 0.03562
v -0.51846 0.20617 0.03562
v -0.51846 0.20617 0.03562
v -0.37290 0.20552 -0.05166
v -0.37290 0.20552 -0.05166
v -0.37290 0.20552 -0.05166
v -0.31649 0.21420 -0.05340
v -0.31649 0.21420 -0.05340
v -0.31649 0.21420 -0.05340
v -0.33894 0.21476 0.02809
v -0.33894 0.21476 0.02809
v -0.33894 0.21476 0.02809
v -0.33894 0.21476 0.02809
v -0.33317 0.20518 0.02770
v -0.33317 0.20518 0.02770
v -0.30325 0.20550 -0.05356
v -0.30325 0.20550 -0.05356
v -0.28754 0.20603 0.02599
v -0.28754 0.20603 0.02599
v -0.28754 0.20603 0.02599
v -0.28754 0.20603 0.02599
v -0.16341 0.20538 -0.05702
v -0.16341 0.20538 -0.05702
v -0.16341 0.20538 -0.05702
v -0.16341 0.20538 -0.05702
v -0.16341 0.20538 -0.05702
v -0.24598 0.21441 0.02428
v -0.24598 0.21441 0.02428
v -0.24598 0.21441 0.02428
v -0.24231 0.21458 -0.05538
v -0.24231 0.21458 -0.05538
v -0.24231 0.21458 -0.05538
v -0.20681 0.20544 0.02245
v -0.20681 0.20544 0.02245
v -0.20681 0.20544 0.02245
v -0.20681 0.20544 0.02245
v -0.14101 0.21442 -0.05807
v -0.14101 0.21442 -0.05807
v -0.14101 0.21442 -0.05807
v -0.14101 0.21442 -0.05807
v -0.14101 0.21442 -0.05807
v -0.14101 0.21442 -0.05807
v -0.12911 0.21456 0.01912
v -0.12911 0.21456 0.01912
v -0.12911 0.21456 0.01912
v -0.12911 0.21456 0.01912
v -0.12911 0.21456 0.01912
v -0.12911 0.21456 0.01912
v -0.12911 0.21456 0.01912
v -0.12655 0.20361 0.00951
v -0.12655 0.20361 0.00951
v -0.12655 0.20361 0.00951
v -0.12596 0.21551 -0.01433
v -0.12596 0.21551 -0.01433
v -0.12596 0.21551 -0.01433
v -0.12596 0.21551 -0.01433
v -0.12596 0.21551 -0.01433
v -0.12596 0.21551 -0.01433
v -0.10749 0.21257 -0.05873
v -0.10749 0.21257 -0.05873
v -0.10749 0.21257 -0.05873
v -0.12455 0.20441 0.01786
v -0.12455 0.20441 0.01786
v -0.12455 0.20441 0.01786
v -0.12455 0.20441 0.01786
v -0.12455 0.20441 0.01786
v -0.12455 0.20441 0.01786
v -0.12455 0.20441 0.01786
v -0.12455 0.20441 0.01786
v -0.12455 0.20441 0.01786
v -0.12455 0.20441 0.01786
v -0.12679 0.22535 0.00125
v -0.12679 0.22535 0.00125
v -0.12679 0.22535 0.00125
v -0.12679 0.22535 0.00125
v -0.12679 0.22535 0.00125
v -0.12679 0.22535 0.00125
v -0.12428 0.20383 -0.01632
v -0.12428 0.20383 -0.01632
v -0.12428 0.20383 -0.01632
v -0.12428 0.20383 -0.01632
v -0.12428 0.20383 -0.01632
v -0.12580 0.20238 -0.00821
v -0.12580 0.20238 -0.00821
v -0.12580 0.20238 -0.00821
v -0.12580 0.20238 -0.00821
v -0.12580 0.20238 -0.00821
v -0.12656 0.19983 0.00370
v -0.12656 0.19983 0.00370
v -0.12656 0.19983 0.00370
v -0.12656 0.19983 0.00370
v -0.12656 0.19983 0.00370
v -0.12399 0.21155 0.01976
v -0.12399 0.21155 0.01976
v -0.12399 0.21155 0.01976
v -0.12399 0.21155 0.01976
v -0.12710 0.22564 -0.00554
v -0.12710 0.22564 -0.00554
v -0.12710 0.22564 -0.00554
v -0.12710 0.22564 -0.00554
v -0.12505 0.22240 -0.01373
v -0.12505 0.22240 -0.01373
v -0.12505 0.22240 -0.01373
v -0.12505 0.22240 -0.01373
v -0.12481 0.22053 0.00344
v -0.12481 0.22053 0.00344
v -0.12481 0.22053 0.00344
v -0.12481 0.22053 0.00344
v -0.12487 0.19970 0.01314
v -0.12487 0.19970 0.01314
v -0.12487 0.19970 0.01314
v -0.11985 0.19427 0.00014
v -0.11985 0.19427 0.00014
v -0.11985 0.19427 0.00014
v -0.11985 0.19427 0.00014
v -0.11985 0.19427 0.00014
v -0.12619 0.21494 0.01798
v -0.12619 0.21494 0.01798
v -0.12619 0.21494 0.01798
v -0.12619 0.21494 0.01798
v -0.12619 0.21494 0.01798
v -0.12619 0.21494 0.01798
v -0.12544 0.21844 0.01053
v -0.12544 0.21844 0.01053
v -0.12544 0.21844 0.01053
v -0.12544 0.21844 0.01053
v -0.12544 0.21844 0.01053
v -0.12521 0.22169 0.00570
v -0.12521 0.22169 0.00570
v -0.12521 0.22169 0.00570
v -0.11673 0.22381 0.00487
v -0.11673 0.22381 0.00487
v -0.11673 0.22381 0.00487
v -0.11673 0.22381 0.00487
v -0.11673 0.22381 0.00487
v -0.11673 0.22381 0.00487
v -0.12046 0.22421 0.00978
v -0.12046 0.22421 0.00978
v -0.12046 0.22421 0.00978
v -0.12046 0.22421 0.00978
v -0.12046 0.22421 0.00978
v -0.11357 0.19983 0.01510
v -0.11357 0.19983 0.01510
v -0.11357 0.19983 0.01510
v -0.11357 0.19983 0.01510
v -0.11357 0.19983 0.01510
v -0.11942 0.19423 -0.00562
v -0.11942 0.19423 -0.00562
v -0.11942 0.19423 -0.00562
v -0.11942 0.19423 -0.00562
v -0.12102 0.21272 0.02299
v -0.12102 0.21272 0.02299
v -0.12102 0.21272 0.02299
v -0.12102 0.21272 0.02299
v -0.12102 0.21272 0.02299
v -0.09852 0.20543 -0.05846
v -0.09852 0.20543 -0.05846
v -0.09852 0.20543 -0.05846
v -0.09852 0.20543 -0.05846
v -0.11438 0.19968 0.00143
v -0.11438 0.19968 0.00143
v -0.12058 0.20543 0.02323
v -0.12058 0.20543 0.02323
v -0.12058 0.20543 0.02323
v -0.10769 0.21673 0.01629
v -0.10769 0.21673 0.01629
v -0.10769 0.21673 0.01629
v -0.10769 0.21673 0.01629
v -0.10769 0.21673 0.01629
v -0.09754 0.20412 -0.01426
v -0.09754 0.20412 -0.01426
v -0.09754 0.20412 -0.01426
v -0.09754 0.20412 -0.01426
v -0.09754 0.20412 -0.01426
v -0.09899 0.21961 0.01121
v -0.09899 0.21961 0.01121
v -0.09899 0.21961 0.01121
v -0.09899 0.21961 0.01121
v -0.11404 0.20517 0.02264
v -0.11404 0.20517 0.02264
v -0.11404 0.20517 0.02264
v -0.11386 0.21238 0.02275
v -0.11386 0.21238 0.02275
v -0.11386 0.21238 0.02275
v -0.11386 0.21238 0.02275
v -0.11386 0.21238 0.02275
v -0.10310 0.22377 -0.00373
v -0.10310 0.22377 -0.00373
v -0.10310 0.22377 -0.00373
v -0.10310 0.22377 -0.00373
v -0.10310 0.22377 -0.00373
v -0.10310 0.22377 -0.00373
v -0.10310 0.22377 -0.00373
v -0.10192 0.19565 -0.01031
v -0.10192 0.19565 -0.01031
v -0.10192 0.19565 -0.01031
v -0.10192 0.19565 -0.01031
v -0.10192 0.19565 -0.01031
v -0.10481 0.22376 -0.01391
v -0.10481 0.22376 -0.01391
v -0.10481 0.22376 -0.01391
v -0.10481 0.22376 -0.01391
v -0.10481 0.22376 -0.01391
v -0.11215 0.22356 0.00653
v -0.11215 0.22356 0.00653
v -0.11215 0.22356 0.00653
v -0.11207 0.21762 0.00392
v -0.11207 0.21762 0.00392
v -0.11207 0.21762 0.00392
v -0.11207 0.21762 0.00392
v -0.11207 0.21762 0.00392
v -0.10644 0.20192 0.01488
v -0.10644 0.20192 0.01488
v -0.10644 0.20192 0.01488
v -0.10644 0.20192 0.01488
v -0.10644 0.20192 0.01488
v -0.10644 0.20192 0.01488
v -0.10644 0.20192 0.01488
v -0.10644 0.20192 0.01488
v -0.10796 0.21820 0.00679
v -0.10796 0.21820 0.00679
v -0.10948 0.19893 -0.00140
v -0.10948 0.19893 -0.00140
v -0.10948 0.19893 -0.00140
v -0.10948 0.19893 -0.00140
v -0.10948 0.19893 -0.00140
v -0.09030 0.22399 0.01263
v -0.09030 0.22399 0.01263
v -0.09030 0.22399 0.01263
v -0.09030 0.22399 0.01263
v -0.09030 0.22399 0.01263
v -0.10657 0.22019 -0.00268
v -0.10657 0.22019 -0.00268
v -0.10657 0.22019 -0.00268
v -0.10657 0.22019 -0.00268
v -0.10657 0.22019 -0.00268
v -0.10281 0.19509 0.00091
v -0.10281 0.19509 0.00091
v -0.10281 0.19509 0.00091
v -0.10281 0.19509 0.00091
v -0.10281 0.19509 0.00091
v -0.09733 0.21362 -0.01731
v -0.09733 0.21362 -0.01731
v -0.09733 0.21362 -0.01731
v -0.09733 0.21362 -0.01731
v -0.09733 0.21362 -0.01731
v -0.09733 0.21362 -0.01731
v -0.09955 0.20985 -0.05937
v -0.09955 0.20985 -0.05937
v -0.09955 0.20985 -0.05937
v -0.09955 0.20985 -0.05937
v -0.09819 0.21160 -0.01842
v -0.09819 0.21160 -0.01842
v -0.09819 0.21160 -0.01842
v -0.09819 0.21160 -0.01842
v -0.09819 0.21160 -0.01842
v -0.10313 0.20055 0.00993
v -0.10313 0.20055 0.00993
v -0.10313 0.20055 0.00993
v -0.10313 0.20055 0.00993
v -0.10313 0.20055 0.00993
v -0.10043 0.21532 0.00411
v -0.10043 0.21532 0.00411
v -0.10043 0.21532 0.00411
v -0.10220 0.21827 -0.01003
v -0.10220 0.21827 -0.01003
v -0.10220 0.21827 -0.01003
v -0.10220 0.21827 -0.01003
v -0.10220 0.21827 -0.01003
v -0.10220 0.21827 -0.01003
v -0.08205 0.21800 0.00496
v -0.08205 0.21800 0.00496
v -0.08205 0.21800 0.00496
v -0.08205 0.21800 0.00496
v -0.08205 0.21800 0.00496
v -0.10053 0.20628 0.00902
v -0.10053 0.20628 0.00902
v -0.10053 0.20628 0.00902
v -0.10053 0.20628 0.00902
v -0.10053 0.20628 0.00902
v -0.09909 0.21209 0.01214
v -0.09909 0.21209 0.01214
v -0.09909 0.21209 0.01214
v -0.09909 0.21209 0.01214
v -0.09909 0.21209 0.01214
v -0.09392 0.21545 -0.00589
v -0.09392 0.21545 -0.00589
v -0.09392 0.21545 -0.00589
v -0.09392 0.21545 -0.00589
v -0.09171 0.22399 -0.01658
v -0.09171 0.22399 -0.01658
v -0.09171 0.22399 -0.01658
v -0.09171 0.22399 -0.01658
v -0.09171 0.22399 -0.01658
v -0.09171 0.22399 -0.01658
v -0.09948 0.19579 0.00762
v -0.09948 0.19579 0.00762
v -0.09948 0.19579 0.00762
v -0.08833 0.19527 -0.01275
v -0.08833 0.19527 -0.01275
v -0.08833 0.19527 -0.01275
v -0.08833 0.19527 -0.01275
v -0.08444 0.22299 -0.00625
v -0.08444 0.22299 -0.00625
v -0.08444 0.22299 -0.00625
v -0.08444 0.22299 -0.00625
v -0.08444 0.22299 -0.00625
v -0.08444 0.22299 -0.00625
v -0.10115 0.20570 -0.81448
v -0.10115 0.20570 -0.81448
v -0.10115 0.20570 -0.81448
v -0.09321 0.20553 -0.71979
v -0.09321 0.20553 -0.71979
v -0.09321 0.20553 -0.71979
v -0.09321 0.20553 -0.71979
v -0.09321 0.20553 -0.71979
v -0.10143 0.21438 -0.81466
v -0.10143 0.21438 -0.81466
v -0.10143 0.21438 -0.81466
v -0.10143 0.21438 -0.81466
v -0.09591 0.22088 -0.01006
v -0.09591 0.22088 -0.01006
v -0.09591 0.22088 -0.01006
v -0.09533 0.20981 -0.01347
v -0.09533 0.20981 -0.01347
v -0.09533 0.20981 -0.01347
v -0.09533 0.20981 -0.01347
v -0.09533 0.20981 -0.01347
v -0.09533 0.20981 -0.01347
v -0.09769 0.21427 0.81674
v -0.09769 0.21427 0.81674
v -0.09769 0.21427 0.81674
v -0.09769 0.21427 0.81674
v -0.09655 0.21488 0.77753
v -0.09655 0.21488 0.77753
v -0.09784 0.20546 0.81673
v -0.09784 0.20546 0.81673
v -0.09784 0.20546 0.81673
v -0.09784 0.20546 0.81673
v -0.09504 0.20538 0.74347
v -0.09504 0.20538 0.74347
v -0.09504 0.20538 0.74347
v -0.09064 0.21479 -0.69554
v -0.09064 0.21479 -0.69554
v -0.09064 0.21479 -0.69554
v -0.09064 0.21479 -0.69554
v -0.09064 0.21479 -0.69554
v -0.09064 0.21479 -0.69554
v -0.08157 0.22328 0.00350
v -0.08157 0.22328 0.00350
v -0.08157 0.22328 0.00350
v -0.08157 0.22328 0.00350
v -0.08157 0.22328 0.00350
v -0.06581 0.20536 -0.81611
v -0.06581 0.20536 -0.81611
v -0.06581 0.20536 -0.81611
v -0.06134 0.21376 0.00953
v -0.06134 0.21376 0.00953
v -0.06134 0.21376 0.00953
v -0.06134 0.21376 0.00953
v -0.06134 0.21376 0.00953
v -0.08414 0.21552 0.00422
v -0.08414 0.21552 0.00422
v -0.08414 0.21552 0.00422
v -0.08414 0.21552 0.00422
v -0.08414 0.21552 0.00422
v -0.08414 0.21552 0.00422
v -0.08360 0.21779 -0.00681
v -0.08360 0.21779 -0.00681
v -0.08360 0.21779 -0.00681
v -0.08360 0.21779 -0.00681
v -0.08360 0.21779 -0.00681
v -0.09112 0.20548 0.66562
v -0.09112 0.20548 0.66562
v -0.09112 0.20548 0.66562
v -0.09113 0.21439 0.66319
v -0.09113 0.21439 0.66319
v -0.09113 0.21439 0.66319
v -0.08532 0.20546 -0.63783
v -0.08532 0.20546 -0.63783
v -0.08532 0.20546 -0.63783
v -0.08529 0.20552 0.54981
v -0.08529 0.20552 0.54981
v -0.08529 0.20552 0.54981
v -0.08529 0.20552 0.54981
v -0.05000 0.22394 0.01370
v -0.05000 0.22394 0.01370
v -0.05000 0.22394 0.01370
v -0.05000 0.22394 0.01370
v -0.05000 0.22394 0.01370
v -0.05249 0.19358 0.01108
v -0.05249 0.19358 0.01108
v -0.05249 0.19358 0.01108
v -0.05249 0.19358 0.01108
v -0.05249 0.19358 0.01108
v -0.05249 0.19358 0.01108
v -0.05249 0.19358 0.01108
v -0.00352 0.20541 0.70828
v -0.00352 0.20541 0.70828
v -0.00352 0.20541 0.70828
v -0.08084 0.21486 -0.59421
v -0.08084 0.21486 -0.59421
v -0.08084 0.21486 -0.59421
v -0.07896 0.21474 0.41658
v -0.07896 0.21474 0.41658
v -0.07896 0.21474 0.41658
v -0.07896 0.21474 0.41658
v -0.01618 0.20564 -0.81896
v -0.01618 0.20564 -0.81896
v -0.01618 0.20564 -0.81896
v -0.08150 0.22372 -0.00293
v -0.08150 0.22372 -0.00293
v -0.08150 0.22372 -0.00293
v -0.08150 0.22372 -0.00293
v -0.08150 0.22372 -0.00293
v -0.08150 0.22372 -0.00293
v -0.08150 0.22372 -0.00293
v -0.00594 0.20521 -0.66038
v -0.00594 0.20521 -0.66038
v -0.00594 0.20521 -0.66038
v -0.00594 0.20521 -0.66038
v -0.00594 0.20521 -0.66038
v -0.00594 0.20521 -0.66038
v -0.06971 0.21488 0.81788
v -0.06971 0.21488 0.81788
v -0.06971 0.21488 0.81788
v -0.07966 0.21830 0.00205
v -0.07966 0.21830 0.00205
v -0.07966 0.21830 0.00205
v -0.07966 0.21830 0.00205
v -0.07969 0.21850 -0.00394
v -0.07969 0.21850 -0.00394
v -0.07969 0.21850 -0.00394
v -0.07901 0.20525 0.41668
v -0.07901 0.20525 0.41668
v -0.07901 0.20525 0.41668
v -0.04513 0.21565 0.01463
v -0.04513 0.21565 0.01463
v -0.04513 0.21565 0.01463
v -0.04513 0.21565 0.01463
v -0.04513 0.21565 0.01463
v -0.04513 0.21565 0.01463
v -0.04781 0.22373 -0.01714
v -0.04781 0.22373 -0.01714
v -0.04781 0.22373 -0.01714
v -0.04781 0.22373 -0.01714
v -0.07569 0.20538 0.33473
v -0.07569 0.20538 0.33473
v -0.07569 0.20538 0.33473
v -0.07547 0.21441 -0.53245
v -0.07547 0.21441 -0.53245
v -0.07547 0.21441 -0.53245
v -0.05540 0.21010 -0.01238
v -0.05540 0.21010 -0.01238
v -0.05540 0.21010 -0.01238
v -0.00741 0.21474 0.79984
v -0.00741 0.21474 0.79984
v -0.00741 0.21474 0.79984
v -0.00741 0.21474 0.79984
v -0.07492 0.21481 0.32690
v -0.07492 0.21481 0.32690
v -0.07492 0.21481 0.32690
v -0.07492 0.21481 0.32690
v -0.07492 0.21481 0.32690
v -0.07492 0.21481 0.32690
v 0.00691 0.21496 0.45054
v 0.00691 0.21496 0.45054
v 0.00691 0.21496 0.45054
v 0.00691 0.21496 0.45054
v -0.07172 0.20552 -0.49534
v -0.07172 0.20552 -0.49534
v -0.07172 0.20552 -0.49534
v -0.05599 0.21416 -0.01748
v -0.05599 0.21416 -0.01748
v -0.05599 0.21416 -0.01748
v -0.05599 0.21416 -0.01748
v 0.00032 0.21449 -0.55813
v 0.00032 0.21449 -0.55813
v 0.00032 0.21449 -0.55813
v 0.00032 0.21449 -0.55813
v 0.00032 0.21449 -0.55813
v -0.07299 0.20525 0.28400
v -0.07299 0.20525 0.28400
v -0.07299 0.20525 0.28400
v -0.06961 0.21449 -0.47023
v -0.06961 0.21449 -0.47023
v -0.06961 0.21449 -0.47023
v -0.06961 0.21449 -0.47023
v -0.05112 0.21284 -0.01429
v -0.05112 0.21284 -0.01429
v -0.05112 0.21284 -0.01429
v -0.05112 0.21284 -0.01429
v -0.05112 0.21284 -0.01429
v -0.05112 0.21284 -0.01429
v -0.04157 0.19343 -0.01511
v -0.04157 0.19343 -0.01511
v -0.04157 0.19343 -0.01511
v -0.04157 0.19343 -0.01511
v -0.04157 0.19343 -0.01511
v -0.06770 0.21431 0.14807
v -0.06770 0.21431 0.14807
v -0.06770 0.21431 0.14807
v -0.06770 0.21431 0.14807
v -0.06769 0.20545 0.15052
v -0.06769 0.20545 0.15052
v -0.06769 0.20545 0.15052
v -0.06769 0.20545 0.15052
v -0.06579 0.20552 -0.42932
v -0.06579 0.20552 -0.42932
v -0.01511 0.21429 -0.81748
v -0.01511 0.21429 -0.81748
v -0.01511 0.21429 -0.81748
v -0.01511 0.21429 -0.81748
v 0.00627 0.20536 0.47064
v 0.00627 0.20536 0.47064
v 0.00627 0.20536 0.47064
v 0.00627 0.20536 0.47064
v -0.06378 0.21438 -0.40380
v -0.06378 0.21438 -0.40380
v -0.06378 0.21438 -0.40380
v -0.06494 0.21078 0.10343
v -0.06494 0.21078 0.10343
v -0.06494 0.21078 0.10343
v -0.06494 0.21078 0.10343
v -0.06494 0.21078 0.10343
v -0.06495 0.20466 0.10471
v -0.06495 0.20466 0.10471
v -0.06495 0.20466 0.10471
v -0.06495 0.20466 0.10471
v -0.00948 0.21467 0.82138
v -0.00948 0.21467 0.82138
v -0.00948 0.21467 0.82138
v -0.02855 0.20524 0.10284
v -0.02855 0.20524 0.10284
v -0.02855 0.20524 0.10284
v -0.02855 0.20524 0.10284
v -0.02855 0.20524 0.10284
v -0.05984 0.21438 -0.36290
v -0.05984 0.21438 -0.36290
v -0.05984 0.21438 -0.36290
v -0.05984 0.21438 -0.36290
v -0.01091 0.20534 -0.75027
v -0.01091 0.20534 -0.75027
v -0.01091 0.20534 -0.75027
v 0.01151 0.21482 -0.36380
v 0.01151 0.21482 -0.36380
v 0.01151 0.21482 -0.36380
v 0.01151 0.21482 -0.36380
v -0.01305 0.20416 0.12156
v -0.01305 0.20416 0.12156
v -0.01305 0.20416 0.12156
v -0.01305 0.20416 0.12156
v -0.01305 0.20416 0.12156
v -0.03061 0.21207 0.10365
v -0.03061 0.21207 0.10365
v -0.03061 0.21207 0.10365
v -0.03061 0.21207 0.10365
v -0.05074 0.21308 0.00903
v -0.05074 0.21308 0.00903
v -0.05074 0.21308 0.00903
v -0.05074 0.21308 0.00903
v -0.04224 0.21170 -0.01836
v -0.04224 0.21170 -0.01836
v -0.04224 0.21170 -0.01836
v -0.04224 0.21170 -0.01836
v -0.04224 0.21170 -0.01836
v -0.04224 0.21170 -0.01836
v -0.04224 0.21170 -0.01836
v -0.05208 0.20533 -0.28178
v -0.05208 0.20533 -0.28178
v -0.05208 0.20533 -0.28178
v -0.05208 0.20533 -0.28178
v -0.04540 0.22299 0.01260
v -0.04540 0.22299 0.01260
v -0.04540 0.22299 0.01260
v -0.04540 0.22299 0.01260
v -0.04540 0.22299 0.01260
v -0.04649 0.22324 -0.01360
v -0.04649 0.22324 -0.01360
v -0.04649 0.22324 -0.01360
v -0.04649 0.22324 -0.01360
v -0.04649 0.22324 -0.01360
v -0.04492 0.19264 -0.00310
v -0.04492 0.19264 -0.00310
v 0.00960 0.21475 0.37758
v 0.00960 0.21475 0.37758
v 0.01396 0.21437 0.27930
v 0.01396 0.21437 0.27930
v 0.01396 0.21437 0.27930
v 0.01396 0.21437 0.27930
v -0.04367 0.21154 0.01414
v -0.04367 0.21154 0.01414
v -0.04367 0.21154 0.01414
v -0.04367 0.21154 0.01414
v -0.04367 0.21154 0.01414
v -0.04367 0.21154 0.01414
v -0.05150 0.21478 -0.27808
v -0.05150 0.21478 -0.27808
v -0.05150 0.21478 -0.27808
v -0.05010 0.19379 -0.03585
v -0.05010 0.19379 -0.03585
v -0.05010 0.19379 -0.03585
v -0.04912 0.20377 -0.03512
v -0.04912 0.20377 -0.03512
v -0.04231 0.19462 -0.04468
v -0.04231 0.19462 -0.04468
v -0.04231 0.19462 -0.04468
v -0.04231 0.19462 -0.04468
v 0.01990 0.21448 0.16192
v 0.01990 0.21448 0.16192
v 0.01990 0.21448 0.16192
v 0.01990 0.21448 0.16192
v 0.01990 0.21448 0.16192
v 0.01014 0.20538 -0.39222
v 0.01014 0.20538 -0.39222
v 0.01014 0.20538 -0.39222
v 0.01014 0.20538 -0.39222
v 0.01014 0.20538 -0.39222
v -0.03927 0.19035 -0.02087
v -0.03927 0.19035 -0.02087
v -0.03927 0.19035 -0.02087
v -0.03927 0.19035 -0.02087
v -0.03927 0.19035 -0.02087
v -0.03927 0.19035 -0.02087
v -0.03927 0.19035 -0.02087
v -0.04029 0.19240 0.01646
v -0.04029 0.19240 0.01646
v -0.04029 0.19240 0.01646
v -0.04029 0.19240 0.01646
v -0.01112 0.21560 0.11741
v -0.01112 0.21560 0.11741
v -0.01112 0.21560 0.11741
v -0.01112 0.21560 0.11741
v -0.01112 0.21560 0.11741
v -0.01112 0.21560 0.11741
v -0.01112 0.21560 0.11741
v -0.01112 0.21560 0.11741
v -0.01112 0.21560 0.11741
v -0.02955 0.21340 0.11465
v -0.02955 0.21340 0.11465
v -0.04058 0.20273 -0.04476
v -0.04058 0.20273 -0.04476
v -0.04058 0.20273 -0.04476
v -0.04058 0.20273 -0.04476
v -0.04484 0.19750 -0.01625
v -0.04484 0.19750 -0.01625
v -0.04484 0.19750 -0.01625
v -0.04623 0.21453 -0.21805
v -0.04623 0.21453 -0.21805
v -0.04623 0.21453 -0.21805
v -0.04043 0.20543 -0.15398
v -0.04043 0.20543 -0.15398
v -0.04043 0.20543 -0.15398
v -0.04043 0.20543 -0.15398
v -0.04043 0.20543 -0.15398
v -0.04043 0.20543 -0.15398
v -0.04043 0.20543 -0.15398
v -0.00359 0.21446 -0.62828
v -0.00359 0.21446 -0.62828
v -0.00359 0.21446 -0.62828
v 0.00422 0.21451 0.52490
v 0.00422 0.21451 0.52490
v 0.00422 0.21451 0.52490
v -0.04279 0.22527 -0.01770
v -0.04279 0.22527 -0.01770
v -0.04014 0.20276 -0.02459
v -0.04014 0.20276 -0.02459
v -0.04014 0.20276 -0.02459
v -0.04014 0.20276 -0.02459
v -0.04862 0.20279 0.03375
v -0.04862 0.20279 0.03375
v -0.04862 0.20279 0.03375
v -0.04862 0.20279 0.03375
v -0.04862 0.20279 0.03375
v -0.04862 0.20279 0.03375
v -0.04864 0.19364 0.03487
v -0.04864 0.19364 0.03487
v -0.04864 0.19364 0.03487
v -0.04149 0.19498 0.04415
v -0.04149 0.19498 0.04415
v -0.04149 0.19498 0.04415
v -0.04149 0.19498 0.04415
v -0.04149 0.19498 0.04415
v -0.04410 0.19363 0.00916
v -0.04410 0.19363 0.00916
v -0.04410 0.19363 0.00916
v -0.04410 0.19363 0.00916
v -0.03301 0.19279 -0.03750
v -0.03301 0.19279 -0.03750
v -0.03301 0.19279 -0.03750
v -0.03301 0.19279 -0.03750
v -0.03301 0.19279 -0.03750
v -0.03301 0.19279 -0.03750
v -0.03301 0.19279 -0.03750
v -0.04147 0.19143 0.01859
v -0.04147 0.19143 0.01859
v -0.04147 0.19143 0.01859
v -0.04147 0.19143 0.01859
v -0.04147 0.19143 0.01859
v -0.04392 0.19221 0.03188
v -0.04392 0.19221 0.03188
v -0.04392 0.19221 0.03188
v -0.04392 0.19221 0.03188
v -0.04392 0.19221 0.03188
v -0.04253 0.23552 0.01533
v -0.04253 0.23552 0.01533
v -0.04253 0.23552 0.01533
v -0.04253 0.23552 0.01533
v -0.04561 0.23438 -0.00607
v -0.04561 0.23438 -0.00607
v -0.04561 0.23438 -0.00607
v -0.04561 0.23438 -0.00607
v -0.04561 0.23438 -0.00607
v -0.04061 0.23514 -0.02105
v -0.04061 0.23514 -0.02105
v -0.04061 0.23514 -0.02105
v -0.04061 0.23514 -0.02105
v -0.03964 0.20243 0.04386
v -0.03964 0.20243 0.04386
v -0.03964 0.20243 0.04386
v -0.04087 0.19205 0.00452
v -0.04087 0.19205 0.00452
v -0.04087 0.19205 0.00452
v -0.02291 0.12962 0.00666
v -0.02291 0.12962 0.00666
v -0.02291 0.12962 0.00666
v -0.02291 0.12962 0.00666
v -0.04035 0.21436 -0.15226
v -0.04035 0.21436 -0.15226
v -0.04035 0.21436 -0.15226
v -0.04035 0.21436 -0.15226
v -0.02522 0.13056 -0.00367
v -0.02522 0.13056 -0.00367
v -0.02522 0.13056 -0.00367
v -0.02522 0.13056 -0.00367
v -0.03716 0.19871 0.01388
v -0.03716 0.19871 0.01388
v -0.03716 0.19871 0.01388
v -0.03716 0.19871 0.01388
v -0.03716 0.19871 0.01388
v -0.03716 0.19871 0.01388
v -0.03716 0.19871 0.01388
v -0.03721 0.19627 -0.01646
v -0.03721 0.19627 -0.01646
v -0.03721 0.19627 -0.01646
v -0.03721 0.19627 -0.01646
v -0.03721 0.19627 -0.01646
v -0.03721 0.19627 -0.01646
v -0.03212 0.24691 -0.00471
v -0.03212 0.24691 -0.00471
v 0.02590 0.21447 -0.16785
v 0.02590 0.21447 -0.16785
v 0.02590 0.21447 -0.16785
v 0.02590 0.21447 -0.16785
v 0.02590 0.21447 -0.16785
v 0.02590 0.21447 -0.16785
v -0.03535 0.19029 -0.03286
v -0.03535 0.19029 -0.03286
v -0.03862 0.21320 0.02293
v -0.03862 0.21320 0.02293
v -0.03862 0.21320 0.02293
v -0.03862 0.21320 0.02293
v -0.03862 0.21320 0.02293
v -0.03833 0.20556 -0.01873
v -0.03833 0.20556 -0.01873
v -0.03833 0.20556 -0.01873
v -0.03833 0.20556 -0.01873
v -0.03833 0.20556 -0.01873
v -0.03833 0.20556 -0.01873
v -0.03833 0.20556 -0.01873
v -0.03833 0.20556 -0.01873
v -0.03833 0.20556 -0.01873
v -0.03833 0.20556 -0.01873
v -0.03926 0.20433 0.02494
v -0.03926 0.20433 0.02494
v -0.03926 0.20433 0.02494
v -0.03926 0.20433 0.02494
v -0.03926 0.20433 0.02494
v -0.03926 0.20433 0.02494
v -0.03926 0.20433 0.02494
v -0.03926 0.20433 0.02494
v 0.00242 0.20532 0.56632
v 0.00242 0.20532 0.56632
v -0.03979 0.21258 -0.02187
v -0.03979 0.21258 -0.02187
v -0.03979 0.21258 -0.02187
v -0.03793 0.21054 -0.01326
v -0.03793 0.21054 -0.01326
v -0.03793 0.21054 -0.01326
v -0.03793 0.21054 -0.01326
v -0.03793 0.21054 -0.01326
v -0.03793 0.21054 -0.01326
v 0.02189 0.20535 0.14421
v 0.02189 0.20535 0.14421
v 0.02189 0.20535 0.14421
v 0.02189 0.20535 0.14421
v 0.02189 0.20535 0.14421
v -0.03623 0.20211 0.01421
v -0.03623 0.20211 0.01421
v -0.03623 0.20211 0.01421
v -0.03623 0.20211 0.01421
v -0.03623 0.20211 0.01421
v -0.03623 0.20211 0.01421
v -0.03623 0.20211 0.01421
v -0.03623 0.20211 0.01421
v -0.03767 0.19161 -0.01592
v -0.03767 0.19161 -0.01592
v -0.03767 0.19161 -0.01592
v -0.03767 0.19161 -0.01592
v -0.03767 0.19161 -0.01592
v -0.03767 0.19161 -0.01592
v -0.03162 0.20225 0.03487
v -0.03162 0.20225 0.03487
v -0.03162 0.20225 0.03487
v -0.03162 0.20225 0.03487
v -0.03162 0.20225 0.03487
v -0.03667 0.23544 0.02457
v -0.03667 0.23544 0.02457
v -0.03667 0.23544 0.02457
v -0.03667 0.23544 0.02457
v -0.02720 0.24706 0.01515
v -0.02720 0.24706 0.01515
v -0.02720 0.24706 0.01515
v -0.02720 0.24706 0.01515
v -0.03055 0.20210 -0.03640
v -0.03055 0.20210 -0.03640
v -0.03055 0.20210 -0.03640
v -0.03055 0.20210 -0.03640
v -0.03055 0.20210 -0.03640
v -0.02831 0.24662 -0.01629
v -0.02831 0.24662 -0.01629
v 0.01809 0.20536 -0.26741
v 0.01809 0.20536 -0.26741
v 0.01809 0.20536 -0.26741
v 0.01809 0.20536 -0.26741
v 0.01809 0.20536 -0.26741
v 0.01809 0.20536 -0.26741
v -0.03304 0.19630 -0.00446
v -0.03304 0.19630 -0.00446
v -0.03304 0.19630 -0.00446
v -0.03304 0.19630 -0.00446
v -0.03304 0.19630 -0.00446
v -0.03755 0.19791 0.01753
v -0.03755 0.19791 0.01753
v -0.03755 0.19791 0.01753
v -0.00869 0.20539 0.82119
v -0.00869 0.20539 0.82119
v -0.00869 0.20539 0.82119
v -0.00869 0.20539 0.82119
v 0.01208 0.20531 0.32602
v 0.01208 0.20531 0.32602
v 0.01208 0.20531 0.32602
v -0.03536 0.21388 -0.10960
v -0.03536 0.21388 -0.10960
v -0.03536 0.21388 -0.10960
v -0.03536 0.21388 -0.10960
v -0.03536 0.21388 -0.10960
v -0.03667 0.20500 -0.11161
v -0.03667 0.20500 -0.11161
v -0.03667 0.20500 -0.11161
v -0.02760 0.19013 -0.02120
v -0.01658 0.12972 0.00556
v -0.01658 0.12972 0.00556
v -0.03576 0.20648 -0.01327
v -0.03576 0.20648 -0.01327
v -0.03576 0.20648 -0.01327
v -0.02898 0.21142 -0.01304
v -0.02898 0.21142 -0.01304
v -0.02898 0.21142 -0.01304
v -0.03231 0.21076 0.01107
v -0.03231 0.21076 0.01107
v -0.03231 0.21076 0.01107
v -0.03231 0.21076 0.01107
v -0.02184 0.19213 0.03245
v -0.02184 0.19213 0.03245
v -0.02184 0.19213 0.03245
v -0.02184 0.19213 0.03245
v -0.02184 0.19213 0.03245
v -0.02184 0.19213 0.03245
v -0.03327 0.19872 0.01004
v -0.03327 0.19872 0.01004
v -0.03327 0.19872 0.01004
v -0.03327 0.19872 0.01004
v -0.03294 0.19845 0.01250
v -0.03294 0.19845 0.01250
v -0.03294 0.19845 0.01250
v -0.03294 0.19845 0.01250
v -0.03294 0.19845 0.01250
v -0.03294 0.19845 0.01250
v -0.03294 0.19845 0.01250
v -0.02765 0.19381 0.00099
v -0.02765 0.19381 0.00099
v -0.02765 0.19381 0.00099
v -0.02765 0.19381 0.00099
v -0.02765 0.19381 0.00099
v -0.02765 0.19381 0.00099
v -0.02765 0.19381 0.00099
v -0.02765 0.19381 0.00099
v -0.03223 0.19779 -0.01189
v -0.03223 0.19779 -0.01189
v -0.03223 0.19779 -0.01189
v -0.03223 0.19779 -0.01189
v -0.02954 0.20584 0.02908
v -0.02954 0.20584 0.02908
v -0.02954 0.20584 0.02908
v -0.02954 0.20584 0.02908
v -0.02272 0.19025 0.02458
v -0.02272 0.19025 0.02458
v -0.02272 0.19025 0.02458
v -0.02272 0.19025 0.02458
v -0.02272 0.19025 0.02458
v -0.02272 0.19025 0.02458
v -0.02472 0.20374 -0.11978
v -0.02472 0.20374 -0.11978
v -0.02472 0.20374 -0.11978
v -0.02472 0.20374 -0.11978
v -0.02472 0.20374 -0.11978
v -0.02472 0.20374 -0.11978
v -0.03176 0.20543 -0.10573
v -0.03176 0.20543 -0.10573
v -0.03176 0.20543 -0.10573
v -0.03176 0.20543 -0.10573
v -0.03176 0.20543 -0.10573
v -0.02430 0.20646 -0.01320
v -0.02430 0.20646 -0.01320
v -0.02430 0.20646 -0.01320
v -0.02430 0.20646 -0.01320
v -0.02480 0.21574 -0.12173
v -0.02480 0.21574 -0.12173
v -0.02480 0.21574 -0.12173
v -0.02480 0.21574 -0.12173
v -0.02480 0.21574 -0.12173
v -0.02524 0.19572 -0.00778
v -0.02524 0.19572 -0.00778
v -0.02524 0.19572 -0.00778
v -0.02524 0.19572 -0.00778
v -0.02524 0.19572 -0.00778
v -0.02524 0.19572 -0.00778
v -0.01981 0.20454 -0.02551
v -0.01981 0.20454 -0.02551
v -0.01981 0.20454 -0.02551
v -0.01981 0.20454 -0.02551
v -0.01981 0.20454 -0.02551
v -0.01981 0.20454 -0.02551
v -0.02140 0.20629 0.01500
v -0.02140 0.20629 0.01500
v -0.02140 0.20629 0.01500
v -0.02140 0.20629 0.01500
v -0.02140 0.20629 0.01500
v -0.02140 0.20629 0.01500
v -0.02140 0.20629 0.01500
v -0.02481 0.19127 -0.03613
v -0.02481 0.19127 -0.03613
v -0.02481 0.19127 -0.03613
v -0.02481 0.19127 -0.03613
v -0.02481 0.19127 -0.03613
v -0.02481 0.19127 -0.03613
v -0.02779 0.21575 -0.10514
v -0.02779 0.21575 -0.10514
v -0.02779 0.21575 -0.10514
v -0.02779 0.21575 -0.10514
v -0.02779 0.21575 -0.10514
v -0.02283 0.21291 -0.02024
v -0.02283 0.21291 -0.02024
v -0.02283 0.21291 -0.02024
v -0.02283 0.21291 -0.02024
v -0.02732 0.23559 -0.03426
v -0.02732 0.23559 -0.03426
v -0.02732 0.23559 -0.03426
v -0.02732 0.23559 -0.03426
v -0.02113 0.21168 0.03797
v -0.02113 0.21168 0.03797
v -0.02113 0.21168 0.03797
v -0.02113 0.21168 0.03797
v -0.02113 0.21168 0.03797
v -0.02113 0.21168 0.03797
v -0.03086 0.20413 0.01283
v -0.03086 0.20413 0.01283
v -0.03086 0.20413 0.01283
v -0.03086 0.20413 0.01283
v -0.03086 0.20413 0.01283
v -0.03086 0.20413 0.01283
v -0.03086 0.20413 0.01283
v -0.03086 0.20413 0.01283
v -0.02685 0.20612 0.01046
v -0.02685 0.20612 0.01046
v -0.02685 0.20612 0.01046
v -0.02685 0.20612 0.01046
v -0.01881 0.20411 0.02292
v -0.01881 0.20411 0.02292
v -0.01881 0.20411 0.02292
v -0.01881 0.20411 0.02292
v -0.01881 0.20411 0.02292
v -0.02534 0.23552 0.03429
v -0.02534 0.23552 0.03429
v -0.02534 0.23552 0.03429
v -0.02534 0.23552 0.03429
v -0.02612 0.20146 -0.00875
v -0.02612 0.20146 -0.00875
v -0.02612 0.20146 -0.00875
v -0.02612 0.20146 -0.00875
v -0.02729 0.21166 -0.03448
v -0.02729 0.21166 -0.03448
v -0.02729 0.21166 -0.03448
v -0.02140 0.20197 0.02908
v -0.02140 0.20197 0.02908
v -0.02140 0.20197 0.02908
v -0.02527 0.20356 0.01239
v -0.02527 0.20356 0.01239
v -0.02527 0.20356 0.01239
v -0.02527 0.20356 0.01239
v -0.02527 0.20356 0.01239
v -0.02244 0.19206 0.01237
v -0.02244 0.19206 0.01237
v -0.02244 0.19206 0.01237
v -0.02244 0.19206 0.01237
v -0.02244 0.19206 0.01237
v -0.02244 0.19206 0.01237
v -0.01774 0.21169 0.01726
v -0.01774 0.21169 0.01726
v -0.01774 0.21169 0.01726
v -0.01774 0.21169 0.01726
v -0.01774 0.21169 0.01726
v 0.00818 0.21468 -0.42562
v 0.00818 0.21468 -0.42562
v 0.00818 0.21468 -0.42562
v 0.00818 0.21468 -0.42562
v -0.02585 0.20340 0.00567
v -0.02585 0.20340 0.00567
v -0.02585 0.20340 0.00567
v -0.02585 0.20340 0.00567
v -0.02585 0.20340 0.00567
v 0.00237 0.20539 -0.51939
v 0.00237 0.20539 -0.51939
v 0.00237 0.20539 -0.51939
v 0.00237 0.20539 -0.51939
v -0.02084 0.21690 0.10815
v -0.02084 0.21690 0.10815
v -0.02084 0.21690 0.10815
v -0.02084 0.21690 0.10815
v -0.02352 0.20161 -0.09996
v -0.02352 0.20161 -0.09996
v -0.02352 0.20161 -0.09996
v -0.02352 0.20161 -0.09996
v -0.02352 0.20161 -0.09996
v -0.02581 0.20556 0.09779
v -0.02581 0.20556 0.09779
v -0.02581 0.20556 0.09779
v -0.02581 0.20556 0.09779
v -0.01668 0.20446 0.09527
v -0.01668 0.20446 0.09527
v -0.01668 0.20446 0.09527
v -0.01668 0.20446 0.09527
v -0.01668 0.20446 0.09527
v -0.01668 0.20446 0.09527
v -0.00830 0.24743 -0.02695
v -0.00830 0.24743 -0.02695
v -0.00830 0.24743 -0.02695
v -0.01704 0.12956 -0.00855
v -0.01704 0.12956 -0.00855
v -0.01704 0.12956 -0.00855
v -0.02525 0.13369 0.00071
v -0.02525 0.13369 0.00071
v -0.02390 0.19990 -0.10807
v -0.02390 0.19990 -0.10807
v -0.02390 0.19990 -0.10807
v -0.02390 0.19990 -0.10807
v -0.01932 0.20718 -0.01672
v -0.01932 0.20718 -0.01672
v -0.01932 0.20718 -0.01672
v -0.01932 0.20718 -0.01672
v -0.01932 0.20718 -0.01672
v -0.01932 0.20718 -0.01672
v -0.02375 0.21533 0.09584
v -0.02375 0.21533 0.09584
v -0.02375 0.21533 0.09584
v -0.02375 0.21533 0.09584
v -0.02375 0.21533 0.09584
v -0.02375 0.21533 0.09584
v -0.02375 0.21533 0.09584
v -0.02252 0.19256 0.00658
v -0.02252 0.19256 0.00658
v -0.02252 0.19256 0.00658
v -0.02252 0.19256 0.00658
v -0.02252 0.19256 0.00658
v -0.02252 0.19256 0.00658
v -0.01902 0.19274 -0.02571
v -0.01902 0.19274 -0.02571
v -0.01902 0.19274 -0.02571
v -0.01902 0.19274 -0.02571
v -0.01902 0.19274 -0.02571
v -0.01902 0.19274 -0.02571
v 0.01606 0.20553 0.22268
v 0.01606 0.20553 0.22268
v 0.01606 0.20553 0.22268
v 0.01606 0.20553 0.22268
v -0.01390 0.21129 0.02761
v -0.01390 0.21129 0.02761
v -0.01390 0.21129 0.02761
v -0.01390 0.21129 0.02761
v -0.01390 0.21129 0.02761
v -0.01390 0.21129 0.02761
v -0.01390 0.21129 0.02761
v -0.01390 0.21129 0.02761
v -0.01874 0.22344 -0.03998
v -0.01874 0.22344 -0.03998
v -0.01874 0.22344 -0.03998
v -0.01874 0.22344 -0.03998
v -0.01874 0.22344 -0.03998
v -0.01874 0.22344 -0.03998
v -0.01874 0.22344 -0.03998
v -0.01874 0.22344 -0.03998
v -0.02282 0.20979 -0.03610
v -0.02282 0.20979 -0.03610
v -0.02282 0.20979 -0.03610
v -0.02282 0.20979 -0.03610
v -0.02282 0.20979 -0.03610
v -0.02282 0.20979 -0.03610
v -0.01031 0.21444 -0.12771
v -0.01031 0.21444 -0.12771
v -0.01031 0.21444 -0.12771
v -0.01031 0.21444 -0.12771
v -0.01031 0.21444 -0.12771
v -0.01881 0.19252 -0.03873
v -0.01881 0.19252 -0.03873
v -0.01881 0.19252 -0.03873
v -0.01881 0.19252 -0.03873
v -0.01881 0.19252 -0.03873
v -0.01881 0.19252 -0.03873
v -0.01881 0.19252 -0.03873
v -0.02310 0.21449 -0.09589
v -0.02310 0.21449 -0.09589
v -0.02310 0.21449 -0.09589
v -0.02310 0.21449 -0.09589
v -0.02310 0.21449 -0.09589
v -0.02310 0.21449 -0.09589
v -0.02310 0.21449 -0.09589
v -0.02310 0.21449 -0.09589
v -0.01631 0.19425 -0.01647
v -0.01631 0.19425 -0.01647
v -0.01631 0.19425 -0.01647
v -0.02084 0.19302 -0.00847
v -0.02084 0.19302 -0.00847
v -0.02084 0.19302 -0.00847
v -0.02084 0.19302 -0.00847
v -0.02084 0.19302 -0.00847
v -0.02084 0.19302 -0.00847
v -0.02100 0.19627 -0.02584
v -0.02100 0.19627 -0.02584
v -0.02100 0.19627 -0.02584
v -0.01409 0.20109 0.11475
v -0.01409 0.20109 0.11475
v -0.01409 0.20109 0.11475
v -0.01409 0.20109 0.11475
v -0.01409 0.20109 0.11475
v -0.01620 0.23363 -0.03974
v -0.01620 0.23363 -0.03974
v -0.01620 0.23363 -0.03974
v -0.01383 0.19555 -0.11478
v -0.01383 0.19555 -0.11478
v -0.01383 0.19555 -0.11478
v -0.01383 0.19555 -0.11478
v 0.01790 0.21443 -0.27346
v 0.01790 0.21443 -0.27346
v 0.01790 0.21443 -0.27346
v -0.01302 0.12960 0.03208
v -0.01302 0.12960 0.03208
v -0.02047 0.22372 -0.11861
v -0.02047 0.22372 -0.11861
v -0.02047 0.22372 -0.11861
v -0.02047 0.22372 -0.11861
v -0.02047 0.22372 -0.11861
v -0.02047 0.22372 -0.11861
v -0.02189 0.22386 -0.08010
v -0.02189 0.22386 -0.08010
v -0.02189 0.22386 -0.08010
v -0.02189 0.22386 -0.08010
v -0.01991 0.21407 -0.03973
v -0.01991 0.21407 -0.03973
v -0.01991 0.21407 -0.03973
v -0.01991 0.21407 -0.03973
v -0.01557 0.21000 0.09284
v -0.01557 0.21000 0.09284
v -0.01557 0.21000 0.09284
v -0.01557 0.21000 0.09284
v -0.01557 0.21000 0.09284
v -0.01557 0.21000 0.09284
v -0.01858 0.20061 -0.09685
v -0.01858 0.20061 -0.09685
v -0.01858 0.20061 -0.09685
v -0.01858 0.20061 -0.09685
v -0.01858 0.20061 -0.09685
v -0.01858 0.20061 -0.09685
v -0.01966 0.20925 -0.09607
v -0.01966 0.20925 -0.09607
v -0.01277 0.19264 -0.03208
v -0.01277 0.19264 -0.03208
v -0.01277 0.19264 -0.03208
v -0.01277 0.19264 -0.03208
v -0.01277 0.19264 -0.03208
v -0.01277 0.19264 -0.03208
v -0.01277 0.19264 -0.03208
v -0.01893 0.19422 0.02442
v -0.01893 0.19422 0.02442
v -0.01893 0.19422 0.02442
v -0.01893 0.19422 0.02442
v -0.01893 0.19422 0.02442
v -0.01893 0.19422 0.02442
v -0.01893 0.19422 0.02442
v -0.01893 0.19422 0.02442
v -0.01893 0.19422 0.02442
v -0.01893 0.19422 0.02442
v -0.01321 0.19069 0.02670
v -0.01321 0.19069 0.02670
v -0.01321 0.19069 0.02670
v -0.01321 0.19069 0.02670
v -0.01321 0.19069 0.02670
v -0.01321 0.19069 0.02670
v -0.01321 0.19069 0.02670
v -0.01321 0.19069 0.02670
v -0.01321 0.19069 0.02670
v -0.01321 0.19069 0.02670
v -0.01321 0.19069 0.02670
v -0.01790 0.21977 -0.04087
v -0.01790 0.21977 -0.04087
v -0.01790 0.21977 -0.04087
v -0.01583 0.21978 -0.11610
v -0.01583 0.21978 -0.11610
v -0.01583 0.21978 -0.11610
v -0.01583 0.21978 -0.11610
v -0.01583 0.21978 -0.11610
v -0.01583 0.21978 -0.11610
v -0.01583 0.21978 -0.11610
v -0.01884 0.22313 0.10040
v -0.01884 0.22313 0.10040
v -0.01884 0.22313 0.10040
v -0.01884 0.22313 0.10040
v -0.01884 0.22313 0.10040
v -0.01991 0.22259 0.09282
v -0.01991 0.22259 0.09282
v -0.01991 0.22259 0.09282
v -0.01861 0.20997 0.03397
v -0.01640 0.21165 -0.04582
v -0.01640 0.21165 -0.04582
v -0.01640 0.21165 -0.04582
v -0.01640 0.21165 -0.04582
v -0.01934 0.19817 -0.03800
v -0.01934 0.19817 -0.03800
v -0.01934 0.19817 -0.03800
v -0.01934 0.19817 -0.03800
v -0.01669 0.22378 -0.08991
v -0.01669 0.22378 -0.08991
v -0.01669 0.22378 -0.08991
v -0.01669 0.22378 -0.08991
v -0.01509 0.19363 0.00317
v -0.01509 0.19363 0.00317
v -0.01509 0.19363 0.00317
v -0.01509 0.19363 0.00317
v -0.01509 0.19363 0.00317
v -0.01945 0.20447 -0.02889
v -0.01945 0.20447 -0.02889
v -0.01945 0.20447 -0.02889
v -0.01945 0.20447 -0.02889
v -0.01945 0.20447 -0.02889
v -0.01945 0.20447 -0.02889
v -0.02036 0.21534 0.04429
v -0.02036 0.21534 0.04429
v -0.02036 0.21534 0.04429
v -0.02036 0.21534 0.04429
v -0.02036 0.21534 0.04429
v -0.01904 0.22411 0.07848
v -0.01904 0.22411 0.07848
v -0.01904 0.22411 0.07848
v -0.01904 0.22411 0.07848
v -0.01982 0.22385 0.04330
v -0.01982 0.22385 0.04330
v -0.01982 0.22385 0.04330
v -0.01982 0.22385 0.04330
v -0.01982 0.22385 0.04330
v -0.01395 0.23546 0.03812
v -0.01395 0.23546 0.03812
v -0.01395 0.23546 0.03812
v -0.01395 0.23546 0.03812
v -0.01395 0.23546 0.03812
v -0.01927 0.19921 0.04065
v -0.01927 0.19921 0.04065
v -0.01927 0.19921 0.04065
v -0.01927 0.19921 0.04065
v -0.01927 0.19921 0.04065
v -0.01745 0.21362 0.04168
v -0.01745 0.21362 0.04168
v -0.01745 0.21362 0.04168
v -0.01745 0.21362 0.04168
v -0.01745 0.21362 0.04168
v -0.01745 0.21362 0.04168
v -0.01745 0.21362 0.04168
v -0.01689 0.21054 -0.08030
v -0.01689 0.21054 -0.08030
v -0.01689 0.21054 -0.08030
v -0.01689 0.21054 -0.08030
v -0.01689 0.21054 -0.08030
v -0.01750 0.20182 -0.01997
v -0.01750 0.20182 -0.01997
v -0.01750 0.20182 -0.01997
v -0.01750 0.20182 -0.01997
v -0.01832 0.20192 0.02863
v -0.01832 0.20192 0.02863
v -0.01832 0.20192 0.02863
v -0.01832 0.20192 0.02863
v -0.01832 0.20192 0.02863
v -0.01739 0.19673 0.02849
v -0.01739 0.19673 0.02849
v -0.01739 0.19673 0.02849
v -0.01739 0.19673 0.02849
v -0.01739 0.19673 0.02849
v -0.01739 0.19673 0.02849
v -0.01739 0.19673 0.02849
v -0.01739 0.19673 0.02849
v -0.01922 0.22419 0.10891
v -0.01922 0.22419 0.10891
v -0.01922 0.22419 0.10891
v -0.01922 0.22419 0.10891
v -0.01922 0.22419 0.10891
v 0.01232 0.24685 0.02046
v 0.01232 0.24685 0.02046
v 0.01232 0.24685 0.02046
v -0.01477 0.22523 0.03899
v -0.01477 0.22523 0.03899
v -0.01477 0.22523 0.03899
v -0.01477 0.22523 0.03899
v -0.01842 0.21426 0.08097
v -0.01842 0.21426 0.08097
v -0.01842 0.21426 0.08097
v -0.01842 0.21426 0.08097
v -0.01842 0.21426 0.08097
v -0.00764 0.24684 0.02634
v -0.00764 0.24684 0.02634
v -0.01299 0.22361 0.08094
v -0.01299 0.22361 0.08094
v -0.01299 0.22361 0.08094
v -0.01299 0.22361 0.08094
v -0.01299 0.22361 0.08094
v -0.01299 0.22361 0.08094
v -0.01299 0.22361 0.08094
v -0.01522 0.19421 0.02585
v -0.01522 0.19421 0.02585
v -0.01522 0.19421 0.02585
v -0.01729 0.19716 -0.03258
v -0.01729 0.19716 -0.03258
v -0.01729 0.19716 -0.03258
v -0.01729 0.19716 -0.03258
v -0.01729 0.19716 -0.03258
v -0.01795 0.19264 0.03985
v -0.01795 0.19264 0.03985
v -0.01795 0.19264 0.03985
v -0.01795 0.19264 0.03985
v -0.01789 0.20257 0.01763
v -0.01789 0.20257 0.01763
v -0.01789 0.20257 0.01763
v -0.01789 0.20257 0.01763
v -0.01789 0.20257 0.01763
v -0.01789 0.20257 0.01763
v -0.01367 0.19249 -0.02650
v -0.01367 0.19249 -0.02650
v -0.01677 0.21771 -0.10590
v -0.01677 0.21771 -0.10590
v -0.01677 0.21771 -0.10590
v -0.01533 0.20389 0.01702
v -0.01533 0.20389 0.01702
v -0.01523 0.21254 0.04452
v -0.01523 0.21254 0.04452
v -0.01523 0.21254 0.04452
v -0.01328 0.22393 -0.08077
v -0.01328 0.22393 -0.08077
v -0.01328 0.22393 -0.08077
v -0.01328 0.22393 -0.08077
v -0.01328 0.22393 -0.08077
v -0.01498 0.20126 0.10537
v -0.01639 0.21215 0.05365
v -0.01639 0.21215 0.05365
v -0.01509 0.21008 0.06805
v -0.01509 0.21008 0.06805
v -0.01509 0.21008 0.06805
v -0.01509 0.21008 0.06805
v -0.01509 0.21008 0.06805
v -0.00997 0.19215 0.03466
v -0.00997 0.19215 0.03466
v -0.00997 0.19215 0.03466
v -0.00997 0.19215 0.03466
v -0.00997 0.19215 0.03466
v -0.00997 0.19215 0.03466
v -0.01298 0.21127 -0.03011
v -0.01298 0.21127 -0.03011
v -0.01298 0.21127 -0.03011
v -0.01298 0.21127 -0.03011
v -0.01298 0.21127 -0.03011
v -0.01689 0.19555 -0.09717
v -0.01689 0.19555 -0.09717
v -0.01689 0.19555 -0.09717
v -0.01689 0.19555 -0.09717
v -0.01689 0.19555 -0.09717
v -0.01701 0.21830 -0.08914
v -0.01701 0.21830 -0.08914
v -0.00568 0.12998 0.03435
v -0.00568 0.12998 0.03435
v -0.01345 0.19432 -0.00453
v -0.01345 0.19432 -0.00453
v -0.01345 0.19432 -0.00453
v -0.01345 0.19432 -0.00453
v -0.01345 0.19432 -0.00453
v -0.01345 0.19432 -0.00453
v -0.01345 0.19432 -0.00453
v -0.01371 0.22431 0.11478
v -0.01371 0.22431 0.11478
v -0.01371 0.22431 0.11478
v -0.01371 0.22431 0.11478
v -0.01307 0.19490 -0.02031
v -0.01307 0.19490 -0.02031
v -0.01307 0.19490 -0.02031
v -0.01307 0.19490 -0.02031
v -0.01307 0.19490 -0.02031
v -0.01307 0.19490 -0.02031
v -0.01307 0.19490 -0.02031
v -0.01552 0.20461 -0.01885
v -0.01552 0.20461 -0.01885
v -0.01255 0.19470 0.02031
v -0.01255 0.19470 0.02031
v -0.01255 0.19470 0.02031
v -0.01255 0.19470 0.02031
v -0.01255 0.19470 0.02031
v -0.01255 0.19470 0.02031
v -0.01255 0.19470 0.02031
v -0.01255 0.19470 0.02031
v -0.01530 0.21585 -0.09858
v -0.01530 0.21585 -0.09858
v -0.01530 0.21585 -0.09858
v -0.01523 0.22234 0.09483
v -0.01523 0.22234 0.09483
v -0.01523 0.22234 0.09483
v -0.01523 0.22234 0.09483
v -0.01350 0.20627 -0.02110
v -0.01350 0.20627 -0.02110
v -0.01350 0.20627 -0.02110
v -0.01350 0.20627 -0.02110
v -0.01350 0.20627 -0.02110
v -0.01350 0.20627 -0.02110
v 0.00650 0.22387 -0.07943
v 0.00650 0.22387 -0.07943
v 0.00650 0.22387 -0.07943
v 0.00650 0.22387 -0.07943
v -0.01300 0.22028 -0.11155
v -0.01300 0.22028 -0.11155
v -0.01300 0.22028 -0.11155
v -0.01174 0.21105 -0.02317
v -0.01174 0.21105 -0.02317
v -0.01174 0.21105 -0.02317
v -0.01188 0.19592 0.10704
v -0.01188 0.19592 0.10704
v -0.01188 0.19592 0.10704
v -0.01188 0.19592 0.10704
v -0.01498 0.13362 -0.00351
v -0.01129 0.19444 -0.03628
v -0.01129 0.19444 -0.03628
v -0.01129 0.19444 -0.03628
v -0.01129 0.19444 -0.03628
v -0.01150 0.13053 -0.02387
v -0.01150 0.13053 -0.02387
v -0.01150 0.13053 -0.02387
v -0.01243 0.21548 -0.08168
v -0.01243 0.21548 -0.08168
v -0.01243 0.21548 -0.08168
v -0.01243 0.21548 -0.08168
v -0.01377 0.22456 -0.12302
v -0.01377 0.22456 -0.12302
v -0.01377 0.22456 -0.12302
v -0.01377 0.22456 -0.12302
v -0.01377 0.22456 -0.12302
v -0.01237 0.21039 0.02148
v -0.01237 0.21039 0.02148
v -0.01237 0.21039 0.02148
v -0.01237 0.21039 0.02148
v -0.01237 0.21039 0.02148
v -0.00881 0.22486 0.09321
v -0.00881 0.22486 0.09321
v -0.00881 0.22486 0.09321
v -0.00881 0.22486 0.09321
v -0.00881 0.22486 0.09321
v -0.00881 0.22486 0.09321
v -0.00881 0.22486 0.09321
v -0.00881 0.22486 0.09321
v -0.00974 0.12961 -0.03466
v -0.00974 0.12961 -0.03466
v -0.00950 0.19388 -0.02207
v -0.00950 0.19388 -0.02207
v -0.00950 0.19388 -0.02207
v -0.00950 0.19388 -0.02207
v -0.00950 0.19388 -0.02207
v -0.00950 0.19388 -0.02207
v -0.00950 0.19388 -0.02207
v -0.01139 0.21969 -0.10174
v -0.01139 0.21969 -0.10174
v -0.01139 0.21969 -0.10174
v -0.01139 0.21969 -0.10174
v -0.01139 0.21969 -0.10174
v -0.01139 0.21969 -0.10174
v -0.00412 0.22271 0.04111
v -0.00412 0.22271 0.04111
v -0.00412 0.22271 0.04111
v -0.00412 0.22271 0.04111
v -0.00412 0.22271 0.04111
v -0.00110 0.22389 0.10499
v -0.00110 0.22389 0.10499
v -0.00110 0.22389 0.10499
v -0.00110 0.22389 0.10499
v -0.01439 0.13143 0.00227
v -0.01281 0.21803 0.09628
v -0.01281 0.21803 0.09628
v -0.01281 0.21803 0.09628
v -0.01281 0.21803 0.09628
v -0.01281 0.21803 0.09628
v -0.01290 0.21586 0.08367
v -0.01290 0.21586 0.08367
v -0.01290 0.21586 0.08367
v -0.00584 0.22326 -0.08108
v -0.00584 0.22326 -0.08108
v -0.00584 0.22326 -0.08108
v -0.00584 0.22326 -0.08108
v -0.00584 0.22326 -0.08108
v -0.00971 0.21653 -0.12381
v -0.00971 0.21653 -0.12381
v -0.00971 0.21653 -0.12381
v 0.00815 0.19265 -0.03837
v 0.00815 0.19265 -0.03837
v 0.00815 0.19265 -0.03837
v 0.00815 0.19265 -0.03837
v 0.00815 0.19265 -0.03837
v 0.00815 0.19265 -0.03837
v -0.00902 0.22334 -0.09805
v -0.00902 0.22334 -0.09805
v -0.00902 0.22334 -0.09805
v -0.00902 0.22334 -0.09805
v -0.00902 0.22334 -0.09805
v -0.00902 0.22334 -0.09805
v -0.00902 0.22334 -0.09805
v -0.00472 0.23443 0.03925
v -0.00472 0.23443 0.03925
v -0.00472 0.23443 0.03925
v 0.00475 0.19560 0.09385
v 0.00475 0.19560 0.09385
v 0.00475 0.19560 0.09385
v 0.00475 0.19560 0.09385
v 0.00475 0.19560 0.09385
v 0.00475 0.19560 0.09385
v -0.01049 0.21588 0.07785
v -0.01049 0.21588 0.07785
v -0.01049 0.21588 0.07785
v -0.01054 0.19028 0.02323
v -0.01054 0.19028 0.02323
v -0.01054 0.19028 0.02323
v -0.01054 0.19028 0.02323
v -0.01054 0.19028 0.02323
v -0.00569 0.21577 -0.08141
v -0.00569 0.21577 -0.08141
v -0.00569 0.21577 -0.08141
v -0.00569 0.21577 -0.08141
v -0.00569 0.21577 -0.08141
v -0.00569 0.21577 -0.08141
v -0.00569 0.21577 -0.08141
v -0.00947 0.13380 0.02242
v -0.00947 0.13380 0.02242
v -0.00947 0.13380 0.02242
v -0.00922 0.19788 0.11236
v -0.00922 0.19788 0.11236
v -0.00922 0.19788 0.11236
v -0.00955 0.13363 0.03279
v -0.00955 0.13363 0.03279
v -0.00573 0.21574 0.07609
v -0.00573 0.21574 0.07609
v -0.00573 0.21574 0.07609
v -0.00573 0.21574 0.07609
v -0.00573 0.21574 0.07609
v -0.00573 0.21574 0.07609
v -0.00632 0.19551 -0.11491
v -0.00632 0.19551 -0.11491
v -0.00632 0.19551 -0.11491
v -0.00632 0.19551 -0.11491
v -0.00632 0.19551 -0.11491
v -0.00085 0.13026 0.02207
v -0.00085 0.13026 0.02207
v -0.00085 0.13026 0.02207
v -0.00085 0.13026 0.02207
v 0.00005 0.19534 0.00202
v 0.00005 0.19534 0.00202
v 0.00005 0.19534 0.00202
v -0.00363 0.21777 0.09507
v -0.00363 0.21777 0.09507
v -0.00363 0.21777 0.09507
v -0.00363 0.21777 0.09507
v -0.00363 0.21777 0.09507
v 0.00421 0.21453 -0.49180
v 0.00421 0.21453 -0.49180
v 0.00421 0.21453 -0.49180
v 0.00597 0.13005 -0.00546
v 0.00597 0.13005 -0.00546
v 0.00597 0.13005 -0.00546
v 0.00597 0.13005 -0.00546
v 0.00597 0.13005 -0.00546
v 0.00597 0.13005 -0.00546
v -0.00533 0.22410 0.07711
v -0.00533 0.22410 0.07711
v -0.00533 0.22410 0.07711
v -0.00533 0.22410 0.07711
v -0.00533 0.22410 0.07711
v -0.00533 0.22410 0.07711
v -0.00292 0.19582 0.11058
v -0.00292 0.19582 0.11058
v -0.00292 0.19582 0.11058
v -0.00292 0.19582 0.11058
v -0.00292 0.19582 0.11058
v -0.00029 0.22497 -0.04175
v -0.00029 0.22497 -0.04175
v -0.00029 0.22497 -0.04175
v 0.00270 0.20026 0.11573
v 0.00270 0.20026 0.11573
v 0.00270 0.20026 0.11573
v 0.00270 0.20026 0.11573
v 0.00270 0.20026 0.11573
v 0.00270 0.20026 0.11573
v 0.00270 0.20026 0.11573
v 0.00160 0.23593 -0.03983
v 0.00160 0.23593 -0.03983
v 0.00160 0.23593 -0.03983
v 0.02374 0.21430 0.12060
v 0.02374 0.21430 0.12060
v 0.02374 0.21430 0.12060
v 0.02374 0.21430 0.12060
v 0.02374 0.21430 0.12060
v 0.02374 0.21430 0.12060
v 0.02374 0.21430 0.12060
v 0.00922 0.22351 -0.04457
v 0.00922 0.22351 -0.04457
v 0.00922 0.22351 -0.04457
v 0.00922 0.22351 -0.04457
v 0.00922 0.22351 -0.04457
v 0.00922 0.22351 -0.04457
v -0.00615 0.21553 -0.09573
v -0.00615 0.21553 -0.09573
v -0.00615 0.21553 -0.09573
v -0.00165 0.19262 -0.03703
v -0.00165 0.19262 -0.03703
v -0.00165 0.19262 -0.03703
v -0.00165 0.19262 -0.03703
v -0.00165 0.19262 -0.03703
v 0.00927 0.22381 0.04353
v 0.00927 0.22381 0.04353
v 0.00927 0.22381 0.04353
v 0.00927 0.22381 0.04353
v -0.00153 0.12955 -0.02050
v -0.00153 0.12955 -0.02050
v -0.00153 0.12955 -0.02050
v -0.00009 0.19221 0.02278
v -0.00009 0.19221 0.02278
v -0.00009 0.19221 0.02278
v -0.00009 0.19221 0.02278
v -0.00009 0.19221 0.02278
v -0.00009 0.19221 0.02278
v -0.00009 0.19221 0.02278
v -0.00009 0.19221 0.02278
v -0.00009 0.19221 0.02278
v -0.00458 0.22288 0.11535
v -0.00458 0.22288 0.11535
v -0.00458 0.22288 0.11535
v -0.00458 0.22288 0.11535
v -0.00458 0.22288 0.11535
v -0.00276 0.21810 0.11459
v -0.00276 0.21810 0.11459
v -0.00276 0.21810 0.11459
v -0.00276 0.21810 0.11459
v 0.00011 0.19583 0.10026
v 0.00011 0.19583 0.10026
v 0.00011 0.19583 0.10026
v 0.00011 0.19583 0.10026
v 0.00011 0.19583 0.10026
v -0.00222 0.18827 -0.03424
v -0.00222 0.18827 -0.03424
v -0.00222 0.18827 -0.03424
v -0.00222 0.18827 -0.03424
v -0.00359 0.21863 -0.09432
v -0.00359 0.21863 -0.09432
v -0.00359 0.21863 -0.09432
v -0.00359 0.21863 -0.09432
v -0.00359 0.21863 -0.09432
v -0.00359 0.21863 -0.09432
v 0.00078 0.13073 -0.03094
v 0.00078 0.13073 -0.03094
v -0.00542 0.19019 0.02124
v -0.00542 0.19019 0.02124
v -0.00542 0.19019 0.02124
v -0.00447 0.22373 -0.08800
v -0.00447 0.22373 -0.08800
v -0.00447 0.22373 -0.08800
v -0.00447 0.22373 -0.08800
v 0.00730 0.19288 0.03592
v 0.00730 0.19288 0.03592
v 0.00730 0.19288 0.03592
v 0.00730 0.19288 0.03592
v 0.00730 0.19288 0.03592
v 0.00730 0.19288 0.03592
v 0.00730 0.19288 0.03592
v 0.00267 0.22379 -0.09954
v 0.00267 0.22379 -0.09954
v 0.00267 0.22379 -0.09954
v 0.00267 0.22379 -0.09954
v 0.00267 0.22379 -0.09954
v -0.00155 0.22433 0.07909
v -0.00155 0.22433 0.07909
v -0.00155 0.22433 0.07909
v -0.00155 0.22433 0.07909
v -0.00155 0.22433 0.07909
v -0.00155 0.22433 0.07909
v -0.00155 0.22433 0.07909
v -0.00155 0.22433 0.07909
v -0.00155 0.22433 0.07909
v -0.00155 0.22433 0.07909
v -0.00155 0.22433 0.07909
v -0.00295 0.13365 -0.03422
v -0.00295 0.13365 -0.03422
v -0.00356 0.21958 -0.08217
v -0.00356 0.21958 -0.08217
v -0.00356 0.21958 -0.08217
v -0.00068 0.19015 -0.02227
v -0.00068 0.19015 -0.02227
v -0.00068 0.19015 -0.02227
v -0.00068 0.19015 -0.02227
v -0.00068 0.19015 -0.02227
v 0.00030 0.19349 0.02061
v 0.00030 0.19349 0.02061
v 0.00030 0.19349 0.02061
v 0.00030 0.19349 0.02061
v 0.00030 0.19349 0.02061
v 0.00030 0.19349 0.02061
v 0.00030 0.19349 0.02061
v 0.00030 0.19349 0.02061
v 0.00395 0.19525 -0.01995
v 0.00395 0.19525 -0.01995
v 0.00395 0.19525 -0.01995
v 0.00395 0.19525 -0.01995
v 0.00395 0.19525 -0.01995
v 0.00395 0.19525 -0.01995
v 0.00395 0.19525 -0.01995
v 0.00086 0.22124 -0.11936
v 0.00086 0.22124 -0.11936
v 0.00086 0.22124 -0.11936
v 0.00180 0.21523 -0.11967
v 0.00180 0.21523 -0.11967
v 0.00180 0.21523 -0.11967
v 0.00180 0.21523 -0.11967
v -0.00498 0.22296 0.08136
v -0.00498 0.22296 0.08136
v -0.00498 0.22296 0.08136
v -0.00498 0.22296 0.08136
v -0.00498 0.22296 0.08136
v -0.00313 0.22153 0.09628
v -0.00313 0.22153 0.09628
v -0.00313 0.22153 0.09628
v -0.00313 0.22153 0.09628
v 0.02743 0.20509 -0.13117
v 0.02743 0.20509 -0.13117
v 0.02743 0.20509 -0.13117
v 0.02743 0.20509 -0.13117
v -0.00196 0.20000 0.11200
v -0.00196 0.20000 0.11200
v -0.00196 0.20000 0.11200
v -0.00196 0.20000 0.11200
v 0.00395 0.20439 -0.10853
v 0.00395 0.20439 -0.10853
v 0.00395 0.20439 -0.10853
v 0.00395 0.20439 -0.10853
v 0.00395 0.20439 -0.10853
v 0.01381 0.24758 -0.01825
v 0.01381 0.24758 -0.01825
v 0.01381 0.24758 -0.01825
v 0.00002 0.19070 0.03353
v 0.00002 0.19070 0.03353
v 0.00002 0.19070 0.03353
v 0.00002 0.19070 0.03353
v 0.00002 0.19070 0.03353
v 0.00002 0.19070 0.03353
v 0.00172 0.21549 0.07987
v 0.00172 0.21549 0.07987
v 0.00172 0.21549 0.07987
v 0.00172 0.21549 0.07987
v 0.00172 0.21549 0.07987
v 0.00112 0.13133 -0.02497
v 0.00112 0.13133 -0.02497
v -0.00029 0.13157 0.03178
v -0.00029 0.13157 0.03178
v 0.00129 0.22147 0.11003
v 0.00129 0.22147 0.11003
v 0.00129 0.22147 0.11003
v 0.00129 0.22147 0.11003
v 0.00129 0.22147 0.11003
v 0.00129 0.22147 0.11003
v 0.00129 0.22147 0.11003
v 0.00129 0.22147 0.11003
v 0.00707 0.21656 0.04068
v 0.00707 0.21656 0.04068
v 0.00707 0.21656 0.04068
v 0.00707 0.21656 0.04068
v 0.00707 0.21656 0.04068
v -0.00131 0.21794 0.10223
v -0.00131 0.21794 0.10223
v -0.00131 0.21794 0.10223
v -0.00131 0.21794 0.10223
v -0.00131 0.19939 0.10512
v -0.00131 0.19939 0.10512
v -0.00131 0.19939 0.10512
v -0.00131 0.19939 0.10512
v 0.00244 0.19086 -0.02826
v 0.00244 0.19086 -0.02826
v 0.00244 0.19086 -0.02826
v 0.00244 0.19086 -0.02826
v 0.00244 0.19086 -0.02826
v 0.00244 0.19086 -0.02826
v 0.00198 0.22065 0.07737
v 0.00198 0.22065 0.07737
v 0.00198 0.22065 0.07737
v 0.00198 0.22065 0.07737
v 0.00220 0.19578 -0.08799
v 0.00220 0.19578 -0.08799
v 0.00220 0.19578 -0.08799
v 0.00220 0.19578 -0.08799
v 0.01217 0.23526 0.03589
v 0.01217 0.23526 0.03589
v 0.01217 0.23526 0.03589
v 0.01217 0.23526 0.03589
v 0.00748 0.21622 0.11833
v 0.00748 0.21622 0.11833
v 0.00748 0.21622 0.11833
v 0.00748 0.21622 0.11833
v 0.00748 0.21622 0.11833
v 0.02649 0.20520 -0.12476
v 0.02649 0.20520 -0.12476
v 0.02649 0.20520 -0.12476
v 0.02649 0.20520 -0.12476
v 0.00403 0.19819 -0.02449
v 0.00403 0.19819 -0.02449
v 0.00403 0.19819 -0.02449
v 0.00403 0.19819 -0.02449
v 0.00403 0.19819 -0.02449
v 0.00403 0.19819 -0.02449
v 0.00410 0.21811 0.10563
v 0.00410 0.21811 0.10563
v 0.00410 0.21811 0.10563
v 0.00410 0.21811 0.10563
v -0.00207 0.21027 0.02619
v -0.00207 0.21027 0.02619
v -0.00207 0.21027 0.02619
v 0.00256 0.21128 0.02081
v 0.00256 0.21128 0.02081
v 0.00256 0.21128 0.02081
v 0.00256 0.21128 0.02081
v 0.00256 0.21128 0.02081
v 0.00256 0.21128 0.02081
v 0.00256 0.21128 0.02081
v 0.00042 0.21177 0.02635
v 0.00042 0.21177 0.02635
v 0.00042 0.21177 0.02635
v 0.00184 0.20745 0.02480
v 0.00184 0.20745 0.02480
v 0.00184 0.20745 0.02480
v 0.00184 0.20745 0.02480
v 0.00184 0.20745 0.02480
v 0.00184 0.20745 0.02480
v 0.00184 0.20745 0.02480
v 0.00223 0.12971 0.02445
v 0.00223 0.12971 0.02445
v 0.00804 0.21952 -0.03967
v 0.00804 0.21952 -0.03967
v 0.00804 0.21952 -0.03967
v 0.00804 0.21952 -0.03967
v 0.00804 0.21952 -0.03967
v 0.00408 0.19861 0.10032
v 0.00408 0.19861 0.10032
v 0.00408 0.19861 0.10032
v 0.00408 0.19861 0.10032
v 0.00393 0.19140 0.02744
v 0.00393 0.19140 0.02744
v 0.00393 0.19140 0.02744
v 0.00393 0.19140 0.02744
v 0.00476 0.19408 -0.00478
v 0.00476 0.19408 -0.00478
v 0.00476 0.19408 -0.00478
v 0.00476 0.19408 -0.00478
v 0.00476 0.19408 -0.00478
v 0.00476 0.19408 -0.00478
v 0.00476 0.19408 -0.00478
v 0.00089 0.21021 -0.02768
v 0.00089 0.21021 -0.02768
v 0.00089 0.21021 -0.02768
v 0.00175 0.21326 -0.02778
v 0.00175 0.21326 -0.02778
v 0.00175 0.21326 -0.02778
v 0.00175 0.21326 -0.02778
v 0.00223 0.21160 -0.02406
v 0.00223 0.21160 -0.02406
v 0.00223 0.21160 -0.02406
v 0.00223 0.21160 -0.02406
v 0.00223 0.21160 -0.02406
v 0.00223 0.21160 -0.02406
v 0.00223 0.21160 -0.02406
v 0.00110 0.21741 -0.10479
v 0.00110 0.21741 -0.10479
v 0.01274 0.19382 0.01008
v 0.01274 0.19382 0.01008
v 0.01274 0.19382 0.01008
v 0.01274 0.19382 0.01008
v 0.01274 0.19382 0.01008
v 0.01274 0.19382 0.01008
v 0.01274 0.19382 0.01008
v 0.00792 0.19781 0.03032
v 0.00792 0.19781 0.03032
v 0.00792 0.19781 0.03032
v 0.00792 0.19781 0.03032
v 0.00792 0.19781 0.03032
v 0.00217 0.20008 0.02425
v 0.00217 0.20008 0.02425
v 0.00299 0.20736 -0.01890
v 0.00299 0.20736 -0.01890
v 0.00299 0.20736 -0.01890
v 0.00461 0.19800 -0.02054
v 0.00461 0.19800 -0.02054
v 0.00461 0.19800 -0.02054
v 0.00461 0.19800 -0.02054
v 0.00461 0.19800 -0.02054
v 0.00949 0.19161 -0.02638
v 0.00949 0.19161 -0.02638
v 0.00949 0.19161 -0.02638
v 0.00949 0.19161 -0.02638
v 0.00949 0.19161 -0.02638
v 0.00949 0.19161 -0.02638
v 0.00499 0.22318 0.08473
v 0.00499 0.22318 0.08473
v 0.00499 0.22318 0.08473
v 0.00499 0.22318 0.08473
v 0.00499 0.22318 0.08473
v 0.00414 0.21317 -0.10644
v 0.00414 0.21317 -0.10644
v 0.00414 0.21317 -0.10644
v 0.00414 0.21317 -0.10644
v 0.00825 0.20516 -0.02637
v 0.00825 0.20516 -0.02637
v 0.00825 0.20516 -0.02637
v 0.00825 0.20516 -0.02637
v 0.00825 0.20516 -0.02637
v 0.00825 0.20516 -0.02637
v 0.00825 0.20516 -0.02637
v 0.00825 0.20516 -0.02637
v 0.00825 0.20516 -0.02637
v 0.00628 0.20256 0.01841
v 0.00628 0.20256 0.01841
v 0.00628 0.20256 0.01841
v 0.00628 0.20256 0.01841
v 0.01027 0.13132 0.00564
v 0.01027 0.13132 0.00564
v 0.01027 0.13132 0.00564
v 0.00488 0.21087 0.03177
v 0.00488 0.21087 0.03177
v 0.00488 0.21087 0.03177
v 0.00488 0.21087 0.03177
v 0.00488 0.21087 0.03177
v 0.00897 0.19824 0.10531
v 0.00897 0.19824 0.10531
v 0.00897 0.19824 0.10531
v 0.00897 0.19824 0.10531
v 0.00569 0.19235 0.00337
v 0.00569 0.19235 0.00337
v 0.00569 0.19235 0.00337
v 0.00569 0.19235 0.00337
v 0.00418 0.21011 -0.06006
v 0.00418 0.21011 -0.06006
v 0.00418 0.21011 -0.06006
v 0.00418 0.21011 -0.06006
v 0.00418 0.21011 -0.06006
v 0.00407 0.22172 0.10452
v 0.00407 0.22172 0.10452
v 0.00407 0.22172 0.10452
v 0.00657 0.21360 -0.07967
v 0.00657 0.21360 -0.07967
v 0.00657 0.21360 -0.07967
v 0.00656 0.22359 0.11264
v 0.00656 0.22359 0.11264
v 0.00656 0.22359 0.11264
v 0.00656 0.22359 0.11264
v 0.00837 0.22298 0.10199
v 0.00837 0.22298 0.10199
v 0.00837 0.22298 0.10199
v 0.00837 0.22298 0.10199
v 0.00837 0.22298 0.10199
v 0.00668 0.19254 0.02633
v 0.00668 0.19254 0.02633
v 0.00668 0.19254 0.02633
v 0.00668 0.19254 0.02633
v 0.00668 0.19254 0.02633
v 0.00777 0.19605 -0.02634
v 0.00777 0.19605 -0.02634
v 0.00777 0.19605 -0.02634
v 0.00777 0.19605 -0.02634
v 0.00777 0.19605 -0.02634
v 0.00777 0.19605 -0.02634
v 0.01484 0.19153 0.03436
v 0.01484 0.19153 0.03436
v 0.01484 0.19153 0.03436
v 0.01484 0.19153 0.03436
v 0.01484 0.19153 0.03436
v 0.01484 0.19153 0.03436
v 0.01484 0.19153 0.03436
v 0.01484 0.19153 0.03436
v 0.01484 0.19153 0.03436
v 0.00844 0.20648 -0.01769
v 0.00844 0.20648 -0.01769
v 0.00844 0.20648 -0.01769
v 0.00844 0.20648 -0.01769
v 0.00844 0.20648 -0.01769
v 0.00844 0.20648 -0.01769
v 0.00844 0.20648 -0.01769
v 0.00612 0.20070 0.09659
v 0.00612 0.20070 0.09659
v 0.00612 0.20070 0.09659
v 0.00612 0.20070 0.09659
v 0.00612 0.20070 0.09659
v 0.01059 0.20362 0.03200
v 0.01059 0.20362 0.03200
v 0.01059 0.20362 0.03200
v 0.01059 0.20362 0.03200
v 0.01059 0.20362 0.03200
v 0.00663 0.20402 0.02462
v 0.00663 0.20402 0.02462
v 0.00663 0.20402 0.02462
v 0.00663 0.20402 0.02462
v 0.00663 0.20402 0.02462
v 0.00663 0.20402 0.02462
v 0.00663 0.20402 0.02462
v 0.00663 0.20402 0.02462
v 0.00615 0.19450 0.02031
v 0.00615 0.19450 0.02031
v 0.00615 0.19450 0.02031
v 0.00615 0.19450 0.02031
v 0.00465 0.21273 0.04455
v 0.00465 0.21273 0.04455
v 0.00465 0.21273 0.04455
v 0.00465 0.21273 0.04455
v 0.00581 0.21219 0.05376
v 0.00581 0.21219 0.05376
v 0.00504 0.20918 0.05180
v 0.01683 0.21137 0.01127
v 0.01683 0.21137 0.01127
v 0.01683 0.21137 0.01127
v 0.01683 0.21137 0.01127
v 0.01683 0.21137 0.01127
v 0.00863 0.19997 0.04004
v 0.00863 0.19997 0.04004
v 0.00863 0.19997 0.04004
v 0.00863 0.19997 0.04004
v 0.00863 0.19997 0.04004
v 0.00863 0.19997 0.04004
v 0.02663 0.21184 -0.12507
v 0.02663 0.21184 -0.12507
v 0.02663 0.21184 -0.12507
v 0.02663 0.21184 -0.12507
v 0.02663 0.21184 -0.12507
v 0.02663 0.21184 -0.12507
v 0.01005 0.22399 0.07215
v 0.01005 0.22399 0.07215
v 0.01005 0.22399 0.07215
v 0.01005 0.22399 0.07215
v 0.01005 0.22399 0.07215
v 0.00617 0.20587 0.01661
v 0.00617 0.20587 0.01661
v 0.00617 0.20587 0.01661
v 0.00617 0.20587 0.01661
v 0.00617 0.20587 0.01661
v 0.00617 0.20587 0.01661
v 0.00617 0.20587 0.01661
v 0.00695 0.21384 -0.05100
v 0.00695 0.21384 -0.05100
v 0.00695 0.21384 -0.05100
v 0.00649 0.21341 -0.04368
v 0.00649 0.21341 -0.04368
v 0.00649 0.21341 -0.04368
v 0.00649 0.21341 -0.04368
v 0.00677 0.21163 0.08626
v 0.00677 0.21163 0.08626
v 0.00677 0.21163 0.08626
v 0.00677 0.21163 0.08626
v 0.00677 0.21163 0.08626
v 0.00911 0.19934 0.11305
v 0.00911 0.19934 0.11305
v 0.00911 0.19934 0.11305
v 0.00853 0.20015 -0.03826
v 0.00853 0.20015 -0.03826
v 0.00853 0.20015 -0.03826
v 0.00853 0.20015 -0.03826
v 0.01000 0.21475 -0.05193
v 0.01000 0.21475 -0.05193
v 0.01000 0.21475 -0.05193
v 0.01000 0.21475 -0.05193
v 0.01000 0.21475 -0.05193
v 0.01000 0.21475 -0.05193
v 0.01046 0.21522 0.04507
v 0.01046 0.21522 0.04507
v 0.01046 0.21522 0.04507
v 0.01046 0.21522 0.04507
v 0.01046 0.21522 0.04507
v 0.01046 0.21522 0.04507
v 0.01961 0.23494 -0.03257
v 0.01961 0.23494 -0.03257
v 0.01961 0.23494 -0.03257
v 0.01961 0.23494 -0.03257
v 0.01961 0.23494 -0.03257
v 0.01008 0.21364 0.08065
v 0.01008 0.21364 0.08065
v 0.01008 0.21364 0.08065
v 0.01008 0.21364 0.08065
v 0.01043 0.21166 0.03798
v 0.01043 0.21166 0.03798
v 0.01043 0.21166 0.03798
v 0.01043 0.21166 0.03798
v 0.01043 0.21166 0.03798
v 0.01043 0.21166 0.03798
v 0.01043 0.21166 0.03798
v 0.01043 0.21166 0.03798
v 0.01043 0.21166 0.03798
v 0.01193 0.20369 0.11596
v 0.01193 0.20369 0.11596
v 0.01193 0.20369 0.11596
v 0.01193 0.20369 0.11596
v 0.01193 0.20369 0.11596
v 0.01193 0.20369 0.11596
v 0.01193 0.20369 0.11596
v 0.00843 0.19028 0.00506
v 0.00843 0.19028 0.00506
v 0.00843 0.19028 0.00506
v 0.00843 0.19028 0.00506
v 0.00843 0.19028 0.00506
v 0.01408 0.21312 0.09872
v 0.01408 0.21312 0.09872
v 0.01408 0.21312 0.09872
v 0.01408 0.21312 0.09872
v 0.01408 0.21312 0.09872
v 0.01408 0.21312 0.09872
v 0.01408 0.21312 0.09872
v 0.00890 0.21511 -0.04108
v 0.00890 0.21511 -0.04108
v 0.00890 0.21511 -0.04108
v 0.00890 0.21511 -0.04108
v 0.01037 0.19064 -0.00778
v 0.01037 0.19064 -0.00778
v 0.01037 0.19064 -0.00778
v 0.01184 0.19224 -0.00885
v 0.01184 0.19224 -0.00885
v 0.01184 0.19224 -0.00885
v 0.01184 0.19224 -0.00885
v 0.01184 0.19224 -0.00885
v 0.01184 0.19224 -0.00885
v 0.01699 0.21160 -0.01317
v 0.01699 0.21160 -0.01317
v 0.01699 0.21160 -0.01317
v 0.01699 0.21160 -0.01317
v 0.01699 0.21160 -0.01317
v 0.01153 0.20410 -0.03591
v 0.01153 0.20410 -0.03591
v 0.01153 0.20410 -0.03591
v 0.01153 0.20410 -0.03591
v 0.01153 0.20410 -0.03591
v 0.01002 0.19840 0.03165
v 0.01002 0.19840 0.03165
v 0.01002 0.19840 0.03165
v 0.01002 0.19840 0.03165
v 0.00918 0.19646 -0.02958
v 0.00918 0.19646 -0.02958
v 0.00918 0.19646 -0.02958
v 0.00918 0.19646 -0.02958
v 0.00918 0.19646 -0.02958
v 0.01090 0.19217 -0.03440
v 0.01090 0.19217 -0.03440
v 0.01090 0.19217 -0.03440
v 0.01090 0.19217 -0.03440
v 0.01090 0.19217 -0.03440
v 0.01101 0.20389 -0.03194
v 0.01101 0.20389 -0.03194
v 0.01101 0.20389 -0.03194
v 0.01101 0.20389 -0.03194
v 0.01030 0.21186 -0.03766
v 0.01030 0.21186 -0.03766
v 0.01030 0.21186 -0.03766
v 0.01030 0.21186 -0.03766
v 0.01030 0.21186 -0.03766
v 0.01030 0.21186 -0.03766
v 0.01030 0.21186 -0.03766
v 0.01030 0.21186 -0.03766
v 0.01410 0.20561 0.09990
v 0.01410 0.20561 0.09990
v 0.01410 0.20561 0.09990
v 0.01410 0.20561 0.09990
v 0.01410 0.20561 0.09990
v 0.01392 0.19474 0.00493
v 0.01392 0.19474 0.00493
v 0.01392 0.19474 0.00493
v 0.01392 0.19474 0.00493
v 0.01699 0.21571 0.11194
v 0.01699 0.21571 0.11194
v 0.01699 0.21571 0.11194
v 0.01699 0.21571 0.11194
v 0.01699 0.21571 0.11194
v 0.01699 0.21571 0.11194
v 0.01424 0.20672 -0.01303
v 0.01424 0.20672 -0.01303
v 0.01424 0.20672 -0.01303
v 0.01424 0.20672 -0.01303
v 0.01424 0.20672 -0.01303
v 0.01790 0.19137 0.01381
v 0.01790 0.19137 0.01381
v 0.01790 0.19137 0.01381
v 0.01754 0.20451 0.01089
v 0.01754 0.20451 0.01089
v 0.01754 0.20451 0.01089
v 0.02020 0.19045 -0.01724
v 0.02020 0.19045 -0.01724
v 0.02020 0.19045 -0.01724
v 0.02020 0.19045 -0.01724
v 0.02020 0.19045 -0.01724
v 0.02115 0.20269 0.03685
v 0.02115 0.20269 0.03685
v 0.02115 0.20269 0.03685
v 0.02115 0.20269 0.03685
v 0.02115 0.20269 0.03685
v 0.02115 0.20269 0.03685
v 0.01749 0.19767 -0.00534
v 0.01749 0.19767 -0.00534
v 0.01749 0.19767 -0.00534
v 0.01749 0.19767 -0.00534
v 0.01749 0.19767 -0.00534
v 0.01749 0.19767 -0.00534
v 0.01749 0.19767 -0.00534
v 0.02478 0.21163 0.02552
v 0.02478 0.21163 0.02552
v 0.02478 0.21163 0.02552
v 0.02478 0.21163 0.02552
v 0.01798 0.18520 0.00316
v 0.01776 0.19346 0.00314
v 0.01776 0.19346 0.00314
v 0.01776 0.19346 0.00314
v 0.02974 0.20272 -0.04472
v 0.02974 0.20272 -0.04472
v 0.02974 0.20272 -0.04472
v 0.02974 0.20272 -0.04472
v 0.01539 0.20263 0.01020
v 0.01539 0.20263 0.01020
v 0.01539 0.20263 0.01020
v 0.01539 0.20263 0.01020
v 0.02259 0.20574 0.10006
v 0.02259 0.20574 0.10006
v 0.02259 0.20574 0.10006
v 0.02259 0.20574 0.10006
v 0.02259 0.20574 0.10006
v 0.01777 0.20141 0.00721
v 0.01777 0.20141 0.00721
v 0.01777 0.20141 0.00721
v 0.02502 0.20449 0.01334
v 0.02502 0.20449 0.01334
v 0.02502 0.20449 0.01334
v 0.02502 0.20449 0.01334
v 0.02502 0.20449 0.01334
v 0.02142 0.20531 0.02438
v 0.02142 0.20531 0.02438
v 0.02323 0.23400 0.02848
v 0.02323 0.23400 0.02848
v 0.02323 0.23400 0.02848
v 0.01621 0.19951 -0.00886
v 0.01621 0.19951 -0.00886
v 0.01621 0.19951 -0.00886
v 0.01803 0.13231 0.00313
v 0.01803 0.13231 0.00313
v 0.01803 0.13231 0.00313
v 0.03173 0.21147 -0.01658
v 0.03173 0.21147 -0.01658
v 0.03173 0.21147 -0.01658
v 0.03173 0.21147 -0.01658
v 0.03173 0.21147 -0.01658
v 0.03173 0.21147 -0.01658
v 0.03173 0.21147 -0.01658
v 0.01746 0.13240 -0.00478
v 0.02571 0.21193 -0.02645
v 0.02571 0.21193 -0.02645
v 0.02571 0.21193 -0.02645
v 0.02571 0.21193 -0.02645
v 0.02584 0.20543 -0.01805
v 0.02584 0.20543 -0.01805
v 0.02584 0.20543 -0.01805
v 0.02584 0.20543 -0.01805
v 0.02584 0.20543 -0.01805
v 0.02584 0.20543 -0.01805
v 0.02703 0.20173 -0.02252
v 0.02703 0.20173 -0.02252
v 0.02703 0.20173 -0.02252
v 0.02703 0.20173 -0.02252
v 0.02703 0.20173 -0.02252
v 0.02703 0.20173 -0.02252
v 0.02703 0.20173 -0.02252
v 0.02703 0.20173 -0.02252
v 0.01816 0.19722 -0.00900
v 0.01816 0.19722 -0.00900
v 0.01816 0.19722 -0.00900
v 0.01816 0.19722 -0.00900
v 0.01816 0.19722 -0.00900
v 0.01816 0.19722 -0.00900
v 0.02453 0.19792 0.01372
v 0.02453 0.19792 0.01372
v 0.02453 0.19792 0.01372
v 0.02453 0.19792 0.01372
v 0.03023 0.19390 0.04426
v 0.03023 0.19390 0.04426
v 0.03023 0.19390 0.04426
v 0.03023 0.19390 0.04426
v 0.02558 0.19797 0.01107
v 0.02558 0.19797 0.01107
v 0.02558 0.19797 0.01107
v 0.02558 0.19797 0.01107
v 0.02558 0.19797 0.01107
v 0.02558 0.19797 0.01107
v 0.02618 0.18983 -0.03160
v 0.02618 0.18983 -0.03160
v 0.02618 0.18983 -0.03160
v 0.02287 0.21224 0.09944
v 0.02287 0.21224 0.09944
v 0.02287 0.21224 0.09944
v 0.02287 0.21224 0.09944
v 0.02187 0.24665 -0.00546
v 0.02206 0.24655 0.00427
v 0.02206 0.24655 0.00427
v 0.02206 0.24655 0.00427
v 0.02420 0.19731 -0.01441
v 0.02420 0.19731 -0.01441
v 0.02420 0.19731 -0.01441
v 0.02420 0.19731 -0.01441
v 0.02420 0.19731 -0.01441
v 0.02420 0.19731 -0.01441
v 0.02420 0.19731 -0.01441
v 0.02420 0.19731 -0.01441
v 0.02625 0.19211 0.00513
v 0.02625 0.19211 0.00513
v 0.02625 0.19211 0.00513
v 0.02625 0.19211 0.00513
v 0.02625 0.19211 0.00513
v 0.02625 0.19211 0.00513
v 0.02526 0.21064 0.01103
v 0.02526 0.21064 0.01103
v 0.02526 0.21064 0.01103
v 0.02526 0.21064 0.01103
v 0.02526 0.21064 0.01103
v 0.02725 0.21031 -0.01493
v 0.02725 0.21031 -0.01493
v 0.02725 0.21031 -0.01493
v 0.02637 0.13180 -0.00357
v 0.02637 0.13180 -0.00357
v 0.02637 0.13180 -0.00357
v 0.02637 0.13180 -0.00357
v 0.02765 0.19254 -0.00317
v 0.02765 0.19254 -0.00317
v 0.02765 0.19254 -0.00317
v 0.02765 0.19254 -0.00317
v 0.02765 0.19254 -0.00317
v 0.02765 0.19254 -0.00317
v 0.02310 0.13365 0.00483
v 0.02310 0.13365 0.00483
v 0.03002 0.23534 -0.02020
v 0.03002 0.23534 -0.02020
v 0.03002 0.23534 -0.02020
v 0.03002 0.23534 -0.02020
v 0.03002 0.23534 -0.02020
v 0.03002 0.23534 -0.02020
v 0.02944 0.19413 -0.04407
v 0.02944 0.19413 -0.04407
v 0.02944 0.19413 -0.04407
v 0.02944 0.19413 -0.04407
v 0.03752 0.20271 0.03499
v 0.03752 0.20271 0.03499
v 0.03752 0.20271 0.03499
v 0.03752 0.20271 0.03499
v 0.03186 0.23497 0.01567
v 0.03186 0.23497 0.01567
v 0.03186 0.23497 0.01567
v 0.03186 0.23497 0.01567
v 0.02882 0.20254 0.04387
v 0.02882 0.20254 0.04387
v 0.02882 0.20254 0.04387
v 0.02479 0.20339 0.01882
v 0.02479 0.20339 0.01882
v 0.02786 0.19175 0.01407
v 0.02786 0.19175 0.01407
v 0.02786 0.19175 0.01407
v 0.02786 0.19175 0.01407
v 0.02961 0.19043 0.02628
v 0.02961 0.19043 0.02628
v 0.02961 0.19043 0.02628
v 0.02961 0.19043 0.02628
v 0.03136 0.21191 0.01584
v 0.03136 0.21191 0.01584
v 0.03136 0.21191 0.01584
v 0.03136 0.21191 0.01584
v 0.03136 0.21191 0.01584
v 0.02814 0.19096 -0.01977
v 0.02814 0.19096 -0.01977
v 0.02814 0.19096 -0.01977
v 0.02814 0.19096 -0.01977
v 0.02814 0.19096 -0.01977
v 0.02693 0.19310 -0.01377
v 0.02693 0.19310 -0.01377
v 0.02693 0.19310 -0.01377
v 0.02693 0.19310 -0.01377
v 0.02693 0.19310 -0.01377
v 0.02693 0.19310 -0.01377
v 0.03388 0.23687 0.00003
v 0.03388 0.23687 0.00003
v 0.03388 0.23687 0.00003
v 0.03388 0.23687 0.00003
v 0.03319 0.19319 -0.03025
v 0.03319 0.19319 -0.03025
v 0.03319 0.19319 -0.03025
v 0.03319 0.19319 -0.03025
v 0.03442 0.22370 0.01293
v 0.03442 0.22370 0.01293
v 0.03442 0.22370 0.01293
v 0.03442 0.22370 0.01293
v 0.03442 0.22370 0.01293
v 0.03442 0.22370 0.01293
v 0.03442 0.22370 0.01293
v 0.02627 0.20065 0.01739
v 0.02627 0.20065 0.01739
v 0.02627 0.20065 0.01739
v 0.02627 0.20065 0.01739
v 0.02627 0.20065 0.01739
v 0.03749 0.19419 0.03601
v 0.03749 0.19419 0.03601
v 0.03749 0.19419 0.03601
v 0.03074 0.19228 0.01051
v 0.03074 0.19228 0.01051
v 0.03074 0.19228 0.01051
v 0.03074 0.19228 0.01051
v 0.03074 0.19228 0.01051
v 0.03074 0.19228 0.01051
v 0.03074 0.19228 0.01051
v 0.03074 0.19228 0.01051
v 0.03187 0.19303 0.01529
v 0.03187 0.19303 0.01529
v 0.03187 0.19303 0.01529
v 0.03187 0.19303 0.01529
v 0.03187 0.19303 0.01529
v 0.03857 0.20289 -0.03587
v 0.03857 0.20289 -0.03587
v 0.03857 0.20289 -0.03587
v 0.03654 0.20819 -0.01671
v 0.03654 0.20819 -0.01671
v 0.03654 0.20819 -0.01671
v 0.03654 0.20819 -0.01671
v 0.03654 0.20819 -0.01671
v 0.03451 0.22146 -0.01598
v 0.03451 0.22146 -0.01598
v 0.03451 0.22146 -0.01598
v 0.03451 0.22146 -0.01598
v 0.03551 0.21361 0.01293
v 0.03551 0.21361 0.01293
v 0.03551 0.21361 0.01293
v 0.03551 0.21361 0.01293
v 0.03378 0.22410 -0.01326
v 0.03378 0.22410 -0.01326
v 0.03378 0.22410 -0.01326
v 0.03378 0.22410 -0.01326
v 0.03817 0.19379 -0.03604
v 0.03817 0.19379 -0.03604
v 0.03817 0.19379 -0.03604
v 0.03817 0.19379 -0.03604
v 0.03817 0.19379 -0.03604
v 0.03671 0.21482 -0.01692
v 0.03671 0.21482 -0.01692
v 0.03671 0.21482 -0.01692
v 0.03671 0.21482 -0.01692
v 0.03671 0.21482 -0.01692
v 0.03695 0.20367 0.01255
v 0.03695 0.20367 0.01255
v 0.03695 0.20367 0.01255
v 0.03695 0.20367 0.01255
v 0.03803 0.22321 -0.01713
v 0.03803 0.22321 -0.01713
v 0.03803 0.22321 -0.01713
v 0.03803 0.22321 -0.01713
v 0.03803 0.22321 -0.01713
v 0.04007 0.20161 -0.01455
v 0.04007 0.20161 -0.01455
v 0.04007 0.20161 -0.01455
v 0.03782 0.21282 0.00925
v 0.03782 0.21282 0.00925
v 0.03782 0.21282 0.00925
v 0.05603 0.21443 0.01319
v 0.05603 0.21443 0.01319
v 0.05603 0.21443 0.01319
v 0.03984 0.21050 -0.01277
v 0.03984 0.21050 -0.01277
v 0.03984 0.21050 -0.01277
v 0.04120 0.20921 0.00845
v 0.04120 0.20921 0.00845
v 0.04120 0.20921 0.00845
v 0.04120 0.20921 0.00845
v 0.04120 0.20921 0.00845
v 0.06920 0.22379 0.01276
v 0.06920 0.22379 0.01276
v 0.06920 0.22379 0.01276
v 0.06920 0.22379 0.01276
v 0.06920 0.22379 0.01276
v 0.06920 0.22379 0.01276
v 0.04892 0.21383 0.00974
v 0.04892 0.21383 0.00974
v 0.04892 0.21383 0.00974
v 0.04892 0.21383 0.00974
v 0.07340 0.19401 0.00898
v 0.07340 0.19401 0.00898
v 0.07340 0.19401 0.00898
v 0.07340 0.19401 0.00898
v 0.07340 0.19401 0.00898
v 0.07340 0.19401 0.00898
v 0.06217 0.21022 -0.01265
v 0.06217 0.21022 -0.01265
v 0.06217 0.21022 -0.01265
v 0.06217 0.21022 -0.01265
v 0.06217 0.21022 -0.01265
v 0.06612 0.22417 -0.01717
v 0.06612 0.22417 -0.01717
v 0.06612 0.22417 -0.01717
v 0.06612 0.22417 -0.01717
v 0.08429 0.21331 0.01113
v 0.08429 0.21331 0.01113
v 0.08429 0.21331 0.01113
v 0.08429 0.21331 0.01113
v 0.08739 0.20050 0.00865
v 0.08739 0.20050 0.00865
v 0.08739 0.20050 0.00865
v 0.08739 0.20050 0.00865
v 0.08404 0.21138 -0.01489
v 0.08404 0.21138 -0.01489
v 0.08404 0.21138 -0.01489
v 0.08404 0.21138 -0.01489
v 0.07536 0.21091 0.00881
v 0.07536 0.21091 0.00881
v 0.06851 0.22388 -0.00714
v 0.06851 0.22388 -0.00714
v 0.06851 0.22388 -0.00714
v 0.06851 0.22388 -0.00714
v 0.06851 0.22388 -0.00714
v 0.06851 0.22388 -0.00714
v 0.06851 0.22388 -0.00714
v 0.08941 0.22363 -0.01702
v 0.08941 0.22363 -0.01702
v 0.08941 0.22363 -0.01702
v 0.08941 0.22363 -0.01702
v 0.08941 0.22363 -0.01702
v 0.08941 0.22363 -0.01702
v 0.08941 0.22363 -0.01702
v 0.07840 0.19439 -0.01257
v 0.07840 0.19439 -0.01257
v 0.07840 0.19439 -0.01257
v 0.07840 0.19439 -0.01257
v 0.07840 0.19439 -0.01257
v 0.06766 0.21930 -0.00486
v 0.06766 0.21930 -0.00486
v 0.06908 0.21764 -0.00675
v 0.06908 0.21764 -0.00675
v 0.06908 0.21764 -0.00675
v 0.06908 0.21764 -0.00675
v 0.06908 0.21764 -0.00675
v 0.06931 0.21753 0.00217
v 0.06931 0.21753 0.00217
v 0.06931 0.21753 0.00217
v 0.06931 0.21753 0.00217
v 0.06931 0.21753 0.00217
v 0.07134 0.22321 0.00383
v 0.07134 0.22321 0.00383
v 0.07134 0.22321 0.00383
v 0.07134 0.22321 0.00383
v 0.07134 0.22321 0.00383
v 0.09151 0.22401 0.01097
v 0.09151 0.22401 0.01097
v 0.09151 0.22401 0.01097
v 0.09151 0.22401 0.01097
v 0.09151 0.22401 0.01097
v 0.08745 0.21528 -0.00574
v 0.08745 0.21528 -0.00574
v 0.08460 0.21959 0.00512
v 0.08460 0.21959 0.00512
v 0.08460 0.21959 0.00512
v 0.08460 0.21959 0.00512
v 0.08126 0.22276 0.00323
v 0.08126 0.22276 0.00323
v 0.08126 0.22276 0.00323
v 0.08126 0.22276 0.00323
v 0.08086 0.22048 -0.01066
v 0.08086 0.22048 -0.01066
v 0.08086 0.22048 -0.01066
v 0.08807 0.21729 0.00055
v 0.08807 0.21729 0.00055
v 0.08807 0.21729 0.00055
v 0.08807 0.21729 0.00055
v 0.08894 0.19580 0.00385
v 0.08894 0.19580 0.00385
v 0.08894 0.19580 0.00385
v 0.08894 0.19580 0.00385
v 0.08894 0.19580 0.00385
v 0.08894 0.19580 0.00385
v 0.08894 0.19580 0.00385
v 0.09411 0.21950 -0.01105
v 0.09411 0.21950 -0.01105
v 0.09411 0.21950 -0.01105
v 0.09411 0.21950 -0.01105
v 0.09411 0.21950 -0.01105
v 0.09411 0.21950 -0.01105
v 0.09411 0.21950 -0.01105
v 0.08545 0.20866 0.00862
v 0.08545 0.20866 0.00862
v 0.08545 0.20866 0.00862
v 0.08601 0.22276 -0.00039
v 0.08601 0.22276 -0.00039
v 0.08601 0.22276 -0.00039
v 0.08601 0.22276 -0.00039
v 0.08601 0.22276 -0.00039
v 0.08601 0.22276 -0.00039
v 0.08601 0.22276 -0.00039
v 0.08653 0.20028 -0.01427
v 0.08653 0.20028 -0.01427
v 0.08653 0.20028 -0.01427
v 0.08653 0.20028 -0.01427
v 0.08653 0.20028 -0.01427
v 0.08653 0.20028 -0.01427
v 0.08911 0.19610 -0.00738
v 0.08911 0.19610 -0.00738
v 0.08607 0.20652 -0.01890
v 0.08607 0.20652 -0.01890
v 0.08607 0.20652 -0.01890
v 0.08607 0.20652 -0.01890
v 0.08607 0.20652 -0.01890
v 0.09008 0.19771 -0.01324
v 0.09008 0.19771 -0.01324
v 0.09008 0.19771 -0.01324
v 0.09100 0.21261 0.01394
v 0.09100 0.21261 0.01394
v 0.09100 0.21261 0.01394
v 0.09100 0.21261 0.01394
v 0.10054 0.22424 -0.00711
v 0.10054 0.22424 -0.00711
v 0.10054 0.22424 -0.00711
v 0.10054 0.22424 -0.00711
v 0.10054 0.22424 -0.00711
v 0.08552 0.22401 -0.00385
v 0.08552 0.22401 -0.00385
v 0.08552 0.22401 -0.00385
v 0.09020 0.21733 0.01109
v 0.09020 0.21733 0.01109
v 0.08931 0.21630 -0.01938
v 0.08931 0.21630 -0.01938
v 0.08931 0.21630 -0.01938
v 0.08931 0.21630 -0.01938
v 0.08931 0.21630 -0.01938
v 0.09275 0.21934 -0.00476
v 0.09275 0.21934 -0.00476
v 0.09275 0.21934 -0.00476
v 0.09275 0.21934 -0.00476
v 0.09275 0.21934 -0.00476
v 0.10432 0.22371 -0.01392
v 0.10432 0.22371 -0.01392
v 0.10432 0.22371 -0.01392
v 0.10432 0.22371 -0.01392
v 0.10432 0.22371 -0.01392
v 0.09228 0.20608 0.01467
v 0.09228 0.20608 0.01467
v 0.09228 0.20608 0.01467
v 0.09228 0.20608 0.01467
v 0.09228 0.20608 0.01467
v 0.09228 0.20608 0.01467
v 0.09228 0.20608 0.01467
v 0.09408 0.20001 -0.01856
v 0.09408 0.20001 -0.01856
v 0.09408 0.20001 -0.01856
v 0.09408 0.20001 -0.01856
v 0.09408 0.20001 -0.01856
v 0.09186 0.20622 -0.02256
v 0.09186 0.20622 -0.02256
v 0.09186 0.20622 -0.02256
v 0.09186 0.20622 -0.02256
v 0.09540 0.20491 -0.02692
v 0.09540 0.20491 -0.02692
v 0.09540 0.20491 -0.02692
v 0.10986 0.22506 -0.00298
v 0.10986 0.22506 -0.00298
v 0.10986 0.22506 -0.00298
v 0.10986 0.22506 -0.00298
v 0.10986 0.22506 -0.00298
v 0.10608 0.22371 0.00906
v 0.10608 0.22371 0.00906
v 0.10608 0.22371 0.00906
v 0.10361 0.21947 -0.01792
v 0.10361 0.21947 -0.01792
v 0.10361 0.21947 -0.01792
v 0.10361 0.21947 -0.01792
v 0.10361 0.21947 -0.01792
v 0.10361 0.21947 -0.01792
v 0.09760 0.21426 -0.02890
v 0.09760 0.21426 -0.02890
v 0.09760 0.21426 -0.02890
v 0.09760 0.21426 -0.02890
v 0.09760 0.21426 -0.02890
v 0.09760 0.21426 -0.02890
v 0.10036 0.19766 -0.00688
v 0.10036 0.19766 -0.00688
v 0.10036 0.19766 -0.00688
v 0.10036 0.19766 -0.00688
v 0.10036 0.19766 -0.00688
v 0.10015 0.20412 0.01313
v 0.10015 0.20412 0.01313
v 0.10015 0.20412 0.01313
v 0.10406 0.19592 0.00126
v 0.10406 0.19592 0.00126
v 0.10406 0.19592 0.00126
v 0.10406 0.19592 0.00126
v 0.10375 0.21997 -0.00908
v 0.10375 0.21997 -0.00908
v 0.10375 0.21997 -0.00908
v 0.10375 0.21997 -0.00908
v 0.10375 0.21997 -0.00908
v 0.10375 0.21997 -0.00908
v 0.10375 0.21997 -0.00908
v 0.10702 0.22453 -0.00702
v 0.10702 0.22453 -0.00702
v 0.10702 0.22453 -0.00702
v 0.10410 0.19545 -0.00581
v 0.10410 0.19545 -0.00581
v 0.10410 0.19545 -0.00581
v 0.10736 0.21504 0.01023
v 0.10736 0.21504 0.01023
v 0.10736 0.21504 0.01023
v 0.10736 0.21504 0.01023
v 0.10736 0.21504 0.01023
v 0.10736 0.21504 0.01023
v 0.10439 0.19952 -0.01892
v 0.10439 0.19952 -0.01892
v 0.10439 0.19952 -0.01892
v 0.10395 0.19990 0.00500
v 0.10395 0.19990 0.00500
v 0.10279 0.21441 -0.02884
v 0.10279 0.21441 -0.02884
v 0.10279 0.21441 -0.02884
v 0.10279 0.21441 -0.02884
v 0.10279 0.21441 -0.02884
v 0.10651 0.20519 0.04793
v 0.10651 0.20519 0.04793
v 0.10651 0.20519 0.04793
v 0.10651 0.20519 0.04793
v 0.10651 0.20519 0.04793
v 0.10651 0.20519 0.04793
v 0.10651 0.20519 0.04793
v 0.10517 0.20456 -0.02570
v 0.10517 0.20456 -0.02570
v 0.10517 0.20456 -0.02570
v 0.10517 0.20456 -0.02570
v 0.10517 0.20456 -0.02570
v 0.10517 0.20456 -0.02570
v 0.10285 0.20495 -0.02874
v 0.10285 0.20495 -0.02874
v 0.10285 0.20495 -0.02874
v 0.10792 0.20400 0.01201
v 0.10792 0.20400 0.01201
v 0.10792 0.20400 0.01201
v 0.10792 0.20400 0.01201
v 0.10792 0.20400 0.01201
v 0.10792 0.20400 0.01201
v 0.11180 0.20406 -0.01337
v 0.11180 0.20406 -0.01337
v 0.11180 0.20406 -0.01337
v 0.11180 0.20406 -0.01337
v 0.11180 0.20406 -0.01337
v 0.11180 0.20406 -0.01337
v 0.10599 0.21195 0.04672
v 0.10599 0.21195 0.04672
v 0.10599 0.21195 0.04672
v 0.10922 0.21753 -0.00645
v 0.10922 0.21753 -0.00645
v 0.10922 0.21753 -0.00645
v 0.10922 0.21753 -0.00645
v 0.10922 0.21753 -0.00645
v 0.12140 0.21279 0.04841
v 0.12140 0.21279 0.04841
v 0.12140 0.21279 0.04841
v 0.12140 0.21279 0.04841
v 0.10960 0.21541 -0.02364
v 0.10960 0.21541 -0.02364
v 0.10960 0.21541 -0.02364
v 0.10960 0.21541 -0.02364
v 0.11561 0.20462 -0.00775
v 0.11561 0.20462 -0.00775
v 0.21975 0.20549 -0.03015
v 0.21975 0.20549 -0.03015
v 0.21975 0.20549 -0.03015
v 0.21975 0.20549 -0.03015
v 0.21975 0.20549 -0.03015
v 0.21975 0.20549 -0.03015
v 0.24345 0.21476 0.04548
v 0.24345 0.21476 0.04548
v 0.24345 0.21476 0.04548
v 0.24345 0.21476 0.04548
v 0.24345 0.21476 0.04548
v 0.24172 0.20551 0.04587
v 0.24172 0.20551 0.04587
v 0.24172 0.20551 0.04587
v 0.30832 0.21495 -0.03320
v 0.30832 0.21495 -0.03320
v 0.30832 0.21495 -0.03320
v 0.30832 0.21495 -0.03320
v 0.44747 0.20530 0.04145
v 0.44747 0.20530 0.04145
v 0.44747 0.20530 0.04145
v 0.44747 0.20530 0.04145
v 0.36501 0.20559 -0.03597
v 0.36501 0.20559 -0.03597
v 0.36501 0.20559 -0.03597
v 0.43905 0.20537 -0.03879
v 0.43905 0.20537 -0.03879
v 0.43905 0.20537 -0.03879
v 0.45436 0.21457 0.04179
v 0.45436 0.21457 0.04179
v 0.45436 0.21457 0.04179
v 0.54777 0.21492 0.03951
v 0.54777 0.21492 0.03951
v 0.49676 0.21441 -0.04174
v 0.49676 0.21441 -0.04174
v 0.50071 0.20547 -0.04183
v 0.50071 0.20547 -0.04183
v 0.50071 0.20547 -0.04183
v 0.50071 0.20547 -0.04183
v 0.55705 0.20554 0.03987
v 0.55705 0.20554 0.03987
v 0.55705 0.20554 0.03987
v 0.55705 0.20554 0.03987
v 0.55705 0.20554 0.03987
v 0.59419 0.20545 -0.04576
v 0.59419 0.20545 -0.04576
v 0.59419 0.20545 -0.04576
v 0.59419 0.20545 -0.04576
v 0.75862 0.21455 -0.05209
v 0.75862 0.21455 -0.05209
v 0.75862 0.21455 -0.05209
v 0.75862 0.21455 -0.05209
v 0.75742 0.21480 0.03679
v 0.75742 0.21480 0.03679
v 0.75742 0.21480 0.03679
v 0.75742 0.21480 0.03679
v 0.69499 0.20526 0.03760
v 0.69499 0.20526 0.03760
v 0.69499 0.20526 0.03760
v 0.75844 0.20516 0.03673
v 0.75844 0.20516 0.03673
v 0.75844 0.20516 0.03673
v 0.75844 0.20516 0.03673
v 0.75836 0.20522 -0.05230
v 0.75836 0.20522 -0.05230
v 0.75836 0.20522 -0.05230
v -0.01903 0.19467 -0.03071
v -0.01903 0.19467 -0.03071
v -0.01903 0.19467 -0.03071
v -0.01903 0.19467 -0.03071
v -0.00440 0.22178 0.07841
v -0.00440 0.22178 0.07841
v -0.00440 0.22178 0.07841
v 0.01020 0.19570 0.03549
v 0.01020 0.19570 0.03549
vt 0.663457 0.655780
vt 0.906080 0.458847
vt 0.951210 0.714635
vt 0.906080 0.458847
vt 0.951210 0.714635
vt 0.663457 0.655780
vt 0.947258 0.714561
vt 0.902130 0.458874
vt 0.663514 0.002565
vt 0.526426 0.565738
vt 0.621479 0.001553
vt 0.947155 0.672515
vt 0.947155 0.672515
vt 0.621479 0.001553
vt 0.522373 0.565845
vt 0.621479 0.656612
vt 0.951210 0.672650
vt 0.623078 0.568765
vt 0.522182 0.653593
vt 0.623078 0.568765
vt 0.623078 0.568765
vt 0.663230 0.555518
vt 0.906404 0.559074
vt 0.663230 0.555518
vt 0.663514 0.067611
vt 0.902096 0.523917
vt 0.902096 0.523917
vt 0.663514 0.067611
vt 0.663514 0.067611
vt 0.526395 0.630748
vt 0.622658 0.066614
vt 0.622658 0.066614
vt 0.902096 0.567420
vt 0.902096 0.567420
vt 0.663313 0.111110
vt 0.902096 0.567420
vt 0.663313 0.111110
vt 0.623824 0.123976
vt 0.526325 0.688061
vt 0.623824 0.123976
vt 0.521952 0.688970
vt 0.623795 0.533345
vt 0.662948 0.511240
vt 0.906401 0.603341
vt 0.906401 0.603341
vt 0.662948 0.511240
vt 0.624044 0.131626
vt 0.525928 0.695712
vt 0.525928 0.695712
vt 0.624044 0.131626
vt 0.902147 0.656549
vt 0.662888 0.200230
vt 0.902147 0.656549
vt 0.906188 0.682750
vt 0.663123 0.431792
vt 0.906188 0.682750
vt 0.625530 0.443134
vt 0.521790 0.779075
vt 0.625530 0.443134
vt 0.625530 0.443134
vt 0.526235 0.781765
vt 0.625567 0.217756
vt 0.662959 0.232589
vt 0.902156 0.688905
vt 0.525803 0.802954
vt 0.625828 0.238945
vt 0.625828 0.238945
vt 0.625828 0.238945
vt 0.902135 0.753866
vt 0.902135 0.753866
vt 0.662937 0.297553
vt 0.662937 0.297553
vt 0.662937 0.297553
vt 0.626259 0.399913
vt 0.521875 0.822250
vt 0.626259 0.399913
vt 0.906385 0.717205
vt 0.663214 0.397320
vt 0.906385 0.717205
vt 0.526011 0.840447
vt 0.626532 0.276475
vt 0.626532 0.276475
vt 0.626532 0.276475
vt 0.663328 0.350237
vt 0.906340 0.764265
vt 0.663328 0.350237
vt 0.663328 0.350237
vt 0.663328 0.350237
vt 0.906340 0.764265
vt 0.627346 0.345577
vt 0.617563 0.966272
vt 0.521713 0.876521
vt 0.521713 0.876521
vt 0.627346 0.345577
vt 0.982505 0.183316
vt 0.985509 0.234813
vt 0.631604 0.313910
vt 0.070190 0.955008
vt 0.631604 0.313910
vt 0.617563 0.950721
vt 0.642847 0.343736
vt 0.617563 0.950721
vt 0.642847 0.343736
vt 0.944439 0.555439
vt 0.642847 0.343736
vt 0.663254 0.334661
vt 0.905488 0.779838
vt 0.663254 0.334661
vt 0.526426 0.878645
vt 0.607440 0.972557
vt 0.070501 0.951126
vt 0.526426 0.878645
vt 0.526426 0.878645
vt 0.607440 0.972557
vt 0.627703 0.314731
vt 0.979526 0.773270
vt 0.264570 0.994041
vt 0.979526 0.773270
vt 0.295871 0.923575
vt 0.295871 0.923575
vt 0.612788 0.957823
vt 0.977894 0.277729
vt 0.982505 0.173590
vt 0.612788 0.957823
vt 0.449358 0.864991
vt 0.070501 0.967009
vt 0.643575 0.315261
vt 0.931577 0.073568
vt 0.070501 0.967009
vt 0.069758 0.963253
vt 0.069758 0.963253
vt 0.069758 0.963253
vt 0.930322 0.978722
vt 0.069758 0.963253
vt 0.440038 0.864160
vt 0.975841 0.254598
vt 0.068480 0.957735
vt 0.440038 0.864160
vt 0.927487 0.983489
vt 0.523105 0.878906
vt 0.523105 0.878906
vt 0.904133 0.990891
vt 0.523105 0.878906
vt 0.299028 0.923680
vt 0.612744 0.954666
vt 0.299028 0.923680
vt 0.612744 0.954666
vt 0.302810 0.922677
vt 0.941238 0.555009
vt 0.614357 0.950904
vt 0.302810 0.922677
vt 0.979615 0.279481
vt 0.981103 0.175592
vt 0.979615 0.279481
vt 0.985509 0.227245
vt 0.068349 0.953356
vt 0.609638 0.972694
vt 0.435670 0.865029
vt 0.441753 0.867319
vt 0.931082 0.983489
vt 0.978389 0.257735
vt 0.441753 0.867319
vt 0.065940 0.959446
vt 0.903029 0.989504
vt 0.984341 0.233943
vt 0.521534 0.877872
vt 0.533323 0.952770
vt 0.533323 0.952770
vt 0.979615 0.286720
vt 0.529844 0.953033
vt 0.529844 0.953033
vt 0.921480 0.516557
vt 0.979342 0.282904
vt 0.979342 0.282904
vt 0.293783 0.922869
vt 0.978738 0.280268
vt 0.293783 0.922869
vt 0.094606 0.977788
vt 0.294126 0.918926
vt 0.294126 0.918926
vt 0.575702 0.951218
vt 0.094606 0.977788
vt 0.294126 0.918926
vt 0.918792 0.518860
vt 0.291868 0.920684
vt 0.291868 0.920684
vt 0.976957 0.281603
vt 0.291868 0.920684
vt 0.434858 0.870293
vt 0.434858 0.870293
vt 0.434858 0.870293
vt 0.434858 0.870293
vt 0.608853 0.977895
vt 0.065969 0.962124
vt 0.065969 0.962124
vt 0.444433 0.867471
vt 0.444433 0.867471
vt 0.075550 0.989504
vt 0.264570 0.989504
vt 0.535591 0.955231
vt 0.522556 0.880296
vt 0.903029 0.992035
vt 0.902178 0.784006
vt 0.962309 0.672982
vt 0.662849 0.327691
vt 0.962309 0.672982
vt 0.441201 0.869799
vt 0.975841 0.260248
vt 0.075256 0.992882
vt 0.976771 0.774672
vt 0.262705 0.992330
vt 0.922236 0.524830
vt 0.268433 0.972831
vt 0.532316 0.961345
vt 0.922236 0.524830
vt 0.532316 0.961345
vt 0.642305 0.327649
vt 0.932196 0.085983
vt 0.962309 0.693506
vt 0.932196 0.085983
vt 0.962309 0.693506
vt 0.920892 0.528845
vt 0.529844 0.965325
vt 0.920892 0.528845
vt 0.920892 0.528845
vt 0.271980 0.977894
vt 0.976547 0.777717
vt 0.072218 0.992926
vt 0.271702 0.974554
vt 0.072218 0.989574
vt 0.271702 0.974554
vt 0.535399 0.958558
vt 0.535399 0.958558
vt 0.298036 0.912541
vt 0.094606 0.984088
vt 0.298036 0.912541
vt 0.543270 0.989504
vt 0.298036 0.912541
vt 0.298036 0.912541
vt 0.976565 0.913424
vt 0.446759 0.875537
vt 0.928219 0.084107
vt 0.446759 0.875537
vt 0.446759 0.875537
vt 0.928219 0.084107
vt 0.940622 0.545608
vt 0.302776 0.913276
vt 0.940622 0.545608
vt 0.940622 0.545608
vt 0.302776 0.913276
vt 0.293325 0.916805
vt 0.575632 0.953355
vt 0.575632 0.953355
vt 0.572855 0.953430
vt 0.751162 0.960066
vt 0.572855 0.953430
vt 0.097472 0.979967
vt 0.751162 0.960066
vt 0.268433 0.979742
vt 0.435022 0.873569
vt 0.268433 0.979742
vt 0.470836 0.985250
vt 0.979526 0.781826
vt 0.470836 0.985250
vt 0.607440 0.981037
vt 0.929117 0.525427
vt 0.573172 0.955337
vt 0.749696 0.958259
vt 0.442557 0.872058
vt 0.976161 0.262516
vt 0.976161 0.262516
vt 0.442557 0.872058
vt 0.442557 0.872058
vt 0.918838 0.532882
vt 0.290362 0.906691
vt 0.918838 0.532882
vt 0.290362 0.906691
vt 0.918838 0.532882
vt 0.096277 0.982491
vt 0.544885 0.990197
vt 0.096277 0.982491
vt 0.754044 0.957300
vt 0.754044 0.957300
vt 0.441544 0.875230
vt 0.441544 0.875230
vt 0.977903 0.265651
vt 0.441544 0.875230
vt 0.441544 0.875230
vt 0.945367 0.542150
vt 0.909905 0.941258
vt 0.909905 0.941258
vt 0.945367 0.542150
vt 0.966680 0.691954
vt 0.945367 0.542150
vt 0.663457 0.330969
vt 0.663457 0.330969
vt 0.904223 0.783523
vt 0.964346 0.672515
vt 0.965725 0.691479
vt 0.946312 0.542553
vt 0.965725 0.691479
vt 0.644429 0.330796
vt 0.965725 0.691479
vt 0.342273 0.885608
vt 0.437349 0.875084
vt 0.468410 0.985250
vt 0.437349 0.875084
vt 0.437349 0.875084
vt 0.571871 0.958855
vt 0.750684 0.954677
vt 0.750684 0.954677
vt 0.757306 0.955036
vt 0.364558 0.981109
vt 0.543270 0.993400
vt 0.757306 0.955036
vt 0.979404 0.914306
vt 0.979404 0.914306
vt 0.573255 0.967373
vt 0.749696 0.946189
vt 0.573255 0.967373
vt 0.188982 0.993651
vt 0.573255 0.967373
vt 0.339546 0.886659
vt 0.339546 0.886659
vt 0.339546 0.886659
vt 0.468660 0.982550
vt 0.339546 0.886659
vt 0.924384 0.528818
vt 0.470737 0.980310
vt 0.924384 0.528818
vt 0.336810 0.887190
vt 0.964855 0.001553
vt 0.362570 0.977550
vt 0.755107 0.951337
vt 0.755107 0.951337
vt 0.755107 0.951337
vt 0.130785 0.977825
vt 0.940548 0.539529
vt 0.303939 0.907176
vt 0.303939 0.907176
vt 0.940548 0.539529
vt 0.303939 0.907176
vt 0.344388 0.887416
vt 0.344388 0.887416
vt 0.438453 0.876822
vt 0.928263 0.090417
vt 0.928263 0.090417
vt 0.448012 0.881830
vt 0.928263 0.090417
vt 0.131153 0.982617
vt 0.365217 0.972583
vt 0.131153 0.982617
vt 0.299096 0.903859
vt 0.976565 0.922178
vt 0.976565 0.922178
vt 0.891353 0.151191
vt 0.949566 0.515482
vt 0.578872 0.341389
vt 0.891396 0.195171
vt 0.579180 0.385537
vt 0.579180 0.385537
vt 0.891396 0.195171
vt 0.579180 0.385537
vt 0.953592 0.515343
vt 0.571763 0.341076
vt 0.953592 0.515343
vt 0.887325 0.151105
vt 0.365217 0.978015
vt 0.365217 0.978015
vt 0.979028 0.917168
vt 0.964971 0.693761
vt 0.934885 0.086909
vt 0.964971 0.693761
vt 0.908102 0.942206
vt 0.934885 0.086909
vt 0.972736 0.265651
vt 0.573246 0.337695
vt 0.573246 0.337695
vt 0.875721 0.151105
vt 0.943273 0.277796
vt 0.573552 0.319471
vt 0.876022 0.169324
vt 0.618114 0.001727
vt 0.871625 0.151112
vt 0.947368 0.277729
vt 0.871625 0.151112
vt 0.871625 0.185154
vt 0.618374 0.035789
vt 0.618374 0.035789
vt 0.887085 0.206429
vt 0.571763 0.396644
vt 0.571763 0.396644
vt 0.887085 0.206429
vt 0.887085 0.206429
vt 0.571763 0.396644
vt 0.186569 0.992829
vt 0.294551 0.902582
vt 0.186569 0.992829
vt 0.575702 0.967554
vt 0.294551 0.902582
vt 0.595295 0.341893
vt 0.595295 0.341893
vt 0.949418 0.531895
vt 0.335047 0.904644
vt 0.335047 0.904644
vt 0.335047 0.904644
vt 0.966876 0.018986
vt 0.966876 0.018986
vt 0.750099 0.947133
vt 0.572083 0.966420
vt 0.750099 0.947133
vt 0.750099 0.947133
vt 0.750099 0.947133
vt 0.750099 0.947133
vt 0.755199 0.946523
vt 0.133575 0.982396
vt 0.362765 0.972641
vt 0.755199 0.946523
vt 0.805718 0.992039
vt 0.618208 0.072002
vt 0.618208 0.072002
vt 0.871712 0.221329
vt 0.573471 0.266293
vt 0.875852 0.222454
vt 0.573471 0.266293
vt 0.891394 0.233231
vt 0.579913 0.423779
vt 0.891394 0.233231
vt 0.617965 0.125872
vt 0.871794 0.275141
vt 0.617965 0.125872
vt 0.871794 0.275141
vt 0.918792 0.551610
vt 0.918792 0.551610
vt 0.918792 0.551610
vt 0.289623 0.887975
vt 0.289623 0.887975
vt 0.344170 0.909285
vt 0.437251 0.898702
vt 0.344170 0.909285
vt 0.437251 0.898702
vt 0.344170 0.909285
vt 0.437251 0.898702
vt 0.437251 0.898702
vt 0.576663 0.054064
vt 0.576663 0.054064
vt 0.879373 0.434208
vt 0.887011 0.253491
vt 0.571479 0.443941
vt 0.887011 0.253491
vt 0.573070 0.151584
vt 0.573070 0.151584
vt 0.876149 0.337045
vt 0.573070 0.151584
vt 0.898808 0.780624
vt 0.949563 0.554945
vt 0.618374 0.342336
vt 0.297537 0.902512
vt 0.130785 0.984150
vt 0.186541 0.989837
vt 0.297537 0.902512
vt 0.186541 0.989837
vt 0.297537 0.902512
vt 0.804240 0.989504
vt 0.898990 0.707126
vt 0.617476 0.416159
vt 0.617476 0.416159
vt 0.898990 0.707126
vt 0.898990 0.707126
vt 0.898990 0.707126
vt 0.560239 0.337630
vt 0.560239 0.337630
vt 0.942981 0.290797
vt 0.750966 0.944987
vt 0.188914 0.992290
vt 0.188914 0.992290
vt 0.188914 0.992290
vt 0.188982 0.989504
vt 0.753746 0.944804
vt 0.803859 0.992039
vt 0.617879 0.187791
vt 0.871739 0.337002
vt 0.871739 0.337002
vt 0.140021 0.942275
vt 0.140021 0.942275
vt 0.333733 0.912133
vt 0.922632 0.553889
vt 0.964855 0.026589
vt 0.964855 0.026589
vt 0.303939 0.886776
vt 0.303939 0.886776
vt 0.121905 0.989504
vt 0.940709 0.519133
vt 0.618084 0.225897
vt 0.618084 0.225897
vt 0.871843 0.375083
vt 0.571585 0.472741
vt 0.887193 0.282173
vt 0.571585 0.472741
vt 0.907241 0.960731
vt 0.971601 0.247132
vt 0.907241 0.960731
vt 0.531705 0.327930
vt 0.883703 0.476782
vt 0.531705 0.327930
vt 0.883703 0.476782
vt 0.573105 0.109877
vt 0.876228 0.378717
vt 0.573105 0.109877
vt 0.876228 0.378717
vt 0.573105 0.109877
vt 0.876228 0.378717
vt 0.532494 0.165517
vt 0.883812 0.314375
vt 0.532494 0.165517
vt 0.883812 0.314375
vt 0.891309 0.299408
vt 0.581139 0.490269
vt 0.581139 0.490269
vt 0.909616 0.960447
vt 0.909616 0.960447
vt 0.945148 0.522944
vt 0.909616 0.960447
vt 0.894671 0.659727
vt 0.894671 0.659727
vt 0.535440 0.464037
vt 0.894671 0.659727
vt 0.535440 0.464037
vt 0.871805 0.398655
vt 0.617905 0.249498
vt 0.871805 0.398655
vt 0.571484 0.501774
vt 0.887133 0.311069
vt 0.571484 0.501774
vt 0.571484 0.501774
vt 0.908089 0.962701
vt 0.908089 0.962701
vt 0.972736 0.245066
vt 0.463124 0.957024
vt 0.937066 0.107380
vt 0.972204 0.117042
vt 0.449513 0.903548
vt 0.463124 0.966028
vt 0.449513 0.903548
vt 0.928219 0.112155
vt 0.972903 0.127071
vt 0.573558 0.026731
vt 0.573558 0.026731
vt 0.573558 0.026731
vt 0.876085 0.461812
vt 0.871970 0.460679
vt 0.618287 0.311561
vt 0.871970 0.460679
vt 0.618287 0.311561
vt 0.581532 0.521065
vt 0.891284 0.330072
vt 0.953592 0.555439
vt 0.894787 0.779947
vt 0.894787 0.779947
vt 0.531705 0.343395
vt 0.879357 0.323717
vt 0.577171 0.164562
vt 0.879357 0.323717
vt 0.879357 0.323717
vt 0.571571 0.532755
vt 0.571571 0.532755
vt 0.887158 0.341921
vt 0.573228 0.005963
vt 0.874471 0.482558
vt 0.968472 0.770939
vt 0.573228 0.005963
vt 0.968472 0.770939
vt 0.617979 0.332877
vt 0.871625 0.481964
vt 0.971308 0.770985
vt 0.617979 0.332877
vt 0.943060 0.318794
vt 0.532210 0.337970
vt 0.883669 0.486813
vt 0.601141 0.334517
vt 0.377978 0.983494
vt 0.601141 0.334517
vt 0.601141 0.334517
vt 0.971308 0.754077
vt 0.571463 0.551846
vt 0.571463 0.551846
vt 0.887142 0.360918
vt 0.571463 0.551846
vt 0.898939 0.748798
vt 0.618374 0.374345
vt 0.898939 0.748798
vt 0.538411 0.554418
vt 0.894502 0.569642
vt 0.538411 0.554418
vt 0.538411 0.554418
vt 0.593535 0.326159
vt 0.593535 0.326159
vt 0.593535 0.326159
vt 0.593535 0.326159
vt 0.976112 0.310370
vt 0.377805 0.980311
vt 0.968117 0.754981
vt 0.557290 0.005331
vt 0.377805 0.980311
vt 0.335087 0.909574
vt 0.967337 0.023898
vt 0.335087 0.909574
vt 0.335087 0.909574
vt 0.121905 0.995116
vt 0.141918 0.926948
vt 0.909905 0.966875
vt 0.946312 0.516557
vt 0.951886 0.261083
vt 0.975803 0.119117
vt 0.532574 0.989504
vt 0.582630 0.589898
vt 0.891312 0.398594
vt 0.891312 0.398594
vt 0.582630 0.589898
vt 0.136616 0.941316
vt 0.290108 0.885835
vt 0.136616 0.941316
vt 0.919226 0.553741
vt 0.136616 0.941316
vt 0.123547 0.989538
vt 0.302284 0.886184
vt 0.136556 0.929146
vt 0.136556 0.929146
vt 0.302284 0.886184
vt 0.443903 0.902105
vt 0.443903 0.902105
vt 0.883719 0.280457
vt 0.532802 0.131601
vt 0.532870 0.085897
vt 0.883544 0.234756
vt 0.883544 0.234756
vt 0.883544 0.234756
vt 0.141931 0.942051
vt 0.822327 0.936960
vt 0.335604 0.912915
vt 0.335604 0.912915
vt 0.335604 0.912915
vt 0.335604 0.912915
vt 0.886918 0.400309
vt 0.571162 0.591439
vt 0.886918 0.400309
vt 0.468707 0.957030
vt 0.545269 0.958942
vt 0.545269 0.958942
vt 0.549845 0.958106
vt 0.697540 0.931817
vt 0.546114 0.962990
vt 0.336790 0.968142
vt 0.474170 0.957030
vt 0.546114 0.962990
vt 0.532610 0.031292
vt 0.883599 0.180161
vt 0.883599 0.180161
vt 0.532610 0.031292
vt 0.532610 0.031292
vt 0.898885 0.582822
vt 0.615371 0.540949
vt 0.898885 0.582822
vt 0.898885 0.582822
vt 0.615371 0.540949
vt 0.466835 0.965439
vt 0.542952 0.952213
vt 0.542952 0.952213
vt 0.746927 0.267922
vt 0.042286 0.997325
vt 0.542952 0.952213
vt 0.542952 0.952213
vt 0.344388 0.914995
vt 0.921545 0.984204
vt 0.434858 0.904428
vt 0.344388 0.914995
vt 0.647373 0.977838
vt 0.547954 0.011292
vt 0.502677 0.984838
vt 0.547954 0.011292
vt 0.647373 0.977838
vt 0.741881 0.970035
vt 0.115189 0.986192
vt 0.547954 0.011292
vt 0.761470 0.957571
vt 0.556564 0.010409
vt 0.556564 0.010409
vt 0.549873 0.962621
vt 0.340645 0.968255
vt 0.691572 0.931425
vt 0.691572 0.931425
vt 0.972204 0.124756
vt 0.463728 0.964172
vt 0.972204 0.124756
vt 0.571238 0.619437
vt 0.571238 0.619437
vt 0.887010 0.428190
vt 0.583475 0.649511
vt 0.891212 0.457947
vt 0.891212 0.457947
vt 0.583475 0.649511
vt 0.891212 0.457947
vt 0.583475 0.649511
vt 0.891212 0.457947
vt 0.534309 0.431415
vt 0.894690 0.692249
vt 0.534309 0.431415
vt 0.883604 0.348945
vt 0.532162 0.200087
vt 0.532162 0.200087
vt 0.135615 0.927232
vt 0.135615 0.927232
vt 0.698013 0.938229
vt 0.698013 0.938229
vt 0.548872 0.953308
vt 0.698013 0.938229
vt 0.548244 0.981601
vt 0.570952 0.948112
vt 0.570952 0.948112
vt 0.974824 0.189843
vt 0.974824 0.189843
vt 0.548244 0.981601
vt 0.543962 0.981601
vt 0.671683 0.839817
vt 0.976343 0.193804
vt 0.676230 0.967363
vt 0.002239 0.985226
vt 0.544069 0.977258
vt 0.544069 0.977258
vt 0.673019 0.845082
vt 0.438218 0.902578
vt 0.918161 0.984204
vt 0.438218 0.902578
vt 0.438218 0.902578
vt 0.042286 0.989504
vt 0.336789 0.972549
vt 0.744131 0.275675
vt 0.474532 0.962493
vt 0.336789 0.972549
vt 0.336789 0.972549
vt 0.474532 0.962493
vt 0.942880 0.968891
vt 0.628149 0.967350
vt 0.677761 0.834192
vt 0.677761 0.834192
vt 0.942880 0.968891
vt 0.674266 0.839412
vt 0.941987 0.962765
vt 0.674266 0.839412
vt 0.674266 0.839412
vt 0.978631 0.193658
vt 0.130785 0.942556
vt 0.707835 0.817583
vt 0.707835 0.817583
vt 0.707835 0.817583
vt 0.131365 0.932619
vt 0.707835 0.807540
vt 0.131365 0.932619
vt 0.707835 0.807540
vt 0.707835 0.807540
vt 0.704543 0.800982
vt 0.131028 0.925651
vt 0.704543 0.800982
vt 0.131028 0.925651
vt 0.004893 0.982993
vt 0.547523 0.976969
vt 0.564666 0.948112
vt 0.440402 0.904059
vt 0.440402 0.904059
vt 0.440402 0.904059
vt 0.931834 0.257999
vt 0.961259 0.031360
vt 0.931834 0.257999
vt 0.961259 0.031360
vt 0.571276 0.650122
vt 0.887065 0.458742
vt 0.571276 0.650122
vt 0.887065 0.458742
vt 0.936630 0.257580
vt 0.470724 0.953634
vt 0.936630 0.257580
vt 0.470724 0.953634
vt 0.927864 0.989504
vt 0.365736 0.989504
vt 0.919838 0.981512
vt 0.436081 0.905772
vt 0.436081 0.905772
vt 0.899923 0.989504
vt 0.919838 0.981512
vt 0.875176 0.977586
vt 0.450175 0.905523
vt 0.545473 0.949880
vt 0.975269 0.126624
vt 0.975269 0.126624
vt 0.545473 0.949880
vt 0.701718 0.809026
vt 0.701718 0.809026
vt 0.894635 0.478846
vt 0.894635 0.478846
vt 0.539971 0.645687
vt 0.539971 0.645687
vt 0.539971 0.645687
vt 0.894635 0.478846
vt 0.043125 0.991810
vt 0.745163 0.273512
vt 0.820738 0.941383
vt 0.820738 0.941383
vt 0.141131 0.946126
vt 0.939795 0.639942
vt 0.820738 0.941383
vt 0.699323 0.940752
vt 0.976404 0.122447
vt 0.549873 0.950463
vt 0.699323 0.940752
vt 0.976404 0.122447
vt 0.532574 0.992355
vt 0.699323 0.940752
vt 0.699323 0.940752
vt 0.532574 0.992355
vt 0.549873 0.950463
vt 0.571129 0.942141
vt 0.948162 0.964796
vt 0.948162 0.964796
vt 0.571129 0.942141
vt 0.571129 0.942141
vt 0.571129 0.942141
vt 0.571129 0.942141
vt 0.978631 0.187681
vt 0.576924 0.120075
vt 0.879334 0.368201
vt 0.141508 0.925312
vt 0.952237 0.263031
vt 0.952237 0.263031
vt 0.948783 0.260823
vt 0.534918 0.989847
vt 0.948783 0.260823
vt 0.981264 0.706684
vt 0.534918 0.989847
vt 0.948783 0.260823
vt 0.576861 0.316389
vt 0.576861 0.316389
vt 0.879363 0.171913
vt 0.879363 0.171913
vt 0.576861 0.316389
vt 0.339785 0.916612
vt 0.339785 0.916612
vt 0.573920 0.937783
vt 0.339785 0.916612
vt 0.573920 0.937783
vt 0.898284 0.989504
vt 0.919713 0.979929
vt 0.948162 0.969891
vt 0.746183 0.265629
vt 0.873038 0.977984
vt 0.746183 0.265629
vt 0.543292 0.949865
vt 0.746183 0.265629
vt 0.873038 0.977984
vt 0.565317 0.942551
vt 0.002239 0.979625
vt 0.565317 0.942551
vt 0.672237 0.971367
vt 0.565317 0.942551
vt 0.130791 0.946840
vt 0.929457 0.640813
vt 0.705750 0.822222
vt 0.705750 0.822222
vt 0.700767 0.818484
vt 0.700767 0.818484
vt 0.700767 0.818484
vt 0.700767 0.818484
vt 0.833651 0.968982
vt 0.341259 0.972896
vt 0.690989 0.937460
vt 0.341259 0.972896
vt 0.690989 0.937460
vt 0.699197 0.803956
vt 0.699197 0.803956
vt 0.614612 0.599050
vt 0.898883 0.524971
vt 0.614612 0.599050
vt 0.898883 0.524971
vt 0.898883 0.524971
vt 0.898883 0.524971
vt 0.444637 0.907563
vt 0.255081 0.993032
vt 0.444637 0.907563
vt 0.444637 0.907563
vt 0.444637 0.907563
vt 0.945939 0.968768
vt 0.945939 0.968768
vt 0.945939 0.968768
vt 0.879362 0.486713
vt 0.576663 0.001553
vt 0.879362 0.486713
vt 0.947368 0.319161
vt 0.879334 0.256478
vt 0.577550 0.231803
vt 0.879334 0.256478
vt 0.570757 0.670073
vt 0.887268 0.478556
vt 0.527234 0.971606
vt 0.570757 0.670073
vt 0.887268 0.478556
vt 0.891396 0.477623
vt 0.583711 0.669270
vt 0.891396 0.477623
vt 0.741508 0.268130
vt 0.536376 0.949194
vt 0.958324 0.031250
vt 0.979384 0.707695
vt 0.535034 0.991720
vt 0.700256 0.943396
vt 0.945771 0.263668
vt 0.981686 0.710840
vt 0.945771 0.263668
vt 0.335674 0.918192
vt 0.826852 0.940042
vt 0.335674 0.918192
vt 0.826852 0.940042
vt 0.054130 0.991457
vt 0.683580 0.843705
vt 0.558980 0.993366
vt 0.676230 0.976540
vt 0.683580 0.843705
vt 0.972794 0.910319
vt 0.882797 0.992324
vt 0.365087 0.991223
vt 0.927864 0.992045
vt 0.212280 0.991594
vt 0.883866 0.991925
vt 0.899520 0.991424
vt 0.946669 0.971014
vt 0.625042 0.963313
vt 0.926942 0.991356
vt 0.946669 0.971014
vt 0.625042 0.963313
vt 0.442155 0.910143
vt 0.442155 0.910143
vt 0.210475 0.994528
vt 0.365736 0.996024
vt 0.934532 0.228194
vt 0.934532 0.228194
vt 0.984149 0.974967
vt 0.442155 0.910143
vt 0.875690 0.975201
vt 0.448098 0.907855
vt 0.448098 0.907855
vt 0.875690 0.975201
vt 0.566696 0.940034
vt 0.566696 0.940034
vt 0.566696 0.940034
vt 0.566696 0.940034
vt 0.684675 0.840194
vt 0.033145 0.989504
vt 0.684675 0.840194
vt 0.684675 0.840194
vt 0.344373 0.993931
vt 0.684675 0.840194
vt 0.967222 0.210438
vt 0.589556 0.665911
vt 0.589556 0.665911
vt 0.589556 0.665911
vt 0.589556 0.665911
vt 0.967222 0.210438
vt 0.585773 0.672170
vt 0.585773 0.672170
vt 0.526764 0.975849
vt 0.585773 0.672170
vt 0.891186 0.480348
vt 0.696491 0.947163
vt 0.696491 0.947163
vt 0.979384 0.713021
vt 0.979384 0.713021
vt 0.565363 0.664895
vt 0.565363 0.664895
vt 0.047079 0.993659
vt 0.565363 0.664895
vt 0.264840 0.913548
vt 0.255925 0.989504
vt 0.446250 0.911163
vt 0.469024 0.923444
vt 0.874460 0.972031
vt 0.938614 0.227313
vt 0.874460 0.972031
vt 0.690989 0.944562
vt 0.833309 0.963951
vt 0.833309 0.963951
vt 0.690989 0.944562
vt 0.833309 0.963951
vt 0.690989 0.944562
vt 0.337455 0.923386
vt 0.569078 0.932866
vt 0.337455 0.923386
vt 0.569078 0.932866
vt 0.621537 0.957848
vt 0.976366 0.900507
vt 0.337455 0.923386
vt 0.339825 0.979697
vt 0.740295 0.275079
vt 0.838608 0.969763
vt 0.336789 0.976426
vt 0.740295 0.275079
vt 0.740295 0.275079
vt 0.567442 0.672448
vt 0.966635 0.696867
vt 0.523597 0.971799
vt 0.567442 0.672448
vt 0.523597 0.971799
vt 0.804287 0.980255
vt 0.946118 0.268042
vt 0.946118 0.268042
vt 0.946118 0.268042
vt 0.697560 0.795786
vt 0.130816 0.919491
vt 0.697560 0.795786
vt 0.787423 0.925943
vt 0.862597 0.886853
vt 0.940441 0.648130
vt 0.862597 0.886853
vt 0.940441 0.648130
vt 0.862597 0.886853
vt 0.820738 0.952111
vt 0.622430 0.962275
vt 0.210475 0.989504
vt 0.572744 0.935489
vt 0.882797 0.989504
vt 0.984149 0.967642
vt 0.622430 0.962275
vt 0.984149 0.967642
vt 0.572744 0.935489
vt 0.572337 0.933361
vt 0.337685 0.920844
vt 0.930145 0.222466
vt 0.982686 0.967909
vt 0.976606 0.904277
vt 0.565523 0.934413
vt 0.976606 0.904277
vt 0.976606 0.904277
vt 0.565523 0.934413
vt 0.929380 0.646112
vt 0.701186 0.827440
vt 0.929380 0.646112
vt 0.701186 0.827440
vt 0.446691 0.910667
vt 0.253233 0.989504
vt 0.877151 0.972217
vt 0.877151 0.972217
vt 0.952237 0.271286
vt 0.141931 0.919436
vt 0.798526 0.926451
vt 0.976606 0.907341
vt 0.564175 0.937213
vt 0.671683 0.976063
vt 0.338825 0.921652
vt 0.929249 0.223647
vt 0.622771 0.959688
vt 0.929249 0.223647
vt 0.929249 0.223647
vt 0.031925 0.995105
vt 0.929249 0.228984
vt 0.628149 0.958520
vt 0.687012 0.835027
vt 0.628149 0.958520
vt 0.738987 0.252554
vt 0.334850 0.924950
vt 0.334850 0.924950
vt 0.829067 0.947040
vt 0.334850 0.924950
vt 0.829067 0.947040
vt 0.537362 0.525678
vt 0.537362 0.525678
vt 0.537362 0.525678
vt 0.894569 0.598300
vt 0.932369 0.223732
vt 0.982179 0.970427
vt 0.932369 0.223732
vt 0.932369 0.223732
vt 0.982179 0.970427
vt 0.898896 0.641769
vt 0.898896 0.641769
vt 0.616303 0.481765
vt 0.898896 0.641769
vt 0.859679 0.919415
vt 0.552662 0.007198
vt 0.859679 0.919415
vt 0.505564 0.981268
vt 0.589434 0.675138
vt 0.589434 0.675138
vt 0.963388 0.703054
vt 0.523597 0.978664
vt 0.984954 0.779269
vt 0.599982 0.336923
vt 0.380337 0.983494
vt 0.639980 0.982308
vt 0.639980 0.982308
vt 0.982744 0.851673
vt 0.595783 0.338283
vt 0.976017 0.835884
vt 0.976017 0.835884
vt 0.595783 0.338283
vt 0.644236 0.981947
vt 0.689290 0.800373
vt 0.689290 0.800373
vt 0.782290 0.916836
vt 0.474532 0.953924
vt 0.474532 0.953924
vt 0.529847 0.949665
vt 0.934599 0.256123
vt 0.934599 0.256123
vt 0.589566 0.671372
vt 0.589566 0.671372
vt 0.589566 0.671372
vt 0.589566 0.671372
vt 0.979699 0.715324
vt 0.693696 0.947623
vt 0.982179 0.978073
vt 0.943753 0.268084
vt 0.982179 0.978073
vt 0.832769 0.959727
vt 0.554272 0.001553
vt 0.860500 0.913714
vt 0.247621 0.973121
vt 0.381536 0.979015
vt 0.639980 0.977680
vt 0.860500 0.913714
vt 0.860500 0.913714
vt 0.739057 0.255247
vt 0.931942 0.228758
vt 0.961750 0.002123
vt 0.739057 0.255247
vt 0.931942 0.228758
vt 0.739057 0.255247
vt 0.626752 0.985056
vt 0.214103 0.919312
vt 0.737579 0.270262
vt 0.838698 0.964953
vt 0.737579 0.270262
vt 0.838698 0.964953
vt 0.879438 0.208432
vt 0.577903 0.279849
vt 0.879438 0.208432
vt 0.879438 0.208432
vt 0.422197 0.970384
vt 0.826583 0.951530
vt 0.826583 0.951530
vt 0.862833 0.882029
vt 0.862833 0.882029
vt 0.665097 0.898519
vt 0.665097 0.898519
vt 0.826583 0.951530
vt 0.684806 0.925130
vt 0.793288 0.922238
vt 0.200119 0.912113
vt 0.260971 0.951489
vt 0.684806 0.925130
vt 0.793288 0.922238
vt 0.793288 0.922238
vt 0.814484 0.989504
vt 0.206392 0.914176
vt 0.458211 0.983992
vt 0.206392 0.914176
vt 0.799504 0.924422
vt 0.951278 0.273303
vt 0.206392 0.914176
vt 0.328062 0.971230
vt 0.377733 0.994701
vt 0.558406 0.662743
vt 0.558406 0.662743
vt 0.558406 0.662743
vt 0.214447 0.913269
vt 0.214447 0.913269
vt 0.336789 0.979532
vt 0.737536 0.276314
vt 0.214447 0.913269
vt 0.737536 0.276314
vt 0.985077 0.910319
vt 0.984954 0.773270
vt 0.265327 0.925554
vt 0.205323 0.886334
vt 0.265327 0.925554
vt 0.565659 0.676926
vt 0.962309 0.696867
vt 0.964338 0.334718
vt 0.265327 0.925554
vt 0.595954 0.993372
vt 0.736300 0.265981
vt 0.838698 0.960641
vt 0.471130 0.924586
vt 0.738353 0.262245
vt 0.738353 0.262245
vt 0.471130 0.924586
vt 0.738353 0.262245
vt 0.873038 0.970106
vt 0.837084 0.964718
vt 0.339825 0.984783
vt 0.837084 0.964718
vt 0.594123 0.329300
vt 0.594123 0.329300
vt 0.671683 0.880208
vt 0.976017 0.845062
vt 0.983288 0.371372
vt 0.788613 0.920838
vt 0.692083 0.794008
vt 0.788613 0.920838
vt 0.735604 0.311664
vt 0.971132 0.205479
vt 0.214447 0.877902
vt 0.594528 0.668626
vt 0.539246 0.596485
vt 0.894670 0.527779
vt 0.894670 0.527779
vt 0.922708 0.946345
vt 0.663226 0.936478
vt 0.261113 0.914965
vt 0.743526 0.948947
vt 0.020018 0.969550
vt 0.046231 0.989504
vt 0.261113 0.914965
vt 0.682743 0.888652
vt 0.260922 0.932856
vt 0.260922 0.932856
vt 0.260922 0.932856
vt 0.684806 0.906433
vt 0.204468 0.912410
vt 0.265327 0.951644
vt 0.814484 0.993891
vt 0.964338 0.360855
vt 0.644204 0.979342
vt 0.983759 0.849043
vt 0.862979 0.912346
vt 0.862979 0.912346
vt 0.244455 0.975739
vt 0.862979 0.912346
vt 0.211774 0.886140
vt 0.211774 0.886140
vt 0.591624 0.676757
vt 0.211774 0.886140
vt 0.591624 0.676757
vt 0.982632 0.779643
vt 0.207751 0.886342
vt 0.983272 0.775647
vt 0.583497 0.929987
vt 0.583497 0.929987
vt 0.734704 0.273249
vt 0.734704 0.273249
vt 0.734704 0.273249
vt 0.734704 0.273249
vt 0.941965 0.115261
vt 0.737335 0.246973
vt 0.031290 0.989504
vt 0.342622 0.992085
vt 0.558980 0.989504
vt 0.737335 0.246973
vt 0.778435 0.981136
vt 0.922842 0.989504
vt 0.972489 0.906435
vt 0.342622 0.992085
vt 0.972489 0.906435
vt 0.179483 0.934221
vt 0.688337 0.842840
vt 0.665572 0.908087
vt 0.688337 0.842840
vt 0.344373 0.989504
vt 0.422197 0.979967
vt 0.665572 0.908087
vt 0.922708 0.917975
vt 0.344373 0.989504
vt 0.665572 0.908087
vt 0.895178 0.992438
vt 0.201837 0.911769
vt 0.813892 0.991150
vt 0.201837 0.911769
vt 0.027694 0.989503
vt 0.049047 0.989504
vt 0.328872 0.965345
vt 0.561450 0.667868
vt 0.741525 0.950365
vt 0.328872 0.965345
vt 0.741525 0.950365
vt 0.525806 0.910009
vt 0.856836 0.915771
vt 0.525806 0.910009
vt 0.525806 0.910009
vt 0.856836 0.915771
vt 0.525908 0.906450
vt 0.857141 0.912251
vt 0.525908 0.906450
vt 0.863416 0.885000
vt 0.205696 0.909619
vt 0.205696 0.909619
vt 0.966158 0.358122
vt 0.966158 0.358122
vt 0.211812 0.913503
vt 0.211812 0.913503
vt 0.211812 0.913503
vt 0.211812 0.913503
vt 0.682040 0.902083
vt 0.020071 0.956274
vt 0.682040 0.902083
vt 0.020071 0.956274
vt 0.533460 0.919620
vt 0.735636 0.256864
vt 0.533460 0.919620
vt 0.735636 0.256864
vt 0.958324 0.001553
vt 0.455361 0.984676
vt 0.208719 0.917620
vt 0.626752 0.979609
vt 0.962058 0.631365
vt 0.208719 0.917620
vt 0.558128 0.980392
vt 0.860852 0.889763
vt 0.515834 0.969571
vt 0.860852 0.889763
vt 0.974985 0.527752
vt 0.860852 0.889763
vt 0.856534 0.905581
vt 0.524759 0.899876
vt 0.524759 0.899876
vt 0.856534 0.905581
vt 0.523286 0.883592
vt 0.856905 0.889240
vt 0.519788 0.969524
vt 0.523286 0.883592
vt 0.519788 0.969524
vt 0.929380 0.651423
vt 0.696198 0.829955
vt 0.929380 0.651423
vt 0.696198 0.829955
vt 0.929380 0.651423
vt 0.868369 0.888179
vt 0.868369 0.888179
vt 0.868369 0.888179
vt 0.868369 0.888179
vt 0.868369 0.888179
vt 0.861662 0.888558
vt 0.515120 0.970975
vt 0.861662 0.888558
vt 0.861662 0.888558
vt 0.976596 0.526877
vt 0.515120 0.970975
vt 0.939527 0.649854
vt 0.206853 0.893634
vt 0.206853 0.893634
vt 0.206853 0.893634
vt 0.206853 0.893634
vt 0.966855 0.342116
vt 0.982179 0.980726
vt 0.595954 0.989504
vt 0.834971 0.961650
vt 0.982179 0.980726
vt 0.867190 0.882579
vt 0.420002 0.974659
vt 0.867190 0.882579
vt 0.867190 0.882579
vt 0.867190 0.882579
vt 0.420355 0.977083
vt 0.557368 0.991032
vt 0.869599 0.882546
vt 0.420355 0.977083
vt 0.869599 0.882546
vt 0.895178 0.989504
vt 0.923836 0.991256
vt 0.052153 0.989504
vt 0.115189 0.980601
vt 0.502677 0.979339
vt 0.526426 0.913912
vt 0.856282 0.919715
vt 0.526426 0.913912
vt 0.682945 0.823543
vt 0.682945 0.823543
vt 0.682945 0.823543
vt 0.934134 0.651063
vt 0.856282 0.887222
vt 0.934134 0.651063
vt 0.934134 0.651063
vt 0.861090 0.906806
vt 0.861090 0.906806
vt 0.247621 0.980461
vt 0.861090 0.906806
vt 0.861090 0.906806
vt 0.692515 0.824923
vt 0.692515 0.824923
vt 0.069535 0.971559
vt 0.522091 0.901325
vt 0.522091 0.901325
vt 0.890468 0.483454
vt 0.069535 0.971559
vt 0.522091 0.901325
vt 0.890468 0.483454
vt 0.342699 0.990356
vt 0.894333 0.990996
vt 0.922252 0.991256
vt 0.212175 0.916039
vt 0.212175 0.916039
vt 0.212175 0.916039
vt 0.212175 0.916039
vt 0.212175 0.916039
vt 0.052153 0.994801
vt 0.683880 0.847576
vt 0.683880 0.847576
vt 0.871422 0.887855
vt 0.975127 0.902174
vt 0.778027 0.977260
vt 0.339081 0.925120
vt 0.975127 0.902174
vt 0.778027 0.977260
vt 0.875351 0.989504
vt 0.735094 0.270654
vt 0.735094 0.270654
vt 0.742508 0.955027
vt 0.022838 0.963720
vt 0.742508 0.955027
vt 0.338403 0.926271
vt 0.874439 0.990320
vt 0.862140 0.889880
vt 0.862140 0.889880
vt 0.977319 0.528394
vt 0.963763 0.845834
vt 0.020018 0.952078
vt 0.020018 0.952078
vt 0.680791 0.906438
vt 0.963763 0.845834
vt 0.976681 0.840757
vt 0.975857 0.532407
vt 0.975857 0.532407
vt 0.863114 0.900824
vt 0.974985 0.539071
vt 0.863114 0.900824
vt 0.974985 0.539071
vt 0.863114 0.900824
vt 0.688244 0.846824
vt 0.688244 0.846824
vt 0.921166 0.917291
vt 0.175816 0.933419
vt 0.688244 0.846824
vt 0.921166 0.917291
vt 0.946088 0.274534
vt 0.455361 0.980322
vt 0.555066 0.980392
vt 0.361982 0.989504
vt 0.946088 0.274534
vt 0.214127 0.886083
vt 0.214127 0.886083
vt 0.736944 0.303470
vt 0.214127 0.886083
vt 0.214127 0.886083
vt 0.022617 0.955930
vt 0.743526 0.962747
vt 0.919289 0.946181
vt 0.919289 0.946181
vt 0.734921 0.260450
vt 0.734921 0.260450
vt 0.529847 0.919513
vt 0.734921 0.260450
vt 0.474532 0.923765
vt 0.529847 0.919513
vt 0.734921 0.260450
vt 0.113208 0.982466
vt 0.524188 0.916911
vt 0.524188 0.916911
vt 0.651594 0.977842
vt 0.983111 0.984426
vt 0.597449 0.992340
vt 0.623931 0.984154
vt 0.734823 0.267779
vt 0.734823 0.267779
vt 0.962058 0.637317
vt 0.962058 0.637317
vt 0.958545 0.634419
vt 0.983465 0.979780
vt 0.668532 0.906205
vt 0.734397 0.248912
vt 0.734397 0.248912
vt 0.775490 0.980881
vt 0.861447 0.980344
vt 0.668532 0.906205
vt 0.734397 0.248912
vt 0.734397 0.248912
vt 0.023722 0.960348
vt 0.742226 0.958488
vt 0.742226 0.958488
vt 0.523850 0.907624
vt 0.068980 0.978044
vt 0.523850 0.907624
vt 0.936144 0.978284
vt 0.804287 0.985580
vt 0.943261 0.271442
vt 0.361982 0.994292
vt 0.958807 0.633142
vt 0.984590 0.979360
vt 0.556108 0.984467
vt 0.196585 0.896368
vt 0.671683 0.907781
vt 0.196585 0.896368
vt 0.671683 0.907781
vt 0.028184 0.991940
vt 0.097461 0.995928
vt 0.740465 0.952616
vt 0.360503 0.992369
vt 0.806555 0.984958
vt 0.943404 0.272654
vt 0.674104 0.877351
vt 0.869411 0.919033
vt 0.978989 0.841935
vt 0.983759 0.858285
vt 0.532039 0.947638
vt 0.985951 0.906809
vt 0.192088 0.989504
vt 0.734058 0.275206
vt 0.734058 0.275206
vt 0.578872 0.958722
vt 0.578872 0.958722
vt 0.953954 0.069869
vt 0.741816 0.966442
vt 0.023939 0.952541
vt 0.741816 0.966442
vt 0.967708 0.845615
vt 0.679482 0.886851
vt 0.377733 0.989504
vt 0.679482 0.886851
vt 0.331931 0.967785
vt 0.888398 0.971281
vt 0.667951 0.898920
vt 0.829216 0.950224
vt 0.775490 0.973591
vt 0.335303 0.927492
vt 0.875351 0.992619
vt 0.520804 0.907205
vt 0.975841 0.242476
vt 0.520804 0.907205
vt 0.937394 0.981224
vt 0.022815 0.973843
vt 0.520804 0.907205
vt 0.520804 0.907205
vt 0.937394 0.981224
vt 0.583874 0.959283
vt 0.941965 0.144591
vt 0.578872 0.929270
vt 0.955470 0.040456
vt 0.955470 0.040456
vt 0.733157 0.268614
vt 0.733157 0.268614
vt 0.733157 0.268614
vt 0.955470 0.040456
vt 0.540164 0.989732
vt 0.740252 0.957233
vt 0.740252 0.957233
vt 0.096179 0.991548
vt 0.740252 0.957233
vt 0.540164 0.989732
vt 0.426992 0.976539
vt 0.515921 0.883402
vt 0.519788 0.976837
vt 0.935277 0.656026
vt 0.935277 0.656026
vt 0.517858 0.913046
vt 0.973321 0.947960
vt 0.973321 0.947960
vt 0.517858 0.913046
vt 0.534773 0.948488
vt 0.903733 0.950289
vt 0.934188 0.979471
vt 0.903733 0.950289
vt 0.903733 0.950289
vt 0.066988 0.978696
vt 0.065940 0.972850
vt 0.903234 0.944459
vt 0.065940 0.972850
vt 0.151925 0.970682
vt 0.677337 0.906567
vt 0.964230 0.842399
vt 0.677337 0.906567
vt 0.964230 0.842399
vt 0.378944 0.993050
vt 0.885158 0.973935
vt 0.558294 0.664566
vt 0.712884 0.989504
vt 0.725017 0.276263
vt 0.725017 0.276263
vt 0.182789 0.915925
vt 0.725017 0.276263
vt 0.182789 0.915925
vt 0.027694 0.998447
vt 0.097461 0.989504
vt 0.152091 0.978560
vt 0.328062 0.956847
vt 0.538139 0.989504
vt 0.678191 0.898589
vt 0.678191 0.898589
vt 0.692032 0.831086
vt 0.929837 0.655714
vt 0.692032 0.831086
vt 0.683624 0.874771
vt 0.936641 0.801152
vt 0.936641 0.801152
vt 0.683624 0.874771
vt 0.683624 0.874771
vt 0.936641 0.801152
vt 0.065940 0.970115
vt 0.901870 0.941872
vt 0.889543 0.487115
vt 0.652825 0.994361
vt 0.667192 0.908264
vt 0.795915 0.930514
vt 0.859632 0.981661
vt 0.667192 0.908264
vt 0.738722 0.966930
vt 0.967708 0.842482
vt 0.148452 0.970895
vt 0.738722 0.966930
vt 0.967708 0.842482
vt 0.148452 0.970895
vt 0.967708 0.842482
vt 0.667713 0.934498
vt 0.796732 0.956747
vt 0.667713 0.934498
vt 0.674239 0.880098
vt 0.984669 0.373696
vt 0.636773 0.989504
vt 0.175816 0.960618
vt 0.921086 0.944481
vt 0.451041 0.984024
vt 0.887346 0.487322
vt 0.899591 0.941259
vt 0.899591 0.941259
vt 0.899591 0.941259
vt 0.975841 0.251492
vt 0.732115 0.311760
vt 0.971253 0.201991
vt 0.182789 0.880556
vt 0.971253 0.201991
vt 0.732115 0.311760
vt 0.592014 0.957853
vt 0.800755 0.958346
vt 0.800755 0.958346
vt 0.967222 0.241673
vt 0.728635 0.257465
vt 0.728635 0.257465
vt 0.956571 0.073568
vt 0.899434 0.950126
vt 0.934188 0.983736
vt 0.970391 0.943440
vt 0.899434 0.950126
vt 0.934188 0.983736
vt 0.536423 0.494890
vt 0.894646 0.628979
vt 0.536423 0.494890
vt 0.928739 0.146667
vt 0.430576 0.958819
vt 0.928739 0.146667
vt 0.960657 0.848377
vt 0.956571 0.104036
vt 0.928739 0.146667
vt 0.979051 0.249249
vt 0.518355 0.899955
vt 0.518355 0.899955
vt 0.886918 0.483454
vt 0.979051 0.249249
vt 0.979051 0.249249
vt 0.003433 0.990317
vt 0.677281 0.880502
vt 0.636773 0.992579
vt 0.677281 0.880502
vt 0.003433 0.990317
vt 0.792994 0.913650
vt 0.792994 0.913650
vt 0.236251 0.989504
vt 0.678679 0.883708
vt 0.977790 0.317698
vt 0.678679 0.883708
vt 0.586301 0.329205
vt 0.678679 0.883708
vt 0.977790 0.317698
vt 0.983288 0.379187
vt 0.787935 0.912530
vt 0.787935 0.912530
vt 0.683893 0.795135
vt 0.531705 0.012035
vt 0.883522 0.160921
vt 0.761470 0.973792
vt 0.883522 0.160921
vt 0.933939 0.337396
vt 0.883522 0.160921
vt 0.933939 0.337396
vt 0.197013 0.912510
vt 0.233947 0.993497
vt 0.197013 0.912510
vt 0.671689 0.924024
vt 0.197013 0.912510
vt 0.793902 0.909274
vt 0.148452 0.977546
vt 0.540072 0.992852
vt 0.738158 0.960300
vt 0.193889 0.993690
vt 0.729560 0.275598
vt 0.957989 0.277729
vt 0.729560 0.275598
vt 0.985077 0.902338
vt 0.429304 0.982341
vt 0.957838 0.460023
vt 0.509868 0.885214
vt 0.957838 0.460023
vt 0.949289 0.069931
vt 0.949289 0.069931
vt 0.950738 0.773706
vt 0.728566 0.247820
vt 0.800755 0.929557
vt 0.455809 0.993788
vt 0.586980 0.929508
vt 0.728566 0.247820
vt 0.835322 0.980020
vt 0.981195 0.082105
vt 0.861447 0.986249
vt 0.652825 0.989504
vt 0.520001 0.917653
vt 0.649739 0.973965
vt 0.649739 0.973965
vt 0.649739 0.973965
vt 0.520001 0.917653
vt 0.740373 0.973851
vt 0.647373 0.973794
vt 0.647373 0.973794
vt 0.740373 0.973851
vt 0.680463 0.876655
vt 0.003000 0.995129
vt 0.680463 0.876655
vt 0.680463 0.876655
vt 0.680463 0.876655
vt 0.729756 0.274299
vt 0.946757 0.117537
vt 0.959194 0.279810
vt 0.192088 0.994592
vt 0.149886 0.976871
vt 0.149886 0.976871
vt 0.149886 0.976871
vt 0.538201 0.992852
vt 0.149886 0.976871
vt 0.538201 0.992852
vt 0.945846 0.773241
vt 0.946877 0.144278
vt 0.653644 0.991944
vt 0.798289 0.930541
vt 0.798289 0.930541
vt 0.676447 0.903411
vt 0.152203 0.973894
vt 0.152203 0.973894
vt 0.676447 0.903411
vt 0.566588 0.982653
vt 0.725084 0.241750
vt 0.566588 0.982653
vt 0.695371 0.850523
vt 0.725084 0.241750
vt 0.936088 0.828115
vt 0.913138 0.916978
vt 0.196201 0.887089
vt 0.672720 0.898327
vt 0.672720 0.898327
vt 0.196201 0.887089
vt 0.672720 0.898327
vt 0.020018 0.980671
vt 0.507429 0.989622
vt 0.516715 0.901067
vt 0.973321 0.935939
vt 0.449271 0.979941
vt 0.516715 0.901067
vt 0.020018 0.980671
vt 0.449271 0.979941
vt 0.516715 0.901067
vt 0.516715 0.901067
vt 0.516715 0.901067
vt 0.957989 0.305160
vt 0.945206 0.142866
vt 0.965992 0.841417
vt 0.150230 0.971220
vt 0.150230 0.971220
vt 0.951243 0.041843
vt 0.949379 0.745569
vt 0.951243 0.041843
vt 0.949379 0.745569
vt 0.949379 0.745569
vt 0.388505 0.989504
vt 0.728410 0.248829
vt 0.980089 0.081715
vt 0.981235 0.235578
vt 0.980089 0.081715
vt 0.980089 0.081715
vt 0.981235 0.235578
vt 0.728410 0.248829
vt 0.726921 0.267687
vt 0.950346 0.743169
vt 0.141334 0.976427
vt 0.726921 0.267687
vt 0.949289 0.039300
vt 0.950346 0.743169
vt 0.726921 0.267687
vt 0.888398 0.978253
vt 0.194676 0.877958
vt 0.672840 0.889086
vt 0.553140 0.666966
vt 0.885767 0.979290
vt 0.191883 0.877902
vt 0.553140 0.666966
vt 0.021495 0.979486
vt 0.977657 0.247755
vt 0.021495 0.979486
vt 0.977657 0.247755
vt 0.021495 0.979486
vt 0.020018 0.972656
vt 0.020018 0.972656
vt 0.935953 0.983915
vt 0.972152 0.943964
vt 0.898990 0.461836
vt 0.898990 0.461836
vt 0.614090 0.662490
vt 0.898990 0.461836
vt 0.677376 0.881261
vt 0.677376 0.881261
vt 0.634786 0.992397
vt 0.001553 0.989504
vt 0.967222 0.197087
vt 0.602421 0.672142
vt 0.187041 0.883223
vt 0.975807 0.033912
vt 0.975807 0.033912
vt 0.679697 0.805839
vt 0.679697 0.805839
vt 0.679697 0.805839
vt 0.592014 0.929270
vt 0.728446 0.242826
vt 0.728446 0.242826
vt 0.916534 0.917983
vt 0.968650 0.213543
vt 0.954396 0.640763
vt 0.447564 0.983977
vt 0.969487 0.596663
vt 0.896307 0.943327
vt 0.896307 0.943327
vt 0.969487 0.596663
vt 0.948610 0.772910
vt 0.948610 0.772910
vt 0.916793 0.945458
vt 0.957671 0.668053
vt 0.972242 0.950288
vt 0.517014 0.915507
vt 0.982935 0.754077
vt 0.738158 0.975626
vt 0.517014 0.915507
vt 0.648328 0.971563
vt 0.897793 0.957247
vt 0.970824 0.582438
vt 0.925260 0.825167
vt 0.425765 0.982341
vt 0.938112 0.661233
vt 0.954423 0.458846
vt 0.632776 0.935934
vt 0.898665 0.953534
vt 0.970535 0.946728
vt 0.970535 0.946728
vt 0.898665 0.953534
vt 0.678926 0.878448
vt 0.001553 0.992720
vt 0.678926 0.878448
vt 0.001553 0.992720
vt 0.978304 0.156471
vt 0.727601 0.271540
vt 0.961962 0.278726
vt 0.946548 0.745284
vt 0.948992 0.116397
vt 0.978304 0.156471
vt 0.447564 0.981578
vt 0.509293 0.989504
vt 0.447564 0.981578
vt 0.971994 0.597576
vt 0.183390 0.892929
vt 0.183390 0.892929
vt 0.728042 0.299287
vt 0.183390 0.892929
vt 0.929426 0.663549
vt 0.684039 0.830656
vt 0.929426 0.663549
vt 0.684039 0.830656
vt 0.983115 0.757856
vt 0.741881 0.978688
vt 0.760860 0.966200
vt 0.941569 0.337396
vt 0.983115 0.757856
vt 0.898943 0.458847
vt 0.975211 0.044306
vt 0.613423 0.665426
vt 0.613423 0.665426
vt 0.948210 0.741841
vt 0.948210 0.741841
vt 0.977521 0.153065
vt 0.977521 0.153065
vt 0.977521 0.153065
vt 0.948210 0.741841
vt 0.896307 0.955341
vt 0.969487 0.584634
vt 0.896307 0.955341
vt 0.969487 0.584634
vt 0.043455 0.937715
vt 0.479778 0.989504
vt 0.981195 0.073568
vt 0.043943 0.940966
vt 0.043943 0.940966
vt 0.627509 0.989504
vt 0.975078 0.173590
vt 0.978586 0.073579
vt 0.978586 0.073579
vt 0.981235 0.227245
vt 0.042656 0.938523
vt 0.745396 0.989504
vt 0.042656 0.938523
vt 0.980752 0.074975
vt 0.155782 0.993076
vt 0.478142 0.990520
vt 0.835322 0.972869
vt 0.980752 0.074975
vt 0.980752 0.074975
vt 0.741050 0.930040
vt 0.954396 0.669409
vt 0.968650 0.241961
vt 0.236302 0.993497
vt 0.195242 0.914870
vt 0.795691 0.909897
vt 0.195242 0.914870
vt 0.795691 0.909897
vt 0.682112 0.877390
vt 0.682112 0.877390
vt 0.935450 0.798053
vt 0.682112 0.877390
vt 0.457391 0.992344
vt 0.726666 0.245672
vt 0.726666 0.245672
vt 0.858763 0.993032
vt 0.726462 0.260646
vt 0.726462 0.260646
vt 0.928219 0.116918
vt 0.960657 0.818632
vt 0.726462 0.260646
vt 0.928219 0.116918
vt 0.726462 0.260646
vt 0.957207 0.991190
vt 0.484082 0.990357
vt 0.722682 0.992483
vt 0.482883 0.989504
vt 0.689248 0.886851
vt 0.695129 0.978366
vt 0.955787 0.991190
vt 0.978304 0.146827
vt 0.399462 0.909074
vt 0.563487 0.989504
vt 0.688004 0.888076
vt 0.720894 0.992492
vt 0.948319 0.735613
vt 0.956628 0.989504
vt 0.193145 0.884783
vt 0.193145 0.884783
vt 0.199242 0.992934
vt 0.397740 0.970827
vt 0.722688 0.253778
vt 0.950731 0.074789
vt 0.397740 0.970827
vt 0.656750 0.992542
vt 0.722688 0.253778
vt 0.455809 0.989504
vt 0.838698 0.976917
vt 0.838698 0.976917
vt 0.959677 0.103318
vt 0.858763 0.989504
vt 0.835903 0.976255
vt 0.981146 0.078389
vt 0.116233 0.989504
vt 0.950738 0.737536
vt 0.562086 0.991489
vt 0.117652 0.993695
vt 0.141611 0.975149
vt 0.950039 0.741895
vt 0.141611 0.975149
vt 0.950039 0.741895
vt 0.724329 0.270699
vt 0.724329 0.270699
vt 0.724329 0.270699
vt 0.724329 0.270699
vt 0.975018 0.156146
vt 0.144330 0.978107
vt 0.509293 0.993187
vt 0.513988 0.904013
vt 0.972819 0.594059
vt 0.513988 0.904013
vt 0.972819 0.594059
vt 0.191157 0.884043
vt 0.965969 0.785096
vt 0.552614 0.673190
vt 0.971720 0.033912
vt 0.942737 0.789550
vt 0.144330 0.971814
vt 0.482883 0.994330
vt 0.698914 0.978303
vt 0.720894 0.989504
vt 0.942737 0.789550
vt 0.975542 0.149845
vt 0.942737 0.789550
vt 0.942737 0.789550
vt 0.627509 0.993712
vt 0.962260 0.097958
vt 0.979019 0.231055
vt 0.962260 0.097958
vt 0.946080 0.829411
vt 0.946080 0.829411
vt 0.425604 0.957341
vt 0.039388 0.938442
vt 0.155782 0.989504
vt 0.218828 0.989504
vt 0.479778 0.993642
vt 0.745001 0.991962
vt 0.683287 0.880422
vt 0.977076 0.374623
vt 0.977076 0.374623
vt 0.683287 0.880422
vt 0.956863 0.819391
vt 0.954078 0.075184
vt 0.954078 0.075184
vt 0.725968 0.256863
vt 0.190521 0.905619
vt 0.963747 0.806531
vt 0.190521 0.905619
vt 0.963747 0.806531
vt 0.190521 0.905619
vt 0.515444 0.913108
vt 0.515444 0.913108
vt 0.971211 0.584977
vt 0.965768 0.797582
vt 0.191815 0.896424
vt 0.965768 0.797582
vt 0.514720 0.916979
vt 0.514720 0.916979
vt 0.980666 0.755439
vt 0.980666 0.755439
vt 0.513330 0.912158
vt 0.958381 0.487181
vt 0.513330 0.912158
vt 0.958381 0.487181
vt 0.958381 0.487181
vt 0.388505 0.993486
vt 0.962695 0.103872
vt 0.725411 0.246199
vt 0.859569 0.991916
vt 0.962695 0.103872
vt 0.975800 0.154076
vt 0.144312 0.976048
vt 0.144312 0.976048
vt 0.144312 0.976048
vt 0.975800 0.154076
vt 0.975800 0.154076
vt 0.721573 0.242505
vt 0.721573 0.242505
vt 0.564133 0.985219
vt 0.721573 0.242505
vt 0.721573 0.242505
vt 0.936641 0.828981
vt 0.969383 0.903203
vt 0.969383 0.903203
vt 0.721573 0.242505
vt 0.140297 0.971198
vt 0.118799 0.989504
vt 0.401868 0.906235
vt 0.563487 0.993685
vt 0.140297 0.971198
vt 0.940320 0.792776
vt 0.401868 0.906235
vt 0.934355 0.799743
vt 0.683643 0.876163
vt 0.934355 0.799743
vt 0.934355 0.799743
vt 0.187223 0.976456
vt 0.930979 0.829639
vt 0.963890 0.900907
vt 0.158793 0.990978
vt 0.741050 0.935310
vt 0.220921 0.993246
vt 0.739575 0.931707
vt 0.959677 0.099404
vt 0.959677 0.099404
vt 0.837731 0.974172
vt 0.739575 0.931707
vt 0.837731 0.974172
vt 0.739575 0.931707
vt 0.959677 0.099404
vt 0.978601 0.234770
vt 0.964141 0.101310
vt 0.386584 0.991429
vt 0.964141 0.101310
vt 0.927168 0.823458
vt 0.631582 0.937657
vt 0.927168 0.823458
vt 0.631582 0.937657
vt 0.631837 0.941963
vt 0.927699 0.819224
vt 0.929038 0.820214
vt 0.042942 0.948876
vt 0.974824 0.180178
vt 0.042942 0.948876
vt 0.974824 0.180178
vt 0.042942 0.948876
vt 0.932925 0.826003
vt 0.932925 0.826003
vt 0.932925 0.826003
vt 0.564133 0.980357
vt 0.932925 0.826003
vt 0.932925 0.826003
vt 0.541429 0.665517
vt 0.895857 0.458991
vt 0.972125 0.044296
vt 0.541429 0.665517
vt 0.895857 0.458991
vt 0.972125 0.044296
vt 0.958381 0.473292
vt 0.511000 0.898467
vt 0.958381 0.473292
vt 0.958381 0.473292
vt 0.511000 0.898467
vt 0.626280 0.992464
vt 0.736839 0.929170
vt 0.961837 0.096256
vt 0.736839 0.929170
vt 0.977540 0.175339
vt 0.977540 0.175339
vt 0.736839 0.929170
vt 0.192411 0.909723
vt 0.964527 0.810848
vt 0.964527 0.810848
vt 0.192334 0.913131
vt 0.192334 0.913131
vt 0.192334 0.913131
vt 0.963961 0.814205
vt 0.928967 0.804196
vt 0.631255 0.957058
vt 0.928967 0.804196
vt 0.631255 0.957058
vt 0.928967 0.804196
vt 0.978014 0.378129
vt 0.681913 0.883746
vt 0.978160 0.320670
vt 0.186273 0.915841
vt 0.351644 0.995010
vt 0.186273 0.915841
vt 0.186273 0.915841
vt 0.965969 0.810566
vt 0.192823 0.909232
vt 0.965969 0.810566
vt 0.192823 0.909232
vt 0.965969 0.810566
vt 0.192823 0.909232
vt 0.634226 0.938079
vt 0.634226 0.938079
vt 0.953877 0.460858
vt 0.953877 0.460858
vt 0.953877 0.460858
vt 0.634226 0.938079
vt 0.676088 0.799668
vt 0.788738 0.904171
vt 0.235091 0.955802
vt 0.676088 0.799668
vt 0.788738 0.904171
vt 0.953708 0.477402
vt 0.632941 0.954560
vt 0.953708 0.477402
vt 0.953708 0.477402
vt 0.035528 0.938491
vt 0.221455 0.989504
vt 0.745396 0.994763
vt 0.927437 0.826617
vt 0.940389 0.662794
vt 0.940389 0.662794
vt 0.035528 0.938491
vt 0.927437 0.826617
vt 0.927437 0.826617
vt 0.582060 0.329293
vt 0.976112 0.321955
vt 0.980182 0.379187
vt 0.976112 0.321955
vt 0.582060 0.329293
vt 0.582060 0.329293
vt 0.980182 0.379187
vt 0.947984 0.802075
vt 0.430576 0.930410
vt 0.952890 0.076256
vt 0.656750 0.989504
vt 0.952890 0.076256
vt 0.182789 0.971211
vt 0.182789 0.971211
vt 0.182789 0.971211
vt 0.928635 0.798478
vt 0.953766 0.485740
vt 0.634226 0.963063
vt 0.939794 0.327955
vt 0.193175 0.914279
vt 0.964924 0.815526
vt 0.193175 0.914279
vt 0.193175 0.914279
vt 0.930817 0.118539
vt 0.930817 0.118539
vt 0.487689 0.993651
vt 0.487187 0.992896
vt 0.498906 0.971088
vt 0.723166 0.262567
vt 0.931500 0.117807
vt 0.487187 0.992896
vt 0.498906 0.971088
vt 0.399559 0.902195
vt 0.688004 0.896594
vt 0.688004 0.896594
vt 0.399559 0.902195
vt 0.688004 0.896594
vt 0.698800 0.982805
vt 0.352749 0.992966
vt 0.944074 0.785060
vt 0.188158 0.916824
vt 0.698800 0.982805
vt 0.933390 0.829956
vt 0.933390 0.829956
vt 0.966328 0.900780
vt 0.966328 0.900780
vt 0.165471 0.952239
vt 0.184710 0.919925
vt 0.165471 0.952239
vt 0.184710 0.919925
vt 0.712884 0.993604
vt 0.711831 0.991481
vt 0.163473 0.953105
vt 0.723717 0.274435
vt 0.723717 0.274435
vt 0.723717 0.274435
vt 0.168934 0.952953
vt 0.943198 0.786700
vt 0.188123 0.918676
vt 0.188123 0.918676
vt 0.191724 0.915899
vt 0.695311 0.887334
vt 0.351644 0.989504
vt 0.695129 0.983116
vt 0.695311 0.887334
vt 0.191724 0.915899
vt 0.799282 0.909011
vt 0.695311 0.887334
vt 0.581420 0.336791
vt 0.980182 0.371645
vt 0.186116 0.972225
vt 0.686380 0.879013
vt 0.186116 0.972225
vt 0.196995 0.993903
vt 0.658700 0.991053
vt 0.945515 0.799904
vt 0.945515 0.799904
vt 0.509868 0.917222
vt 0.937603 0.333844
vt 0.937603 0.333844
vt 0.937603 0.333844
vt 0.980666 0.761513
vt 0.955185 0.491795
vt 0.401792 0.903529
vt 0.936872 0.792968
vt 0.401792 0.903529
vt 0.401792 0.903529
vt 0.936872 0.792968
vt 0.397740 0.973479
vt 0.720239 0.252067
vt 0.720239 0.252067
vt 0.977998 0.180616
vt 0.977998 0.180616
vt 0.731430 0.931552
vt 0.719299 0.266501
vt 0.498906 0.975029
vt 0.719299 0.266501
vt 0.498906 0.975029
vt 0.719299 0.266501
vt 0.739662 0.940527
vt 0.739662 0.940527
vt 0.739662 0.940527
vt 0.964037 0.905849
vt 0.739662 0.940527
vt 0.964037 0.905849
vt 0.813376 0.977859
vt 0.488787 0.990386
vt 0.934136 0.115261
vt 0.961056 0.991189
vt 0.488787 0.990386
vt 0.934136 0.115261
vt 0.934136 0.115261
vt 0.035528 0.947318
vt 0.035528 0.947318
vt 0.455443 0.945755
vt 0.940395 0.669409
vt 0.943469 0.804265
vt 0.943720 0.800433
vt 0.138470 0.872140
vt 0.943720 0.800433
vt 0.168635 0.961643
vt 0.939573 0.776812
vt 0.168635 0.961643
vt 0.939573 0.776812
vt 0.196995 0.989504
vt 0.308568 0.989504
vt 0.401973 0.970233
vt 0.944955 0.796207
vt 0.187223 0.968440
vt 0.879542 0.151401
vt 0.577481 0.336894
vt 0.187223 0.968440
vt 0.879542 0.151401
vt 0.943838 0.796737
vt 0.943838 0.796737
vt 0.310264 0.990063
vt 0.592849 0.992492
vt 0.730094 0.934958
vt 0.730094 0.934958
vt 0.977878 0.184101
vt 0.188919 0.949760
vt 0.735114 0.936931
vt 0.735114 0.936931
vt 0.465918 0.946092
vt 0.678464 0.827985
vt 0.930002 0.668659
vt 0.495169 0.972341
vt 0.960313 0.989504
vt 0.487187 0.989504
vt 0.942503 0.828818
vt 0.942503 0.828818
vt 0.942503 0.828818
vt 0.240663 0.967625
vt 0.399819 0.895360
vt 0.693345 0.901159
vt 0.399819 0.895360
vt 0.399819 0.895360
vt 0.399819 0.895360
vt 0.693345 0.901159
vt 0.934083 0.145580
vt 0.236241 0.966765
vt 0.695371 0.896182
vt 0.799504 0.901830
vt 0.236241 0.966765
vt 0.555791 0.814782
vt 0.933843 0.787937
vt 0.402564 0.898168
vt 0.402564 0.898168
vt 0.933843 0.787937
vt 0.402564 0.898168
vt 0.934595 0.785935
vt 0.557208 0.817086
vt 0.557208 0.817086
vt 0.557208 0.817086
vt 0.934595 0.785935
vt 0.934595 0.785935
vt 0.557208 0.817086
vt 0.934595 0.785935
vt 0.496016 0.973454
vt 0.814194 0.976333
vt 0.961377 0.989504
vt 0.496016 0.973454
vt 0.496016 0.973454
vt 0.814194 0.976333
vt 0.790310 0.989504
vt 0.308568 0.994114
vt 0.401790 0.975004
vt 0.401790 0.975004
vt 0.184926 0.964323
vt 0.967861 0.910319
vt 0.714414 0.237978
vt 0.967861 0.910319
vt 0.134163 0.874928
vt 0.791539 0.989602
vt 0.940137 0.798186
vt 0.134163 0.874928
vt 0.309891 0.994132
vt 0.791539 0.989602
vt 0.716576 0.273201
vt 0.716576 0.273201
vt 0.716576 0.273201
vt 0.882561 0.151105
vt 0.935704 0.327721
vt 0.184382 0.967429
vt 0.935704 0.327721
vt 0.676839 0.812255
vt 0.677395 0.816742
vt 0.677395 0.816742
vt 0.677395 0.816742
vt 0.078656 0.989504
vt 0.817632 0.974792
vt 0.406290 0.899014
vt 0.406290 0.899014
vt 0.495384 0.976170
vt 0.559764 0.813592
vt 0.495384 0.976170
vt 0.559764 0.813592
vt 0.954723 0.375895
vt 0.939747 0.800906
vt 0.939747 0.800906
vt 0.939747 0.800906
vt 0.136794 0.875846
vt 0.954723 0.375895
vt 0.379744 0.922599
vt 0.975024 0.184101
vt 0.975024 0.184101
vt 0.040454 0.951911
vt 0.592223 0.989504
vt 0.400292 0.897448
vt 0.400292 0.897448
vt 0.400292 0.897448
vt 0.938221 0.145856
vt 0.938221 0.145856
vt 0.951408 0.404013
vt 0.951408 0.404013
vt 0.938859 0.117637
vt 0.078656 0.995170
vt 0.140449 0.877230
vt 0.817632 0.980276
vt 0.950847 0.375795
vt 0.817632 0.980276
vt 0.955331 0.403058
vt 0.940166 0.828103
vt 0.464253 0.923444
vt 0.240663 0.956417
vt 0.240663 0.956417
vt 0.464253 0.923444
vt 0.388740 0.895883
vt 0.672123 0.806046
vt 0.164644 0.961661
vt 0.164644 0.961661
vt 0.715175 0.279006
vt 0.715175 0.279006
vt 0.188753 0.959667
vt 0.188753 0.959667
vt 0.734153 0.945841
vt 0.734153 0.945841
vt 0.465776 0.940006
vt 0.465776 0.940006
vt 0.673648 0.822663
vt 0.673648 0.822663
vt 0.188919 0.963911
vt 0.963890 0.909438
vt 0.739909 0.945354
vt 0.188566 0.952335
vt 0.732127 0.936498
vt 0.715621 0.251989
vt 0.789860 0.992332
vt 0.399835 0.977606
vt 0.789860 0.992332
vt 0.182789 0.956102
vt 0.182789 0.956102
vt 0.182789 0.956102
vt 0.714734 0.246327
vt 0.036919 0.952570
vt 0.380222 0.919724
vt 0.036919 0.952570
vt 0.380222 0.919724
vt 0.455123 0.941179
vt 0.562332 0.816509
vt 0.715628 0.267715
vt 0.497882 0.978572
vt 0.562332 0.816509
vt 0.715628 0.267715
vt 0.408271 0.897795
vt 0.080335 0.990534
vt 0.408271 0.897795
vt 0.145346 0.877853
vt 0.408271 0.897795
vt 0.408271 0.897795
vt 0.465918 0.932666
vt 0.465918 0.932666
vt 0.671683 0.815603
vt 0.671683 0.815603
vt 0.713362 0.272605
vt 0.560633 0.821260
vt 0.713362 0.272605
vt 0.713362 0.272605
vt 0.385634 0.918093
vt 0.460439 0.939237
vt 0.460439 0.939237
vt 0.460439 0.939237
vt 0.065940 0.925593
vt 0.385634 0.918093
vt 0.065940 0.925593
vt 0.187260 0.951728
vt 0.375098 0.922290
vt 0.375098 0.922290
vt 0.592223 0.995001
vt 0.187260 0.951728
vt 0.184830 0.960393
vt 0.184830 0.960393
vt 0.711084 0.241839
vt 0.980594 0.832779
vt 0.133937 0.877404
vt 0.371115 0.920403
vt 0.714305 0.253658
vt 0.791539 0.992249
vt 0.980594 0.832779
vt 0.133937 0.877404
vt 0.371115 0.920403
vt 0.183673 0.950903
vt 0.371450 0.919845
vt 0.713770 0.251440
vt 0.713770 0.251440
vt 0.982828 0.832734
vt 0.168934 0.965758
vt 0.555791 0.823311
vt 0.933843 0.777769
vt 0.401398 0.893163
vt 0.703294 0.991812
vt 0.401398 0.893163
vt 0.401398 0.893163
vt 0.401398 0.893163
vt 0.395207 0.893948
vt 0.458043 0.925984
vt 0.395207 0.893948
vt 0.395207 0.893948
vt 0.891504 0.972203
vt 0.315130 0.989759
vt 0.380932 0.917776
vt 0.891504 0.972203
vt 0.393952 0.894251
vt 0.459391 0.927128
vt 0.078109 0.925832
vt 0.459391 0.927128
vt 0.164705 0.965732
vt 0.559968 0.823950
vt 0.164705 0.965732
vt 0.559968 0.823950
vt 0.711084 0.275314
vt 0.398325 0.893006
vt 0.618340 0.844088
vt 0.705333 0.989504
vt 0.398325 0.893006
vt 0.398325 0.893006
vt 0.313369 0.994027
vt 0.376291 0.917298
vt 0.982179 0.827636
vt 0.376291 0.917298
vt 0.394446 0.892294
vt 0.079896 0.923846
vt 0.394446 0.892294
vt 0.394446 0.892294
vt 0.079896 0.923846
vt 0.404478 0.891598
vt 0.404478 0.891598
vt 0.404478 0.891598
vt 0.313369 0.989504
vt 0.380516 0.916735
vt 0.893228 0.973262
vt 0.380924 0.908237
vt 0.380924 0.908237
vt 0.891504 0.981719
vt 0.400338 0.891595
vt 0.400338 0.891595
vt 0.705333 0.992248
vt 0.378773 0.915237
vt 0.378773 0.915237
vt 0.574918 0.573421
vt 0.378773 0.915237
vt 0.980594 0.824809
vt 0.209345 0.980642
vt 0.065940 0.909435
vt 0.385020 0.901949
vt 0.717385 0.950250
vt 0.909905 0.979214
vt 0.065940 0.909435
vt 0.380776 0.911559
vt 0.380776 0.911559
vt 0.893063 0.978409
vt 0.893063 0.978409
vt 0.130785 0.896953
vt 0.130785 0.896953
vt 0.371115 0.900573
vt 0.130785 0.896953
vt 0.130785 0.896953
vt 0.371115 0.900573
vt 0.400730 0.881224
vt 0.400730 0.881224
vt 0.400730 0.881224
vt 0.400730 0.881224
vt 0.616867 0.856048
vt 0.394331 0.879237
vt 0.079854 0.910796
vt 0.394331 0.879237
vt 0.079854 0.910796
vt 0.379868 0.895147
vt 0.574918 0.593416
vt 0.379868 0.895147
vt 0.379868 0.895147
vt 0.373860 0.893957
vt 0.373860 0.893957
vt 0.665847 0.963888
vt 0.373860 0.893957
vt 0.711664 0.972524
vt 0.400465 0.871060
vt 0.618340 0.866134
vt 0.711664 0.972524
vt 0.378920 0.899345
vt 0.575738 0.589243
vt 0.075189 0.909710
vt 0.075189 0.909710
vt 0.909905 0.969980
vt 0.075189 0.909710
vt 0.574912 0.639921
vt 0.971484 0.913424
vt 0.973342 0.650459
vt 0.712351 0.966774
vt 0.079732 0.899979
vt 0.481428 0.980002
vt 0.079732 0.899979
vt 0.394855 0.868429
vt 0.481428 0.980002
vt 0.712351 0.966774
vt 0.408271 0.873874
vt 0.140158 0.901173
vt 0.140158 0.901173
vt 0.408271 0.873874
vt 0.408271 0.873874
vt 0.907776 0.971059
vt 0.907776 0.971059
vt 0.324956 0.956165
vt 0.907004 0.970168
vt 0.976157 0.651213
vt 0.907004 0.970168
vt 0.976157 0.651213
vt 0.320875 0.956890
vt 0.966834 0.371140
vt 0.320875 0.956890
vt 0.906974 0.974306
vt 0.209345 0.986359
vt 0.721369 0.948724
vt 0.721369 0.948724
vt 0.211229 0.984353
vt 0.964338 0.369840
vt 0.964338 0.369840
vt 0.716868 0.939863
vt 0.716868 0.939863
vt 0.384700 0.891594
vt 0.716868 0.939863
vt 0.716868 0.939863
vt 0.322779 0.947901
vt 0.322779 0.947901
vt 0.799085 0.990238
vt 0.318112 0.950203
vt 0.670378 0.992464
vt 0.966834 0.363961
vt 0.721046 0.944119
vt 0.721046 0.944119
vt 0.965177 0.365305
vt 0.800753 0.989504
vt 0.973939 0.656371
vt 0.973939 0.656371
vt 0.575658 0.645884
vt 0.319864 0.948199
vt 0.672359 0.991145
vt 0.319864 0.948199
vt 0.574894 0.991524
vt 0.668131 0.964496
vt 0.131728 0.904474
vt 0.371641 0.893346
vt 0.668131 0.964496
vt 0.668131 0.964496
vt 0.979106 0.418376
vt 0.131728 0.904474
vt 0.324587 0.944368
vt 0.324587 0.944368
vt 0.324587 0.944368
vt 0.574912 0.652008
vt 0.973342 0.662512
vt 0.973459 0.925315
vt 0.324587 0.944368
vt 0.377688 0.894705
vt 0.377688 0.894705
vt 0.377688 0.894705
vt 0.722430 0.941713
vt 0.576701 0.989504
vt 0.665648 0.989548
vt 0.670378 0.989504
vt 0.722430 0.941713
vt 0.722430 0.941713
vt 0.800753 0.992279
vt 0.405644 0.870031
vt 0.842437 0.978059
vt 0.405644 0.870031
vt 0.140213 0.904953
vt 0.405644 0.870031
vt 0.711664 0.977683
vt 0.136831 0.905559
vt 0.975825 0.964537
vt 0.713651 0.974673
vt 0.713651 0.974673
vt 0.843027 0.975248
vt 0.843027 0.975248
vt 0.843027 0.975248
vt 0.139416 0.906510
vt 0.406873 0.868411
vt 0.139416 0.906510
vt 0.379424 0.892033
vt 0.682834 0.641477
vt 0.968416 0.130177
vt 0.379424 0.892033
vt 0.976134 0.792013
vt 0.976134 0.792013
vt 0.724655 0.934612
vt 0.976134 0.792013
vt 0.724655 0.934612
vt 0.667272 0.989504
vt 0.975274 0.785096
vt 0.724056 0.941727
vt 0.381625 0.892329
vt 0.381625 0.892329
vt 0.845749 0.971316
vt 0.833721 0.619276
vt 0.713633 0.970116
vt 0.804287 0.969585
vt 0.484852 0.980083
vt 0.667272 0.992949
vt 0.576701 0.993022
vt 0.321850 0.945574
vt 0.973487 0.788674
vt 0.321850 0.945574
vt 0.078257 0.893056
vt 0.481428 0.973065
vt 0.324956 0.939453
vt 0.372762 0.991657
vt 0.971484 0.930035
vt 0.663226 0.966291
vt 0.663226 0.966291
vt 0.376366 0.891560
vt 0.682339 0.001553
vt 0.971442 0.130590
vt 0.326388 0.989504
vt 0.376366 0.891560
vt 0.141485 0.908783
vt 0.804287 0.977149
vt 0.845749 0.979195
vt 0.141485 0.908783
vt 0.845749 0.979195
vt 0.805996 0.974181
vt 0.845555 0.976162
vt 0.805996 0.974181
vt 0.845555 0.976162
vt 0.808059 0.974680
vt 0.145193 0.910074
vt 0.631204 0.984038
vt 0.722189 0.930567
vt 0.568765 0.960760
vt 0.722189 0.930567
vt 0.568765 0.960760
vt 0.722189 0.930567
vt 0.716868 0.933036
vt 0.384285 0.884844
vt 0.568194 0.966410
vt 0.483426 0.973423
vt 0.830416 0.625078
vt 0.483426 0.973423
vt 0.830416 0.625078
vt 0.374627 0.993613
vt 0.830416 0.625078
vt 0.808761 0.970291
vt 0.632248 0.979716
vt 0.827891 0.619854
vt 0.827891 0.619854
vt 0.808761 0.970291
vt 0.632248 0.979716
vt 0.135593 0.910620
vt 0.976854 0.959359
vt 0.135593 0.910620
vt 0.976854 0.959359
vt 0.135593 0.910620
vt 0.326809 0.993244
vt 0.664226 0.969907
vt 0.664226 0.969907
vt 0.131540 0.911591
vt 0.976375 0.411917
vt 0.970192 0.365923
vt 0.970192 0.365923
vt 0.322796 0.940164
vt 0.833721 0.627513
vt 0.833721 0.627513
vt 0.974313 0.793714
vt 0.374627 0.989504
vt 0.322796 0.940164
vt 0.974313 0.793714
vt 0.568491 0.958923
vt 0.724224 0.931635
vt 0.976602 0.794988
vt 0.134761 0.912255
vt 0.978385 0.958050
vt 0.969961 0.362636
vt 0.380237 0.884408
vt 0.564175 0.966979
vt 0.684424 0.633846
vt 0.380237 0.884408
vt 0.564175 0.966979
vt 0.684424 0.633846
vt 0.140719 0.913517
vt 0.140719 0.913517
vt 0.982189 0.644212
vt 0.668131 0.971428
vt 0.978092 0.411216
vt 0.895004 0.455741
vt 0.466094 0.989504
vt 0.634662 0.979658
vt 0.826513 0.621835
vt 0.826513 0.621835
vt 0.907192 0.151355
vt 0.971442 0.146021
vt 0.666772 0.007901
vt 0.907192 0.151355
vt 0.907192 0.151355
vt 0.666772 0.007901
vt 0.971442 0.146021
vt 0.143750 0.914419
vt 0.899557 0.454630
vt 0.979822 0.647353
vt 0.466094 0.994290
vt 0.700985 0.007892
vt 0.899557 0.454630
vt 0.145346 0.913632
vt 0.464828 0.993714
vt 0.634662 0.984053
vt 0.683448 0.008867
vt 0.973970 0.370845
vt 0.326388 0.996825
vt 0.979106 0.408735
vt 0.665025 0.973466
vt 0.683448 0.008867
vt 0.137531 0.916330
vt 0.973970 0.359009
vt 0.695202 0.010874
vt 0.973970 0.359009
vt 0.975825 0.953394
vt 0.980077 0.641720
vt 0.667479 0.634793
vt 0.904056 0.151105
vt 0.968320 0.145381
vt 0.565246 0.959195
vt 0.565246 0.959195
vt 0.565246 0.959195
vt 0.833250 0.630293
vt 0.973487 0.796366
vt 0.666563 0.627650
vt 0.903661 0.158271
vt 0.666563 0.627650
vt 0.903661 0.158271
vt 0.564175 0.951218
vt 0.700138 0.632517
vt 0.826644 0.625811
vt 0.894502 0.452566
vt 0.692562 0.012592
vt 0.979822 0.639164
vt 0.702114 0.061117
vt 0.702114 0.061117
vt 0.899178 0.401409
vt 0.702114 0.061117
vt 0.702114 0.061117
vt 0.702114 0.061117
vt 0.666893 0.570928
vt 0.902743 0.214963
vt 0.666893 0.570928
vt 0.902743 0.214963
vt 0.666893 0.570928
vt 0.907042 0.214160
vt 0.666620 0.070693
vt 0.666620 0.070693
vt 0.702891 0.540128
vt 0.894819 0.360266
vt 0.894819 0.360266
vt 0.894819 0.360266
vt 0.666984 0.166267
vt 0.907133 0.309728
vt 0.666984 0.166267
vt 0.907133 0.309728
vt 0.703622 0.128613
vt 0.899198 0.333935
vt 0.703622 0.128613
vt 0.704324 0.163016
vt 0.899334 0.299544
vt 0.704324 0.163016
vt 0.902827 0.312930
vt 0.666816 0.472928
vt 0.902827 0.312930
vt 0.902663 0.356315
vt 0.667082 0.429519
vt 0.895163 0.272739
vt 0.705254 0.452523
vt 0.705231 0.191670
vt 0.899321 0.270905
vt 0.899321 0.270905
vt 0.705231 0.191670
vt 0.666816 0.217158
vt 0.666816 0.217158
vt 0.907019 0.360631
vt 0.666816 0.217158
vt 0.907019 0.360631
vt 0.899371 0.227486
vt 0.899371 0.227486
vt 0.706287 0.235106
vt 0.899371 0.227486
vt 0.707835 0.330796
vt 0.668107 0.786528
vt 0.707835 0.330796
vt 0.895217 0.151105
vt 0.666563 0.332110
vt 0.668242 0.827817
vt 0.902713 0.453703
vt 0.902713 0.453703
vt 0.907149 0.424702
vt 0.666738 0.281227
vt 0.907149 0.424702
vt 0.663767 0.827778
vt 0.666620 0.310698
vt 0.907192 0.454177
vt 0.663767 0.827778
vt 0.707978 0.311393
vt 0.899557 0.151229
vt 0.663767 0.786434
vt 0.213300 0.916952
vt 0.213300 0.916952
vt 0.338180 0.982983
vt 0.837431 0.967098
vt 0.021328 0.980875
vt 0.450541 0.981186
vt 0.977819 0.249220
vt 0.564733 0.982387
vt 0.934761 0.828264
usemtl heli_rotor
f 3/3 7/7 13/13
f 5/5 12/12 17/17
f 1/1 16/16 20/20
f 6/6 21/21 24/24
f 10/10 19/19 15/15
f 11/11 29/29 31/31
f 9/9 28/28 14/14
f 4/4 26/26 8/8
f 10/10 30/30 19/19
f 2/2 23/23 27/27
f 25/25 37/37 31/31
f 32/32 35/35 38/38
f 23/23 36/36 26/26
f 19/19 30/30 41/41
f 30/30 39/39 41/41
f 18/18 43/43 22/22
f 20/20 42/42 46/46
f 23/23 44/44 34/34
f 39/39 49/49 41/41
f 35/35 50/50 40/40
f 35/35 52/52 50/50
f 33/33 45/45 54/54
f 36/36 56/56 51/51
f 42/42 60/60 46/46
f 41/41 48/48 58/58
f 49/49 61/61 58/58
f 47/47 52/52 62/62
f 52/52 63/63 62/62
f 46/46 59/59 55/55
f 53/53 54/54 64/64
f 62/62 63/63 66/66
f 58/58 61/61 65/65
f 63/63 72/72 68/68
f 58/58 65/65 75/75
f 56/56 70/70 64/64
f 56/56 79/79 70/70
f 65/65 80/80 75/75
f 67/67 73/73 81/81
f 55/55 60/60 78/78
f 57/57 84/84 78/78
f 69/69 77/77 89/89
f 75/75 80/80 93/93
f 59/59 76/76 87/87
f 74/74 94/94 86/86
f 73/73 97/97 82/82
f 88/88 90/90 103/103
f 86/86 105/105 106/106
f 83/83 97/97 115/115
f 70/70 85/85 107/107
f 80/80 112/112 93/93
f 91/91 121/121 102/102
f 98/98 126/126 134/134
f 98/98 131/131 137/137
f 71/71 127/127 99/99
f 93/93 109/109 141/141
f 102/102 124/124 147/147
f 100/100 145/145 150/150
f 95/95 153/153 123/123
f 98/98 156/156 111/111
f 133/133 160/160 139/139
f 92/92 143/143 166/166
f 96/96 165/165 155/155
f 154/154 169/169 174/174
f 98/98 137/137 156/156
f 122/122 152/152 176/176
f 120/120 177/177 179/179
f 152/152 173/173 176/176
f 175/175 186/186 180/180
f 173/173 187/187 176/176
f 110/110 157/157 193/193
f 129/129 194/194 130/130
f 142/142 202/202 164/164
f 113/113 201/201 140/140
f 138/138 192/192 158/158
f 70/70 107/107 203/203
f 132/132 195/195 163/163
f 119/119 180/180 146/146
f 135/135 207/207 190/190
f 117/117 211/211 199/199
f 167/167 214/214 170/170
f 71/71 217/217 127/127
f 136/136 161/161 208/208
f 172/172 224/224 184/184
f 198/198 209/209 228/228
f 168/168 200/200 233/233
f 144/144 234/234 148/148
f 125/125 244/244 197/197
f 146/146 180/180 238/238
f 116/116 227/227 210/210
f 171/171 216/216 223/223
f 167/167 232/232 214/214
f 198/198 228/228 230/230
f 159/159 196/196 243/243
f 71/71 205/205 217/217
f 151/151 236/236 247/247
f 183/183 188/188 251/251
f 104/104 149/149 248/248
f 181/181 253/253 254/254
f 114/114 193/193 265/265
f 118/118 263/263 227/227
f 252/252 267/267 256/256
f 192/192 207/207 273/273
f 226/226 259/259 231/231
f 185/185 275/275 251/251
f 182/182 257/257 281/281
f 162/162 241/241 284/284
f 213/213 229/229 261/261
f 161/161 271/271 208/208
f 104/104 246/246 294/294
f 101/101 296/296 108/108
f 184/184 222/222 274/274
f 101/101 302/302 295/295
f 161/161 286/286 270/270
f 189/189 308/308 260/260
f 191/191 272/272 305/305
f 255/255 268/268 310/310
f 128/128 220/220 242/242
f 178/178 279/279 235/235
f 258/258 310/310 283/283
f 269/269 288/288 307/307
f 282/282 310/310 315/315
f 237/237 280/280 314/314
f 104/104 289/289 300/300
f 252/252 322/322 267/267
f 107/107 297/297 203/203
f 262/262 306/306 326/326
f 212/212 266/266 330/330
f 215/215 330/330 224/224
f 264/264 326/326 329/329
f 311/311 334/334 312/312
f 234/234 342/342 250/250
f 285/285 345/345 308/308
f 218/218 347/347 245/245
f 240/240 316/316 354/354
f 239/239 353/353 340/340
f 356/356 362/362 367/367
f 313/313 333/333 368/368
f 249/249 341/341 292/292
f 241/241 348/348 287/287
f 204/204 298/298 303/303
f 293/293 371/371 299/299
f 379/379 382/382 384/384
f 206/206 303/303 219/219
f 221/221 301/301 373/373
f 317/317 370/370 355/355
f 267/267 322/322 309/309
f 382/382 387/387 386/386
f 359/359 390/390 367/367
f 304/304 344/344 323/323
f 252/252 399/399 318/318
f 358/358 401/401 361/361
f 325/325 406/406 331/331
f 310/310 411/411 335/335
f 333/333 417/417 368/368
f 285/285 348/348 345/345
f 382/382 422/422 387/387
f 382/382 424/424 422/422
f 251/251 277/277 397/397
f 359/359 426/426 393/393
f 225/225 328/328 278/278
f 309/309 320/320 410/410
f 351/351 369/369 417/417
f 336/336 413/413 415/415
f 422/422 424/424 432/432
f 277/277 436/436 400/400
f 276/276 330/330 434/434
f 345/345 348/348 444/444
f 388/388 420/420 445/445
f 394/394 428/428 448/448
f 424/424 453/453 430/430
f 363/363 402/402 457/457
f 383/383 389/389 446/446
f 337/337 350/350 459/459
f 363/363 467/467 427/427
f 380/380 385/385 473/473
f 324/324 343/343 442/442
f 319/319 474/474 412/412
f 409/409 479/479 418/418
f 352/352 416/416 459/459
f 357/357 366/366 403/403
f 432/432 453/453 482/482
f 400/400 436/436 458/458
f 419/419 480/480 464/464
f 321/321 396/396 476/476
f 398/398 460/460 477/477
f 462/462 478/478 475/475
f 414/414 474/474 479/479
f 218/218 375/375 347/347
f 330/330 487/487 435/435
f 436/436 490/490 463/463
f 339/339 461/461 491/491
f 453/453 496/496 483/483
f 428/428 498/498 450/450
f 291/291 500/500 374/374
f 377/377 471/471 503/503
f 453/453 510/510 496/496
f 327/327 440/440 405/405
f 451/451 513/513 509/509
f 428/428 517/517 498/498
f 332/332 408/408 489/489
f 290/290 523/523 502/502
f 449/449 497/497 526/526
f 496/496 510/510 529/529
f 498/498 517/517 533/533
f 349/349 372/372 540/540
f 346/346 540/540 545/545
f 512/512 550/550 551/551
f 508/508 553/553 531/531
f 517/517 556/556 533/533
f 364/364 557/557 403/403
f 378/378 503/503 381/381
f 481/481 494/494 562/562
f 365/365 392/392 560/560
f 533/533 556/556 567/567
f 550/550 569/569 551/551
f 348/348 542/542 441/441
f 376/376 501/501 538/538
f 553/553 569/569 574/574
f 429/429 481/481 562/562
f 423/423 503/503 454/454
f 472/472 578/578 505/505
f 292/292 341/341 522/522
f 570/570 584/584 575/575
f 403/403 557/557 456/456
f 338/338 493/493 522/522
f 499/499 532/532 526/526
f 381/381 503/503 425/425
f 556/556 587/587 567/567
f 360/360 590/590 466/466
f 566/566 585/585 592/592
f 552/552 573/573 598/598
f 427/427 467/467 518/518
f 572/572 602/602 584/584
f 385/385 577/577 473/473
f 404/404 438/438 605/605
f 493/493 612/612 522/522
f 556/556 618/618 587/587
f 500/500 521/521 537/537
f 437/437 621/621 626/626
f 441/441 542/542 631/631
f 436/436 629/629 490/490
f 407/407 606/606 488/488
f 576/576 583/583 598/598
f 511/511 633/633 634/634
f 520/520 611/611 536/536
f 438/438 641/641 607/607
f 587/587 617/617 644/644
f 648/648 650/650 652/652
f 391/391 449/449 526/526
f 507/507 656/656 549/549
f 518/518 665/665 555/555
f 649/649 668/668 650/650
f 440/440 673/673 640/640
f 492/492 625/625 609/609
f 433/433 487/487 623/623
f 548/548 684/684 686/686
f 650/650 688/688 655/655
f 539/539 693/693 543/543
f 617/617 697/697 646/646
f 509/509 634/634 659/659
f 547/547 686/686 571/571
f 617/617 699/699 697/697
f 361/361 457/457 590/590
f 395/395 707/707 560/560
f 452/452 505/505 710/710
f 610/610 627/627 711/711
f 421/421 431/431 446/446
f 650/650 668/668 715/715
f 717/717 723/723 728/728
f 439/439 631/631 733/733
f 647/647 741/741 666/666
f 486/486 608/608 641/641
f 724/724 749/749 730/730
f 647/647 654/654 738/738
f 622/622 752/752 756/756
f 624/624 756/756 628/628
f 628/628 758/758 764/764
f 541/541 614/614 692/692
f 628/628 762/762 712/712
f 722/722 729/729 766/766
f 630/630 768/768 731/731
f 651/651 716/716 690/690
f 721/721 751/751 725/725
f 697/697 704/704 778/778
f 674/674 732/732 785/785
f 733/733 770/770 787/787
f 546/546 692/692 794/794
f 754/754 797/797 760/760
f 645/645 695/695 800/800
f 670/670 735/735 804/804
f 485/485 638/638 808/808
f 614/614 815/815 694/694
f 568/568 687/687 603/603
f 484/484 808/808 620/620
f 622/622 808/808 752/752
f 720/720 828/828 751/751
f 694/694 812/812 793/793
f 746/746 748/748 822/822
f 431/431 829/829 445/445
f 613/613 832/832 834/834
f 552/552 596/596 841/841
f 610/610 711/711 762/762
f 615/615 835/835 819/819
f 643/643 676/676 846/846
f 672/672 856/856 792/792
f 719/719 767/767 861/861
f 696/696 775/775 802/802
f 667/667 795/795 813/813
f 671/671 820/820 715/715
f 718/718 859/859 825/825
f 755/755 866/866 870/870
f 691/691 714/714 876/876
f 759/759 797/797 878/878
f 757/757 878/878 763/763
f 530/530 554/554 844/844
f 555/555 881/881 616/616
f 753/753 869/869 796/796
f 674/674 789/789 851/851
f 544/544 791/791 888/888
f 742/742 823/823 892/892
f 385/385 896/896 577/577
f 752/752 808/808 864/864
f 542/542 889/889 631/631
f 610/610 762/762 831/831
f 549/549 660/660 684/684
f 631/631 889/889 768/768
f 494/494 530/530 898/898
f 495/495 898/898 562/562
f 431/431 562/562 829/829
f 700/700 901/901 776/776
f 702/702 905/905 901/901
f 727/727 860/860 765/765
f 669/669 805/805 908/908
f 669/669 908/908 857/857
f 816/816 838/838 912/912
f 653/653 689/689 740/740
f 823/823 852/852 892/892
f 837/837 915/915 911/911
f 639/639 920/920 806/806
f 730/730 747/747 922/922
f 783/783 929/929 935/935
f 788/788 932/932 850/850
f 768/768 887/887 945/945
f 769/769 939/939 786/786
f 790/790 858/858 946/946
f 824/824 861/861 951/951
f 745/745 957/957 750/750
f 713/713 818/818 874/874
f 701/701 962/962 969/969
f 747/747 959/959 922/922
f 852/852 933/933 890/890
f 746/746 891/891 936/936
f 904/904 907/907 970/970
f 642/642 848/848 919/919
f 814/814 913/913 972/972
f 911/911 915/915 973/973
f 689/689 875/875 739/739
f 703/703 969/969 906/906
f 775/775 900/900 978/978
f 887/887 981/981 938/938
f 811/811 989/989 874/874
f 827/827 995/995 849/849
f 737/737 1003/1003 805/805
f 902/902 968/968 1009/1009
f 832/832 1013/1013 836/836
f 805/805 1000/1000 908/908
f 762/762 1015/1015 831/831
f 809/809 1019/1019 865/865
f 791/791 947/947 887/887
f 784/784 941/941 928/928
f 930/930 940/940 1025/1025
f 845/845 1033/1033 919/919
f 761/761 877/877 1016/1016
f 849/849 1031/1031 1032/1032
f 927/927 1027/1027 931/931
f 821/821 1037/1037 995/995
f 847/847 993/993 1026/1026
f 903/903 1008/1008 978/978
f 865/865 1021/1021 1043/1043
f 839/839 1013/1013 914/914
f 854/854 1047/1047 949/949
f 831/831 1015/1015 1050/1050
f 863/863 1053/1053 952/952
f 934/934 1029/1029 1057/1057
f 826/826 950/950 1040/1040
f 744/744 1063/1063 954/954
f 885/885 948/948 1045/1045
f 810/810 918/918 1068/1068
f 934/934 1057/1057 1062/1062
f 817/817 972/972 986/986
f 743/743 937/937 1064/1064
f 566/566 594/594 1072/1072
f 777/777 975/975 800/800
f 944/944 1076/1076 1030/1030
f 886/886 1046/1046 980/980
f 867/867 1042/1042 868/868
f 1028/1028 1079/1079 1035/1035
f 518/518 1082/1082 665/665
f 833/833 1049/1049 1011/1011
f 726/726 924/924 862/862
f 736/736 873/873 1002/1002
f 996/996 1057/1057 1024/1024
f 917/917 1033/1033 1067/1067
f 603/603 687/687 1085/1085
f 968/968 1091/1091 1007/1007
f 583/583 1093/1093 1101/1101
f 796/796 868/868 1104/1104
f 581/581 604/604 1094/1094
f 452/452 709/709 513/513
f 383/383 446/446 894/894
f 555/555 662/662 879/879
f 858/858 985/985 1048/1048
f 967/967 1113/1113 1089/1089
f 971/971 1116/1116 991/991
f 601/601 1124/1124 1094/1094
f 943/943 1129/1129 1078/1078
f 1034/1034 1075/1075 1058/1058
f 998/998 1033/1033 1055/1055
f 908/908 1004/1004 1136/1136
f 603/603 1085/1085 1121/1121
f 530/530 844/844 1141/1141
f 771/771 1129/1129 943/943
f 963/963 1114/1114 966/966
f 779/779 943/943 984/984
f 862/862 924/924 1054/1054
f 994/994 1067/1067 1033/1033
f 810/810 1146/1146 1023/1023
f 773/773 943/943 1109/1109
f 781/781 1110/1110 942/942
f 1051/1051 1157/1157 1163/1163
f 1017/1017 1153/1153 1051/1051
f 800/800 975/975 1170/1170
f 1004/1004 1174/1174 1136/1136
f 1006/1006 1090/1090 1183/1183
f 855/855 908/908 1187/1187
f 782/782 982/982 1189/1189
f 858/858 1194/1194 983/983
f 872/872 988/988 1197/1197
f 872/872 1195/1195 1001/1001
f 1059/1059 1077/1077 1132/1132
f 796/796 1104/1104 878/878
f 1056/1056 1129/1129 1061/1061
f 582/582 1098/1098 1199/1199
f 976/976 1005/1005 1182/1182
f 466/466 1082/1082 519/519
f 807/807 1068/1068 1145/1145
f 1017/1017 1205/1205 1153/1153
f 961/961 1209/1209 1112/1112
f 645/645 801/801 1210/1210
f 853/853 1187/1187 1193/1193
f 908/908 1136/1136 1187/1187
f 953/953 1053/1053 1037/1037
f 999/999 1196/1196 1173/1173
f 979/979 1179/1179 1215/1215
f 1181/1181 1226/1226 1221/1221
f 1095/1095 1229/1229 1102/1102
f 1088/1088 1111/1111 1239/1239
f 916/916 1011/1011 1118/1118
f 580/580 1199/1199 597/597
f 915/915 1115/1115 974/974
f 1092/1092 1242/1242 1178/1178
f 1092/1092 1240/1240 1242/1242
f 780/780 1192/1192 1107/1107
f 1185/1185 1223/1223 1219/1219
f 1155/1155 1222/1222 1226/1226
f 1136/1136 1174/1174 1248/1248
f 955/955 1060/1060 1251/1251
f 958/958 1258/1258 1264/1264
f 922/922 956/956 1261/1261
f 1159/1159 1227/1227 1272/1272
f 1154/1154 1271/1271 1162/1162
f 1111/1111 1209/1209 1237/1237
f 977/977 1218/1218 1275/1275
f 1096/1096 1125/1125 1229/1229
f 926/926 1259/1259 1052/1052
f 1126/1126 1282/1282 1287/1287
f 975/975 1277/1277 1168/1168
f 1020/1020 1148/1148 1289/1289
f 1165/1165 1291/1291 1295/1295
f 1220/1220 1224/1224 1298/1298
f 772/772 1306/1306 1130/1130
f 1160/1160 1273/1273 1225/1225
f 1162/1162 1295/1295 1311/1311
f 1313/1313 1321/1321 1323/1323
f 1021/1021 1331/1331 1041/1041
f 1018/1018 1335/1335 1340/1340
f 1180/1180 1241/1241 1344/1344
f 990/990 1351/1351 1197/1197
f 1188/1188 1197/1197 1351/1351
f 1314/1314 1326/1326 1342/1342
f 1139/1139 1197/1197 1188/1188
f 1020/1020 1357/1357 1334/1334
f 1184/1184 1348/1348 1293/1293
f 1084/1084 1285/1285 1122/1122
f 1020/1020 1289/1289 1355/1355
f 923/923 1359/1359 1253/1253
f 1184/1184 1292/1292 1228/1228
f 1086/1086 1369/1369 1285/1285
f 1162/1162 1225/1225 1290/1290
f 868/868 1371/1371 1104/1104
f 1021/1021 1377/1377 1329/1329
f 1065/1065 1128/1128 1250/1250
f 1317/1317 1379/1379 1318/1318
f 870/870 1044/1044 1384/1384
f 1281/1281 1390/1390 1286/1286
f 1252/1252 1392/1392 1268/1268
f 1127/1127 1287/1287 1381/1381
f 921/921 1400/1400 1365/1365
f 997/997 1036/1036 1404/1404
f 1136/1136 1248/1248 1411/1411
f 1256/1256 1364/1364 1394/1394
f 1123/1123 1380/1380 1233/1233
f 1295/1295 1399/1399 1311/1311
f 774/774 910/910 1306/1306
f 1336/1336 1356/1356 1360/1360
f 1022/1022 1339/1339 1375/1375
f 1216/1216 1414/1414 1278/1278
f 994/994 1406/1406 1415/1415
f 586/586 645/645 1210/1210
f 877/877 1104/1104 1016/1016
f 1171/1171 1395/1395 1296/1296
f 1316/1316 1341/1341 1419/1419
f 680/680 1085/1085 687/687
f 1287/1287 1321/1321 1378/1378
f 987/987 1120/1120 1351/1351
f 992/992 1415/1415 1066/1066
f 391/391 526/526 705/705
f 1038/1038 1052/1052 1257/1257
f 1224/1224 1423/1423 1300/1300
f 1238/1238 1346/1346 1241/1241
f 1100/1100 1425/1425 1201/1201
f 1316/1316 1427/1427 1429/1429
f 922/922 1434/1434 1402/1402
f 1161/1161 1307/1307 1440/1440
f 1175/1175 1297/1297 1448/1448
f 1135/1135 1308/1308 1398/1398
f 1039/1039 1259/1259 1407/1407
f 1217/1217 1301/1301 1449/1449
f 1217/1217 1449/1449 1413/1413
f 1335/1335 1362/1362 1403/1403
f 1335/1335 1418/1418 1337/1337
f 1044/1044 1330/1330 1383/1383
f 1295/1295 1347/1347 1444/1444
f 1235/1235 1447/1447 1345/1345
f 1106/1106 1192/1192 1457/1457
f 683/683 1460/1460 1366/1366
f 1186/1186 1350/1350 1465/1465
f 1349/1349 1472/1472 1464/1464
f 1119/1119 1472/1472 1352/1352
f 679/679 1367/1367 1087/1087
f 1014/1014 1103/1103 1204/1204
f 1290/1290 1344/1344 1294/1294
f 1131/1131 1475/1475 1254/1254
f 1413/1413 1449/1449 1481/1481
f 1284/1284 1486/1486 1387/1387
f 1310/1310 1469/1469 1491/1491
f 1224/1224 1495/1495 1423/1423
f 1280/1280 1412/1412 1500/1500
f 925/925 1263/1263 1433/1433
f 1255/1255 1476/1476 1405/1405
f 1134/1134 1466/1466 1309/1309
f 1049/1049 1164/1164 1443/1443
f 1012/1012 1049/1049 1443/1443
f 1319/1319 1387/1387 1322/1322
f 1288/1288 1387/1387 1320/1320
f 1011/1011 1439/1439 1503/1503
f 1316/1316 1419/1419 1426/1426
f 1147/1147 1353/1353 1289/1289
f 1335/1335 1403/1403 1505/1505
f 1234/1234 1333/1333 1505/1505
f 1231/1231 1432/1432 1332/1332
f 1299/1299 1422/1422 1449/1449
f 1011/1011 1489/1489 1118/1118
f 1117/1117 1492/1492 1472/1472
f 1419/1419 1431/1431 1426/1426
f 1108/1108 1455/1455 1508/1508
f 1315/1315 1430/1430 1382/1382
f 1232/1232 1382/1382 1430/1430
f 1333/1333 1428/1428 1417/1417
f 1176/1176 1512/1512 1247/1247
f 1450/1450 1518/1518 1482/1482
f 1208/1208 1445/1445 1236/1236
f 1144/1144 1358/1358 1354/1354
f 1166/1166 1276/1276 1523/1523
f 1156/1156 1497/1497 1224/1224
f 1409/1409 1529/1529 1416/1416
f 1284/1284 1535/1535 1484/1484
f 535/535 565/565 1073/1073
f 1133/1133 1303/1303 1475/1475
f 1099/1099 1506/1506 1425/1425
f 1201/1201 1425/1425 1506/1506
f 1138/1138 1545/1545 1468/1468
f 1136/1136 1411/1411 1543/1543
f 1097/1097 1230/1230 1507/1507
f 1412/1412 1483/1483 1551/1551
f 1412/1412 1549/1549 1500/1500
f 1069/1069 1415/1415 1528/1528
f 1187/1187 1467/1467 1191/1191
f 1070/1070 1526/1526 1151/1151
f 1324/1324 1555/1555 1338/1338
f 1368/1368 1461/1461 1561/1561
f 909/909 1562/1562 1302/1302
f 1270/1270 1393/1393 1363/1363
f 1408/1408 1476/1476 1527/1527
f 1485/1485 1567/1567 1570/1570
f 1458/1458 1562/1562 1508/1508
f 1010/1010 1502/1502 1488/1488
f 1283/1283 1368/1368 1536/1536
f 1470/1470 1471/1471 1491/1491
f 1423/1423 1495/1495 1572/1572
f 1167/1167 1521/1521 1576/1576
f 1312/1312 1493/1493 1441/1441
f 1304/1304 1562/1562 1455/1455
f 1421/1421 1517/1517 1449/1449
f 1144/1144 1265/1265 1361/1361
f 1174/1174 1446/1446 1580/1580
f 1279/1279 1588/1588 1523/1523
f 1274/1274 1498/1498 1585/1585
f 1190/1190 1468/1468 1453/1453
f 1389/1389 1485/1485 1568/1568
f 1305/1305 1459/1459 1479/1479
f 1245/1245 1545/1545 1410/1410
f 1327/1327 1376/1376 1593/1593
f 1402/1402 1599/1599 1504/1504
f 619/619 881/881 703/703
f 1149/1149 1478/1478 1269/1269
f 1385/1385 1568/1568 1601/1601
f 1343/1343 1556/1556 1374/1374
f 1150/1150 1525/1525 1478/1478
f 1262/1262 1473/1473 1608/1608
f 1482/1482 1516/1516 1612/1612
f 871/871 1383/1383 1373/1373
f 1200/1200 1504/1504 1619/1619
f 1442/1442 1490/1490 1501/1501
f 1499/1499 1550/1550 1586/1586
f 1213/1213 1623/1623 1267/1267
f 1262/1262 1605/1605 1616/1616
f 455/455 558/558 591/591
f 1243/1243 1538/1538 1513/1513
f 1214/1214 1266/1266 1618/1618
f 1244/1244 1514/1514 1540/1540
f 1260/1260 1622/1622 1436/1436
f 1569/1569 1626/1626 1602/1602
f 1420/1420 1610/1610 1519/1519
f 1206/1206 1630/1630 1446/1446
f 509/509 515/515 633/633
f 1454/1454 1640/1640 1474/1474
f 1487/1487 1643/1643 1564/1564
f 528/528 535/535 1649/1649
f 1487/1487 1537/1537 1643/1643
f 965/965 1631/1631 1207/1207
f 1325/1325 1386/1386 1658/1658
f 1391/1391 1603/1603 1625/1625
f 1504/1504 1663/1663 1619/1619
f 1158/1158 1203/1203 1667/1667
f 1202/1202 1620/1620 1676/1676
f 1105/1105 1678/1678 1205/1205
f 656/656 1680/1680 678/678
f 1370/1370 1558/1558 1532/1532
f 530/530 1141/1141 898/898
f 1388/1388 1625/1625 1659/1659
f 1152/1152 1690/1690 1495/1495
f 1482/1482 1609/1609 1695/1695
f 465/465 589/589 559/559
f 1177/1177 1700/1700 1509/1509
f 1325/1325 1703/1703 1554/1554
f 1424/1424 1573/1573 1613/1613
f 1515/1515 1705/1705 1546/1546
f 1482/1482 1695/1695 1548/1548
f 1477/1477 1715/1715 1607/1607
f 681/681 1718/1718 1463/1463
f 677/677 1723/1723 1719/1719
f 1504/1504 1726/1726 1665/1665
f 1246/1246 1511/1511 1731/1731
f 1552/1552 1740/1740 1589/1589
f 599/599 1198/1198 1673/1673
f 1566/1566 1627/1627 1569/1569
f 1504/1504 1595/1595 1728/1728
f 1606/1606 1745/1745 1617/1617
f 1435/1435 1623/1623 1451/1451
f 1587/1587 1739/1739 1747/1747
f 1462/1462 1721/1721 1561/1561
f 1401/1401 1753/1753 1599/1599
f 1591/1591 1746/1746 1758/1758
f 1325/1325 1657/1657 1772/1772
f 1547/1547 1694/1694 1738/1738
f 506/506 579/579 895/895
f 1402/1402 1437/1437 1753/1753
f 1522/1522 1590/1590 1759/1759
f 1604/1604 1716/1716 1743/1743
f 447/447 504/504 893/893
f 588/588 1210/1210 595/595
f 1575/1575 1775/1775 1615/1615
f 1249/1249 1732/1732 1539/1539
f 1541/1541 1706/1706 1780/1780
f 1474/1474 1640/1640 1790/1790
f 1456/1456 1468/1468 1794/1794
f 1530/1530 1771/1771 1657/1657
f 1524/1524 1798/1798 1577/1577
f 1577/1577 1798/1798 1802/1802
f 1446/1446 1634/1634 1583/1583
f 1531/1531 1660/1660 1808/1808
f 1534/1534 1807/1807 1811/1811
f 1480/1480 1790/1790 1712/1712
f 703/703 1816/1816 964/964
f 1456/1456 1794/1794 1640/1640
f 470/470 558/558 706/706
f 534/534 1071/1071 1647/1647
f 1533/1533 1812/1812 1646/1646
f 1169/1169 1578/1578 1801/1801
f 1328/1328 1592/1592 1383/1383
f 1621/1621 1664/1664 1820/1820
f 1619/1619 1819/1819 1674/1674
f 960/960 1822/1822 1633/1633
f 1617/1617 1745/1745 1637/1637
f 1636/1636 1744/1744 1709/1709
f 1322/1322 1767/1767 1703/1703
f 1539/1539 1732/1732 1774/1774
f 1158/1158 1668/1668 1692/1692
f 1510/1510 1696/1696 1734/1734
f 1104/1104 1373/1373 1829/1829
f 1762/1762 1810/1810 1809/1809
f 1571/1571 1747/1747 1777/1777
f 1542/1542 1778/1778 1795/1795
f 1467/1467 1544/1544 1791/1791
f 1574/1574 1758/1758 1749/1749
f 1438/1438 1452/1452 1833/1833
f 1495/1495 1758/1758 1574/1574
f 1203/1203 1678/1678 1667/1667
f 1565/1565 1838/1838 1628/1628
f 1376/1376 1556/1556 1593/1593
f 1707/1707 1842/1842 1779/1779
f 1452/1452 1843/1843 1833/1833
f 1611/1611 1735/1735 1693/1693
f 1561/1561 1717/1717 1849/1849
f 1532/1532 1561/1561 1770/1770
f 1736/1736 1777/1777 1748/1748
f 1563/1563 1642/1642 1838/1838
f 1174/1174 1581/1581 1697/1697
f 1553/1553 1701/1701 1854/1854
f 1614/1614 1776/1776 1737/1737
f 468/468 706/706 524/524
f 1720/1720 1724/1724 1850/1850
f 447/447 708/708 504/504
f 1644/1644 1813/1813 1860/1860
f 1560/1560 1813/1813 1765/1765
f 1560/1560 1860/1860 1813/1813
f 1666/1666 1863/1863 1821/1821
f 1733/1733 1868/1868 1773/1773
f 1674/1674 1818/1818 1862/1862
f 1698/1698 1868/1868 1733/1733
f 1662/1662 1727/1727 1865/1865
f 1645/1645 1861/1861 1839/1839
f 1624/1624 1836/1836 1872/1872
f 1624/1624 1874/1874 1766/1766
f 1632/1632 1824/1824 1877/1877
f 1742/1742 1774/1774 1870/1870
f 800/800 1170/1170 1804/1804
f 469/469 525/525 1080/1080
f 1383/1383 1594/1594 1881/1881
f 1559/1559 1845/1845 1859/1859
f 685/685 1682/1682 1886/1886
f 962/962 1891/1891 1823/1823
f 447/447 830/830 708/708
f 1781/1781 1893/1893 1792/1792
f 1838/1838 1858/1858 1901/1901
f 1782/1782 1841/1841 1869/1869
f 1520/1520 1761/1761 1800/1800
f 1903/1903 1906/1906 1913/1913
f 1722/1722 1885/1885 1848/1848
f 1905/1905 1916/1916 1910/1910
f 1835/1835 1844/1844 1923/1923
f 1669/1669 1925/1925 1688/1688
f 1438/1438 1833/1833 1756/1756
f 682/682 1885/1885 1725/1725
f 1672/1672 1862/1862 1930/1930
f 1708/1708 1936/1936 1831/1831
f 1635/1635 1711/1711 1830/1830
f 1639/1639 1794/1794 1944/1944
f 1945/1945 1951/1951 1958/1958
f 1638/1638 1834/1834 1924/1924
f 1741/1741 1869/1869 1841/1841
f 1779/1779 1869/1869 1894/1894
f 1760/1760 1959/1959 1799/1799
f 1799/1799 1960/1960 1803/1803
f 1640/1640 1963/1963 1784/1784
f 1710/1710 1968/1968 1934/1934
f 1788/1788 1911/1911 1920/1920
f 1580/1580 1630/1630 1878/1878
f 1787/1787 1921/1921 1974/1974
f 1598/1598 1933/1933 1730/1730
f 1373/1373 1383/1383 1883/1883
f 1714/1714 1785/1785 1974/1974
f 1754/1754 1832/1832 1936/1936
f 1894/1894 1976/1976 1980/1980
f 1699/1699 1984/1984 1867/1867
f 1729/1729 1931/1931 1864/1864
f 1763/1763 1873/1873 1989/1989
f 1713/1713 1973/1973 1970/1970
f 1803/1803 1959/1959 1994/1994
f 1894/1894 1957/1957 1976/1976
f 1947/1947 1956/1956 2002/2002
f 527/527 1648/1648 1083/1083
f 1786/1786 2009/2009 1912/1912
f 1840/1840 1993/1993 1875/1875
f 1903/1903 1913/1913 2014/2014
f 1674/1674 1930/1930 2022/2022
f 1641/1641 2024/2024 1964/1964
f 1824/1824 2031/2031 1877/1877
f 1824/1824 1994/1994 2027/2027
f 1640/1640 1939/1939 2026/2026
f 1895/1895 2004/2004 1952/1952
f 1851/1851 1899/1899 1858/1858
f 1852/1852 2034/2034 1902/1902
f 1557/1557 1882/1882 1593/1593
f 1959/1959 2036/2036 1994/1994
f 1757/1757 2036/2036 1960/1960
f 1796/1796 1898/1898 1982/1982
f 1904/1904 2017/2017 1918/1918
f 563/563 708/708 830/830
f 1846/1846 2038/2038 2042/2042
f 1849/1849 2042/2042 2033/2033
f 1995/1995 2035/2035 2028/2028
f 1937/1937 1972/1972 2050/2050
f 1871/1871 1987/1987 2052/2052
f 1935/1935 2049/2049 2059/2059
f 1975/1975 2068/2068 1978/1978
f 1597/1597 2077/2077 1932/1932
f 1954/1954 2070/2070 1977/1977
f 1922/1922 2082/2082 2088/2088
f 1919/1919 2089/2089 1973/1973
f 1751/1751 1936/1936 2058/2058
f 1847/1847 1884/1884 2041/2041
f 1789/1789 2092/2092 2009/2009
f 2098/2098 2101/2101 2102/2102
f 1907/1907 2105/2105 1915/1915
f 2098/2098 2102/2102 2110/2110
f 1837/1837 1900/1900 1993/1993
f 1917/1917 2015/2015 2081/2081
f 1866/1866 2056/2056 1896/1896
f 1826/1826 2119/2119 1997/1997
f 1764/1764 1992/1992 2124/2124
f 1908/1908 2007/2007 2125/2125
f 1494/1494 2036/2036 1757/1757
f 1556/1556 1855/1855 1882/1882
f 2029/2029 2132/2132 2135/2135
f 1969/1969 1973/1973 2087/2087
f 1876/1876 2029/2029 2135/2135
f 1801/1801 1996/1996 2114/2114
f 661/661 1081/1081 1648/1648
f 698/698 881/881 1816/1816
f 664/664 1648/1648 1074/1074
f 1653/1653 2023/2023 1941/1941
f 2102/2102 2139/2139 2108/2108
f 2101/2101 2143/2143 2102/2102
f 1670/1670 2022/2022 2145/2145
f 1582/1582 1879/1879 2149/2149
f 1902/1902 2034/2034 1991/1991
f 1897/1897 2057/2057 2004/2004
f 514/514 708/708 561/561
f 1877/1877 2137/2137 2149/2149
f 1596/1596 2141/2141 2076/2076
f 2028/2028 2037/2037 2155/2155
f 2030/2030 2153/2153 2134/2134
f 1946/1946 2000/2000 1948/1948
f 1857/1857 2158/2158 2099/2099
f 1667/1667 2164/2164 1927/1927
f 2100/2100 2169/2169 2140/2140
f 1913/1913 2107/2107 2172/2172
f 600/600 1675/1675 2182/2182
f 1990/1990 2032/2032 2121/2121
f 1671/1671 2146/2146 2184/2184
f 2016/2016 2173/2173 2083/2083
f 1914/1914 2174/2174 2018/2018
f 1964/1964 2024/2024 2190/2190
f 1704/1704 2161/2161 1856/1856
f 1580/1580 1983/1983 1697/1697
f 802/802 1801/1801 2117/2117
f 1654/1654 2192/2192 2025/2025
f 1703/1703 1764/1764 2121/2121
f 598/598 2185/2185 841/841
f 1600/1600 2112/2112 2143/2143
f 2074/2074 2139/2139 2196/2196
f 1930/1930 2075/2075 2022/2022
f 2133/2133 2151/2151 2138/2138
f 2138/2138 2153/2153 2201/2201
f 1784/1784 1963/1963 2049/2049
f 1783/1783 2047/2047 2094/2094
f 2010/2010 2093/2093 2086/2086
f 2032/2032 2044/2044 2121/2121
f 1655/1655 1940/1940 2204/2204
f 2051/2051 2085/2085 2095/2095
f 1104/1104 2163/2163 1679/1679
f 1668/1668 1677/1677 2164/2164
f 1793/1793 1981/1981 2053/2053
f 1797/1797 1986/1986 1942/1942
f 1596/1596 1755/1755 2108/2108
f 1651/1651 2013/2013 2189/2189
f 1825/1825 1890/1890 2116/2116
f 1943/1943 2210/2210 2204/2204
f 1496/1496 2156/2156 2036/2036
f 1953/1953 2213/2213 2069/2069
f 1971/1971 2091/2091 2048/2048
f 1853/1853 2096/2096 2179/2179
f 2142/2142 2169/2169 2198/2198
f 1950/1950 2001/2001 2222/2222
f 1793/1793 2055/2055 1988/1988
f 2100/2100 2157/2157 2169/2169
f 2096/2096 2113/2113 2180/2180
f 1584/1584 2150/2150 2230/2230
f 1687/1687 1928/1928 2200/2200
f 1580/1580 2235/2235 1985/1985
f 2097/2097 2162/2162 2100/2100
f 1579/1579 2231/2231 2232/2232
f 516/516 564/564 632/632
f 1979/1979 2071/2071 2055/2055
f 1999/1999 2054/2054 2067/2067
f 2147/2147 2240/2240 2228/2228
f 2008/2008 2085/2085 2127/2127
f 2136/2136 2200/2200 2246/2246
f 2137/2137 2241/2241 2149/2149
f 1938/1938 1986/1986 2209/2209
f 1104/1104 1829/1829 2166/2166
f 563/563 899/899 632/632
f 2148/2148 2243/2243 2219/2219
f 2079/2079 2109/2109 2223/2223
f 1950/1950 2218/2218 2244/2244
f 1926/1926 2246/2246 2203/2203
f 2046/2046 2170/2170 2122/2122
f 1496/1496 1691/1691 2154/2154
f 2079/2079 2175/2175 2109/2109
f 593/593 663/663 1074/1074
f 1949/1949 2217/2217 1955/1955
f 1909/1909 2129/2129 2106/2106
f 2078/2078 2195/2195 2253/2253
f 1966/1966 2191/2191 2255/2255
f 2039/2039 2258/2258 2044/2044
f 1684/1684 2260/2260 1887/1887
f 1689/1689 2202/2202 2152/2152
f 2123/2123 2171/2171 2160/2160
f 2149/2149 2221/2221 2239/2239
f 1929/1929 2164/2164 2247/2247
f 2043/2043 2197/2197 2168/2168
f 1702/1702 2120/2120 2159/2159
f 2011/2011 2256/2256 2188/2188
f 2073/2073 2213/2213 2266/2266
f 2019/2019 2075/2075 2252/2252
f 2021/2021 2183/2183 2144/2144
f 2045/2045 2263/2263 2197/2197
f 1888/1888 2262/2262 2040/2040
f 1967/1967 2270/2270 2049/2049
f 2006/2006 2238/2238 2220/2220
f 1855/1855 2177/2177 1882/1882
f 964/964 1816/1816 1892/1892
f 2104/2104 2130/2130 2272/2272
f 1949/1949 2248/2248 2215/2215
f 1986/1986 2279/2279 2209/2209
f 632/632 897/897 635/635
f 2049/2049 2271/2271 2058/2058
f 593/593 884/884 664/664
f 2082/2082 2284/2284 2090/2090
f 2206/2206 2207/2207 2290/2290
f 1986/1986 2235/2235 2277/2277
f 2105/2105 2294/2294 2178/2178
f 2020/2020 2250/2250 2187/2187
f 2256/2256 2297/2297 2300/2300
f 1650/1650 2205/2205 2292/2292
f 2227/2227 2237/2237 2303/2303
f 1961/1961 2254/2254 2305/2305
f 2194/2194 2309/2309 2251/2251
f 2005/2005 2072/2072 2265/2265
f 2256/2256 2315/2315 2308/2308
f 2126/2126 2318/2318 2274/2274
f 2088/2088 2281/2281 2323/2323
f 2084/2084 2323/2323 2128/2128
f 2256/2256 2300/2300 2314/2314
f 1880/1880 2176/2176 2326/2326
f 2080/2080 2225/2225 2283/2283
f 636/636 899/899 1142/1142
f 2229/2229 2303/2303 2233/2233
f 2131/2131 2322/2322 2319/2319
f 2211/2211 2329/2329 2287/2287
f 2012/2012 2330/2330 2297/2297
f 2012/2012 2297/2297 2257/2257
f 2214/2214 2242/2242 2339/2339
f 1652/1652 2288/2288 2340/2340
f 593/593 1211/1211 883/883
f 2167/2167 2343/2343 2247/2247
f 2003/2003 2349/2349 2355/2355
f 2212/2212 2362/2362 2327/2327
f 1998/1998 2356/2356 2238/2238
f 1965/1965 2307/2307 2368/2368
f 1962/1962 2367/2367 2269/2269
f 2065/2065 2283/2283 2226/2226
f 2181/2181 2249/2249 2311/2311
f 2064/2064 2372/2372 2285/2285
f 2300/2300 2375/2375 2314/2314
f 2236/2236 2379/2379 2277/2277
f 840/840 2186/2186 2311/2311
f 2005/2005 2268/2268 2346/2346
f 2289/2289 2328/2328 2361/2361
f 2245/2245 2342/2342 2335/2335
f 637/637 1140/1140 657/657
f 2208/2208 2278/2278 2363/2363
f 2199/2199 2259/2259 2385/2385
f 658/658 1143/1143 842/842
f 1372/1372 2386/2386 1827/1827
f 1373/1373 2387/2387 2386/2386
f 2238/2238 2351/2351 2302/2302
f 1373/1373 1881/1881 2325/2325
f 2193/2193 2384/2384 2312/2312
f 2278/2278 2396/2396 2359/2359
f 2306/2306 2316/2316 2377/2377
f 2306/2306 2377/2377 2366/2366
f 2176/2176 2296/2296 2326/2326
f 2297/2297 2400/2400 2298/2298
f 799/799 882/882 1212/1212
f 1686/1686 2383/2383 2261/2261
f 2273/2273 2320/2320 2406/2406
f 2264/2264 2409/2409 2347/2347
f 2297/2297 2332/2332 2399/2399
f 2216/2216 2337/2337 2411/2411
f 2213/2213 2411/2411 2267/2267
f 2286/2286 2360/2360 2421/2421
f 2288/2288 2413/2413 2340/2340
f 2106/2106 2272/2272 2405/2405
f 2299/2299 2402/2402 2373/2373
f 2165/2165 2426/2426 2341/2341
f 2234/2234 2432/2432 2380/2380
f 2331/2331 2423/2423 2401/2401
f 2280/2280 2437/2437 2323/2323
f 1373/1373 2440/2440 2387/2387
f 2285/2285 2370/2370 2443/2443
f 798/798 1814/1814 880/880
f 2318/2318 2323/2323 2446/2446
f 2269/2269 2367/2367 2449/2449
f 2291/2291 2416/2416 2412/2412
f 2323/2323 2436/2436 2446/2446
f 2061/2061 2454/2454 2371/2371
f 2103/2103 2457/2457 2293/2293
f 2233/2233 2303/2303 2430/2430
f 1828/1828 2386/2386 2429/2429
f 1828/1828 2429/2429 2166/2166
f 843/843 2310/2310 1683/1683
f 1685/1685 2313/2313 2382/2382
f 658/658 842/842 1681/1681
f 2276/2276 2462/2462 2394/2394
f 2275/2275 2379/2379 2461/2461
f 2364/2364 2391/2391 2419/2419
f 1373/1373 2325/2325 2440/2440
f 2390/2390 2466/2466 2417/2417
f 2062/2062 2271/2271 2447/2447
f 2389/2389 2441/2441 2473/2473
f 2353/2353 2395/2395 2460/2460
f 2386/2386 2388/2388 2474/2474
f 2380/2380 2432/2432 2478/2478
f 2066/2066 2447/2447 2454/2454
f 2295/2295 2481/2481 2324/2324
f 2403/2403 2422/2422 2414/2414
f 2317/2317 2489/2489 2408/2408
f 2345/2345 2397/2397 2357/2357
f 2321/2321 2445/2445 2490/2490
f 2295/2295 2459/2459 2481/2481
f 2105/2105 2407/2407 2455/2455
f 2371/2371 2454/2454 2493/2493
f 2365/2365 2378/2378 2448/2448
f 2333/2333 2344/2344 2425/2425
f 2435/2435 2453/2453 2445/2445
f 2282/2282 2444/2444 2437/2437
f 2398/2398 2415/2415 2420/2420
f 2445/2445 2452/2452 2490/2490
f 1817/1817 2115/2115 1889/1889
f 803/803 2118/2118 1815/1815
f 2376/2376 2402/2402 2500/2500
f 2381/2381 2477/2477 2464/2464
f 2404/2404 2487/2487 2456/2456
f 2374/2374 2498/2498 2450/2450
f 2447/2447 2497/2497 2505/2505
f 2357/2357 2463/2463 2476/2476
f 2386/2386 2474/2474 2429/2429
f 2336/2336 2350/2350 2410/2410
f 2304/2304 2358/2358 2509/2509
f 2451/2451 2502/2502 2486/2486
f 2447/2447 2504/2504 2454/2454
f 2324/2324 2482/2482 2439/2439
f 2348/2348 2513/2513 2392/2392
f 2393/2393 2512/2512 2470/2470
f 2402/2402 2418/2418 2495/2495
f 2338/2338 2428/2428 2517/2517
f 2458/2458 2488/2488 2503/2503
f 2369/2369 2434/2434 2442/2442
f 2458/2458 2521/2521 2479/2479
f 2337/2337 2514/2514 2347/2347
f 2427/2427 2524/2524 2516/2516
f 2424/2424 2471/2471 2526/2526
f 2434/2434 2492/2492 2451/2451
f 2303/2303 2507/2507 2527/2527
f 2438/2438 2481/2481 2472/2472
f 2301/2301 2529/2529 2431/2431
f 2337/2337 2515/2515 2536/2536
f 2369/2369 2491/2491 2434/2434
f 2433/2433 2531/2531 2475/2475
f 2458/2458 2503/2503 2538/2538
f 2458/2458 2540/2540 2521/2521
f 2471/2471 2480/2480 2526/2526
f 2499/2499 2539/2539 2506/2506
f 2518/2518 2523/2523 2544/2544
f 2515/2515 2543/2543 2535/2535
f 2352/2352 2476/2476 2530/2530
f 2354/2354 2528/2528 2508/2508
f 2334/2334 2532/2532 2513/2513
f 2465/2465 2512/2512 2546/2546
f 2520/2520 2537/2537 2549/2549
f 2484/2484 2521/2521 2553/2553
f 2511/2511 2534/2534 2557/2557
f 2538/2538 2559/2559 2550/2550
f 2510/2510 2555/2555 2547/2547
f 2483/2483 2542/2542 2525/2525
f 2484/2484 2553/2553 2565/2565
f 2485/2485 2564/2564 2542/2542
f 2494/2494 2562/2562 2539/2539
f 2519/2519 2572/2572 2554/2554
f 2418/2418 2576/2576 2495/2495
f 2522/2522 2551/2551 2571/2571
f 2467/2467 2548/2548 2580/2580
f 2550/2550 2559/2559 2570/2570
f 2545/2545 2568/2568 2585/2585
f 2552/2552 2569/2569 2558/2558
f 2548/2548 2556/2556 2580/2580
f 2532/2532 2541/2541 2586/2586
f 2532/2532 2579/2579 2555/2555
f 2418/2418 2468/2468 2577/2577
f 2552/2552 2559/2559 2590/2590
f 2501/2501 2592/2592 2561/2561
f 2532/2532 2584/2584 2597/2597
f 2553/2553 2588/2588 2565/2565
f 2496/2496 2575/2575 2592/2592
f 2533/2533 2598/2598 2583/2583
f 2560/2560 2601/2601 2589/2589
f 2585/2585 2605/2605 2610/2610
f 2564/2564 2603/2603 2587/2587
f 2468/2468 2617/2617 2574/2574
f 2567/2567 2622/2622 2604/2604
f 2604/2604 2622/2622 2624/2624
f 2567/2567 2631/2631 2622/2622
f 2621/2621 2631/2631 2626/2626
f 2563/2563 2635/2635 2632/2632
f 2584/2584 2613/2613 2597/2597
f 2566/2566 2641/2641 2633/2633
f 2558/2558 2592/2592 2600/2600
f 2623/2623 2630/2630 2644/2644
f 2629/2629 2636/2636 2648/2648
f 2565/2565 2591/2591 2640/2640
f 2634/2634 2642/2642 2649/2649
f 2637/2637 2651/2651 2648/2648
f 2608/2608 2627/2627 2653/2653
f 2630/2630 2646/2646 2658/2658
f 2469/2469 2581/2581 2619/2619
f 2628/2628 2658/2658 2644/2644
f 2573/2573 2617/2617 2661/2661
f 2625/2625 2671/2671 2654/2654
f 2592/2592 2674/2674 2600/2600
f 2591/2591 2600/2600 2674/2674
f 2623/2623 2644/2644 2668/2668
f 2641/2641 2682/2682 2650/2650
f 2582/2582 2597/2597 2688/2688
f 2618/2618 2690/2690 2666/2666
f 2606/2606 2655/2655 2670/2670
f 2599/2599 2692/2692 2689/2689
f 2581/2581 2686/2686 2616/2616
f 2620/2620 2684/2684 2698/2698
f 2591/2591 2674/2674 2700/2700
f 2596/2596 2615/2615 2693/2693
f 2645/2645 2652/2652 2683/2683
f 2677/2677 2708/2708 2711/2711
f 2642/2642 2706/2706 2681/2681
f 2591/2591 2713/2713 2640/2640
f 2578/2578 2662/2662 2593/2593
f 2609/2609 2716/2716 2692/2692
f 2679/2679 2709/2709 2719/2719
f 2607/2607 2672/2672 2728/2728
f 2644/2644 2656/2656 2723/2723
f 2618/2618 2697/2697 2690/2690
f 2647/2647 2680/2680 2657/2657
f 2659/2659 2678/2678 2720/2720
f 2594/2594 2664/2664 2730/2730
f 2643/2643 2723/2723 2673/2673
f 2595/2595 2735/2735 2675/2675
f 2676/2676 2731/2731 2700/2700
f 2591/2591 2700/2700 2713/2713
f 2685/2685 2696/2696 2738/2738
f 2695/2695 2714/2714 2744/2744
f 2694/2694 2742/2742 2740/2740
f 2687/2687 2739/2739 2699/2699
f 2602/2602 2724/2724 2612/2612
f 2705/2705 2722/2722 2710/2710
f 2737/2737 2743/2743 2745/2745
f 2638/2638 2748/2748 2706/2706
f 2639/2639 2753/2753 2752/2752
f 2614/2614 2756/2756 2718/2718
f 2717/2717 2762/2762 2741/2741
f 2743/2743 2766/2766 2745/2745
f 2640/2640 2713/2713 2754/2754
f 2690/2690 2697/2697 2770/2770
f 2663/2663 2775/2775 2729/2729
f 2666/2666 2690/2690 2776/2776
f 2704/2704 2783/2783 2722/2722
f 2706/2706 2750/2750 2788/2788
f 2690/2690 2790/2790 2776/2776
f 2715/2715 2757/2757 2764/2764
f 2691/2691 2771/2771 2791/2791
f 2669/2669 2721/2721 2780/2780
f 2713/2713 2793/2793 2754/2754
f 2697/2697 2736/2736 2770/2770
f 2703/2703 2796/2796 2712/2712
f 2736/2736 2799/2799 2772/2772
f 2665/2665 2777/2777 2803/2803
f 2759/2759 2807/2807 2765/2765
f 2667/2667 2785/2785 2726/2726
f 2702/2702 2733/2733 2815/2815
f 2736/2736 2746/2746 2816/2816
f 2611/2611 2725/2725 2758/2758
f 2747/2747 2767/2767 2824/2824
f 2660/2660 2802/2802 2774/2774
f 2774/2774 2802/2802 2829/2829
f 2768/2768 2800/2800 2831/2831
f 2702/2702 2810/2810 2839/2839
f 2734/2734 2773/2773 2827/2827
f 2746/2746 2822/2822 2816/2816
f 2763/2763 2806/2806 2824/2824
f 2707/2707 2789/2789 2783/2783
f 2736/2736 2816/2816 2799/2799
f 2786/2786 2789/2789 2844/2844
f 2701/2701 2845/2845 2798/2798
f 2805/2805 2819/2819 2823/2823
f 2727/2727 2784/2784 2760/2760
f 2769/2769 2835/2835 2791/2791
f 2804/2804 2852/2852 2821/2821
f 2777/2777 2828/2828 2803/2803
f 2801/2801 2818/2818 2836/2836
f 2779/2779 2792/2792 2834/2834
f 2761/2761 2782/2782 2851/2851
f 2781/2781 2843/2843 2851/2851
f 2759/2759 2851/2851 2808/2808
f 2778/2778 2832/2832 2826/2826
f 2818/2818 2854/2854 2836/2836
f 2809/2809 2846/2846 2838/2838
f 2751/2751 2840/2840 2787/2787
f 2749/2749 2755/2755 2842/2842
f 2755/2755 2797/2797 2842/2842
f 2795/2795 2847/2847 2850/2850
f 2794/2794 2849/2849 2841/2841
f 2825/2825 2833/2833 2853/2853
f 2820/2820 2858/2858 2853/2853
f 2701/2701 2837/2837 2845/2845
f 2825/2825 2853/2853 2855/2855
f 2732/2732 2825/2825 2814/2814
f 2811/2811 2830/2830 2858/2858
f 2817/2817 2852/2852 2857/2857
f 2847/2847 2863/2863 2850/2850
f 2811/2811 2860/2860 2867/2867
f 2813/2813 2862/2862 2848/2848
f 2850/2850 2865/2865 2869/2869
f 2852/2852 2870/2870 2857/2857
f 2812/2812 2866/2866 2864/2864
f 2864/2864 2866/2866 2876/2876
f 2857/2857 2871/2871 2878/2878
f 2859/2859 2873/2873 2868/2868
f 2856/2856 2877/2877 2873/2873
f 2870/2870 2881/2881 2878/2878
f 2861/2861 2884/2884 2869/2869
f 2875/2875 2879/2879 2880/2880
f 2869/2869 2884/2884 2887/2887
f 2862/2862 2874/2874 2885/2885
f 2872/2872 2888/2888 2881/2881
f 2881/2881 2888/2888 2891/2891
f 2875/2875 2882/2882 2890/2890
f 2869/2869 2887/2887 2889/2889
f 2874/2874 2898/2898 2883/2883
f 2873/2873 2893/2893 2895/2895
f 2885/2885 2898/2898 2886/2886
f 2890/2890 2901/2901 2897/2897
f 2888/2888 2900/2900 2892/2892
f 2888/2888 2906/2906 2902/2902
f 2886/2886 2898/2898 2910/2910
f 2887/2887 2905/2905 2889/2889
f 2896/2896 2911/2911 2909/2909
f 2894/2894 2901/2901 2912/2912
f 2901/2901 2915/2915 2912/2912
f 2899/2899 2906/2906 2919/2919
f 2909/2909 2913/2913 2916/2916
f 2887/2887 2907/2907 2903/2903
f 2901/2901 2918/2918 2915/2915
f 2904/2904 2908/2908 2917/2917
f 2904/2904 2914/2914 2920/2920
f 443/443 734/734 675/675
f 1197/1197 1137/1137 2924/2924
f 1135/1135 1396/1396 2922/2922
f 1397/1397 1172/1172 2921/2921
f 1173/1173 1196/1196 2923/2923
f 1661/1661 1629/1629 2927/2927
f 1624/1624 1769/1769 2926/2926
f 1768/1768 1805/1805 2925/2925
f 1806/1806 1656/1656 2927/2927
f 2111/2111 1750/1750 2928/2928
f 1752/1752 2060/2060 2928/2928
f 2063/2063 2224/2224 2929/2929
f 2224/2224 2108/2108 2929/2929
