# tank_turret: cut out of tank.glb by tools/split_tank.py
mtllib tank_turret.mtl
v -1.01090 0.04326 0.03481
v -1.01090 0.04326 0.03481
v -1.01090 0.04326 0.03481
v -1.01090 0.04326 0.03481
v -1.01090 0.04326 0.03481
v -1.01117 0.06777 0.05290
v -1.01117 0.06777 0.05290
v -1.01117 0.06777 0.05290
v -1.01112 0.06311 0.02634
v -1.01112 0.06311 0.02634
v -1.01112 0.06311 0.02634
v -1.01112 0.06311 0.02634
v -1.01112 0.06311 0.02634
v -1.01112 0.06311 0.02634
v -1.01109 0.08266 0.04026
v -1.01109 0.08266 0.04026
v -1.01109 0.08266 0.04026
v -1.01080 0.08578 0.06533
v -1.01080 0.08578 0.06533
v -1.01080 0.08578 0.06533
v -1.01080 0.08578 0.06533
v -1.01119 0.06230 -0.00732
v -1.01119 0.06230 -0.00732
v -1.01119 0.06230 -0.00732
v -1.01119 0.06230 -0.00732
v -1.01119 0.06230 -0.00732
v -1.01094 0.06640 -0.03503
v -1.01094 0.06640 -0.03503
v -1.01094 0.06640 -0.03503
v -1.01085 0.04345 -0.01786
v -1.01085 0.04345 -0.01786
v -1.01112 0.10783 -0.03180
v -1.01112 0.10783 -0.03180
v -1.01114 0.08482 -0.02314
v -1.01114 0.08482 -0.02314
v -1.01114 0.08482 -0.02314
v -1.01114 0.08482 -0.02314
v -1.01114 0.08482 -0.02314
v -1.01114 0.08482 -0.02314
v -1.01114 0.08482 -0.02314
v -1.01110 0.12585 -0.01791
v -1.01110 0.12585 -0.01791
v -1.01110 0.12585 -0.01791
v -1.01110 0.12585 -0.01791
v -1.01110 0.12585 -0.01791
v -1.01075 0.08567 -0.04803
v -1.01075 0.08567 -0.04803
v -1.01075 0.08567 -0.04803
v -1.01114 0.10684 -0.00726
v -1.01114 0.10684 -0.00726
v -1.01114 0.10684 -0.00726
v -1.01114 0.10684 -0.00726
v -1.01084 0.12588 0.03507
v -1.01084 0.12588 0.03507
v -1.01084 0.12588 0.03507
v -1.01114 0.10672 0.02621
v -1.01114 0.10672 0.02621
v -1.01114 0.10672 0.02621
v -1.01114 0.10672 0.02621
v -1.01114 0.10672 0.02621
v -0.98534 0.08627 0.03983
v -0.98534 0.08627 0.03983
v -0.98534 0.08627 0.03983
v -0.98534 0.08627 0.03983
v -0.98534 0.08627 0.03983
v -0.98534 0.08627 0.03983
v -0.98656 0.10620 -0.00846
v -0.98656 0.10620 -0.00846
v -0.98656 0.10620 -0.00846
v -0.98656 0.10620 -0.00846
v -0.98656 0.10620 -0.00846
v -0.98552 0.07732 0.03596
v -0.98552 0.07732 0.03596
v -0.98552 0.07732 0.03596
v -0.93338 0.08574 -0.04815
v -0.93338 0.08574 -0.04815
v -0.93338 0.08574 -0.04815
v -0.93338 0.08574 -0.04815
v -0.93338 0.08574 -0.04815
v -0.98467 0.06736 0.02823
v -0.98467 0.06736 0.02823
v -0.98467 0.06736 0.02823
v -0.98467 0.06736 0.02823
v -0.98525 0.10666 0.02540
v -0.98525 0.10666 0.02540
v -0.98525 0.10666 0.02540
v -0.98596 0.06345 -0.00800
v -0.98596 0.06345 -0.00800
v -0.98596 0.06345 -0.00800
v -0.98596 0.06345 -0.00800
v -0.98510 0.06939 -0.01295
v -0.98510 0.06939 -0.01295
v -0.98650 0.08314 -0.02275
v -0.98650 0.08314 -0.02275
v -0.98650 0.08314 -0.02275
v -0.98650 0.08314 -0.02275
v -0.98650 0.08314 -0.02275
v -0.98567 0.09246 -0.01887
v -0.98567 0.09246 -0.01887
v -0.98567 0.09246 -0.01887
v -0.98567 0.09246 -0.01887
v -0.98567 0.09246 -0.01887
v -0.98567 0.09246 -0.01887
v -0.98639 0.06338 0.02544
v -0.98639 0.06338 0.02544
v -0.98639 0.06338 0.02544
v -0.93335 0.08588 0.06524
v -0.93335 0.08588 0.06524
v -0.93335 0.08588 0.06524
v -0.93335 0.08588 0.06524
v -0.93335 0.08588 0.06524
v -0.93335 0.08588 0.06524
v -0.93331 0.11133 -0.02927
v -0.93331 0.11133 -0.02927
v -0.93331 0.11133 -0.02927
v -0.93331 0.11133 -0.02927
v -0.98486 0.10237 -0.01112
v -0.98486 0.10237 -0.01112
v -0.98486 0.10237 -0.01112
v -0.98321 0.08285 -0.01901
v -0.98321 0.08285 -0.01901
v -0.98321 0.08285 -0.01901
v -0.98321 0.08285 -0.01901
v -0.93331 0.07212 0.05600
v -0.93331 0.07212 0.05600
v -0.93331 0.07212 0.05600
v -0.98308 0.10253 0.02409
v -0.98308 0.10253 0.02409
v -0.98308 0.10253 0.02409
v -0.98308 0.10253 0.02409
v -0.98320 0.10254 -0.00714
v -0.98320 0.10254 -0.00714
v -0.98320 0.10254 -0.00714
v -0.98309 0.06725 -0.00703
v -0.98309 0.06725 -0.00703
v -0.98309 0.06725 -0.00703
v -0.98309 0.06725 -0.00703
v -0.98309 0.06725 -0.00703
v -0.98344 0.08286 0.03594
v -0.98344 0.08286 0.03594
v -0.98344 0.08286 0.03594
v -0.93349 0.12589 -0.01599
v -0.93349 0.12589 -0.01599
v -0.93349 0.12589 -0.01599
v -0.93349 0.12589 -0.01599
v -0.93349 0.12589 -0.01599
v -0.93346 0.04335 -0.01762
v -0.93346 0.04335 -0.01762
v -0.93346 0.04335 -0.01762
v -0.93346 0.04335 -0.01762
v -0.93346 0.04335 -0.01762
v -0.93346 0.12591 0.03472
v -0.93346 0.12591 0.03472
v -0.93346 0.12591 0.03472
v -0.93346 0.12591 0.03472
v -0.93346 0.12591 0.03472
v -0.93345 0.04346 0.03489
v -0.93345 0.04346 0.03489
v -0.93345 0.04346 0.03489
v -0.93345 0.04346 0.03489
v -0.93240 0.05204 -0.01264
v -0.93240 0.05204 -0.01264
v -0.93240 0.05204 -0.01264
v -0.93240 0.05204 -0.01264
v -0.93205 0.05223 0.02778
v -0.93205 0.05223 0.02778
v -0.93205 0.05223 0.02778
v -0.93205 0.05223 0.02778
v -0.93205 0.05223 0.02778
v -0.93209 0.11745 -0.01086
v -0.93209 0.11745 -0.01086
v -0.93209 0.11745 -0.01086
v -0.93209 0.11745 -0.01086
v -0.93209 0.11745 -0.01086
v -0.93311 0.11805 0.03190
v -0.93311 0.11805 0.03190
v -0.93311 0.11805 0.03190
v -0.92993 0.11608 0.02764
v -0.92993 0.11608 0.02764
v -0.92993 0.11608 0.02764
v -0.92993 0.11608 0.02764
v -0.92993 0.11608 0.02764
v -0.93304 0.10626 0.03973
v -0.93304 0.10626 0.03973
v -0.93298 0.08297 0.05335
v -0.93298 0.08297 0.05335
v -0.93256 0.09433 0.04721
v -0.93256 0.09433 0.04721
v -0.93256 0.09433 0.04721
v -0.93306 0.06142 -0.02277
v -0.93306 0.06142 -0.02277
v -0.93306 0.06142 -0.02277
v -0.93171 0.07124 -0.02458
v -0.93171 0.07124 -0.02458
v -0.93171 0.07124 -0.02458
v -0.93135 0.09860 0.04172
v -0.93135 0.09860 0.04172
v -0.93296 0.08879 -0.03643
v -0.93296 0.08879 -0.03643
v -0.93296 0.08879 -0.03643
v -0.93296 0.08879 -0.03643
v -0.93296 0.08879 -0.03643
v -0.93296 0.08879 -0.03643
v -0.93296 0.08879 -0.03643
v -0.93011 0.08500 -0.03344
v -0.93011 0.08500 -0.03344
v -0.93011 0.08500 -0.03344
v -0.93289 0.07711 -0.03240
v -0.93289 0.07711 -0.03240
v -0.93289 0.07711 -0.03240
v -0.93127 0.07682 0.04563
v -0.93127 0.07682 0.04563
v -0.93127 0.07682 0.04563
v -0.92895 0.05384 -0.01122
v -0.92895 0.05384 -0.01122
v -0.92895 0.05384 -0.01122
v -0.92895 0.05384 -0.01122
v -0.92995 0.11605 -0.01085
v -0.92995 0.11605 -0.01085
v -0.92995 0.11605 -0.01085
v -0.92995 0.11605 -0.01085
v -0.92995 0.11605 -0.01085
v -0.93161 0.09671 -0.02664
v -0.93161 0.09671 -0.02664
v -0.93161 0.09671 -0.02664
v -0.93006 0.08504 0.05062
v -0.93006 0.08504 0.05062
v -0.93006 0.08504 0.05062
v -0.93006 0.08504 0.05062
v -0.93006 0.08504 0.05062
v -0.92993 0.05371 0.02803
v -0.92993 0.05371 0.02803
v -0.92993 0.05371 0.02803
v -0.92993 0.05371 0.02803
v -0.92993 0.05371 0.02803
v -0.84264 0.08568 -0.03334
v -0.84264 0.08568 -0.03334
v -0.84264 0.08568 -0.03334
v -0.84264 0.08568 -0.03334
v -0.84264 0.08568 -0.03334
v -0.72020 0.08536 -0.03353
v -0.72020 0.08536 -0.03353
v -0.72020 0.08536 -0.03353
v -0.61301 0.11590 -0.01054
v -0.61301 0.11590 -0.01054
v -0.61301 0.11590 -0.01054
v -0.49719 0.08500 0.05081
v -0.49719 0.08500 0.05081
v -0.49719 0.08500 0.05081
v -0.49719 0.08500 0.05081
v -0.49719 0.08500 0.05081
v -0.58891 0.05389 -0.01128
v -0.58891 0.05389 -0.01128
v -0.58891 0.05389 -0.01128
v -0.58891 0.05389 -0.01128
v -0.38187 0.05397 0.02862
v -0.38187 0.05397 0.02862
v -0.38187 0.05397 0.02862
v -0.38187 0.05397 0.02862
v -0.38187 0.05397 0.02862
v -0.54323 0.08544 -0.03343
v -0.54323 0.08544 -0.03343
v -0.54323 0.08544 -0.03343
v -0.42019 0.11586 -0.01108
v -0.42019 0.11586 -0.01108
v -0.42019 0.11586 -0.01108
v -0.25100 0.11585 0.02795
v -0.25100 0.11585 0.02795
v -0.25100 0.11585 0.02795
v -0.25100 0.11585 0.02795
v -0.25397 0.08497 0.05087
v -0.25397 0.08497 0.05087
v -0.25397 0.08497 0.05087
v -0.31385 -0.00535 0.24786
v -0.31385 -0.00535 0.24786
v -0.35595 -0.01773 -0.21022
v -0.35595 -0.01773 -0.21022
v -0.40148 -0.02821 0.20469
v -0.27378 0.08512 -0.03339
v -0.27378 0.08512 -0.03339
v -0.27378 0.08512 -0.03339
v -0.27378 0.08512 -0.03339
v -0.27378 0.08512 -0.03339
v -0.27378 0.08512 -0.03339
v -0.25102 0.05387 -0.01084
v -0.25102 0.05387 -0.01084
v -0.34652 -0.01815 -0.27825
v -0.19541 -0.00731 -0.23266
v -0.19541 -0.00731 -0.23266
v -0.19541 -0.00731 -0.23266
v -0.19541 -0.00731 -0.23266
v -0.25086 0.05371 0.02752
v -0.25086 0.05371 0.02752
v -0.25086 0.05371 0.02752
v -0.25086 0.05371 0.02752
v -0.31450 -0.00554 -0.23039
v -0.31450 -0.00554 -0.23039
v -0.25078 0.11632 -0.01091
v -0.25078 0.11632 -0.01091
v -0.25078 0.11632 -0.01091
v -0.25078 0.11632 -0.01091
v -0.25078 0.11632 -0.01091
v -0.24888 0.10010 -0.02409
v -0.24888 0.10010 -0.02409
v -0.24888 0.10010 -0.02409
v -0.24957 0.06315 0.03575
v -0.24957 0.06315 0.03575
v -0.24916 0.07942 0.04737
v -0.24916 0.07942 0.04737
v -0.24914 0.08863 -0.03239
v -0.24914 0.08863 -0.03239
v -0.24782 0.08670 -0.03605
v -0.24782 0.08670 -0.03605
v -0.24782 0.08670 -0.03605
v -0.24782 0.08670 -0.03605
v -0.24782 0.08670 -0.03605
v -0.24782 0.08670 -0.03605
v -0.24941 0.07700 -0.02851
v -0.24941 0.07700 -0.02851
v -0.24941 0.07700 -0.02851
v -0.24916 0.06545 -0.02060
v -0.24916 0.06545 -0.02060
v -0.24916 0.06545 -0.02060
v -0.24915 0.08501 0.05137
v -0.24915 0.08501 0.05137
v -0.24970 0.10069 0.03973
v -0.24970 0.10069 0.03973
v -0.24958 0.09287 0.04563
v -0.24958 0.09287 0.04563
v -0.24958 0.09287 0.04563
v -0.24773 0.10231 -0.02445
v -0.24773 0.10231 -0.02445
v -0.24773 0.10231 -0.02445
v -0.24867 0.05240 0.02775
v -0.24867 0.05240 0.02775
v -0.24867 0.05240 0.02775
v -0.24867 0.05240 0.02775
v -0.24867 0.05240 0.02775
v -0.24840 0.11745 -0.01252
v -0.24840 0.11745 -0.01252
v -0.24840 0.11745 -0.01252
v -0.24788 0.11776 0.02980
v -0.24788 0.11776 0.02980
v -0.24788 0.11776 0.02980
v -0.24788 0.11776 0.02980
v -0.24788 0.11776 0.02980
v -0.22170 -0.00719 0.25141
v -0.22170 -0.00719 0.25141
v -0.24766 0.08116 0.05128
v -0.24766 0.08116 0.05128
v -0.24766 0.08116 0.05128
v -0.24723 0.08928 0.05308
v -0.24723 0.08928 0.05308
v -0.24723 0.08928 0.05308
v -0.24723 0.08928 0.05308
v -0.24723 0.08928 0.05308
v -0.24723 0.08928 0.05308
v -0.24717 0.12413 -0.01708
v -0.24717 0.12413 -0.01708
v -0.24717 0.12413 -0.01708
v -0.24717 0.12413 -0.01708
v -0.24717 0.12413 -0.01708
v -0.24717 0.12413 -0.01708
v -0.24717 0.12413 -0.01708
v -0.24723 0.04986 -0.01081
v -0.24723 0.04986 -0.01081
v -0.24723 0.04986 -0.01081
v -0.24723 0.04986 -0.01081
v -0.24761 0.06353 0.03963
v -0.24761 0.06353 0.03963
v -0.24761 0.06353 0.03963
v -0.24654 0.08383 0.07124
v -0.24654 0.08383 0.07124
v -0.24654 0.08383 0.07124
v -0.24702 0.12408 0.03421
v -0.24702 0.12408 0.03421
v -0.24702 0.12408 0.03421
v -0.24702 0.12408 0.03421
v -0.24702 0.12408 0.03421
v -0.24702 0.12408 0.03421
v -0.24712 0.06320 0.05354
v -0.24712 0.06320 0.05354
v -0.24712 0.06320 0.05354
v -0.24746 0.07793 0.06593
v -0.24746 0.07793 0.06593
v -0.24746 0.07793 0.06593
v -0.24746 0.07793 0.06593
v -0.24746 0.07793 0.06593
v -0.24746 0.07793 0.06593
v -0.24737 0.09058 -0.04779
v -0.24737 0.09058 -0.04779
v -0.24737 0.09058 -0.04779
v -0.24732 0.06521 -0.03875
v -0.24732 0.06521 -0.03875
v -0.24732 0.06521 -0.03875
v -0.24732 0.06521 -0.03875
v -0.24732 0.06521 -0.03875
v -0.24567 0.04521 -0.02300
v -0.24567 0.04521 -0.02300
v -0.24567 0.04521 -0.02300
v -0.24567 0.04521 -0.02300
v -0.24567 0.04521 -0.02300
v -0.24609 0.08236 -0.05398
v -0.24609 0.08236 -0.05398
v -0.24609 0.08236 -0.05398
v -0.24609 0.08236 -0.05398
v -0.24703 0.04552 0.03692
v -0.24703 0.04552 0.03692
v -0.24703 0.04552 0.03692
v -0.24703 0.04552 0.03692
v -0.24703 0.04552 0.03692
v -0.23544 0.09063 -0.05222
v -0.23544 0.09063 -0.05222
v -0.23544 0.09063 -0.05222
v -0.23544 0.09063 -0.05222
v -0.23544 0.09063 -0.05222
v -0.23147 0.07052 -0.04639
v -0.23147 0.07052 -0.04639
v -0.23147 0.07052 -0.04639
v -0.23160 0.07526 -0.04842
v -0.23160 0.07526 -0.04842
v -0.23160 0.07526 -0.04842
v -0.23160 0.07526 -0.04842
v -0.23160 0.07526 -0.04842
v -0.23160 0.07526 -0.04842
v -0.23160 0.07526 -0.04842
v -0.23523 0.05868 0.05353
v -0.23523 0.05868 0.05353
v -0.23523 0.05868 0.05353
v -0.23523 0.05868 0.05353
v -0.20720 0.10899 0.06343
v -0.20720 0.10899 0.06343
v -0.20720 0.10899 0.06343
v -0.22711 0.06760 0.06047
v -0.22711 0.06760 0.06047
v -0.21811 0.03618 -0.03860
v -0.21811 0.03618 -0.03860
v -0.20267 0.03146 -0.03387
v -0.20267 0.03146 -0.03387
v -0.20267 0.03146 -0.03387
v -0.20267 0.03146 -0.03387
v -0.18070 0.12354 -0.04107
v -0.18070 0.12354 -0.04107
v -0.18070 0.12354 -0.04107
v -0.18070 0.12354 -0.04107
v -0.21453 0.05636 -0.05591
v -0.21453 0.05636 -0.05591
v -0.21453 0.05636 -0.05591
v -0.21453 0.05636 -0.05591
v -0.21453 0.05636 -0.05591
v -0.21453 0.05636 -0.05591
v -0.21453 0.05636 -0.05591
v -0.21995 0.05436 0.06466
v -0.21995 0.05436 0.06466
v -0.22383 0.08514 0.06423
v -0.21824 0.03758 0.05761
v -0.21824 0.03758 0.05761
v -0.21824 0.03758 0.05761
v -0.21824 0.03758 0.05761
v -0.21540 0.07675 0.06305
v -0.21540 0.07675 0.06305
v -0.21540 0.07675 0.06305
v -0.21540 0.07675 0.06305
v -0.20547 0.03212 0.05229
v -0.20547 0.03212 0.05229
v -0.20547 0.03212 0.05229
v -0.20547 0.03212 0.05229
v -0.21457 0.05444 0.07127
v -0.21457 0.05444 0.07127
v -0.21457 0.05444 0.07127
v -0.17800 0.13968 0.04431
v -0.17800 0.13968 0.04431
v -0.21087 0.05650 0.07282
v -0.21087 0.05650 0.07282
v -0.21087 0.05650 0.07282
v -0.21087 0.05650 0.07282
v -0.21087 0.05650 0.07282
v -0.21087 0.05650 0.07282
v -0.21087 0.05650 0.07282
v -0.15788 0.12633 -0.03825
v -0.15788 0.12633 -0.03825
v -0.17543 0.04747 -0.04438
v -0.17543 0.04747 -0.04438
v -0.17543 0.04747 -0.04438
v -0.17543 0.04747 -0.04438
v -0.18090 0.05614 0.06899
v -0.18090 0.05614 0.06899
v -0.18090 0.05614 0.06899
v -0.18090 0.05614 0.06899
v -0.18090 0.05614 0.06899
v -0.18090 0.05614 0.06899
v -0.19815 0.07183 -0.05206
v -0.19815 0.07183 -0.05206
v -0.19815 0.07183 -0.05206
v -0.19815 0.07183 -0.05206
v -0.15309 0.14545 -0.03120
v -0.15309 0.14545 -0.03120
v -0.15309 0.14545 -0.03120
v -0.15309 0.14545 -0.03120
v -0.15730 0.13723 0.05349
v -0.15730 0.13723 0.05349
v -0.15730 0.13723 0.05349
v -0.18291 0.05595 -0.04892
v -0.18291 0.05595 -0.04892
v -0.18291 0.05595 -0.04892
v -0.18291 0.05595 -0.04892
v -0.18291 0.05595 -0.04892
v -0.16524 0.03250 0.04928
v -0.16524 0.03250 0.04928
v -0.16524 0.03250 0.04928
v -0.16524 0.03250 0.04928
v -0.16571 0.03237 -0.03420
v -0.16571 0.03237 -0.03420
v -0.16571 0.03237 -0.03420
v -0.16571 0.03237 -0.03420
v -0.17499 0.04775 0.06167
v -0.17499 0.04775 0.06167
v -0.17499 0.04775 0.06167
v -0.17677 0.07305 0.06717
v -0.17677 0.07305 0.06717
v -0.17677 0.07305 0.06717
v -0.17900 0.06778 -0.04732
v -0.17900 0.06778 -0.04732
v -0.17900 0.06778 -0.04732
v -0.17900 0.06778 -0.04732
v -0.18014 0.05741 -0.04968
v -0.18014 0.05741 -0.04968
v -0.17668 0.05150 0.06605
v -0.17668 0.05150 0.06605
v -0.17665 0.06382 -0.04864
v -0.17932 0.05583 -0.05177
v -0.17932 0.05583 -0.05177
v -0.17932 0.05583 -0.05177
v -0.17932 0.05583 -0.05177
v -0.16149 0.11454 0.05919
v -0.16149 0.11454 0.05919
v -0.16149 0.11454 0.05919
v -0.16149 0.11454 0.05919
v -0.16149 0.11454 0.05919
v -0.16188 0.11283 -0.04245
v -0.16188 0.11283 -0.04245
v -0.16188 0.11283 -0.04245
v -0.16188 0.11283 -0.04245
v -0.17665 0.05161 -0.04854
v -0.17665 0.05161 -0.04854
v -0.17665 0.05161 -0.04854
v -0.17889 0.05577 0.07584
v -0.17889 0.05577 0.07584
v -0.17889 0.05577 0.07584
v -0.17889 0.05577 0.07584
v -0.17889 0.05577 0.07584
v -0.17889 0.05577 0.07584
v -0.17715 0.06284 0.07077
v -0.17715 0.06284 0.07077
v -0.17715 0.06284 0.07077
v -0.17320 0.08884 -0.04666
v -0.17320 0.08884 -0.04666
v -0.17320 0.08884 -0.04666
v -0.16495 0.09913 -0.04701
v -0.16495 0.09913 -0.04701
v -0.16495 0.09913 -0.04701
v -0.16495 0.09913 -0.04701
v -0.17159 0.04178 0.05570
v -0.17159 0.04178 0.05570
v -0.17006 0.08925 0.06498
v -0.17006 0.08925 0.06498
v -0.16768 0.09500 -0.04611
v -0.16768 0.09500 -0.04611
v -0.16768 0.09500 -0.04611
v -0.17079 0.08141 0.06777
v -0.17079 0.08141 0.06777
v -0.17079 0.08141 0.06777
v -0.17079 0.08141 0.06777
v -0.17079 0.08141 0.06777
v -0.14016 -0.00312 0.16989
v -0.14016 -0.00312 0.16989
v -0.14016 -0.00312 0.16989
v -0.14016 -0.00312 0.16989
v -0.14016 -0.00312 0.16989
v -0.14016 -0.00312 0.16989
v -0.17026 0.04190 0.17481
v -0.17026 0.04190 0.17481
v -0.15469 0.13664 -0.03760
v -0.15469 0.13664 -0.03760
v -0.15469 0.13664 -0.03760
v -0.15469 0.13664 -0.03760
v -0.17874 0.05657 0.17554
v -0.17874 0.05657 0.17554
v -0.17874 0.05657 0.17554
v -0.17874 0.05657 0.17554
v -0.17874 0.05657 0.17554
v -0.16639 0.09976 0.06441
v -0.16639 0.09976 0.06441
v -0.16700 0.09315 0.06590
v -0.16700 0.09315 0.06590
v -0.16700 0.09315 0.06590
v -0.16700 0.09315 0.06590
v -0.16700 0.09315 0.06590
v -0.16123 0.10966 0.13312
v -0.16123 0.10966 0.13312
v -0.16123 0.10966 0.13312
v -0.15085 0.14657 0.04909
v -0.15085 0.14657 0.04909
v -0.15085 0.14657 0.04909
v -0.15085 0.14657 0.04909
v -0.15085 0.14657 0.04909
v -0.15085 0.14657 0.04909
v 0.01263 -0.02476 0.31805
v -0.17870 0.05574 -0.15836
v -0.17870 0.05574 -0.15836
v -0.14958 0.14736 -0.08294
v -0.14958 0.14736 -0.08294
v -0.14958 0.14736 -0.08294
v -0.14958 0.14736 -0.08294
v -0.14370 0.16488 0.08688
v -0.14370 0.16488 0.08688
v -0.14370 0.16488 0.08688
v -0.14370 0.16488 0.08688
v -0.15706 0.12418 -0.04088
v -0.15524 0.13043 0.05620
v -0.15524 0.13043 0.05620
v -0.15524 0.13043 0.05620
v -0.14110 -0.00325 -0.15038
v -0.14110 -0.00325 -0.15038
v -0.03480 0.15305 0.26224
v -0.03480 0.15305 0.26224
v -0.03480 0.15305 0.26224
v -0.14988 0.14718 -0.03633
v -0.14988 0.14718 -0.03633
v -0.14988 0.14718 -0.03633
v -0.14988 0.14718 -0.03633
v -0.14988 0.14718 -0.03633
v -0.15633 0.05547 0.20691
v -0.15633 0.05547 0.20691
v -0.15483 0.13518 0.05505
v -0.15483 0.13518 0.05505
v -0.15483 0.13518 0.05505
v -0.13960 -0.00468 -0.04494
v -0.13960 -0.00468 -0.04494
v -0.13960 -0.00468 -0.04494
v -0.13960 -0.00468 -0.04494
v -0.13960 -0.00468 -0.04494
v -0.15535 0.05555 -0.19094
v -0.15535 0.05555 -0.19094
v -0.15535 0.05555 -0.19094
v -0.12779 -0.00403 -0.16887
v -0.12779 -0.00403 -0.16887
v -0.14382 0.16501 -0.06845
v -0.14382 0.16501 -0.06845
v -0.14382 0.16501 -0.06845
v -0.14382 0.16501 -0.06845
v -0.13775 0.14659 0.12055
v -0.13775 0.14659 0.12055
v -0.02700 0.00289 0.33307
v -0.02700 0.00289 0.33307
v -0.02700 0.00289 0.33307
v -0.02700 0.00289 0.33307
v 0.00577 0.16746 -0.28269
v 0.00577 0.16746 -0.28269
v 0.00577 0.16746 -0.28269
v 0.00577 0.16746 -0.28269
v 0.00577 0.16746 -0.28269
v 0.00577 0.16746 -0.28269
v 0.00577 0.16746 -0.28269
v 0.00577 0.16746 -0.28269
v -0.13615 0.05541 0.23386
v -0.13615 0.05541 0.23386
v -0.10872 -0.00112 0.21556
v -0.10872 -0.00112 0.21556
v -0.10872 -0.00112 0.21556
v -0.13371 0.16425 0.09802
v -0.13371 0.16425 0.09802
v -0.13371 0.16425 0.09802
v -0.11768 0.16515 0.08172
v -0.11768 0.16515 0.08172
v -0.09493 -0.00384 0.00118
v -0.10879 0.05538 0.27074
v -0.10879 0.05538 0.27074
v -0.10879 0.05538 0.27074
v -0.10879 0.05538 0.27074
v -0.10813 0.16186 0.13705
v -0.10813 0.16186 0.13705
v -0.10813 0.16186 0.13705
v -0.09763 -0.00280 -0.21283
v -0.09763 -0.00280 -0.21283
v -0.09763 -0.00280 -0.21283
v -0.09763 -0.00280 -0.21283
v -0.11453 0.05568 -0.24579
v -0.11453 0.05568 -0.24579
v -0.11453 0.05568 -0.24579
v -0.11453 0.05568 -0.24579
v -0.04504 0.11889 -0.26856
v -0.04504 0.11889 -0.26856
v -0.04504 0.11889 -0.26856
v -0.08118 -0.00364 0.07484
v -0.08118 -0.00364 0.07484
v -0.09456 -0.01529 0.10079
v -0.09086 -0.01521 0.02060
v -0.09086 -0.01521 0.02060
v -0.09086 -0.01521 0.02060
v -0.09086 -0.01521 0.02060
v -0.09086 -0.01521 0.02060
v -0.09086 -0.01521 0.02060
v -0.09086 -0.01521 0.02060
v -0.09086 -0.01521 0.02060
v -0.09061 0.16182 0.16247
v -0.09061 0.16182 0.16247
v -0.08816 -0.00453 -0.02246
v -0.08816 -0.00453 -0.02246
v -0.08816 -0.00453 -0.02246
v -0.08816 -0.00453 -0.02246
v -0.08816 -0.00453 -0.02246
v -0.08816 -0.00453 -0.02246
v -0.08282 -0.00338 -0.04821
v -0.08282 -0.00338 -0.04821
v -0.07535 -0.01667 -0.08118
v -0.07535 -0.01667 -0.08118
v -0.07535 -0.01667 -0.08118
v -0.07535 -0.01667 -0.08118
v -0.07535 -0.01667 -0.08118
v -0.07535 -0.01667 -0.08118
v -0.07171 -0.00360 0.09896
v -0.07171 -0.00360 0.09896
v -0.07171 -0.00360 0.09896
v -0.07171 -0.00360 0.09896
v -0.07171 -0.00360 0.09896
v -0.07759 -0.01629 0.07742
v -0.07759 -0.01629 0.07742
v -0.07759 -0.01629 0.07742
v -0.07759 -0.01629 0.07742
v -0.07759 -0.01629 0.07742
v -0.07759 -0.01629 0.07742
v -0.08887 -0.00514 0.02272
v -0.08887 -0.00514 0.02272
v -0.08887 -0.00514 0.02272
v -0.08887 -0.00514 0.02272
v -0.08096 -0.01407 0.06150
v -0.08096 -0.01407 0.06150
v -0.08096 -0.01407 0.06150
v -0.08693 -0.01386 0.02855
v -0.08693 -0.01386 0.02855
v -0.08693 -0.01386 0.02855
v -0.08693 -0.01386 0.02855
v -0.08857 -0.01000 0.01428
v -0.08857 -0.01000 0.01428
v -0.08857 -0.01000 0.01428
v -0.08701 -0.01374 -0.00968
v -0.08701 -0.01374 -0.00968
v -0.08492 -0.00513 -0.03061
v -0.08492 -0.00513 -0.03061
v -0.08492 -0.00513 -0.03061
v -0.08492 -0.00513 -0.03061
v -0.07454 -0.00269 -0.08271
v -0.07454 -0.00269 -0.08271
v -0.07454 -0.00269 -0.08271
v -0.07454 -0.00269 -0.08271
v -0.07883 -0.00357 -0.06159
v -0.07883 -0.00357 -0.06159
v -0.07883 -0.00357 -0.06159
v -0.06354 -0.00127 0.13919
v -0.06354 -0.00127 0.13919
v -0.06354 -0.00127 0.13919
v -0.06181 -0.00079 -0.26497
v -0.06181 -0.00079 -0.26497
v -0.06150 -0.01754 0.14308
v -0.06150 -0.01754 0.14308
v -0.06150 -0.01754 0.14308
v -0.06150 -0.01754 0.14308
v -0.06150 -0.01754 0.14308
v -0.07912 -0.00573 0.06769
v -0.07912 -0.00573 0.06769
v -0.07912 -0.00573 0.06769
v -0.07904 -0.01383 -0.05020
v -0.07904 -0.01383 -0.05020
v -0.07904 -0.01383 -0.05020
v -0.07528 -0.01583 0.08527
v -0.07528 -0.01583 0.08527
v -0.07528 -0.01583 0.08527
v -0.07380 -0.01627 0.09535
v -0.07380 -0.01627 0.09535
v -0.07380 -0.01627 0.09535
v -0.07380 -0.01627 0.09535
v -0.06174 -0.01786 -0.13014
v -0.06174 -0.01786 -0.13014
v -0.04947 -0.01868 -0.14044
v -0.04947 -0.01868 -0.14044
v -0.08093 -0.00525 -0.04623
v -0.08093 -0.00525 -0.04623
v -0.08093 -0.00525 -0.04623
v -0.07706 -0.01393 -0.05812
v -0.07706 -0.01393 -0.05812
v -0.07706 -0.01393 -0.05812
v -0.07706 -0.01393 -0.05812
v -0.07511 -0.00550 -0.06801
v -0.07511 -0.00550 -0.06801
v -0.07511 -0.00550 -0.06801
v -0.07511 -0.00550 -0.06801
v -0.07504 -0.00586 0.08323
v -0.07504 -0.00586 0.08323
v -0.07504 -0.00586 0.08323
v -0.07504 -0.00586 0.08323
v -0.06932 -0.01721 0.11775
v -0.06775 -0.00328 -0.09709
v -0.06775 -0.00328 -0.09709
v -0.06775 -0.00328 -0.09709
v -0.06775 -0.00328 -0.09709
v -0.07325 -0.01413 -0.07572
v -0.07325 -0.01413 -0.07572
v -0.07325 -0.01413 -0.07572
v -0.07435 -0.01683 -0.07827
v -0.07435 -0.01683 -0.07827
v -0.07435 -0.01683 -0.07827
v -0.07316 -0.00509 -0.07741
v -0.07316 -0.00509 -0.07741
v -0.07316 -0.00509 -0.07741
v -0.07316 -0.00509 -0.07741
v -0.07196 -0.01610 -0.08185
v -0.07196 -0.01610 -0.08185
v -0.07196 -0.01610 -0.08185
v -0.07196 -0.01610 -0.08185
v -0.06929 -0.01565 0.10682
v -0.06929 -0.01565 0.10682
v -0.07085 -0.00413 -0.08862
v -0.07085 -0.00413 -0.08862
v -0.07085 -0.00413 -0.08862
v -0.06960 -0.01629 -0.09136
v -0.06960 -0.01629 -0.09136
v -0.06960 -0.01629 -0.09136
v -0.06960 -0.01629 -0.09136
v -0.06386 0.05628 0.33097
v -0.03298 0.05483 -0.35437
v -0.03298 0.05483 -0.35437
v -0.03298 0.05483 -0.35437
v -0.03298 0.05483 -0.35437
v -0.03298 0.05483 -0.35437
v -0.03298 0.05483 -0.35437
v -0.05440 -0.00097 0.14931
v -0.05440 -0.00097 0.14931
v -0.05440 -0.00097 0.14931
v -0.05440 -0.00097 0.14931
v -0.05440 -0.00097 0.14931
v -0.06542 -0.01601 -0.10480
v -0.06542 -0.01601 -0.10480
v -0.06542 -0.01601 -0.10480
v -0.06542 -0.01601 -0.10480
v -0.06542 -0.01601 -0.10480
v -0.06730 -0.01583 0.11431
v -0.06730 -0.01583 0.11431
v -0.01680 0.11672 0.33047
v -0.01680 0.11672 0.33047
v -0.01680 0.11672 0.33047
v -0.01680 0.11672 0.33047
v -0.06541 -0.00350 0.12182
v -0.06541 -0.00350 0.12182
v -0.06544 -0.01584 0.12213
v -0.06544 -0.01584 0.12213
v -0.06544 -0.01584 0.12213
v -0.06108 -0.00094 -0.12464
v -0.06108 -0.00094 -0.12464
v -0.06108 -0.00094 -0.12464
v -0.06108 -0.00094 -0.12464
v -0.06108 -0.00094 -0.12464
v -0.06351 -0.00398 -0.11128
v -0.06351 -0.00398 -0.11128
v -0.06351 -0.00398 -0.11128
v -0.06147 -0.01588 -0.11868
v -0.06147 -0.01588 -0.11868
v -0.06147 -0.01588 -0.11868
v -0.06152 -0.01574 0.13388
v -0.06152 -0.01574 0.13388
v -0.06152 -0.01574 0.13388
v -0.06152 -0.01574 0.13388
v -0.06150 -0.00348 -0.11852
v -0.06150 -0.00348 -0.11852
v -0.02365 0.00062 0.18322
v -0.00600 0.16121 0.29826
v -0.00600 0.16121 0.29826
v -0.00600 0.16121 0.29826
v -0.04686 -0.01867 0.15768
v -0.04686 -0.01867 0.15768
v -0.04686 -0.01867 0.15768
v -0.05763 -0.00317 0.14508
v -0.05763 -0.00317 0.14508
v -0.05763 -0.00317 0.14508
v -0.05763 -0.00317 0.14508
v -0.02631 0.15974 0.25988
v -0.02631 0.15974 0.25988
v -0.02631 0.15974 0.25988
v -0.02835 0.01649 0.34413
v -0.02835 0.01649 0.34413
v -0.05807 -0.01489 -0.12814
v -0.05807 -0.01489 -0.12814
v -0.05807 -0.01489 -0.12814
v -0.05807 -0.01489 -0.12814
v -0.03822 0.00012 -0.15339
v -0.03822 0.00012 -0.15339
v -0.05221 -0.00173 -0.13416
v -0.05221 -0.00173 -0.13416
v -0.05221 -0.00173 -0.13416
v -0.05221 -0.00173 -0.13416
v -0.05393 -0.01608 0.14920
v -0.05393 -0.01608 0.14920
v -0.02931 0.00239 -0.31435
v -0.02931 0.00239 -0.31435
v -0.02931 0.00239 -0.31435
v -0.02931 0.00239 -0.31435
v 0.05094 0.16656 0.16097
v 0.05094 0.16656 0.16097
v 0.05094 0.16656 0.16097
v -0.02046 0.00009 -0.16890
v -0.02046 0.00009 -0.16890
v -0.01916 0.10852 -0.31934
v -0.01916 0.10852 -0.31934
v -0.01916 0.10852 -0.31934
v -0.02761 -0.02073 0.17699
v -0.00381 -0.02276 -0.29348
v -0.04405 -0.00117 -0.14361
v -0.04405 -0.00117 -0.14361
v -0.04405 -0.00117 -0.14361
v -0.03281 0.05496 0.37152
v -0.03281 0.05496 0.37152
v -0.03281 0.05496 0.37152
v -0.03281 0.05496 0.37152
v -0.04220 -0.01822 -0.14575
v -0.04220 -0.01822 -0.14575
v -0.03638 -0.01802 0.16660
v -0.03638 -0.01802 0.16660
v -0.03638 -0.01802 0.16660
v -0.02768 -0.02075 -0.16195
v -0.04027 -0.00161 0.16275
v -0.04027 -0.00161 0.16275
v -0.04027 -0.00161 0.16275
v -0.04027 -0.00161 0.16275
v -0.03233 -0.00112 -0.15518
v -0.03233 -0.00112 -0.15518
v -0.03622 -0.01814 -0.15131
v -0.03622 -0.01814 -0.15131
v -0.03030 -0.01818 0.17240
v -0.02454 -0.00143 -0.16127
v -0.02454 -0.00143 -0.16127
v -0.02454 -0.00143 -0.16127
v -0.02053 -0.00123 0.18205
v -0.02053 -0.00123 0.18205
v -0.02053 -0.00123 0.18205
v -0.02053 -0.00123 0.18205
v -0.00660 0.00083 0.34025
v -0.00660 0.00083 0.34025
v -0.00660 0.00083 0.34025
v -0.00660 0.00083 0.34025
v -0.00660 0.00083 0.34025
v -0.00660 0.00083 0.34025
v -0.02511 -0.02019 -0.16139
v -0.02006 0.16048 0.27578
v -0.02006 0.16048 0.27578
v -0.02006 0.16048 0.27578
v -0.01668 -0.02023 0.18597
v -0.01668 -0.02023 0.18597
v -0.00284 0.16696 -0.28103
v -0.00284 0.16696 -0.28103
v -0.00284 0.16696 -0.28103
v -0.00702 0.15363 -0.29029
v -0.00702 0.15363 -0.29029
v -0.00702 0.15363 -0.29029
v 0.06474 0.14534 -0.30756
v 0.06474 0.14534 -0.30756
v 0.06474 0.14534 -0.30756
v 0.02262 -0.02354 -0.20567
v 0.02262 -0.02354 -0.20567
v 0.04781 0.16517 0.26588
v 0.04781 0.16517 0.26588
v 0.01952 0.10819 0.34323
v -0.00886 -0.02020 -0.17671
v -0.00886 -0.02020 -0.17671
v -0.00571 -0.00120 0.19620
v -0.00571 -0.00120 0.19620
v -0.00571 -0.00120 0.19620
v -0.00571 -0.00120 0.19620
v 0.01938 -0.02455 0.22193
v 0.01938 -0.02455 0.22193
v 0.02139 0.05252 -0.37197
v 0.02139 0.05252 -0.37197
v 0.02139 0.05252 -0.37197
v -0.00270 -0.02266 -0.18532
v -0.01080 -0.02038 0.19181
v 0.11042 0.16772 0.02817
v 0.11042 0.16772 0.02817
v -0.00548 -0.00159 -0.17896
v -0.00548 -0.00159 -0.17896
v -0.00164 -0.02230 0.20008
v -0.00164 -0.02230 0.20008
v -0.00164 -0.02230 0.20008
v 0.01122 -0.00086 -0.32799
v 0.01122 -0.00086 -0.32799
v 0.01122 -0.00086 -0.32799
v 0.01122 -0.00086 -0.32799
v 0.01122 -0.00086 -0.32799
v 0.08049 0.02979 0.39369
v 0.08049 0.02979 0.39369
v 0.08049 0.02979 0.39369
v 0.08049 0.02979 0.39369
v 0.00618 -0.00091 -0.19118
v 0.00618 -0.00091 -0.19118
v 0.00618 -0.00091 -0.19118
v 0.00618 -0.00091 -0.19118
v 0.00618 -0.00091 -0.19118
v 0.01122 -0.00489 -0.19331
v 0.01122 -0.00489 -0.19331
v 0.00649 -0.02186 0.20753
v 0.01036 -0.00376 0.21145
v 0.01450 -0.02238 -0.19804
v 0.01450 -0.02238 -0.19804
v 0.01450 -0.02238 -0.19804
v 0.01263 0.16288 0.30096
v 0.01263 0.16288 0.30096
v 0.01263 0.16288 0.30096
v 0.01263 0.16288 0.30096
v 0.01649 -0.02207 0.21727
v 0.01649 -0.02207 0.21727
v 0.01649 -0.02207 0.21727
v 0.01833 -0.00323 -0.20017
v 0.01833 -0.00323 -0.20017
v 0.03393 -0.02392 -0.21189
v 0.03393 -0.02392 -0.21189
v 0.03393 -0.02392 -0.21189
v 0.02968 -0.00316 -0.21038
v 0.02968 -0.00316 -0.21038
v 0.02968 -0.00316 -0.21038
v 0.02968 -0.00316 -0.21038
v 0.02968 -0.00316 -0.21038
v 0.02579 -0.00344 -0.20637
v 0.02579 -0.00344 -0.20637
v 0.02579 -0.00344 -0.20637
v 0.04575 -0.00277 0.24845
v 0.04575 -0.00277 0.24845
v 0.04575 -0.00277 0.24845
v 0.04575 -0.00277 0.24845
v 0.04575 -0.00277 0.24845
v 0.04575 -0.00277 0.24845
v 0.04575 -0.00277 0.24845
v 0.04575 -0.00277 0.24845
v 0.08210 0.05022 0.40866
v 0.08210 0.05022 0.40866
v 0.08210 0.05022 0.40866
v 0.08426 0.16757 0.31162
v 0.08426 0.16757 0.31162
v 0.08426 0.16757 0.31162
v 0.08426 0.16757 0.31162
v 0.08426 0.16757 0.31162
v 0.08426 0.16757 0.31162
v 0.08426 0.16757 0.31162
v 0.08426 0.16757 0.31162
v 0.07817 -0.00503 0.36778
v 0.07817 -0.00503 0.36778
v 0.07817 -0.00503 0.36778
v 0.07817 -0.00503 0.36778
v 0.08756 0.16688 -0.29467
v 0.08756 0.16688 -0.29467
v 0.08756 0.16688 -0.29467
v 0.04479 -0.01450 -0.21963
v 0.04479 -0.01450 -0.21963
v 0.04479 -0.01450 -0.21963
v 0.03794 -0.02402 0.23674
v 0.03794 -0.02402 0.23674
v 0.03794 -0.02402 0.23674
v 0.03956 -0.00267 -0.22594
v 0.03956 -0.00267 -0.22594
v 0.03956 -0.00267 -0.22594
v 0.03956 -0.00267 -0.22594
v 0.03956 -0.00267 -0.22594
v 0.09078 -0.00361 0.30569
v 0.04367 -0.00495 0.24263
v 0.04367 -0.00495 0.24263
v 0.04367 -0.00495 0.24263
v 0.04367 -0.00495 0.24263
v 0.12444 0.16818 -0.00275
v 0.12444 0.16818 -0.00275
v 0.12444 0.16818 -0.00275
v 0.12444 0.16818 -0.00275
v 0.14703 0.16742 -0.04209
v 0.14703 0.16742 -0.04209
v 0.14703 0.16742 -0.04209
v 0.14703 0.16742 -0.04209
v 0.09057 -0.00236 -0.24309
v 0.09057 -0.00236 -0.24309
v 0.09057 -0.00236 -0.24309
v 0.09057 -0.00236 -0.24309
v 0.09057 -0.00236 -0.24309
v 0.05290 -0.02615 0.24653
v 0.05290 -0.02615 0.24653
v 0.06450 -0.00468 -0.34504
v 0.06450 -0.00468 -0.34504
v 0.06450 -0.00468 -0.34504
v 0.04544 -0.02422 0.24270
v 0.05133 -0.00522 0.24643
v 0.05133 -0.00522 0.24643
v 0.05133 -0.00522 0.24643
v 0.05133 -0.00522 0.24643
v 0.08241 0.04978 -0.39125
v 0.08241 0.04978 -0.39125
v 0.08241 0.04978 -0.39125
v 0.08241 0.04978 -0.39125
v 0.05142 0.16676 0.24325
v 0.05142 0.16676 0.24325
v 0.06668 -0.00530 0.25032
v 0.06668 -0.00530 0.25032
v 0.08015 0.19057 0.23548
v 0.08015 0.19057 0.23548
v 0.08015 0.19057 0.23548
v 0.06657 -0.02601 -0.22973
v 0.06657 -0.02601 -0.22973
v 0.06657 -0.02601 -0.22973
v 0.07879 -0.00496 -0.35026
v 0.07879 -0.00496 -0.35026
v 0.07879 -0.00496 -0.35026
v 0.07831 -0.00368 -0.23740
v 0.07831 -0.00368 -0.23740
v 0.07831 -0.00368 -0.23740
v 0.07831 -0.00368 -0.23740
v 0.09673 0.16714 0.26446
v 0.09673 0.16714 0.26446
v 0.09673 0.16714 0.26446
v 0.07649 -0.02562 0.25226
v 0.08282 0.19152 0.16237
v 0.08282 0.19152 0.16237
v 0.08282 0.19152 0.16237
v 0.09393 -0.00384 -0.24127
v 0.09393 -0.00384 -0.24127
v 0.09393 -0.00384 -0.24127
v 0.09393 -0.00384 -0.24127
v 0.09393 -0.00384 -0.24127
v 0.10982 -0.00536 0.26195
v 0.10982 -0.00536 0.26195
v 0.10982 -0.00536 0.26195
v 0.09663 -0.02752 -0.24098
v 0.13223 -0.00488 0.35991
v 0.13223 -0.00488 0.35991
v 0.10176 -0.00322 -0.24340
v 0.10176 -0.00322 -0.24340
v 0.16849 0.05373 0.39909
v 0.16849 0.05373 0.39909
v 0.12683 -0.00595 -0.24879
v 0.12683 -0.00595 -0.24879
v 0.12683 -0.00595 -0.24879
v 0.12683 -0.00595 -0.24879
v 0.12683 -0.00595 -0.24879
v 0.17351 -0.00381 0.28369
v 0.17351 -0.00381 0.28369
v 0.17351 -0.00381 0.28369
v 0.15162 0.16821 -0.24871
v 0.15162 0.16821 -0.24871
v 0.15162 0.16821 -0.24871
v 0.15162 0.16821 -0.24871
v 0.10926 -0.00326 -0.24550
v 0.10926 -0.00326 -0.24550
v 0.10926 -0.00326 -0.24550
v 0.13992 0.19165 0.03065
v 0.13992 0.19165 0.03065
v 0.13992 0.19165 0.03065
v 0.21649 -0.00491 0.34672
v 0.21649 -0.00491 0.34672
v 0.21649 -0.00491 0.34672
v 0.16253 -0.00372 -0.26322
v 0.16253 -0.00372 -0.26322
v 0.16253 -0.00372 -0.26322
v 0.16253 -0.00372 -0.26322
v 0.16253 -0.00372 -0.26322
v 0.16253 -0.00372 -0.26322
v 0.13494 -0.02950 0.26793
v 0.13494 -0.02950 0.26793
v 0.16080 0.19255 0.11714
v 0.16080 0.19255 0.11714
v 0.16080 0.19255 0.11714
v 0.16080 0.19255 0.11714
v 0.16080 0.19255 0.11714
v 0.13491 -0.02944 -0.25080
v 0.20402 0.14996 0.31876
v 0.20402 0.14996 0.31876
v 0.20402 0.14996 0.31876
v 0.17099 0.16728 0.30994
v 0.17099 0.16728 0.30994
v 0.17099 0.16728 0.30994
v 0.14471 -0.00547 0.27173
v 0.14471 -0.00547 0.27173
v 0.14471 -0.00547 0.27173
v 0.14471 -0.00547 0.27173
v 0.19960 0.16742 -0.29230
v 0.19960 0.16742 -0.29230
v 0.19960 0.16742 -0.29230
v 0.19960 0.16742 -0.29230
v 0.13908 -0.00500 -0.25272
v 0.13908 -0.00500 -0.25272
v 0.24738 0.19150 0.03074
v 0.24738 0.19150 0.03074
v 0.24738 0.19150 0.03074
v 0.24738 0.19150 0.03074
v 0.24738 0.19150 0.03074
v 0.24738 0.19150 0.03074
v 0.24738 0.19150 0.03074
v 0.15864 0.19245 0.13775
v 0.15864 0.19245 0.13775
v 0.15864 0.19245 0.13775
v 0.15864 0.19245 0.13775
v 0.15036 -0.00551 -0.25473
v 0.15036 -0.00551 -0.25473
v 0.15036 -0.00551 -0.25473
v 0.16854 -0.01377 -0.25657
v 0.16854 -0.01377 -0.25657
v 0.16854 -0.01377 -0.25657
v 0.16854 -0.01377 -0.25657
v 0.16854 -0.01377 -0.25657
v 0.22670 0.05655 -0.37579
v 0.22670 0.05655 -0.37579
v 0.22670 0.05655 -0.37579
v 0.22670 0.05655 -0.37579
v 0.22670 0.05655 -0.37579
v 0.16424 0.19193 0.16261
v 0.16424 0.19193 0.16261
v 0.17006 0.19223 0.17879
v 0.17006 0.19223 0.17879
v 0.17006 0.19223 0.17879
v 0.17006 0.19223 0.17879
v 0.17006 0.19223 0.17879
v 0.16566 -0.00529 -0.25918
v 0.16566 -0.00529 -0.25918
v 0.16566 -0.00529 -0.25918
v 0.16566 -0.00529 -0.25918
v 0.16501 -0.00459 0.27928
v 0.16501 -0.00459 0.27928
v 0.16312 0.18391 -0.23474
v 0.16312 0.18391 -0.23474
v 0.16312 0.18391 -0.23474
v 0.16819 0.19204 0.08470
v 0.16819 0.19204 0.08470
v 0.16819 0.19204 0.08470
v 0.16819 0.19204 0.08470
v 0.34848 0.12158 -0.31422
v 0.34848 0.12158 -0.31422
v 0.34848 0.12158 -0.31422
v 0.34848 0.12158 -0.31422
v 0.17263 -0.00544 0.27958
v 0.17263 -0.00544 0.27958
v 0.17263 -0.00544 0.27958
v 0.17261 0.19533 -0.07003
v 0.17261 0.19533 -0.07003
v 0.17261 0.19533 -0.07003
v 0.17261 0.19533 -0.07003
v 0.17261 0.19533 -0.07003
v 0.15721 0.19376 0.13018
v 0.15721 0.19376 0.13018
v 0.38019 -0.00522 -0.30423
v 0.38019 -0.00522 -0.30423
v 0.38019 -0.00522 -0.30423
v 0.38019 -0.00522 -0.30423
v 0.16268 0.19268 0.15156
v 0.16268 0.19268 0.15156
v 0.16268 0.19268 0.15156
v 0.15752 0.21428 0.13061
v 0.15752 0.21428 0.13061
v 0.28145 0.19153 0.23298
v 0.28145 0.19153 0.23298
v 0.28145 0.19153 0.23298
v 0.28145 0.19153 0.23298
v 0.28145 0.19153 0.23298
v 0.28145 0.19153 0.23298
v 0.28145 0.19153 0.23298
v 0.17015 0.19432 -0.22653
v 0.17015 0.19432 -0.22653
v 0.17015 0.19432 -0.22653
v 0.17067 0.21585 0.17682
v 0.17067 0.21585 0.17682
v 0.17067 0.21585 0.17682
v 0.17067 0.21585 0.17682
v 0.17022 0.21413 0.08310
v 0.17022 0.21413 0.08310
v 0.17022 0.21413 0.08310
v 0.16661 0.19298 0.16528
v 0.16661 0.19298 0.16528
v 0.16661 0.19298 0.16528
v 0.17701 0.24723 0.13020
v 0.17701 0.24723 0.13020
v 0.17503 -0.03015 0.27612
v 0.18608 -0.00553 -0.25933
v 0.18608 -0.00553 -0.25933
v 0.18608 -0.00553 -0.25933
v 0.18608 -0.00553 -0.25933
v 0.18608 -0.00553 -0.25933
v 0.22818 0.05677 0.39282
v 0.22818 0.05677 0.39282
v 0.20636 -0.03341 -0.25309
v 0.20636 -0.03341 -0.25309
v 0.18762 0.24749 0.09208
v 0.18762 0.24749 0.09208
v 0.18762 0.24749 0.09208
v 0.20740 0.19229 0.21363
v 0.20740 0.19229 0.21363
v 0.20740 0.19229 0.21363
v 0.20740 0.19229 0.21363
v 0.20522 0.19387 0.04880
v 0.20522 0.19387 0.04880
v 0.20522 0.19387 0.04880
v 0.20522 0.19387 0.04880
v 0.20522 0.19387 0.04880
v 0.19635 -0.00550 0.27374
v 0.19635 -0.00550 0.27374
v 0.19635 -0.00550 0.27374
v 0.21291 0.24722 0.06682
v 0.21291 0.24722 0.06682
v 0.21291 0.24722 0.06682
v 0.21291 0.24722 0.06682
v 0.20449 0.21467 0.04954
v 0.20449 0.21467 0.04954
v 0.20449 0.21467 0.04954
v 0.20449 0.21467 0.04954
v 0.18776 0.24731 0.16964
v 0.18776 0.24731 0.16964
v 0.18776 0.24731 0.16964
v 0.19285 -0.03387 0.27403
v 0.19285 -0.03387 0.27403
v 0.39074 0.16772 0.26585
v 0.39074 0.16772 0.26585
v 0.30762 0.19242 -0.22776
v 0.30762 0.19242 -0.22776
v 0.30762 0.19242 -0.22776
v 0.30762 0.19242 -0.22776
v 0.30762 0.19242 -0.22776
v 0.21570 0.19575 -0.11103
v 0.21570 0.19575 -0.11103
v 0.21570 0.19575 -0.11103
v 0.20629 -0.00550 -0.25482
v 0.20629 -0.00550 -0.25482
v 0.20629 -0.00550 -0.25482
v 0.19732 0.19233 0.05494
v 0.19732 0.19233 0.05494
v 0.19732 0.19233 0.05494
v 0.21277 0.24724 0.19445
v 0.21277 0.24724 0.19445
v 0.20481 0.21470 0.21171
v 0.32888 0.16840 -0.04108
v 0.32888 0.16840 -0.04108
v 0.32888 0.16840 -0.04108
v 0.22363 -0.00529 -0.25120
v 0.22363 -0.00529 -0.25120
v 0.22363 -0.00529 -0.25120
v 0.21020 -0.00392 0.27380
v 0.21020 -0.00392 0.27380
v 0.21020 -0.00392 0.27380
v 0.22454 0.19222 0.04323
v 0.22454 0.19222 0.04323
v 0.22454 0.19222 0.04323
v 0.21382 -0.00523 0.26990
v 0.21382 -0.00523 0.26990
v 0.21382 -0.00523 0.26990
v 0.21382 -0.00523 0.26990
v 0.21150 0.19501 -0.15934
v 0.21150 0.19501 -0.15934
v 0.21150 0.19501 -0.15934
v 0.21150 0.19501 -0.15934
v 0.21058 0.29187 -0.16231
v 0.21058 0.29187 -0.16231
v 0.21058 0.29187 -0.16231
v 0.21058 0.29187 -0.16231
v 0.21096 0.25013 -0.16310
v 0.21096 0.25013 -0.16310
v 0.21096 0.25013 -0.16310
v 0.21096 0.25013 -0.16310
v 0.21063 0.25016 -0.10628
v 0.21063 0.25016 -0.10628
v 0.21063 0.25016 -0.10628
v 0.21063 0.25016 -0.10628
v 0.21063 0.25016 -0.10628
v 0.21079 0.29180 -0.10636
v 0.21079 0.29180 -0.10636
v 0.21079 0.29180 -0.10636
v 0.21079 0.29180 -0.10636
v 0.22825 0.19407 -0.06899
v 0.22825 0.19407 -0.06899
v 0.22825 0.19407 -0.06899
v 0.22825 0.19407 -0.06899
v 0.26079 0.19374 -0.10879
v 0.26079 0.19374 -0.10879
v 0.26079 0.19374 -0.10879
v 0.21642 0.19788 -0.11236
v 0.21642 0.19788 -0.11236
v 0.21642 0.19788 -0.11236
v 0.21642 0.19788 -0.11236
v 0.21642 0.19788 -0.11236
v 0.21579 0.19771 -0.15760
v 0.21579 0.19771 -0.15760
v 0.21579 0.19771 -0.15760
v 0.21579 0.19771 -0.15760
v 0.22165 0.24674 -0.11868
v 0.22165 0.24674 -0.11868
v 0.22165 0.24674 -0.11868
v 0.22165 0.24674 -0.11868
v 0.22165 0.24674 -0.11868
v 0.22167 0.24712 -0.15134
v 0.22167 0.24712 -0.15134
v 0.22167 0.24712 -0.15134
v 0.25222 0.19222 0.22538
v 0.25222 0.19222 0.22538
v 0.25222 0.19222 0.22538
v 0.25281 0.21569 0.22385
v 0.25281 0.21569 0.22385
v 0.25281 0.21569 0.22385
v 0.25191 0.24747 0.20475
v 0.25191 0.24747 0.20475
v 0.25191 0.24747 0.20475
v 0.25680 -0.00385 0.26216
v 0.25680 -0.00385 0.26216
v 0.25680 -0.00385 0.26216
v 0.25680 -0.00385 0.26216
v 0.25680 -0.00385 0.26216
v 0.22576 0.26469 -0.10456
v 0.22576 0.26469 -0.10456
v 0.22576 0.26469 -0.10456
v 0.22576 0.26469 -0.10456
v 0.22576 0.26469 -0.10456
v 0.22569 0.28166 -0.10470
v 0.22569 0.28166 -0.10470
v 0.22569 0.28166 -0.10470
v 0.22569 0.28166 -0.10470
v 0.33236 0.16747 -0.25098
v 0.33236 0.16747 -0.25098
v 0.33236 0.16747 -0.25098
v 0.33236 0.16747 -0.25098
v 0.33236 0.16747 -0.25098
v 0.33236 0.16747 -0.25098
v 0.21540 0.21033 -0.15651
v 0.21540 0.21033 -0.15651
v 0.21540 0.21033 -0.15651
v 0.21540 0.21033 -0.15651
v 0.21540 0.21033 -0.15651
v 0.21662 0.21049 -0.11257
v 0.21662 0.21049 -0.11257
v 0.21662 0.21049 -0.11257
v 0.21662 0.21049 -0.11257
v 0.21662 0.21049 -0.11257
v 0.21662 0.21049 -0.11257
v 0.26029 0.19392 -0.15937
v 0.26029 0.19392 -0.15937
v 0.26029 0.19392 -0.15937
v 0.26029 0.19392 -0.15937
v 0.26029 0.19392 -0.15937
v 0.26029 0.19392 -0.15937
v 0.25048 0.24726 0.05705
v 0.25048 0.24726 0.05705
v 0.25048 0.24726 0.05705
v 0.22138 0.21418 -0.12924
v 0.22138 0.21418 -0.12924
v 0.22138 0.21418 -0.12924
v 0.22131 0.21393 -0.15104
v 0.22131 0.21393 -0.15104
v 0.22131 0.21393 -0.15104
v 0.22158 0.21392 -0.11870
v 0.22158 0.21392 -0.11870
v 0.22158 0.21392 -0.11870
v 0.25236 0.21324 0.03780
v 0.25236 0.21324 0.03780
v 0.25236 0.21324 0.03780
v 0.25236 0.21324 0.03780
v 0.25236 0.21324 0.03780
v 0.25236 0.21324 0.03780
v 0.24519 -0.03554 -0.24516
v 0.24196 0.19212 0.03945
v 0.24196 0.19212 0.03945
v 0.24196 0.19212 0.03945
v 0.24196 0.19212 0.03945
v 0.22779 0.28086 -0.07348
v 0.22779 0.28086 -0.07348
v 0.22779 0.28086 -0.07348
v 0.25910 0.21040 -0.15756
v 0.25910 0.21040 -0.15756
v 0.25910 0.21040 -0.15756
v 0.25910 0.21040 -0.15756
v 0.25910 0.21040 -0.15756
v 0.22880 0.26603 -0.05055
v 0.22880 0.26603 -0.05055
v 0.22880 0.26603 -0.05055
v 0.22880 0.26603 -0.05055
v 0.22880 0.26603 -0.05055
v 0.23004 0.27926 -0.03821
v 0.23004 0.27926 -0.03821
v 0.23004 0.27926 -0.03821
v 0.23004 0.27926 -0.03821
v 0.25386 0.21347 -0.11865
v 0.25386 0.21347 -0.11865
v 0.25386 0.21347 -0.11865
v 0.25386 0.21347 -0.11865
v 0.25386 0.21347 -0.11865
v 0.25386 0.21347 -0.11865
v 0.25386 0.21347 -0.11865
v 0.25386 0.21347 -0.11865
v 0.23706 -0.00556 0.26391
v 0.23706 -0.00556 0.26391
v 0.25402 0.24739 -0.15109
v 0.25402 0.24739 -0.15109
v 0.25402 0.24739 -0.15109
v 0.25402 0.24739 -0.15109
v 0.25402 0.24739 -0.15109
v 0.25929 0.19553 -0.11158
v 0.25929 0.19553 -0.11158
v 0.25929 0.19553 -0.11158
v 0.25929 0.19553 -0.11158
v 0.26451 0.29191 -0.10742
v 0.26451 0.29191 -0.10742
v 0.26451 0.29191 -0.10742
v 0.26451 0.29191 -0.10742
v 0.26451 0.29191 -0.10742
v 0.26451 0.29191 -0.10742
v 0.26337 0.29085 -0.16307
v 0.26337 0.29085 -0.16307
v 0.26337 0.29085 -0.16307
v 0.26337 0.29085 -0.16307
v 0.23190 0.26759 -0.00223
v 0.23190 0.26759 -0.00223
v 0.23190 0.26759 -0.00223
v 0.23190 0.26759 -0.00223
v 0.23190 0.26759 -0.00223
v 0.25329 0.21541 -0.15050
v 0.25329 0.21541 -0.15050
v 0.25329 0.21541 -0.15050
v 0.23182 0.27865 -0.00232
v 0.23182 0.27865 -0.00232
v 0.23182 0.27865 -0.00232
v 0.23182 0.27865 -0.00232
v 0.24859 0.26047 -0.10619
v 0.24859 0.26047 -0.10619
v 0.24859 0.26047 -0.10619
v 0.24859 0.26047 -0.10619
v 0.24810 0.28328 -0.10513
v 0.24810 0.28328 -0.10513
v 0.24810 0.28328 -0.10513
v 0.24810 0.28328 -0.10513
v 0.24810 0.28328 -0.10513
v 0.24810 0.28328 -0.10513
v 0.24810 0.28328 -0.10513
v 0.26417 0.25056 -0.10655
v 0.26417 0.25056 -0.10655
v 0.26417 0.25056 -0.10655
v 0.26417 0.25056 -0.10655
v 0.26417 0.25056 -0.10655
v 0.26417 0.25056 -0.10655
v 0.24517 0.28004 -0.04336
v 0.24517 0.28004 -0.04336
v 0.24517 0.28004 -0.04336
v 0.24517 0.28004 -0.04336
v 0.25392 0.24736 -0.11856
v 0.25392 0.24736 -0.11856
v 0.25392 0.24736 -0.11856
v 0.24555 0.26673 -0.04763
v 0.24555 0.26673 -0.04763
v 0.24555 0.26673 -0.04763
v 0.30750 0.19218 -0.06943
v 0.30750 0.19218 -0.06943
v 0.30750 0.19218 -0.06943
v 0.24303 0.26752 -0.00267
v 0.24303 0.26752 -0.00267
v 0.24303 0.26752 -0.00267
v 0.24303 0.26752 -0.00267
v 0.24310 0.27867 -0.00238
v 0.24310 0.27867 -0.00238
v 0.24310 0.27867 -0.00238
v 0.24817 0.26481 -0.10435
v 0.24817 0.26481 -0.10435
v 0.24817 0.26481 -0.10435
v 0.24817 0.26481 -0.10435
v 0.26917 -0.00496 -0.23976
v 0.26917 -0.00496 -0.23976
v 0.26453 0.25018 -0.16222
v 0.26453 0.25018 -0.16222
v 0.26453 0.25018 -0.16222
v 0.26453 0.25018 -0.16222
v 0.25894 0.21003 -0.11257
v 0.25894 0.21003 -0.11257
v 0.25894 0.21003 -0.11257
v 0.25894 0.21003 -0.11257
v 0.24787 0.19236 0.03735
v 0.24787 0.19236 0.03735
v 0.24787 0.19236 0.03735
v 0.24787 0.19236 0.03735
v 0.25057 0.19196 0.03527
v 0.25057 0.19196 0.03527
v 0.25057 0.19196 0.03527
v 0.31560 0.24715 0.09232
v 0.31560 0.24715 0.09232
v 0.31560 0.24715 0.09232
v 0.31560 0.24715 0.09232
v 0.25697 -0.03525 0.25808
v 0.30681 0.19286 -0.09952
v 0.30681 0.19286 -0.09952
v 0.30681 0.19286 -0.09952
v 0.26272 0.19210 0.03904
v 0.26272 0.19210 0.03904
v 0.26272 0.19210 0.03904
v 0.26594 0.19271 0.22134
v 0.26594 0.19271 0.22134
v 0.26594 0.19271 0.22134
v 0.27433 -0.00531 0.25433
v 0.27433 -0.00531 0.25433
v 0.27433 -0.00531 0.25433
v 0.34932 0.16700 -0.29007
v 0.34932 0.16700 -0.29007
v 0.34932 0.16700 -0.29007
v 0.39329 0.16733 0.30614
v 0.39329 0.16733 0.30614
v 0.39329 0.16733 0.30614
v 0.39329 0.16733 0.30614
v 0.28943 0.24737 0.06738
v 0.28943 0.24737 0.06738
v 0.28943 0.24737 0.06738
v 0.28943 0.24737 0.06738
v 0.28975 0.24724 0.19508
v 0.28975 0.24724 0.19508
v 0.28975 0.24724 0.19508
v 0.28047 -0.03728 -0.23557
v 0.28047 -0.03728 -0.23557
v 0.27264 0.19299 0.21916
v 0.27264 0.19299 0.21916
v 0.27264 0.19299 0.21916
v 0.29944 0.19389 0.05051
v 0.29944 0.19389 0.05051
v 0.29944 0.19389 0.05051
v 0.29944 0.19389 0.05051
v 0.29944 0.19389 0.05051
v 0.29944 0.19389 0.05051
v 0.29944 0.19389 0.05051
v 0.29862 0.06031 -0.36804
v 0.29862 0.06031 -0.36804
v 0.29862 0.06031 -0.36804
v 0.28439 -0.00494 0.33646
v 0.28439 -0.00494 0.33646
v 0.28439 -0.00494 0.33646
v 0.29752 0.21403 0.04965
v 0.29752 0.21403 0.04965
v 0.32465 0.24704 0.12296
v 0.32465 0.24704 0.12296
v 0.32465 0.24704 0.12296
v 0.27641 -0.00685 -0.23722
v 0.27641 -0.00685 -0.23722
v 0.27641 -0.00685 -0.23722
v 0.29608 -0.03721 0.24639
v 0.29820 0.21575 0.21177
v 0.29820 0.21575 0.21177
v 0.29820 0.21575 0.21177
v 0.29820 0.21575 0.21177
v 0.29145 -0.00540 -0.23508
v 0.29145 -0.00540 -0.23508
v 0.29145 -0.00540 -0.23508
v 0.47211 0.09870 0.34119
v 0.47211 0.09870 0.34119
v 0.35530 0.19148 0.03064
v 0.35530 0.19148 0.03064
v 0.30212 -0.00880 -0.22976
v 0.30212 -0.00880 -0.22976
v 0.30212 -0.00880 -0.22976
v 0.30212 -0.00880 -0.22976
v 0.30212 -0.00880 -0.22976
v 0.37586 0.17847 0.25083
v 0.37586 0.17847 0.25083
v 0.28978 -0.00740 -0.23320
v 0.28978 -0.00740 -0.23320
v 0.28978 -0.00740 -0.23320
v 0.30168 -0.00560 0.24643
v 0.30168 -0.00560 0.24643
v 0.30168 -0.00560 0.24643
v 0.30168 -0.00560 0.24643
v 0.30168 -0.00560 0.24643
v 0.30114 0.19200 0.04978
v 0.30114 0.19200 0.04978
v 0.30114 0.19200 0.04978
v 0.30318 -0.00481 -0.23338
v 0.30318 -0.00481 -0.23338
v 0.30318 -0.00481 -0.23338
v 0.30318 -0.00481 -0.23338
v 0.30318 -0.00481 -0.23338
v 0.31297 -0.00365 0.24264
v 0.31297 -0.00365 0.24264
v 0.31297 -0.00365 0.24264
v 0.35318 0.06241 -0.36207
v 0.35318 0.06241 -0.36207
v 0.39271 0.16778 -0.00071
v 0.39271 0.16778 -0.00071
v 0.39271 0.16778 -0.00071
v 0.30519 -0.03732 -0.22767
v 0.30519 -0.03732 -0.22767
v 0.33177 0.21355 0.17960
v 0.33177 0.21355 0.17960
v 0.33177 0.21355 0.17960
v 0.33247 0.21589 0.08398
v 0.33247 0.21589 0.08398
v 0.33247 0.21589 0.08398
v 0.31146 0.19217 0.06075
v 0.31146 0.19217 0.06075
v 0.31146 0.19217 0.06075
v 0.31146 0.19217 0.06075
v 0.31293 -0.00494 0.23871
v 0.31293 -0.00494 0.23871
v 0.31293 -0.00494 0.23871
v 0.31676 0.24708 0.16728
v 0.31676 0.24708 0.16728
v 0.31676 0.24708 0.16728
v 0.31676 0.24708 0.16728
v 0.31113 -0.03778 0.23868
v 0.32290 -0.03961 0.22917
v 0.32290 -0.03961 0.22917
v 0.31284 -0.00702 -0.22158
v 0.31284 -0.00702 -0.22158
v 0.31284 -0.00702 -0.22158
v 0.33427 0.19202 0.18001
v 0.33427 0.19202 0.18001
v 0.33427 0.19202 0.18001
v 0.33427 0.19202 0.18001
v 0.33427 0.19202 0.18001
v 0.33427 0.19202 0.18001
v 0.33635 -0.00732 -0.20039
v 0.33635 -0.00732 -0.20039
v 0.33227 0.16767 -0.04221
v 0.33227 0.16767 -0.04221
v 0.33227 0.16767 -0.04221
v 0.43997 0.06615 0.36961
v 0.43997 0.06615 0.36961
v 0.43997 0.06615 0.36961
v 0.43997 0.06615 0.36961
v 0.31928 0.19249 0.06861
v 0.31928 0.19249 0.06861
v 0.32097 -0.00508 0.23114
v 0.32097 -0.00508 0.23114
v 0.32097 -0.00508 0.23114
v 0.32097 -0.00508 0.23114
v 0.32268 -0.00705 -0.21375
v 0.32268 -0.00705 -0.21375
v 0.32268 -0.00705 -0.21375
v 0.32839 -0.00394 0.22684
v 0.33310 0.19395 0.17877
v 0.33310 0.19395 0.17877
v 0.33037 0.19202 0.07701
v 0.33037 0.19202 0.07701
v 0.33037 0.19202 0.07701
v 0.33037 0.19202 0.07701
v 0.33162 0.19388 0.08129
v 0.33162 0.19388 0.08129
v 0.33162 0.19388 0.08129
v 0.33162 0.19388 0.08129
v 0.33162 0.19388 0.08129
v 0.33162 0.19388 0.08129
v 0.33162 0.19388 0.08129
v 0.32816 -0.00499 0.22459
v 0.32816 -0.00499 0.22459
v 0.34843 -0.00484 -0.19089
v 0.34843 -0.00484 -0.19089
v 0.34843 -0.00484 -0.19089
v 0.34843 -0.00484 -0.19089
v 0.34843 -0.00484 -0.19089
v 0.34603 0.21343 0.13016
v 0.34603 0.21343 0.13016
v 0.34603 0.21343 0.13016
v 0.34603 0.21343 0.13016
v 0.34603 0.21343 0.13016
v 0.35527 0.19148 0.23242
v 0.35527 0.19148 0.23242
v 0.35527 0.19148 0.23242
v 0.34591 -0.03982 -0.19224
v 0.34591 -0.03982 -0.19224
v 0.33469 -0.00572 0.21736
v 0.33469 -0.00572 0.21736
v 0.33469 -0.00572 0.21736
v 0.34770 -0.00485 0.20706
v 0.34770 -0.00485 0.20706
v 0.33462 0.19242 0.08626
v 0.33462 0.19242 0.08626
v 0.33462 0.19242 0.08626
v 0.33462 0.19242 0.08626
v 0.33462 0.19242 0.08626
v 0.33487 0.21447 0.17101
v 0.33487 0.21447 0.17101
v 0.33487 0.21447 0.17101
v 0.33487 0.21447 0.17101
v 0.40574 0.06476 -0.35626
v 0.40574 0.06476 -0.35626
v 0.33644 0.19279 0.09390
v 0.33644 0.19279 0.09390
v 0.33644 0.19279 0.09390
v 0.33644 0.19279 0.09390
v 0.33644 0.19279 0.09390
v 0.33825 0.19320 0.15935
v 0.33825 0.19320 0.15935
v 0.33825 0.19320 0.15935
v 0.33427 0.19393 0.08670
v 0.33427 0.19393 0.08670
v 0.33427 0.19393 0.08670
v 0.33982 -0.00459 0.21478
v 0.33982 -0.00459 0.21478
v 0.33982 -0.00459 0.21478
v 0.34049 0.19210 0.15479
v 0.34049 0.19210 0.15479
v 0.34049 0.19210 0.15479
v 0.34049 0.19210 0.15479
v 0.34049 0.19210 0.15479
v 0.34641 0.19194 0.12588
v 0.34641 0.19194 0.12588
v 0.34641 0.19194 0.12588
v 0.34641 0.19194 0.12588
v 0.34641 0.19194 0.12588
v 0.35016 -0.03974 0.20369
v 0.36907 -0.04225 0.18766
v 0.36907 -0.04225 0.18766
v 0.34573 0.19376 0.13329
v 0.34573 0.19376 0.13329
v 0.35974 -0.00354 0.19965
v 0.35974 -0.00354 0.19965
v 0.35974 -0.00354 0.19965
v 0.36163 -0.00500 0.19374
v 0.36163 -0.00500 0.19374
v 0.36163 -0.00500 0.19374
v 0.36163 -0.00500 0.19374
v 0.36163 -0.00500 0.19374
v 0.40263 -0.00495 -0.13577
v 0.40263 -0.00495 -0.13577
v 0.40263 -0.00495 -0.13577
v 0.49694 0.16729 -0.28710
v 0.49694 0.16729 -0.28710
v 0.49694 0.16729 -0.28710
v 0.49694 0.16729 -0.28710
v 0.49694 0.16729 -0.28710
v 0.49694 0.16729 -0.28710
v 0.49694 0.16729 -0.28710
v 0.39480 0.16759 0.12375
v 0.39480 0.16759 0.12375
v 0.39480 0.16759 0.12375
v 0.39480 0.16759 0.12375
v 0.58123 -0.00105 0.22717
v 0.58123 -0.00105 0.22717
v 0.38274 -0.00457 0.17388
v 0.38274 -0.00457 0.17388
v 0.38274 -0.00457 0.17388
v 0.38274 -0.00457 0.17388
v 0.39318 -0.00540 0.16092
v 0.39318 -0.00540 0.16092
v 0.39318 -0.00540 0.16092
v 0.40841 -0.00519 0.14325
v 0.40841 -0.00519 0.14325
v 0.40841 -0.00519 0.14325
v 0.40841 -0.00519 0.14325
v 0.44167 -0.00520 0.31211
v 0.44167 -0.00520 0.31211
v 0.44167 -0.00520 0.31211
v 0.40296 -0.04390 -0.13624
v 0.40296 -0.04390 -0.13624
v 0.39046 -0.00443 0.16601
v 0.39046 -0.00443 0.16601
v 0.39046 -0.00443 0.16601
v 0.40457 -0.00363 0.15281
v 0.40457 -0.00363 0.15281
v 0.52047 -0.00468 0.29187
v 0.40846 -0.00315 -0.13192
v 0.40846 -0.00315 -0.13192
v 0.40846 -0.00315 -0.13192
v 0.41037 -0.00470 -0.12005
v 0.41037 -0.00470 -0.12005
v 0.41037 -0.00470 -0.12005
v 0.41037 -0.00470 -0.12005
v 0.41037 -0.00470 -0.12005
v 0.41412 -0.00357 0.13336
v 0.41412 -0.00357 0.13336
v 0.41818 -0.00500 -0.09508
v 0.41818 -0.00500 -0.09508
v 0.41818 -0.00500 -0.09508
v 0.41614 -0.00331 -0.10847
v 0.41614 -0.00331 -0.10847
v 0.41614 -0.00331 -0.10847
v 0.59490 -0.00072 -0.21034
v 0.42373 -0.00691 0.09021
v 0.42373 -0.00691 0.09021
v 0.42373 -0.00691 0.09021
v 0.42197 -0.00343 0.10605
v 0.42197 -0.00343 0.10605
v 0.42197 -0.00343 0.10605
v 0.42197 -0.00343 0.10605
v 0.42197 -0.00343 0.10605
v 0.42584 -0.00332 -0.07527
v 0.42584 -0.00332 -0.07527
v 0.42584 -0.00332 -0.07527
v 0.42584 -0.00332 -0.07527
v 0.42213 -0.00496 0.09805
v 0.42213 -0.00496 0.09805
v 0.42213 -0.00496 0.09805
v 0.42210 -0.00518 -0.08138
v 0.42210 -0.00518 -0.08138
v 0.42210 -0.00518 -0.08138
v 0.42210 -0.00518 -0.08138
v 0.42405 -0.04338 -0.07171
v 0.42405 -0.04338 -0.07171
v 0.42403 -0.00516 0.09058
v 0.42403 -0.00516 0.09058
v 0.42403 -0.00516 0.09058
v 0.42603 -0.00478 -0.06824
v 0.42603 -0.00478 -0.06824
v 0.42603 -0.00478 -0.06824
v 0.42799 -0.00315 0.08666
v 0.42799 -0.00315 0.08666
v 0.48010 0.06825 -0.34848
v 0.48010 0.06825 -0.34848
v 0.42796 -0.00547 0.07542
v 0.42796 -0.00547 0.07542
v 0.42985 -0.00559 0.06766
v 0.42985 -0.00559 0.06766
v 0.42985 -0.00559 0.06766
v 0.43123 -0.02936 -0.04447
v 0.43123 -0.02936 -0.04447
v 0.43123 -0.02936 -0.04447
v 0.43177 -0.00457 -0.04588
v 0.43177 -0.00457 -0.04588
v 0.43177 -0.00457 -0.04588
v 0.43177 -0.00457 -0.04588
v 0.43573 -0.00303 -0.03823
v 0.43573 -0.00303 -0.03823
v 0.44359 -0.00531 0.00595
v 0.44359 -0.00531 0.00595
v 0.44359 -0.00531 0.00595
v 0.44359 -0.00531 0.00595
v 0.43516 -0.00430 0.05308
v 0.43516 -0.00430 0.05308
v 0.43766 -0.00549 -0.01908
v 0.43766 -0.00549 -0.01908
v 0.43766 -0.00549 -0.01908
v 0.43787 -0.00676 0.03565
v 0.43787 -0.00676 0.03565
v 0.43787 -0.00676 0.03565
v 0.43572 -0.00559 0.04418
v 0.43572 -0.00559 0.04418
v 0.43777 -0.00311 0.04786
v 0.43777 -0.00311 0.04786
v 0.43777 -0.00311 0.04786
v 0.43777 -0.00311 0.04786
v 0.43777 -0.00311 0.04786
v 0.43777 -0.00311 0.04786
v 0.43962 -0.00542 0.02835
v 0.43962 -0.00542 0.02835
v 0.44154 -0.00490 -0.00496
v 0.44160 -0.00548 0.01891
v 0.44160 -0.00548 0.01891
v 0.44160 -0.00548 0.01891
v 0.49404 -0.00537 -0.28681
v 0.49404 -0.00537 -0.28681
v 0.44527 -0.00357 0.00471
v 0.44527 -0.00357 0.00471
v 0.44527 -0.00357 0.00471
v 0.44527 -0.00357 0.00471
v 0.44527 -0.00357 0.00471
v 0.60968 0.16706 0.07216
v 0.60968 0.16706 0.07216
v 0.60968 0.16706 0.07216
v 0.60968 0.16706 0.07216
v 0.60968 0.16706 0.07216
v 0.49948 0.16702 0.30385
v 0.49948 0.16702 0.30385
v 0.49948 0.16702 0.30385
v 0.49948 0.16702 0.30385
v 0.53386 0.08687 -0.32920
v 0.53386 0.08687 -0.32920
v 0.53386 0.08687 -0.32920
v 0.53386 0.08687 -0.32920
v 0.48318 0.16840 0.18387
v 0.48318 0.16840 0.18387
v 0.48318 0.16840 0.18387
v 0.48318 0.16840 0.18387
v 0.48318 0.16840 0.18387
v 0.48318 0.16840 0.18387
v 0.48318 0.16840 0.18387
v 0.47692 0.16745 0.16609
v 0.48711 0.16849 0.15722
v 0.48711 0.16849 0.15722
v 0.48711 0.16849 0.15722
v 0.48711 0.16849 0.15722
v 0.48711 0.16849 0.15722
v 0.48711 0.16849 0.15722
v 0.47933 0.16856 -0.16081
v 0.47933 0.16856 -0.16081
v 0.47933 0.16856 -0.16081
v 0.47933 0.16856 -0.16081
v 0.47933 0.16856 -0.16081
v 0.48449 0.16890 -0.14336
v 0.48449 0.16890 -0.14336
v 0.48449 0.16890 -0.14336
v 0.48449 0.16890 -0.14336
v 0.50607 0.16755 0.15691
v 0.50607 0.16755 0.15691
v 0.50607 0.16755 0.15691
v 0.50607 0.16755 0.15691
v 0.50607 0.16755 0.15691
v 0.48090 0.16903 0.16677
v 0.48090 0.16903 0.16677
v 0.48090 0.16903 0.16677
v 0.48090 0.16903 0.16677
v 0.48072 0.17065 -0.15089
v 0.48072 0.17065 -0.15089
v 0.48072 0.17065 -0.15089
v 0.48072 0.17065 -0.15089
v 0.48072 0.17065 -0.15089
v 0.48090 0.17293 -0.15995
v 0.48090 0.17293 -0.15995
v 0.48090 0.17293 -0.15995
v 0.48448 0.17093 -0.16558
v 0.48448 0.17093 -0.16558
v 0.48448 0.17093 -0.16558
v 0.48062 0.17067 0.17678
v 0.48062 0.17067 0.17678
v 0.48062 0.17067 0.17678
v 0.48210 0.19766 -0.14797
v 0.48210 0.19766 -0.14797
v 0.48210 0.19766 -0.14797
v 0.48210 0.19766 -0.14797
v 0.48210 0.19766 -0.14797
v 0.48060 0.19792 -0.15928
v 0.48060 0.19792 -0.15928
v 0.48060 0.19792 -0.15928
v 0.48060 0.19792 -0.15928
v 0.48059 0.19796 0.17516
v 0.48059 0.19796 0.17516
v 0.48059 0.19796 0.17516
v 0.48059 0.19796 0.17516
v 0.48059 0.19796 0.17516
v 0.48059 0.19796 0.17516
v 0.48059 0.19796 0.17516
v 0.48059 0.19796 0.17516
v 0.48197 0.19808 0.17942
v 0.48197 0.19808 0.17942
v 0.48197 0.19808 0.17942
v 0.48207 0.19794 0.16559
v 0.48207 0.19794 0.16559
v 0.48860 0.16753 -0.17282
v 0.48860 0.16753 -0.17282
v 0.48860 0.16753 -0.17282
v 0.48860 0.16753 -0.17282
v 0.48860 0.16753 -0.17282
v 0.48995 0.19796 -0.16948
v 0.48995 0.19796 -0.16948
v 0.48995 0.19796 -0.16948
v 0.48995 0.19796 -0.16948
v 0.53258 0.07041 -0.34253
v 0.53258 0.07041 -0.34253
v 0.53258 0.07041 -0.34253
v 0.49054 0.19742 -0.14053
v 0.49054 0.19742 -0.14053
v 0.49054 0.19742 -0.14053
v 0.48983 0.19798 0.18665
v 0.48983 0.19798 0.18665
v 0.48983 0.19798 0.18665
v 0.48983 0.19798 0.18665
v 0.48983 0.19798 0.18665
v 0.48883 0.19762 0.15814
v 0.48883 0.19762 0.15814
v 0.48883 0.19762 0.15814
v 0.48883 0.19762 0.15814
v 0.48883 0.19762 0.15814
v 0.48883 0.19762 0.15814
v 0.48887 0.16860 0.18758
v 0.48887 0.16860 0.18758
v 0.48887 0.16860 0.18758
v 0.49087 0.19976 -0.14820
v 0.49087 0.19976 -0.14820
v 0.49087 0.19976 -0.14820
v 0.49087 0.19976 -0.14820
v 0.49087 0.19976 -0.14820
v 0.49087 0.19976 -0.14820
v 0.49087 0.19976 -0.14820
v 0.48857 0.20053 -0.15133
v 0.48857 0.20053 -0.15133
v 0.48857 0.20053 -0.15133
v 0.48857 0.20053 -0.15133
v 0.49009 0.20182 -0.15982
v 0.49009 0.20182 -0.15982
v 0.49009 0.20182 -0.15982
v 0.48914 0.19983 0.17790
v 0.48914 0.19983 0.17790
v 0.48914 0.19983 0.17790
v 0.48914 0.19983 0.17790
v 0.48848 0.20190 0.17045
v 0.48848 0.20190 0.17045
v 0.48848 0.20190 0.17045
v 0.48848 0.20190 0.17045
v 0.48848 0.20190 0.17045
v 0.49081 0.17046 -0.16989
v 0.49081 0.17046 -0.16989
v 0.49081 0.17046 -0.16989
v 0.49081 0.17046 -0.16989
v 0.49112 0.19957 0.16512
v 0.49112 0.19957 0.16512
v 0.49112 0.19957 0.16512
v 0.49112 0.19957 0.16512
v 0.49112 0.19957 0.16512
v 0.49018 0.23826 -0.15927
v 0.49018 0.23826 -0.15927
v 0.49018 0.23826 -0.15927
v 0.49454 0.20206 0.17963
v 0.49454 0.20206 0.17963
v 0.49454 0.20206 0.17963
v 0.49454 0.20206 0.17963
v 0.49454 0.20206 0.17963
v 0.49454 0.20206 0.17963
v 0.49454 0.20206 0.17963
v 0.48914 0.31578 -0.15363
v 0.48914 0.31578 -0.15363
v 0.48914 0.31578 -0.15363
v 0.48995 0.26917 0.17622
v 0.48995 0.26917 0.17622
v 0.48995 0.26917 0.17622
v 0.48995 0.26917 0.17622
v 0.48899 0.28061 0.17096
v 0.48899 0.28061 0.17096
v 0.49005 0.43264 0.17015
v 0.49005 0.43264 0.17015
v 0.49005 0.43264 0.17015
v 0.49005 0.43264 0.17015
v 0.49005 0.43264 0.17015
v 0.49039 0.43248 -0.15761
v 0.49039 0.43248 -0.15761
v 0.49039 0.43248 -0.15761
v 0.49039 0.43248 -0.15761
v 0.49039 0.43248 -0.15761
v 0.49226 0.28469 0.16661
v 0.49226 0.28469 0.16661
v 0.49226 0.28469 0.16661
v 0.49226 0.28469 0.16661
v 0.50616 0.16758 -0.17096
v 0.50616 0.16758 -0.17096
v 0.50616 0.16758 -0.17096
v 0.50616 0.16758 -0.17096
v 0.50616 0.16758 -0.17096
v 0.50616 0.16758 -0.17096
v 0.50616 0.16758 -0.17096
v 0.50616 0.16758 -0.17096
v 0.50616 0.16758 -0.17096
v 0.53143 0.07119 0.35952
v 0.53143 0.07119 0.35952
v 0.53143 0.07119 0.35952
v 0.49414 0.36744 0.17848
v 0.49414 0.36744 0.17848
v 0.49414 0.36744 0.17848
v 0.49414 0.36744 0.17848
v 0.49414 0.36744 0.17848
v 0.49414 0.36744 0.17848
v 0.49414 0.36744 0.17848
v 0.49905 0.43274 -0.15084
v 0.49905 0.43274 -0.15084
v 0.49905 0.43274 -0.15084
v 0.49905 0.43274 -0.15084
v 0.49905 0.43274 -0.15084
v 0.49905 0.43274 -0.15084
v 0.49007 0.43259 -0.15352
v 0.49007 0.43259 -0.15352
v 0.49007 0.43259 -0.15352
v 0.49978 0.17063 0.15767
v 0.49978 0.17063 0.15767
v 0.49978 0.17063 0.15767
v 0.49978 0.17063 0.15767
v 0.49023 0.43260 0.17512
v 0.49023 0.43260 0.17512
v 0.49023 0.43260 0.17512
v 0.49023 0.43260 0.17512
v 0.49692 0.43288 0.16633
v 0.49692 0.43288 0.16633
v 0.49692 0.43288 0.16633
v 0.49692 0.43288 0.16633
v 0.49692 0.43288 0.16633
v 0.49525 0.43281 -0.16103
v 0.49525 0.43281 -0.16103
v 0.49525 0.43281 -0.16103
v 0.49525 0.43281 -0.16103
v 0.49525 0.43281 -0.16103
v 0.49748 0.19532 0.15804
v 0.49748 0.19532 0.15804
v 0.49748 0.19532 0.15804
v 0.49748 0.19532 0.15804
v 0.49748 0.19532 0.15804
v 0.50012 0.19801 -0.14032
v 0.50012 0.19801 -0.14032
v 0.50012 0.19801 -0.14032
v 0.50012 0.19801 -0.14032
v 0.50012 0.19801 -0.14032
v 0.50012 0.19801 -0.14032
v 0.50012 0.19801 -0.14032
v 0.49686 0.43280 0.17821
v 0.49686 0.43280 0.17821
v 0.49686 0.43280 0.17821
v 0.49686 0.43280 0.17821
v 0.50438 0.19792 0.18437
v 0.50438 0.19792 0.18437
v 0.50438 0.19792 0.18437
v 0.50438 0.19792 0.18437
v 0.50438 0.19792 0.18437
v 0.50438 0.19792 0.18437
v 0.49935 0.19790 -0.16965
v 0.49935 0.19790 -0.16965
v 0.49935 0.19790 -0.16965
v 0.50250 0.16946 -0.16904
v 0.50250 0.16946 -0.16904
v 0.50250 0.16946 -0.16904
v 0.50250 0.16946 -0.16904
v 0.49514 0.20010 -0.16299
v 0.49514 0.20010 -0.16299
v 0.49514 0.20010 -0.16299
v 0.49514 0.20010 -0.16299
v 0.49514 0.20010 -0.16299
v 0.50027 0.19814 -0.14573
v 0.50027 0.19814 -0.14573
v 0.50027 0.19814 -0.14573
v 0.50027 0.19814 -0.14573
v 0.49745 0.20005 0.16479
v 0.49745 0.20005 0.16479
v 0.49745 0.20005 0.16479
v 0.49745 0.20005 0.16479
v 0.49745 0.20005 0.16479
v 0.49745 0.20005 0.16479
v 0.57711 0.05285 0.33934
v 0.57711 0.05285 0.33934
v 0.57711 0.05285 0.33934
v 0.57711 0.05285 0.33934
v 0.49983 0.20173 0.17839
v 0.49983 0.20173 0.17839
v 0.49983 0.20173 0.17839
v 0.50020 0.16850 0.18790
v 0.50020 0.16850 0.18790
v 0.50020 0.16850 0.18790
v 0.50020 0.16850 0.18790
v 0.50020 0.16850 0.18790
v 0.49828 0.19806 0.18701
v 0.49828 0.19806 0.18701
v 0.49848 0.28373 0.16634
v 0.49848 0.28373 0.16634
v 0.49848 0.28373 0.16634
v 0.49848 0.28373 0.16634
v 0.49848 0.28373 0.16634
v 0.49848 0.28373 0.16634
v 0.50099 0.43282 -0.15552
v 0.50099 0.43282 -0.15552
v 0.50099 0.43282 -0.15552
v 0.50099 0.43282 -0.15552
v 0.50210 0.20025 -0.15917
v 0.50210 0.20025 -0.15917
v 0.50210 0.20025 -0.15917
v 0.50210 0.20025 -0.15917
v 0.50146 0.22045 0.17600
v 0.50146 0.22045 0.17600
v 0.50146 0.22045 0.17600
v 0.50146 0.22045 0.17600
v 0.49999 0.19953 -0.16247
v 0.50628 0.19784 -0.16526
v 0.50628 0.19784 -0.16526
v 0.50628 0.19784 -0.16526
v 0.50628 0.19784 -0.16526
v 0.50628 0.19784 -0.16526
v 0.50205 0.16866 -0.14040
v 0.50205 0.16866 -0.14040
v 0.50205 0.16866 -0.14040
v 0.50205 0.16866 -0.14040
v 0.50205 0.16866 -0.14040
v 0.50071 0.43302 0.17501
v 0.50071 0.43302 0.17501
v 0.49811 0.20206 -0.14839
v 0.49811 0.20206 -0.14839
v 0.49811 0.20206 -0.14839
v 0.50149 0.35240 0.17237
v 0.50149 0.35240 0.17237
v 0.50149 0.35240 0.17237
v 0.50149 0.35240 0.17237
v 0.50149 0.35240 0.17237
v 0.50149 0.35240 0.17237
v 0.50149 0.35240 0.17237
v 0.50050 0.43293 0.16976
v 0.50050 0.43293 0.16976
v 0.50050 0.43293 0.16976
v 0.50050 0.43293 0.16976
v 0.50122 0.34009 -0.15359
v 0.50122 0.34009 -0.15359
v 0.50122 0.34009 -0.15359
v 0.50122 0.34009 -0.15359
v 0.50122 0.34009 -0.15359
v 0.50122 0.34009 -0.15359
v 0.50258 0.20198 0.17043
v 0.50258 0.20198 0.17043
v 0.50258 0.20198 0.17043
v 0.50258 0.20198 0.17043
v 0.50236 0.20206 -0.15298
v 0.50236 0.20206 -0.15298
v 0.50236 0.20206 -0.15298
v 0.50236 0.20206 -0.15298
v 0.50236 0.20206 -0.15298
v 0.50236 0.20206 -0.15298
v 0.50458 0.19720 0.16086
v 0.50458 0.19720 0.16086
v 0.50458 0.19720 0.16086
v 0.50458 0.19720 0.16086
v 0.50999 0.19775 -0.15178
v 0.50999 0.19775 -0.15178
v 0.50999 0.19775 -0.15178
v 0.50999 0.19775 -0.15178
v 0.50999 0.19775 -0.15178
v 0.50169 0.19953 0.16705
v 0.50169 0.19953 0.16705
v 0.50169 0.19953 0.16705
v 0.50394 0.19974 0.17148
v 0.50394 0.19974 0.17148
v 0.50394 0.19974 0.17148
v 0.50394 0.19974 0.17148
v 0.51003 0.16910 -0.14979
v 0.51003 0.16910 -0.14979
v 0.51003 0.16910 -0.14979
v 0.51003 0.16910 -0.14979
v 0.51003 0.16910 -0.14979
v 0.51003 0.16910 -0.14979
v 0.50547 0.19753 -0.14422
v 0.50547 0.19753 -0.14422
v 0.50547 0.19753 -0.14422
v 0.60848 0.16700 -0.23121
v 0.60848 0.16700 -0.23121
v 0.60848 0.16700 -0.23121
v 0.51399 0.16751 0.18026
v 0.51399 0.16751 0.18026
v 0.51399 0.16751 0.18026
v 0.51399 0.16751 0.18026
v 0.51018 0.19834 0.17504
v 0.51018 0.19834 0.17504
v 0.51018 0.19834 0.17504
v 0.51018 0.19834 0.17504
v 0.51018 0.19834 0.17504
v 0.50941 0.19620 -0.15735
v 0.50941 0.19620 -0.15735
v 0.50941 0.19620 -0.15735
v 0.50941 0.19620 -0.15735
v 0.50856 0.19758 0.16558
v 0.50856 0.19758 0.16558
v 0.50856 0.19758 0.16558
v 0.50856 0.19758 0.16558
v 0.50856 0.19758 0.16558
v 0.50766 0.19723 0.16848
v 0.50766 0.19723 0.16848
v 0.50766 0.19723 0.16848
v 0.50995 0.16957 0.16827
v 0.50995 0.16957 0.16827
v 0.50995 0.16957 0.16827
v 0.50995 0.16957 0.16827
v 0.50995 0.16957 0.16827
v 0.50995 0.16957 0.16827
v 0.50961 0.17278 0.17718
v 0.51128 0.16863 0.17794
v 0.51128 0.16863 0.17794
v 0.51128 0.16863 0.17794
v 0.51128 0.16863 0.17794
v 0.51185 0.16764 0.16471
v 0.51185 0.16764 0.16471
v 0.51185 0.16764 0.16471
v 0.51010 0.17072 -0.15799
v 0.51010 0.17072 -0.15799
v 0.51010 0.17072 -0.15799
v 0.51391 0.16749 -0.15440
v 0.51391 0.16749 -0.15440
v 0.51391 0.16749 -0.15440
v 0.51391 0.16749 -0.15440
v 0.51391 0.16749 -0.15440
v 0.56827 -0.00356 0.26978
v 0.56827 -0.00356 0.26978
v 0.56827 -0.00356 0.26978
v 0.54706 0.12399 0.32633
v 0.54706 0.12399 0.32633
v 0.54706 0.12399 0.32633
v 0.56800 0.07226 0.35573
v 0.56800 0.07226 0.35573
v 0.60855 0.16709 0.24874
v 0.60855 0.16709 0.24874
v 0.60855 0.16709 0.24874
v 0.60855 0.16709 0.24874
v 0.60444 0.07398 0.35194
v 0.60444 0.07398 0.35194
v 0.60444 0.07398 0.35194
v 0.60444 0.07398 0.35194
v 0.60444 0.07398 0.35194
v 0.59706 -0.00274 -0.24020
v 0.59706 -0.00274 -0.24020
v 0.59706 -0.00274 -0.24020
v 0.59706 -0.00274 -0.24020
v 0.60284 0.07397 -0.33479
v 0.60284 0.07397 -0.33479
v 0.60284 0.07397 -0.33479
v 0.60284 0.07397 -0.33479
v 0.61968 0.15515 0.25643
v 0.61968 0.15515 0.25643
v 0.61968 0.15515 0.25643
v 0.61968 0.15515 0.25643
v 0.60924 0.16720 0.22171
v 0.60924 0.16720 0.22171
v 0.60924 0.16720 0.22171
v 0.60924 0.16720 0.22171
v 0.60924 0.16720 0.22171
v 0.63274 -0.01985 0.41840
v 0.63786 -0.00048 -0.22303
v 0.63786 -0.00048 -0.22303
v 0.63786 -0.00048 -0.22303
v 0.63786 -0.00048 -0.22303
v 0.60959 0.16698 -0.09958
v 0.60959 0.16698 -0.09958
v 0.60959 0.16698 -0.09958
v 0.63928 0.00074 0.24188
v 0.63928 0.00074 0.24188
v 0.63928 0.00074 0.24188
v 0.63984 0.00068 0.03607
v 0.63984 0.00068 0.03607
v 0.67912 0.08926 -0.28209
v 0.67912 0.08926 -0.28209
v 0.67912 0.08926 -0.28209
v 0.67912 0.08926 -0.28209
v 0.67912 0.08926 -0.28209
v 0.65721 0.07393 -0.30975
v 0.65721 0.07393 -0.30975
v 0.65721 0.07393 -0.30975
v 0.65721 0.07393 -0.30975
v 0.65721 0.07393 -0.30975
v 0.69157 0.06945 0.02241
v 0.69157 0.06945 0.02241
v 0.69157 0.06945 0.02241
v 0.69157 0.06945 0.02241
v 0.63228 0.14223 -0.24672
v 0.63228 0.14223 -0.24672
v 0.63228 0.14223 -0.24672
v 0.64140 0.07388 -0.31745
v 0.64140 0.07388 -0.31745
v 0.63361 0.07396 0.33835
v 0.63361 0.07396 0.33835
v 0.63361 0.07396 0.33835
v 0.69351 0.07283 0.30789
v 0.69351 0.07283 0.30789
v 0.69351 0.07283 0.30789
v 0.69351 0.07283 0.30789
v 0.65284 0.01860 -0.24164
v 0.65284 0.01860 -0.24164
v 0.65284 0.01860 -0.24164
v 0.69355 0.07336 -0.18767
v 0.69355 0.07336 -0.18767
v 0.67048 0.04185 -0.26323
v 0.67048 0.04185 -0.26323
v 0.67048 0.04185 -0.26323
v 0.69365 0.07382 -0.29115
v 0.69365 0.07382 -0.29115
v 0.69365 0.07382 -0.29115
v 0.69365 0.07382 -0.29115
v 0.69447 -0.01857 0.41871
v 0.69447 -0.01857 0.41871
v 0.80440 -0.01700 0.23002
v 0.80444 -0.01705 0.37828
v 0.80444 -0.01705 0.37828
v 0.80444 -0.01697 0.09678
v 0.80567 -0.01783 0.41931
vt 0.384658 0.948839
vt 0.970152 0.850385
vt 0.974059 0.322378
vt 0.384658 0.948839
vt 0.970152 0.850385
vt 0.384658 0.939628
vt 0.969608 0.842814
vt 0.969608 0.842814
vt 0.955407 0.213596
vt 0.955407 0.213596
vt 0.389954 0.944958
vt 0.955407 0.213596
vt 0.389954 0.944958
vt 0.955407 0.213596
vt 0.390100 0.937707
vt 0.955129 0.209199
vt 0.971681 0.991448
vt 0.384926 0.933034
vt 0.969061 0.837247
vt 0.384926 0.933034
vt 0.969061 0.837247
vt 0.991587 0.117491
vt 0.397517 0.950373
vt 0.397517 0.950373
vt 0.991587 0.117491
vt 0.955667 0.224084
vt 0.974059 0.344009
vt 0.404595 0.953613
vt 0.987921 0.761143
vt 0.396760 0.956944
vt 0.973944 0.338787
vt 0.410891 0.942297
vt 0.945549 0.804552
vt 0.404986 0.946954
vt 0.404986 0.946954
vt 0.404986 0.946954
vt 0.991663 0.110397
vt 0.404986 0.946954
vt 0.991663 0.110397
vt 0.404986 0.946954
vt 0.945389 0.800167
vt 0.410784 0.935449
vt 0.410784 0.935449
vt 0.945389 0.800167
vt 0.410784 0.935449
vt 0.993744 0.758063
vt 0.410880 0.950613
vt 0.945866 0.809681
vt 0.405100 0.938754
vt 0.990700 0.103640
vt 0.992688 0.442953
vt 0.990700 0.103640
vt 0.398688 0.927259
vt 0.945452 0.783656
vt 0.970079 0.824638
vt 0.397415 0.933605
vt 0.397415 0.933605
vt 0.975693 0.984457
vt 0.992873 0.432526
vt 0.397415 0.933605
vt 0.089433 0.971815
vt 0.975693 0.995227
vt 0.984800 0.428250
vt 0.089433 0.971815
vt 0.975693 0.995227
vt 0.089433 0.971815
vt 0.095592 0.984912
vt 0.536634 0.997444
vt 0.985018 0.443190
vt 0.536634 0.997444
vt 0.983151 0.104299
vt 0.086641 0.972895
vt 0.963174 0.210346
vt 0.972895 0.996182
vt 0.949970 0.347827
vt 0.969969 0.809681
vt 0.993744 0.774653
vt 0.908732 0.867451
vt 0.908732 0.867451
vt 0.083541 0.975194
vt 0.083541 0.975194
vt 0.963593 0.212776
vt 0.083541 0.975194
vt 0.984800 0.432632
vt 0.095774 0.975740
vt 0.984800 0.432632
vt 0.082283 0.985038
vt 0.983786 0.117609
vt 0.963519 0.224084
vt 0.983786 0.117609
vt 0.983571 0.115748
vt 0.084138 0.986508
vt 0.984067 0.111391
vt 0.984067 0.111391
vt 0.984067 0.111391
vt 0.984067 0.111391
vt 0.984067 0.111391
vt 0.983497 0.108529
vt 0.091313 0.987971
vt 0.091313 0.987971
vt 0.983497 0.108529
vt 0.983497 0.108529
vt 0.983497 0.108529
vt 0.963114 0.213672
vt 0.082283 0.975734
vt 0.082283 0.975734
vt 0.935423 0.888859
vt 0.935423 0.888859
vt 0.945069 0.837227
vt 0.935423 0.888859
vt 0.945069 0.837227
vt 0.945069 0.837227
vt 0.969757 0.803718
vt 0.917745 0.864682
vt 0.917745 0.864682
vt 0.917745 0.864682
vt 0.094415 0.985909
vt 0.535995 0.998232
vt 0.982790 0.105507
vt 0.088343 0.988402
vt 0.088343 0.988402
vt 0.982928 0.111565
vt 0.088343 0.988402
vt 0.945379 0.841479
vt 0.930785 0.890520
vt 0.945379 0.841479
vt 0.094507 0.976428
vt 0.536634 0.987262
vt 0.094507 0.976428
vt 0.094507 0.976428
vt 0.094486 0.985045
vt 0.094486 0.985045
vt 0.535618 0.996941
vt 0.083495 0.985169
vt 0.083495 0.985169
vt 0.083495 0.985169
vt 0.982790 0.116488
vt 0.083495 0.985169
vt 0.088388 0.973178
vt 0.088388 0.973178
vt 0.088388 0.973178
vt 0.969567 0.799532
vt 0.923495 0.863585
vt 0.969567 0.799532
vt 0.923495 0.863585
vt 0.969567 0.799532
vt 0.908330 0.883724
vt 0.908330 0.883724
vt 0.949828 0.338559
vt 0.908330 0.883724
vt 0.949828 0.338559
vt 0.935423 0.873171
vt 0.969558 0.783728
vt 0.935423 0.873171
vt 0.935423 0.873171
vt 0.946119 0.824638
vt 0.920702 0.893628
vt 0.949928 0.322194
vt 0.920702 0.893628
vt 0.946157 0.850333
vt 0.910954 0.882515
vt 0.911408 0.227475
vt 0.938235 0.504019
vt 0.910954 0.882515
vt 0.236631 0.909127
vt 0.898811 0.227530
vt 0.920461 0.890113
vt 0.920461 0.890113
vt 0.898811 0.227530
vt 0.923050 0.866649
vt 0.923050 0.866649
vt 0.243925 0.480145
vt 0.623791 0.987341
vt 0.923050 0.866649
vt 0.933317 0.874585
vt 0.257251 0.479785
vt 0.933317 0.874585
vt 0.255921 0.480797
vt 0.255921 0.480797
vt 0.255921 0.480797
vt 0.256529 0.908446
vt 0.931648 0.874273
vt 0.933041 0.878989
vt 0.933041 0.878989
vt 0.078680 0.993253
vt 0.932070 0.887332
vt 0.932619 0.883358
vt 0.078680 0.989690
vt 0.932619 0.883358
vt 0.939070 0.500358
vt 0.910317 0.878275
vt 0.939070 0.500358
vt 0.915018 0.227602
vt 0.941433 0.498444
vt 0.941433 0.498444
vt 0.931972 0.881262
vt 0.931972 0.881262
vt 0.623791 0.998211
vt 0.233605 0.802010
vt 0.911991 0.868910
vt 0.911991 0.868910
vt 0.943991 0.492853
vt 0.911991 0.868910
vt 0.943991 0.492853
vt 0.236787 0.481069
vt 0.943816 0.494590
vt 0.943816 0.494590
vt 0.910843 0.872567
vt 0.941651 0.495757
vt 0.941651 0.495757
vt 0.244227 0.908269
vt 0.928985 0.887399
vt 0.244227 0.908269
vt 0.910951 0.228538
vt 0.939306 0.504542
vt 0.910951 0.228538
vt 0.910951 0.228538
vt 0.624423 0.987464
vt 0.954757 0.492828
vt 0.233605 0.791239
vt 0.243925 0.480824
vt 0.243925 0.480824
vt 0.234135 0.798458
vt 0.947510 0.493346
vt 0.947510 0.493346
vt 0.077855 0.992617
vt 0.246770 0.907719
vt 0.246770 0.907719
vt 0.931509 0.886308
vt 0.931509 0.886308
vt 0.237091 0.908462
vt 0.237091 0.908462
vt 0.898725 0.228182
vt 0.898725 0.228182
vt 0.237091 0.908462
vt 0.236904 0.508314
vt 0.917541 0.255294
vt 0.954757 0.509883
vt 0.236904 0.508314
vt 0.917541 0.255294
vt 0.236961 0.546459
vt 0.917429 0.293448
vt 0.917429 0.293448
vt 0.244326 0.579561
vt 0.244326 0.579561
vt 0.244326 0.579561
vt 0.246724 0.773614
vt 0.246724 0.773614
vt 0.246724 0.773614
vt 0.246724 0.773614
vt 0.246724 0.773614
vt 0.910490 0.334497
vt 0.910490 0.334497
vt 0.910490 0.334497
vt 0.910490 0.334497
vt 0.237128 0.738656
vt 0.237128 0.738656
vt 0.237128 0.738656
vt 0.897766 0.398959
vt 0.897766 0.398959
vt 0.917148 0.348592
vt 0.917148 0.348592
vt 0.237162 0.601589
vt 0.244341 0.639630
vt 0.244341 0.639630
vt 0.244341 0.639630
vt 0.256404 0.698107
vt 0.256667 0.692304
vt 0.256404 0.698107
vt 0.256667 0.692304
vt 0.246695 0.698264
vt 0.246695 0.698264
vt 0.246695 0.698264
vt 0.203333 0.128488
vt 0.203333 0.128488
vt 0.060517 0.115658
vt 0.060517 0.115658
vt 0.189765 0.101408
vt 0.916758 0.432556
vt 0.237430 0.685533
vt 0.916758 0.432556
vt 0.916758 0.432556
vt 0.237430 0.685533
vt 0.916758 0.432556
vt 0.909875 0.439785
vt 0.331401 0.854718
vt 0.039320 0.118625
vt 0.053634 0.165586
vt 0.053634 0.165586
vt 0.053634 0.165586
vt 0.053634 0.165586
vt 0.237041 0.698109
vt 0.897924 0.439784
vt 0.897924 0.439784
vt 0.237041 0.698109
vt 0.054292 0.128469
vt 0.054292 0.128469
vt 0.715088 0.994677
vt 0.244560 0.692402
vt 0.319095 0.839649
vt 0.244560 0.692402
vt 0.319095 0.839649
vt 0.325354 0.841098
vt 0.325354 0.841098
vt 0.240401 0.693148
vt 0.239951 0.697423
vt 0.239951 0.697423
vt 0.244978 0.696893
vt 0.244978 0.696893
vt 0.237779 0.693177
vt 0.329390 0.842457
vt 0.330705 0.842161
vt 0.330705 0.842161
vt 0.236631 0.693610
vt 0.330705 0.842161
vt 0.330705 0.842161
vt 0.917541 0.440642
vt 0.330823 0.845950
vt 0.915250 0.440186
vt 0.330823 0.845950
vt 0.331420 0.850070
vt 0.912848 0.440314
vt 0.331420 0.850070
vt 0.246707 0.696752
vt 0.350174 0.994325
vt 0.251635 0.697311
vt 0.350174 0.988564
vt 0.350135 0.991466
vt 0.249175 0.697078
vt 0.350135 0.991466
vt 0.325116 0.840392
vt 0.325116 0.840392
vt 0.325116 0.840392
vt 0.236631 0.697422
vt 0.323594 0.861484
vt 0.236631 0.697422
vt 0.323594 0.861484
vt 0.897857 0.440475
vt 0.244063 0.693134
vt 0.319472 0.838867
vt 0.714573 0.994104
vt 0.257251 0.693257
vt 0.310313 0.846026
vt 0.310313 0.846026
vt 0.310313 0.846026
vt 0.256991 0.697077
vt 0.204478 0.157210
vt 0.204478 0.157210
vt 0.312925 0.858512
vt 0.245507 0.696294
vt 0.312925 0.858512
vt 0.248030 0.696097
vt 0.248030 0.696097
vt 0.310975 0.856826
vt 0.349272 0.993298
vt 0.349272 0.993298
vt 0.310975 0.856826
vt 0.319269 0.836353
vt 0.706305 0.356572
vt 0.319269 0.836353
vt 0.319269 0.836353
vt 0.706305 0.356572
vt 0.706305 0.356572
vt 0.715088 0.992057
vt 0.332591 0.855319
vt 0.909884 0.440988
vt 0.332591 0.855319
vt 0.332591 0.855319
vt 0.318937 0.860748
vt 0.240054 0.696683
vt 0.318937 0.860748
vt 0.788513 0.930186
vt 0.308199 0.861196
vt 0.996770 0.001244
vt 0.789877 0.917504
vt 0.308199 0.845181
vt 0.722086 0.359120
vt 0.789877 0.917504
vt 0.308199 0.845181
vt 0.722086 0.359120
vt 0.789318 0.936547
vt 0.316045 0.863172
vt 0.789318 0.936547
vt 0.788986 0.932005
vt 0.310417 0.861793
vt 0.998478 0.001244
vt 0.788986 0.932005
vt 0.310417 0.861793
vt 0.788986 0.932005
vt 0.332525 0.839163
vt 0.696710 0.355290
vt 0.332525 0.839163
vt 0.271969 0.985265
vt 0.335590 0.846823
vt 0.335590 0.846823
vt 0.720822 0.990432
vt 0.807019 0.902989
vt 0.717821 0.986642
vt 0.336310 0.854187
vt 0.648797 0.950874
vt 0.648797 0.950874
vt 0.272811 0.992616
vt 0.335624 0.839949
vt 0.335624 0.839949
vt 0.807019 0.907646
vt 0.949773 0.252252
vt 0.649324 0.932207
vt 0.649324 0.932207
vt 0.323145 0.864559
vt 0.323145 0.864559
vt 0.789877 0.941995
vt 0.694767 0.358745
vt 0.334738 0.837224
vt 0.694767 0.358745
vt 0.951808 0.249191
vt 0.951808 0.249191
vt 0.274183 0.981084
vt 0.274183 0.981084
vt 0.717821 0.994976
vt 0.802369 0.906243
vt 0.954546 0.253464
vt 0.273647 0.979615
vt 0.954546 0.253464
vt 0.954546 0.253464
vt 0.273647 0.979615
vt 0.954546 0.253464
vt 0.785640 0.937965
vt 0.785640 0.937965
vt 0.785640 0.937965
vt 0.785640 0.937965
vt 0.776565 0.922344
vt 0.997207 0.013573
vt 0.776565 0.922344
vt 0.782878 0.935217
vt 0.782878 0.935217
vt 0.280842 0.989280
vt 0.640132 0.955737
vt 0.635305 0.954264
vt 0.635305 0.954264
vt 0.635305 0.954264
vt 0.959710 0.860734
vt 0.963409 0.236232
vt 0.695683 0.375861
vt 0.963409 0.236232
vt 0.963409 0.236232
vt 0.957854 0.258906
vt 0.957854 0.258906
vt 0.280842 0.981090
vt 0.957854 0.258906
vt 0.280842 0.981090
vt 0.639095 0.961011
vt 0.957854 0.258906
vt 0.991313 0.691395
vt 0.780532 0.939365
vt 0.781714 0.929768
vt 0.640347 0.925752
vt 0.780263 0.944567
vt 0.780263 0.944567
vt 0.780263 0.944567
vt 0.779152 0.932383
vt 0.779152 0.932383
vt 0.779152 0.932383
vt 0.779152 0.932383
vt 0.636328 0.927417
vt 0.776493 0.946257
vt 0.636328 0.927417
vt 0.776493 0.946257
vt 0.778641 0.939369
vt 0.991714 0.694022
vt 0.778641 0.939369
vt 0.721907 0.380724
vt 0.768131 0.912731
vt 0.777441 0.938736
vt 0.777441 0.938736
vt 0.777441 0.938736
vt 0.777441 0.938736
vt 0.777441 0.938736
vt 0.991313 0.695189
vt 0.777441 0.938736
vt 0.864775 0.832792
vt 0.968629 0.234250
vt 0.626885 0.957396
vt 0.692692 0.990285
vt 0.954993 0.857247
vt 0.969240 0.259264
vt 0.412419 0.990905
vt 0.768286 0.938854
vt 0.768286 0.938854
vt 0.886250 0.865826
vt 0.412419 0.990905
vt 0.768286 0.938854
vt 0.961037 0.253294
vt 0.961037 0.253294
vt 0.961037 0.253294
vt 0.961037 0.253294
vt 0.697477 0.384658
vt 0.956102 0.694518
vt 0.697477 0.384658
vt 0.697477 0.384658
vt 0.761410 0.913542
vt 0.761410 0.913542
vt 0.761410 0.913542
vt 0.966066 0.257275
vt 0.692258 0.987580
vt 0.886947 0.833527
vt 0.966066 0.257275
vt 0.966066 0.257275
vt 0.893598 0.858151
vt 0.623791 0.928281
vt 0.764134 0.946157
vt 0.893598 0.858151
vt 0.692258 0.994646
vt 0.959710 0.852873
vt 0.623791 0.954293
vt 0.894085 0.835146
vt 0.411235 0.993655
vt 0.888856 0.862964
vt 0.766713 0.941445
vt 0.767049 0.933582
vt 0.767049 0.933582
vt 0.767049 0.933582
vt 0.966393 0.253428
vt 0.883223 0.833394
vt 0.966393 0.253428
vt 0.966393 0.253428
vt 0.886474 0.832918
vt 0.886474 0.832918
vt 0.411387 0.992175
vt 0.887678 0.864413
vt 0.884445 0.832694
vt 0.693652 0.987888
vt 0.886972 0.832224
vt 0.886972 0.832224
vt 0.886972 0.832224
vt 0.762541 0.920632
vt 0.762541 0.920632
vt 0.867961 0.860259
vt 0.762541 0.920632
vt 0.867961 0.860259
vt 0.869034 0.832222
vt 0.869034 0.832222
vt 0.967836 0.238759
vt 0.967836 0.238759
vt 0.888248 0.832735
vt 0.693429 0.989171
vt 0.888248 0.832735
vt 0.411235 0.989021
vt 0.886314 0.867432
vt 0.886314 0.867432
vt 0.886314 0.867432
vt 0.886314 0.867432
vt 0.886314 0.867432
vt 0.767057 0.936775
vt 0.884124 0.865773
vt 0.767057 0.936775
vt 0.966249 0.246757
vt 0.202691 0.990571
vt 0.966249 0.246757
vt 0.967176 0.243307
vt 0.202691 0.986473
vt 0.873348 0.831421
vt 0.873348 0.831421
vt 0.765870 0.943286
vt 0.890723 0.860829
vt 0.765028 0.928530
vt 0.765028 0.928530
vt 0.874650 0.832067
vt 0.202529 0.987992
vt 0.967090 0.244623
vt 0.765168 0.930981
vt 0.878306 0.864006
vt 0.765168 0.930981
vt 0.765168 0.930981
vt 0.878306 0.864006
vt 0.493064 0.504066
vt 0.903865 0.887918
vt 0.493064 0.504066
vt 0.853280 0.686478
vt 0.903865 0.887918
vt 0.493064 0.504066
vt 0.867285 0.695624
vt 0.890047 0.893559
vt 0.956804 0.697621
vt 0.968705 0.230949
vt 0.695547 0.383925
vt 0.968705 0.230949
vt 0.871854 0.698225
vt 0.885537 0.894967
vt 0.185604 0.479785
vt 0.871854 0.698225
vt 0.885537 0.894967
vt 0.763897 0.925254
vt 0.763897 0.925254
vt 0.764042 0.927320
vt 0.874631 0.862929
vt 0.764042 0.927320
vt 0.764042 0.927320
vt 0.874631 0.862929
vt 0.172096 0.483340
vt 0.172096 0.483340
vt 0.869090 0.880660
vt 0.722086 0.389252
vt 0.759552 0.910622
vt 0.759552 0.910622
vt 0.722086 0.389252
vt 0.857956 0.855897
vt 0.857956 0.855897
vt 0.225299 0.230342
vt 0.887557 0.802673
vt 0.887557 0.802673
vt 0.858397 0.819220
vt 0.858397 0.819220
vt 0.858397 0.819220
vt 0.858397 0.819220
vt 0.851998 0.865291
vt 0.157411 0.486753
vt 0.851998 0.865291
vt 0.157411 0.486753
vt 0.865452 0.831948
vt 0.760687 0.915673
vt 0.760687 0.915673
vt 0.862978 0.858514
vt 0.592861 0.504066
vt 0.905603 0.799532
vt 0.208059 0.526457
vt 0.901626 0.650663
vt 0.901626 0.650663
vt 0.858208 0.832149
vt 0.958055 0.694518
vt 0.969240 0.227475
vt 0.695752 0.385379
vt 0.858208 0.832149
vt 0.871399 0.690216
vt 0.871399 0.690216
vt 0.760593 0.914188
vt 0.760593 0.914188
vt 0.861501 0.858131
vt 0.560013 0.504447
vt 0.905483 0.828461
vt 0.560013 0.504447
vt 0.905483 0.828461
vt 0.905483 0.828461
vt 0.887611 0.790305
vt 0.887611 0.790305
vt 0.887611 0.790305
vt 0.598613 0.508235
vt 0.905842 0.792507
vt 0.109291 0.481511
vt 0.109291 0.481511
vt 0.852778 0.822377
vt 0.852778 0.822377
vt 0.167570 0.489878
vt 0.167570 0.489878
vt 0.442069 0.539148
vt 0.854574 0.645869
vt 0.854574 0.645869
vt 0.442069 0.539148
vt 0.037927 0.520647
vt 0.891732 0.318152
vt 0.037927 0.520647
vt 0.037927 0.520647
vt 0.851998 0.741620
vt 0.037927 0.520647
vt 0.037927 0.520647
vt 0.851998 0.741620
vt 0.871285 0.683046
vt 0.871285 0.683046
vt 0.853742 0.675184
vt 0.478790 0.513810
vt 0.853742 0.675184
vt 0.160526 0.490226
vt 0.160526 0.490226
vt 0.160526 0.490226
vt 0.154945 0.494635
vt 0.154945 0.494635
vt 0.545592 0.518319
vt 0.871144 0.673318
vt 0.871144 0.673318
vt 0.871144 0.673318
vt 0.871144 0.673318
vt 0.171756 0.499475
vt 0.171756 0.499475
vt 0.171756 0.499475
vt 0.612276 0.517667
vt 0.612276 0.517667
vt 0.905460 0.776010
vt 0.612276 0.517667
vt 0.887545 0.769268
vt 0.887545 0.769268
vt 0.887545 0.769268
vt 0.887545 0.769268
vt 0.891732 0.339698
vt 0.867445 0.752896
vt 0.867445 0.752896
vt 0.522624 0.522536
vt 0.522624 0.522536
vt 0.157571 0.196949
vt 0.223865 0.479785
vt 0.223865 0.479785
vt 0.803311 0.888321
vt 0.038667 0.996211
vt 0.132583 0.198130
vt 0.132583 0.198130
vt 0.997201 0.525882
vt 0.539603 0.519628
vt 0.179046 0.505754
vt 0.179046 0.505754
vt 0.038667 0.982490
vt 0.552955 0.520454
vt 0.552955 0.520454
vt 0.552955 0.520454
vt 0.806884 0.900501
vt 0.552955 0.520454
vt 0.560967 0.522134
vt 0.560967 0.522134
vt 0.100868 0.203015
vt 0.100868 0.203015
vt 0.223689 0.510160
vt 0.639066 0.997074
vt 0.100868 0.203015
vt 0.233675 0.840744
vt 0.515100 0.525465
vt 0.806793 0.869294
vt 0.515100 0.525465
vt 0.515100 0.525465
vt 0.515100 0.525465
vt 0.802872 0.874534
vt 0.150293 0.202254
vt 0.802872 0.874534
vt 0.150293 0.202254
vt 0.802872 0.874534
vt 0.802872 0.874534
vt 0.538882 0.520195
vt 0.806462 0.887918
vt 0.806462 0.887918
vt 0.806462 0.887918
vt 0.803596 0.878427
vt 0.998177 0.512802
vt 0.803596 0.878427
vt 0.803745 0.886676
vt 0.997999 0.523237
vt 0.803745 0.886676
vt 0.997999 0.523237
vt 0.804995 0.890344
vt 0.998177 0.527701
vt 0.804995 0.890344
vt 0.036737 0.986953
vt 0.803966 0.897228
vt 0.227124 0.494737
vt 0.555497 0.521475
vt 0.227124 0.494737
vt 0.555497 0.521475
vt 0.228056 0.510615
vt 0.571705 0.524743
vt 0.571705 0.524743
vt 0.571705 0.524743
vt 0.565133 0.523390
vt 0.565133 0.523390
vt 0.565133 0.523390
vt 0.502541 0.527960
vt 0.975854 0.404982
vt 0.502541 0.527960
vt 0.628473 0.528866
vt 0.904835 0.756440
vt 0.170758 0.207250
vt 0.802369 0.858708
vt 0.170758 0.207250
vt 0.170758 0.207250
vt 0.980906 0.405934
vt 0.524863 0.523195
vt 0.806188 0.876895
vt 0.524863 0.523195
vt 0.639066 0.987341
vt 0.224501 0.501049
vt 0.224501 0.501049
vt 0.803005 0.872690
vt 0.152743 0.202965
vt 0.803005 0.872690
vt 0.802838 0.870122
vt 0.155882 0.203427
vt 0.802838 0.870122
vt 0.802838 0.870122
vt 0.085613 0.207282
vt 0.085613 0.207282
vt 0.082406 0.211118
vt 0.082406 0.211118
vt 0.227150 0.499626
vt 0.227150 0.499626
vt 0.560358 0.522730
vt 0.224502 0.503524
vt 0.224502 0.503524
vt 0.639383 0.989865
vt 0.639383 0.989865
vt 0.227160 0.506488
vt 0.567143 0.524567
vt 0.567143 0.524567
vt 0.567143 0.524567
vt 0.806123 0.873185
vt 0.806123 0.873185
vt 0.806123 0.873185
vt 0.806123 0.873185
vt 0.162864 0.204822
vt 0.227960 0.515570
vt 0.576181 0.526876
vt 0.227960 0.515570
vt 0.576181 0.526876
vt 0.224500 0.508938
vt 0.639898 0.995454
vt 0.233675 0.838874
vt 0.234088 0.839976
vt 0.101773 0.203326
vt 0.223647 0.509501
vt 0.227319 0.509362
vt 0.570065 0.525180
vt 0.570065 0.525180
vt 0.227319 0.509362
vt 0.223907 0.510827
vt 0.100664 0.204064
vt 0.100664 0.204064
vt 0.223907 0.510827
vt 0.159463 0.204820
vt 0.803035 0.867590
vt 0.227653 0.512789
vt 0.227653 0.512789
vt 0.573553 0.525905
vt 0.223883 0.513799
vt 0.097698 0.204806
vt 0.097698 0.204806
vt 0.223883 0.513799
vt 0.871211 0.657348
vt 0.016545 0.507195
vt 0.887761 0.727516
vt 0.887761 0.727516
vt 0.016545 0.507195
vt 0.887761 0.727516
vt 0.887761 0.727516
vt 0.499378 0.530796
vt 0.975675 0.408152
vt 0.975675 0.408152
vt 0.975675 0.408152
vt 0.499378 0.530796
vt 0.224032 0.518113
vt 0.224032 0.518113
vt 0.093515 0.206112
vt 0.224032 0.518113
vt 0.093515 0.206112
vt 0.161797 0.205440
vt 0.802967 0.865808
vt 0.890056 0.642775
vt 0.890056 0.642775
vt 0.890056 0.642775
vt 0.890056 0.642775
vt 0.507968 0.527405
vt 0.806793 0.863877
vt 0.164235 0.206018
vt 0.802952 0.863914
vt 0.802952 0.863914
vt 0.584746 0.528966
vt 0.228792 0.524131
vt 0.584746 0.528966
vt 0.228792 0.524131
vt 0.584746 0.528966
vt 0.227805 0.520108
vt 0.227805 0.520108
vt 0.227805 0.520108
vt 0.089191 0.207346
vt 0.224130 0.522517
vt 0.224130 0.522517
vt 0.802976 0.861229
vt 0.802976 0.861229
vt 0.167898 0.207233
vt 0.802976 0.861229
vt 0.227992 0.522394
vt 0.227992 0.522394
vt 0.488771 0.540340
vt 0.218290 0.536513
vt 0.904043 0.640516
vt 0.904043 0.640516
vt 0.981117 0.410979
vt 0.175314 0.211817
vt 0.981117 0.410979
vt 0.806884 0.858561
vt 0.806884 0.858561
vt 0.976389 0.407035
vt 0.500710 0.529806
vt 0.207072 0.528951
vt 0.207072 0.528951
vt 0.207072 0.528951
vt 0.858769 0.645908
vt 0.858769 0.645908
vt 0.224485 0.525617
vt 0.086246 0.208400
vt 0.224485 0.525617
vt 0.224485 0.525617
vt 0.593676 0.536110
vt 0.593676 0.536110
vt 0.587711 0.531743
vt 0.587711 0.531743
vt 0.228656 0.528045
vt 0.587711 0.531743
vt 0.980375 0.408470
vt 0.980375 0.408470
vt 0.643811 0.539022
vt 0.643811 0.539022
vt 0.903856 0.738107
vt 0.903856 0.738107
vt 0.173873 0.549506
vt 0.173873 0.549506
vt 0.173873 0.549506
vt 0.598492 0.541659
vt 0.598492 0.541659
vt 0.027159 0.512196
vt 0.870742 0.735146
vt 0.027159 0.512196
vt 0.181333 0.217825
vt 0.034722 0.225437
vt 0.590644 0.534291
vt 0.228927 0.531827
vt 0.590644 0.534291
vt 0.870656 0.646351
vt 0.870656 0.646351
vt 0.870656 0.646351
vt 0.870656 0.646351
vt 0.080755 0.213379
vt 0.223643 0.532786
vt 0.980810 0.414518
vt 0.980810 0.414518
vt 0.980810 0.414518
vt 0.075708 0.217930
vt 0.495180 0.535193
vt 0.975737 0.412995
vt 0.495180 0.535193
vt 0.975737 0.412995
vt 0.229085 0.536709
vt 0.594235 0.537955
vt 0.223736 0.535181
vt 0.223736 0.535181
vt 0.980802 0.416601
vt 0.596126 0.540387
vt 0.229081 0.539513
vt 0.596126 0.540387
vt 0.489144 0.541321
vt 0.975431 0.419757
vt 0.975431 0.419757
vt 0.975431 0.419757
vt 0.439821 0.545507
vt 0.439821 0.545507
vt 0.853908 0.639308
vt 0.853908 0.639308
vt 0.439821 0.545507
vt 0.853908 0.639308
vt 0.223233 0.539579
vt 0.211791 0.531414
vt 0.211791 0.531414
vt 0.211791 0.531414
vt 0.981312 0.421306
vt 0.981312 0.421306
vt 0.038727 0.518040
vt 0.893458 0.320119
vt 0.852212 0.743320
vt 0.035941 0.516548
vt 0.856445 0.741376
vt 0.035941 0.516548
vt 0.028160 0.538265
vt 0.028160 0.538265
vt 0.028160 0.538265
vt 0.062096 0.233643
vt 0.062096 0.233643
vt 0.206477 0.552064
vt 0.206477 0.552064
vt 0.887359 0.631090
vt 0.223423 0.546150
vt 0.223423 0.546150
vt 0.484719 0.545926
vt 0.975277 0.424828
vt 0.975277 0.424828
vt 0.975277 0.424828
vt 0.982312 0.433746
vt 0.982312 0.433746
vt 0.009265 0.523467
vt 0.009265 0.523467
vt 0.888154 0.714823
vt 0.068430 0.225740
vt 0.981301 0.423327
vt 0.130747 0.563471
vt 0.130747 0.563471
vt 0.229260 0.547147
vt 0.601621 0.546346
vt 0.981810 0.426467
vt 0.981810 0.426467
vt 0.981810 0.426467
vt 0.648037 0.551680
vt 0.648037 0.551680
vt 0.904630 0.728507
vt 0.904630 0.728507
vt 0.904630 0.728507
vt 0.862753 0.610503
vt 0.862753 0.610503
vt 0.862753 0.610503
vt 0.862753 0.610503
vt 0.229613 0.552196
vt 0.605413 0.549986
vt 0.229613 0.552196
vt 0.605413 0.549986
vt 0.605413 0.549986
vt 0.228430 0.553533
vt 0.228430 0.553533
vt 0.981595 0.429231
vt 0.975920 0.430353
vt 0.223024 0.555418
vt 0.223024 0.555418
vt 0.223024 0.555418
vt 0.218513 0.542361
vt 0.904558 0.634651
vt 0.218513 0.542361
vt 0.904558 0.634651
vt 0.981564 0.432663
vt 0.981564 0.432663
vt 0.981564 0.432663
vt 0.229033 0.556442
vt 0.229033 0.556442
vt 0.222772 0.562048
vt 0.222772 0.562048
vt 0.222772 0.562048
vt 0.229188 0.560896
vt 0.611385 0.557336
vt 0.611385 0.557336
vt 0.229188 0.560896
vt 0.611385 0.557336
vt 0.229057 0.559228
vt 0.229057 0.559228
vt 0.610139 0.556122
vt 0.468395 0.561924
vt 0.975277 0.442561
vt 0.468395 0.561924
vt 0.468395 0.561924
vt 0.517555 0.987571
vt 0.975277 0.442561
vt 0.975277 0.442561
vt 0.975277 0.442561
vt 0.869063 0.609492
vt 0.869063 0.609492
vt 0.869063 0.609492
vt 0.905993 0.612097
vt 0.905993 0.612097
vt 0.905993 0.612097
vt 0.905993 0.612097
vt 0.219441 0.564865
vt 0.905993 0.612097
vt 0.905993 0.612097
vt 0.219441 0.564865
vt 0.431193 0.571928
vt 0.851998 0.612112
vt 0.431193 0.571928
vt 0.851998 0.612112
vt 0.086606 0.756734
vt 0.031480 0.545583
vt 0.031480 0.545583
vt 0.225832 0.565694
vt 0.225832 0.565694
vt 0.225832 0.565694
vt 0.228465 0.596437
vt 0.517555 0.995497
vt 0.981961 0.439988
vt 0.229469 0.566614
vt 0.616219 0.560428
vt 0.229469 0.566614
vt 0.616219 0.560428
vt 0.616219 0.560428
vt 0.450517 0.575907
vt 0.222525 0.598361
vt 0.470222 0.561293
vt 0.222525 0.598361
vt 0.516464 0.989123
vt 0.120702 0.566775
vt 0.120702 0.566775
vt 0.120702 0.566775
vt 0.120702 0.566775
vt 0.331355 0.910324
vt 0.331355 0.910324
vt 0.107754 0.572458
vt 0.291239 0.959816
vt 0.234020 0.697717
vt 0.621511 0.576337
vt 0.621511 0.576337
vt 0.621511 0.576337
vt 0.621511 0.576337
vt 0.229114 0.601411
vt 0.229114 0.601411
vt 0.905501 0.716127
vt 0.653317 0.568318
vt 0.905501 0.716127
vt 0.228524 0.598964
vt 0.222597 0.600863
vt 0.222597 0.600863
vt 0.469033 0.563676
vt 0.469033 0.563676
vt 0.001244 0.541744
vt 0.001244 0.541744
vt 0.227871 0.756734
vt 0.888643 0.700713
vt 0.199351 0.552410
vt 0.199351 0.552410
vt 0.222586 0.605750
vt 0.467806 0.568456
vt 0.196085 0.560849
vt 0.196085 0.560849
vt 0.196085 0.560849
vt 0.222497 0.571688
vt 0.222497 0.571688
vt 0.222497 0.571688
vt 0.211327 0.765630
vt 0.654934 0.572778
vt 0.905508 0.712625
vt 0.229589 0.575361
vt 0.229589 0.575361
vt 0.619759 0.572517
vt 0.619759 0.572517
vt 0.204412 0.567151
vt 0.204412 0.567151
vt 0.204412 0.567151
vt 0.228894 0.608912
vt 0.173346 0.559215
vt 0.173346 0.559215
vt 0.173346 0.559215
vt 0.229716 0.578675
vt 0.620948 0.577389
vt 0.229716 0.578675
vt 0.620948 0.577389
vt 0.229716 0.578675
vt 0.464138 0.581889
vt 0.222511 0.619510
vt 0.464138 0.581889
vt 0.222371 0.579127
vt 0.433589 0.588782
vt 0.852081 0.595630
vt 0.621601 0.579830
vt 0.229999 0.580387
vt 0.870211 0.583054
vt 0.870211 0.583054
vt 0.229428 0.585499
vt 0.623272 0.587661
vt 0.229428 0.585499
vt 0.234020 0.708809
vt 0.623272 0.587661
vt 0.457289 0.601707
vt 0.457289 0.601707
vt 0.457289 0.601707
vt 0.043587 0.566955
vt 0.043587 0.566955
vt 0.043587 0.566955
vt 0.331355 0.968101
vt 0.233725 0.703421
vt 0.622250 0.582166
vt 0.230070 0.582047
vt 0.130630 0.572490
vt 0.130630 0.572490
vt 0.130630 0.572490
vt 0.437612 0.615050
vt 0.852136 0.569975
vt 0.852136 0.569975
vt 0.627720 0.598787
vt 0.627720 0.598787
vt 0.627720 0.598787
vt 0.627720 0.598787
vt 0.627720 0.598787
vt 0.627720 0.598787
vt 0.229972 0.627564
vt 0.229972 0.627564
vt 0.894051 0.411242
vt 0.156733 0.581845
vt 0.342951 0.995022
vt 0.156733 0.581845
vt 0.894051 0.411242
vt 0.222202 0.587356
vt 0.900501 0.574756
vt 0.900501 0.574756
vt 0.900501 0.574756
vt 0.905923 0.585285
vt 0.216025 0.591675
vt 0.905923 0.585285
vt 0.222467 0.630653
vt 0.461055 0.592754
vt 0.461055 0.592754
vt 0.222467 0.630653
vt 0.093594 0.780314
vt 0.028477 0.580360
vt 0.093594 0.780314
vt 0.028477 0.580360
vt 0.229863 0.588340
vt 0.624478 0.591476
vt 0.236631 0.911615
vt 0.804944 0.725350
vt 0.984841 0.489494
vt 0.127069 0.605777
vt 0.804944 0.725350
vt 0.984841 0.489494
vt 0.127069 0.605777
vt 0.163192 0.581869
vt 0.342951 0.988564
vt 0.163192 0.581869
vt 0.894011 0.417251
vt 0.229831 0.590519
vt 0.625094 0.594994
vt 0.625094 0.594994
vt 0.227459 0.593693
vt 0.886604 0.268304
vt 0.227459 0.593693
vt 0.886604 0.268304
vt 0.886604 0.268304
vt 0.229938 0.791158
vt 0.001244 0.586895
vt 0.229938 0.791158
vt 0.001244 0.586895
vt 0.001244 0.586895
vt 0.170705 0.584440
vt 0.170705 0.584440
vt 0.175523 0.586783
vt 0.893806 0.426948
vt 0.175523 0.586783
vt 0.175523 0.586783
vt 0.955749 0.449598
vt 0.230070 0.593949
vt 0.626466 0.599765
vt 0.889244 0.267091
vt 0.626466 0.599765
vt 0.458676 0.599068
vt 0.458676 0.599068
vt 0.047596 0.570850
vt 0.047596 0.570850
vt 0.336376 0.965842
vt 0.894293 0.401211
vt 0.894293 0.401211
vt 0.146434 0.583053
vt 0.804944 0.695491
vt 0.087180 0.810758
vt 0.016522 0.626128
vt 0.016522 0.626128
vt 0.087180 0.810758
vt 0.458581 0.601446
vt 0.222394 0.639569
vt 0.458581 0.601446
vt 0.340256 0.921638
vt 0.098359 0.579212
vt 0.098359 0.579212
vt 0.298823 0.951524
vt 0.340256 0.921638
vt 0.343646 0.990858
vt 0.893645 0.415362
vt 0.640285 0.666657
vt 0.211327 0.840751
vt 0.640285 0.666657
vt 0.640285 0.666657
vt 0.167335 0.583581
vt 0.893845 0.420485
vt 0.893845 0.420485
vt 0.887249 0.415434
vt 0.887249 0.415434
vt 0.931888 0.698221
vt 0.188591 0.623104
vt 0.694430 0.957387
vt 0.188591 0.623104
vt 0.694430 0.957387
vt 0.955749 0.485949
vt 0.188591 0.623104
vt 0.049949 0.573213
vt 0.049949 0.573213
vt 0.339701 0.964550
vt 0.948379 0.449643
vt 0.886450 0.426313
vt 0.948379 0.449643
vt 0.948379 0.449643
vt 0.887402 0.400474
vt 0.887402 0.400474
vt 0.887402 0.400474
vt 0.171457 0.585256
vt 0.893658 0.423712
vt 0.893658 0.423712
vt 0.141953 0.863969
vt 0.876829 0.412510
vt 0.230078 0.640263
vt 0.626494 0.606129
vt 0.889036 0.271439
vt 0.626494 0.606129
vt 0.626494 0.606129
vt 0.889036 0.271439
vt 0.871190 0.564773
vt 0.871190 0.564773
vt 0.880265 0.277222
vt 0.880265 0.277222
vt 0.129627 0.864134
vt 0.876828 0.400447
vt 0.876828 0.400447
vt 0.185072 0.599513
vt 0.185072 0.599513
vt 0.955713 0.462349
vt 0.955713 0.462349
vt 0.807689 0.711310
vt 0.893581 0.385956
vt 0.893581 0.385956
vt 0.893581 0.385956
vt 0.990713 0.476446
vt 0.460377 0.608843
vt 0.222322 0.646717
vt 0.222322 0.646717
vt 0.120006 0.869748
vt 0.876817 0.389822
vt 0.120006 0.869748
vt 0.876817 0.389822
vt 0.887102 0.386262
vt 0.887102 0.386262
vt 0.887102 0.386262
vt 0.887102 0.386262
vt 0.152987 0.870342
vt 0.876544 0.421866
vt 0.938493 0.454594
vt 0.231173 0.645721
vt 0.231173 0.645721
vt 0.195026 0.658257
vt 0.195026 0.658257
vt 0.044968 0.615767
vt 0.231095 0.689912
vt 0.044968 0.615767
vt 0.044968 0.615767
vt 0.044968 0.615767
vt 0.997535 0.567239
vt 0.997840 0.618022
vt 0.084218 0.591181
vt 0.888946 0.276799
vt 0.625066 0.612424
vt 0.888946 0.276799
vt 0.807496 0.708210
vt 0.894096 0.388791
vt 0.807496 0.708210
vt 0.158477 0.879848
vt 0.938506 0.463186
vt 0.948731 0.461411
vt 0.101999 0.628812
vt 0.101999 0.628812
vt 0.101999 0.628812
vt 0.623922 0.617823
vt 0.888926 0.281338
vt 0.623922 0.617823
vt 0.460335 0.613150
vt 0.460335 0.613150
vt 0.460335 0.613150
vt 0.893961 0.381637
vt 0.988864 0.482447
vt 0.988864 0.482447
vt 0.461556 0.614290
vt 0.222169 0.651999
vt 0.461556 0.614290
vt 0.461556 0.614290
vt 0.069389 0.588267
vt 0.995531 0.194718
vt 0.997840 0.630777
vt 0.966665 0.213676
vt 0.876818 0.446871
vt 0.014242 0.990258
vt 0.759552 0.978665
vt 0.876818 0.446871
vt 0.759552 0.991675
vt 0.231087 0.860945
vt 0.759552 0.991675
vt 0.001244 0.990716
vt 0.001269 0.974960
vt 0.001269 0.974960
vt 0.231087 0.843239
vt 0.231087 0.843239
vt 0.978181 0.974137
vt 0.876544 0.429436
vt 0.991159 0.974042
vt 0.014242 0.974820
vt 0.991159 0.974042
vt 0.096817 0.596491
vt 0.096817 0.596491
vt 0.295699 0.934533
vt 0.096817 0.596491
vt 0.968292 0.365546
vt 0.083399 0.605238
vt 0.083399 0.605238
vt 0.998519 0.618469
vt 0.944828 0.979628
vt 0.996867 0.567415
vt 0.995531 0.179992
vt 0.996867 0.567415
vt 0.944835 0.992044
vt 0.967572 0.214934
vt 0.996782 0.194036
vt 0.967572 0.214934
vt 0.227657 0.847141
vt 0.227657 0.847141
vt 0.227657 0.847141
vt 0.948286 0.686818
vt 0.949773 0.262166
vt 0.227712 0.857315
vt 0.958802 0.262069
vt 0.961290 0.262076
vt 0.955615 0.476634
vt 0.187216 0.613790
vt 0.955615 0.476634
vt 0.931888 0.688772
vt 0.948294 0.476689
vt 0.948294 0.476689
vt 0.158477 0.892456
vt 0.158477 0.892456
vt 0.938331 0.475661
vt 0.463915 0.627682
vt 0.463915 0.627682
vt 0.039073 0.938374
vt 0.463915 0.627682
vt 0.463915 0.627682
vt 0.450618 0.988930
vt 0.982693 0.969373
vt 0.450618 0.988930
vt 0.982693 0.969373
vt 0.985433 0.767056
vt 0.987982 0.969381
vt 0.987982 0.969381
vt 0.455904 0.988930
vt 0.978449 0.732686
vt 0.036844 0.622864
vt 0.036844 0.622864
vt 0.036844 0.622864
vt 0.036844 0.622864
vt 0.036844 0.622864
vt 0.221929 0.681403
vt 0.939022 0.223213
vt 0.948758 0.991605
vt 0.971514 0.214842
vt 0.971514 0.214842
vt 0.939022 0.223213
vt 0.992936 0.567454
vt 0.939078 0.209512
vt 0.948758 0.979631
vt 0.992936 0.567454
vt 0.939078 0.209512
vt 0.939078 0.209512
vt 0.968292 0.350315
vt 0.966665 0.224164
vt 0.968292 0.350315
vt 0.968292 0.350315
vt 0.067746 0.603387
vt 0.966665 0.224164
vt 0.254189 0.918123
vt 0.114081 0.880290
vt 0.876544 0.381714
vt 0.940652 0.214661
vt 0.952786 0.272317
vt 0.952786 0.272317
vt 0.940791 0.221454
vt 0.958802 0.272410
vt 0.961290 0.272410
vt 0.940638 0.211374
vt 0.949899 0.272388
vt 0.948289 0.697043
vt 0.243429 0.914239
vt 0.887211 0.376126
vt 0.243429 0.914239
vt 0.887211 0.376126
vt 0.243429 0.914239
vt 0.243429 0.914239
vt 0.879405 0.287350
vt 0.893867 0.378084
vt 0.893867 0.378084
vt 0.987587 0.487850
vt 0.987587 0.487850
vt 0.455760 0.980603
vt 0.978936 0.722948
vt 0.978936 0.722948
vt 0.952641 0.223213
vt 0.952641 0.223213
vt 0.971817 0.223987
vt 0.973398 0.350664
vt 0.114081 0.978806
vt 0.451211 0.974434
vt 0.451211 0.974434
vt 0.451211 0.974434
vt 0.984325 0.750228
vt 0.984325 0.750228
vt 0.979455 0.711950
vt 0.455378 0.971180
vt 0.455378 0.971180
vt 0.979455 0.711950
vt 0.114751 0.990946
vt 0.114751 0.990946
vt 0.938287 0.697154
vt 0.950696 0.211122
vt 0.114751 0.990946
vt 0.950696 0.211122
vt 0.950696 0.211122
vt 0.938287 0.697154
vt 0.463398 0.621539
vt 0.222177 0.658995
vt 0.968291 0.262207
vt 0.125590 0.981133
vt 0.217632 0.857293
vt 0.968291 0.262207
vt 0.217632 0.857293
vt 0.968928 0.364784
vt 0.082591 0.604665
vt 0.997535 0.580724
vt 0.968928 0.364784
vt 0.110876 0.988510
vt 0.893282 0.429436
vt 0.991159 0.957436
vt 0.110876 0.988510
vt 0.893282 0.429436
vt 0.991159 0.957436
vt 0.110876 0.971815
vt 0.770719 0.979268
vt 0.770719 0.979268
vt 0.893276 0.446786
vt 0.891760 0.373621
vt 0.983217 0.735174
vt 0.451857 0.961523
vt 0.983217 0.735174
vt 0.451857 0.961523
vt 0.115851 0.981389
vt 0.950735 0.221043
vt 0.968277 0.272159
vt 0.979814 0.700760
vt 0.455301 0.961517
vt 0.895207 0.373638
vt 0.979814 0.700760
vt 0.981369 0.962360
vt 0.981369 0.962360
vt 0.981369 0.962360
vt 0.979343 0.777763
vt 0.986336 0.777763
vt 0.985416 0.732686
vt 0.986336 0.777763
vt 0.988472 0.962451
vt 0.988472 0.962451
vt 0.988472 0.962451
vt 0.985416 0.732686
vt 0.098262 0.989260
vt 0.214406 0.843413
vt 0.978268 0.957559
vt 0.978268 0.957559
vt 0.214406 0.843413
vt 0.978268 0.957559
vt 0.984189 0.713469
vt 0.985536 0.796677
vt 0.985536 0.796677
vt 0.985536 0.796677
vt 0.125106 0.990946
vt 0.217605 0.847158
vt 0.938287 0.686591
vt 0.979101 0.749366
vt 0.979101 0.749366
vt 0.981448 0.795571
vt 0.094026 0.621038
vt 0.230978 0.737710
vt 0.291239 0.910399
vt 0.891732 0.370189
vt 0.981852 0.809320
vt 0.981852 0.809320
vt 0.979751 0.735344
vt 0.895207 0.370145
vt 0.983328 0.700713
vt 0.985252 0.809227
vt 0.978449 0.767056
vt 0.980694 0.778284
vt 0.982714 0.962422
vt 0.980694 0.778284
vt 0.888814 0.293698
vt 0.620309 0.632001
vt 0.098376 0.972434
vt 0.214392 0.860764
vt 0.771253 0.991939
vt 0.098376 0.972434
vt 0.952262 0.209199
vt 0.973373 0.364260
vt 0.993014 0.580564
vt 0.952262 0.209199
vt 0.236947 0.913211
vt 0.893755 0.376652
vt 0.986900 0.489677
vt 0.986900 0.489677
vt 0.986235 0.490511
vt 0.986235 0.490511
vt 0.986235 0.490511
vt 0.119542 0.902712
vt 0.119542 0.902712
vt 0.254066 0.940072
vt 0.711538 0.912261
vt 0.231348 0.665045
vt 0.231237 0.728671
vt 0.231237 0.728671
vt 0.084730 0.619811
vt 0.236795 0.916782
vt 0.236795 0.916782
vt 0.987340 0.494316
vt 0.185508 0.617901
vt 0.955399 0.480745
vt 0.185508 0.617901
vt 0.221950 0.670212
vt 0.466346 0.633158
vt 0.466346 0.633158
vt 0.024165 0.626813
vt 0.102522 0.811731
vt 0.024165 0.626813
vt 0.207422 0.660399
vt 0.905993 0.516549
vt 0.207422 0.660399
vt 0.905993 0.516549
vt 0.254086 0.928819
vt 0.114106 0.892843
vt 0.254086 0.928819
vt 0.254086 0.928819
vt 0.152561 0.903088
vt 0.711538 0.945285
vt 0.938235 0.487053
vt 0.878701 0.297089
vt 0.878701 0.297089
vt 0.184608 0.619900
vt 0.955280 0.482745
vt 0.935219 0.694351
vt 0.237236 0.927253
vt 0.237236 0.927253
vt 0.990713 0.505803
vt 0.237236 0.927253
vt 0.237236 0.927253
vt 0.237236 0.927253
vt 0.237236 0.927253
vt 0.001258 0.609401
vt 0.231087 0.808324
vt 0.659877 0.640950
vt 0.440741 0.636218
vt 0.852179 0.549289
vt 0.440741 0.636218
vt 0.243514 0.926610
vt 0.243514 0.926610
vt 0.710506 0.920781
vt 0.128056 0.907873
vt 0.710506 0.920781
vt 0.619520 0.634264
vt 0.888195 0.295827
vt 0.888195 0.295827
vt 0.231796 0.676768
vt 0.701162 0.949657
vt 0.948074 0.490340
vt 0.701162 0.949657
vt 0.948074 0.490340
vt 0.618830 0.638940
vt 0.618830 0.638940
vt 0.888566 0.299537
vt 0.884493 0.490952
vt 0.884493 0.490952
vt 0.123434 0.639202
vt 0.123434 0.639202
vt 0.887473 0.303033
vt 0.617182 0.642281
vt 0.617182 0.642281
vt 0.887473 0.303033
vt 0.887473 0.303033
vt 0.190915 0.653054
vt 0.190915 0.653054
vt 0.618258 0.638430
vt 0.887968 0.299605
vt 0.618258 0.638430
vt 0.468782 0.641689
vt 0.468782 0.641689
vt 0.571130 0.985907
vt 0.038479 0.925013
vt 0.221929 0.678416
vt 0.131172 0.623062
vt 0.236631 0.927455
vt 0.236631 0.927455
vt 0.233675 0.836386
vt 0.618284 0.642592
vt 0.888684 0.302441
vt 0.888684 0.302441
vt 0.618284 0.642592
vt 0.039073 0.921637
vt 0.469940 0.645202
vt 0.469940 0.645202
vt 0.001294 0.626481
vt 0.657950 0.657934
vt 0.112370 0.649939
vt 0.112370 0.649939
vt 0.112370 0.649939
vt 0.878584 0.304183
vt 0.878584 0.304183
vt 0.698992 0.937305
vt 0.257151 0.954616
vt 0.698992 0.937305
vt 0.244164 0.941864
vt 0.701111 0.908424
vt 0.244164 0.941864
vt 0.134229 0.626625
vt 0.134229 0.626625
vt 0.236711 0.932150
vt 0.236711 0.932150
vt 0.567953 0.986504
vt 0.471173 0.645199
vt 0.976915 0.927610
vt 0.142038 0.909016
vt 0.710313 0.934765
vt 0.710313 0.934765
vt 0.142038 0.909016
vt 0.571130 0.996251
vt 0.987391 0.932663
vt 0.987391 0.932663
vt 0.234124 0.831658
vt 0.888015 0.307181
vt 0.888015 0.307181
vt 0.170416 0.637686
vt 0.257151 0.961366
vt 0.692258 0.937238
vt 0.692258 0.937238
vt 0.170416 0.637686
vt 0.692258 0.937238
vt 0.887919 0.317016
vt 0.887919 0.317016
vt 0.221929 0.744417
vt 0.101533 0.629829
vt 0.221929 0.744417
vt 0.874239 0.499951
vt 0.874239 0.499951
vt 0.874239 0.499951
vt 0.874239 0.499951
vt 0.236829 0.935602
vt 0.136403 0.629306
vt 0.473522 0.647711
vt 0.473522 0.647711
vt 0.976940 0.930555
vt 0.473522 0.647711
vt 0.233675 0.827764
vt 0.887998 0.311063
vt 0.887998 0.311063
vt 0.474851 0.650024
vt 0.256677 0.960716
vt 0.692938 0.936955
vt 0.138636 0.633027
vt 0.098797 0.994803
vt 0.138636 0.633027
vt 0.138636 0.633027
vt 0.098262 0.993540
vt 0.237293 0.941113
vt 0.098262 0.993540
vt 0.237293 0.941113
vt 0.237293 0.941113
vt 0.139925 0.633541
vt 0.969968 0.776958
vt 0.475558 0.649959
vt 0.976904 0.933118
vt 0.605000 0.656654
vt 0.605000 0.656654
vt 0.888679 0.321754
vt 0.888679 0.321754
vt 0.605000 0.656654
vt 0.243687 0.955216
vt 0.698861 0.921273
vt 0.698861 0.921273
vt 0.698861 0.921273
vt 0.698861 0.921273
vt 0.185953 0.645951
vt 0.185953 0.645951
vt 0.185953 0.645951
vt 0.877790 0.320931
vt 0.877790 0.320931
vt 0.977050 0.935854
vt 0.477806 0.652005
vt 0.977050 0.935854
vt 0.480999 0.656063
vt 0.976858 0.940000
vt 0.098797 0.991798
vt 0.141359 0.634649
vt 0.098797 0.991798
vt 0.141359 0.634649
vt 0.834148 0.958390
vt 0.699219 0.934468
vt 0.699219 0.934468
vt 0.699219 0.934468
vt 0.699219 0.934468
vt 0.001348 0.642936
vt 0.656073 0.674296
vt 0.237026 0.945001
vt 0.969968 0.781168
vt 0.834148 0.960553
vt 0.143669 0.635467
vt 0.143669 0.635467
vt 0.692696 0.930694
vt 0.692696 0.930694
vt 0.692696 0.930694
vt 0.098323 0.991748
vt 0.969804 0.778830
vt 0.834631 0.958526
vt 0.478600 0.653598
vt 0.478600 0.653598
vt 0.478600 0.653598
vt 0.692296 0.929145
vt 0.692296 0.929145
vt 0.692296 0.929145
vt 0.162397 0.638769
vt 0.692296 0.929145
vt 0.153240 0.639633
vt 0.153240 0.639633
vt 0.236956 0.954367
vt 0.692336 0.919961
vt 0.153240 0.639633
vt 0.987371 0.942581
vt 0.949869 0.515599
vt 0.949869 0.515599
vt 0.692821 0.922247
vt 0.692821 0.922247
vt 0.483287 0.659815
vt 0.483287 0.659815
vt 0.483287 0.659815
vt 0.485135 0.660418
vt 0.485135 0.660418
vt 0.938224 0.512802
vt 0.976858 0.945161
vt 0.485135 0.660418
vt 0.888681 0.345843
vt 0.888681 0.345843
vt 0.587769 0.673494
vt 0.020158 0.672631
vt 0.111593 0.842803
vt 0.020158 0.672631
vt 0.020158 0.672631
vt 0.111593 0.842803
vt 0.111593 0.842803
vt 0.020158 0.672631
vt 0.150864 0.654756
vt 0.150864 0.654756
vt 0.150864 0.654756
vt 0.150864 0.654756
vt 0.474473 0.728793
vt 0.474473 0.728793
vt 0.491299 0.667011
vt 0.938784 0.520482
vt 0.491299 0.667011
vt 0.938784 0.520482
vt 0.495332 0.670279
vt 0.939300 0.525235
vt 0.495332 0.670279
vt 0.500822 0.675040
vt 0.500822 0.675040
vt 0.939653 0.531783
vt 0.234013 0.858418
vt 0.852217 0.501393
vt 0.448173 0.685251
vt 0.852217 0.501393
vt 0.876545 0.345830
vt 0.876545 0.345830
vt 0.493745 0.669423
vt 0.493745 0.669423
vt 0.493745 0.669423
vt 0.497839 0.673827
vt 0.233575 0.855216
vt 0.454397 0.709820
vt 0.586553 0.675297
vt 0.586553 0.675297
vt 0.889233 0.347964
vt 0.582862 0.675889
vt 0.888821 0.351056
vt 0.582862 0.675889
vt 0.888821 0.351056
vt 0.582862 0.675889
vt 0.233575 0.861840
vt 0.503890 0.676822
vt 0.888850 0.358375
vt 0.575074 0.678301
vt 0.888850 0.358375
vt 0.579240 0.677668
vt 0.579240 0.677668
vt 0.579240 0.677668
vt 0.610789 0.733451
vt 0.808030 0.944335
vt 0.517343 0.679872
vt 0.939709 0.548994
vt 0.512392 0.679291
vt 0.512392 0.679291
vt 0.512392 0.679291
vt 0.512392 0.679291
vt 0.808030 0.939356
vt 0.568886 0.680661
vt 0.568886 0.680661
vt 0.568886 0.680661
vt 0.568886 0.680661
vt 0.807803 0.941845
vt 0.514893 0.679356
vt 0.939219 0.546490
vt 0.888866 0.362311
vt 0.570803 0.679511
vt 0.570803 0.679511
vt 0.888866 0.362311
vt 0.877023 0.364938
vt 0.877023 0.364938
vt 0.517217 0.679954
vt 0.517217 0.679954
vt 0.939203 0.548890
vt 0.566704 0.680722
vt 0.889057 0.366122
vt 0.566704 0.680722
vt 0.518424 0.681182
vt 0.518424 0.681182
vt 0.001292 0.666197
vt 0.653553 0.697438
vt 0.939138 0.553771
vt 0.521939 0.681196
vt 0.524357 0.681791
vt 0.939086 0.556261
vt 0.939086 0.556261
vt 0.128078 0.993450
vt 0.881533 0.372625
vt 0.945069 0.854365
vt 0.559729 0.682488
vt 0.889244 0.372406
vt 0.952505 0.852873
vt 0.559729 0.682488
vt 0.557331 0.683707
vt 0.557331 0.683707
vt 0.543570 0.686129
vt 0.543570 0.686129
vt 0.134618 0.978806
vt 0.543570 0.686129
vt 0.528886 0.683454
vt 0.528886 0.683454
vt 0.129199 0.983127
vt 0.952505 0.860556
vt 0.551377 0.684305
vt 0.534328 0.684326
vt 0.939091 0.566548
vt 0.939091 0.566548
vt 0.531666 0.683644
vt 0.938827 0.563798
vt 0.530505 0.684267
vt 0.807803 0.910622
vt 0.938278 0.562835
vt 0.234134 0.788751
vt 0.530505 0.684267
vt 0.530505 0.684267
vt 0.938597 0.568872
vt 0.808026 0.916736
vt 0.546971 0.685498
vt 0.233575 0.779726
vt 0.539535 0.685497
vt 0.807803 0.919735
vt 0.634743 0.702118
vt 0.634743 0.702118
vt 0.543944 0.686645
vt 0.543944 0.686645
vt 0.234134 0.775152
vt 0.543944 0.686645
vt 0.543944 0.686645
vt 0.127701 0.719589
vt 0.715263 0.839696
vt 0.715263 0.839696
vt 0.127701 0.719589
vt 0.127701 0.719589
vt 0.203166 0.693217
vt 0.203166 0.693217
vt 0.905926 0.483729
vt 0.203166 0.693217
vt 0.086761 0.849150
vt 0.005547 0.683339
vt 0.086761 0.849150
vt 0.005547 0.683339
vt 0.956798 0.821391
vt 0.166542 0.684137
vt 0.166542 0.684137
vt 0.256741 0.980463
vt 0.968230 0.993718
vt 0.166542 0.684137
vt 0.166542 0.684137
vt 0.161238 0.681612
vt 0.158154 0.684462
vt 0.951807 0.993535
vt 0.964731 0.821391
vt 0.158154 0.684462
vt 0.951807 0.993535
vt 0.158154 0.684462
vt 0.059877 0.671397
vt 0.256778 0.977976
vt 0.989328 0.401317
vt 0.059877 0.671397
vt 0.989328 0.401317
vt 0.065114 0.673577
vt 0.581368 0.993829
vt 0.581368 0.993829
vt 0.256778 0.972302
vt 0.157419 0.690333
vt 0.157419 0.690333
vt 0.157419 0.690333
vt 0.955814 0.993894
vt 0.157419 0.690333
vt 0.161322 0.682854
vt 0.256741 0.985836
vt 0.961197 0.821259
vt 0.161322 0.682854
vt 0.257250 0.974877
vt 0.582781 0.993234
vt 0.986843 0.400431
vt 0.986843 0.400431
vt 0.582781 0.993234
vt 0.989414 0.399944
vt 0.989414 0.399944
vt 0.989414 0.399944
vt 0.991435 0.400708
vt 0.058239 0.672812
vt 0.991435 0.400708
vt 0.257250 0.982749
vt 0.958386 0.820727
vt 0.958386 0.820727
vt 0.582131 0.984837
vt 0.948071 0.812169
vt 0.986843 0.391972
vt 0.948071 0.812169
vt 0.986843 0.391972
vt 0.989746 0.392160
vt 0.945389 0.814502
vt 0.989746 0.392160
vt 0.989746 0.392160
vt 0.471750 0.985524
vt 0.958769 0.812228
vt 0.988746 0.723296
vt 0.471750 0.985524
vt 0.958769 0.812228
vt 0.971692 0.774118
vt 0.988746 0.723296
vt 0.988746 0.723296
vt 0.957790 0.812169
vt 0.968801 0.984457
vt 0.990138 0.723400
vt 0.961630 0.812244
vt 0.468874 0.986444
vt 0.055843 0.673876
vt 0.993949 0.401949
vt 0.055843 0.673876
vt 0.055843 0.673876
vt 0.055843 0.673876
vt 0.561004 0.985907
vt 0.945475 0.818812
vt 0.993904 0.392414
vt 0.945475 0.818812
vt 0.001389 0.682632
vt 0.651636 0.713775
vt 0.001389 0.682632
vt 0.951580 0.812169
vt 0.579264 0.984978
vt 0.951580 0.812169
vt 0.966118 0.984498
vt 0.992906 0.725251
vt 0.966118 0.984498
vt 0.992906 0.725251
vt 0.966118 0.984498
vt 0.466907 0.988886
vt 0.964662 0.812299
vt 0.952229 0.984458
vt 0.466907 0.988886
vt 0.466907 0.988886
vt 0.952229 0.984458
vt 0.167503 0.686023
vt 0.966340 0.993659
vt 0.167503 0.686023
vt 0.950067 0.814009
vt 0.976035 0.850385
vt 0.044585 0.989629
vt 0.976035 0.850385
vt 0.950067 0.814009
vt 0.976035 0.850385
vt 0.981999 0.951907
vt 0.948879 0.814263
vt 0.975175 0.302263
vt 0.975175 0.302263
vt 0.976855 0.850138
vt 0.977741 0.301903
vt 0.947481 0.816548
vt 0.977741 0.301903
vt 0.428000 0.521416
vt 0.972141 0.773437
vt 0.990209 0.725668
vt 0.990209 0.725668
vt 0.974081 0.772755
vt 0.987904 0.725996
vt 0.974081 0.772755
vt 0.974081 0.772755
vt 0.974081 0.772755
vt 0.056690 0.674632
vt 0.561332 0.994476
vt 0.993525 0.400970
vt 0.056690 0.674632
vt 0.472714 0.892800
vt 0.469171 0.989236
vt 0.975960 0.773411
vt 0.975960 0.773411
vt 0.975960 0.773411
vt 0.977687 0.290549
vt 0.977687 0.290549
vt 0.977687 0.290549
vt 0.426270 0.520723
vt 0.428056 0.570822
vt 0.991130 0.727154
vt 0.807265 0.598164
vt 0.426270 0.520723
vt 0.428056 0.570822
vt 0.991130 0.727154
vt 0.976154 0.266371
vt 0.976855 0.814213
vt 0.976855 0.814213
vt 0.427813 0.499801
vt 0.427813 0.499801
vt 0.971912 0.751831
vt 0.427813 0.499801
vt 0.973093 0.748249
vt 0.973093 0.748249
vt 0.971692 0.700902
vt 0.994290 0.540104
vt 0.897766 0.444425
vt 0.971692 0.700902
vt 0.428000 0.448834
vt 0.904993 0.443476
vt 0.977527 0.694584
vt 0.977698 0.230034
vt 0.976703 0.777830
vt 0.977698 0.230034
vt 0.472742 0.866276
vt 0.974716 0.746907
vt 0.472742 0.866276
vt 0.974716 0.746907
vt 0.055833 0.679375
vt 0.908481 0.697270
vt 0.055833 0.679375
vt 0.197540 0.996027
vt 0.985416 0.774950
vt 0.055833 0.679375
vt 0.417992 0.994349
vt 0.055833 0.679375
vt 0.627862 0.996920
vt 0.875864 0.471958
vt 0.875864 0.471958
vt 0.875864 0.471958
vt 0.807760 0.547581
vt 0.807760 0.547581
vt 0.807760 0.547581
vt 0.994290 0.560421
vt 0.426445 0.469183
vt 0.743018 0.498369
vt 0.426445 0.469183
vt 0.973789 0.777763
vt 0.973789 0.777763
vt 0.973789 0.777763
vt 0.806507 0.756390
vt 0.977527 0.698010
vt 0.906244 0.446664
vt 0.906244 0.443744
vt 0.976461 0.695291
vt 0.906244 0.443744
vt 0.954619 0.992906
vt 0.157879 0.688384
vt 0.954619 0.992906
vt 0.954619 0.992906
vt 0.745173 0.478121
vt 0.898993 0.443476
vt 0.992944 0.540208
vt 0.898993 0.443476
vt 0.472714 0.820140
vt 0.973731 0.700713
vt 0.472714 0.820140
vt 0.898219 0.446829
vt 0.898219 0.446829
vt 0.336964 0.760018
vt 0.903542 0.444621
vt 0.979344 0.229918
vt 0.336964 0.760018
vt 0.903542 0.444621
vt 0.467292 0.991574
vt 0.954077 0.985202
vt 0.467292 0.991574
vt 0.954077 0.985202
vt 0.467292 0.991574
vt 0.576287 0.984837
vt 0.918015 0.687902
vt 0.953861 0.814085
vt 0.576287 0.984837
vt 0.953861 0.814085
vt 0.953861 0.814085
vt 0.918015 0.687902
vt 0.743018 0.477980
vt 0.807778 0.527758
vt 0.901054 0.444447
vt 0.901054 0.444447
vt 0.963449 0.730747
vt 0.961689 0.984482
vt 0.993285 0.729822
vt 0.993285 0.729822
vt 0.963449 0.730747
vt 0.993285 0.729822
vt 0.562984 0.985938
vt 0.947638 0.820787
vt 0.562984 0.985938
vt 0.056557 0.678291
vt 0.564043 0.994790
vt 0.564043 0.994790
vt 0.626911 0.996193
vt 0.979344 0.302422
vt 0.948017 0.818347
vt 0.948017 0.818347
vt 0.979344 0.302422
vt 0.336964 0.832522
vt 0.642575 0.993853
vt 0.952781 0.815382
vt 0.952781 0.815382
vt 0.981999 0.954948
vt 0.469379 0.991194
vt 0.473997 0.892671
vt 0.469379 0.991194
vt 0.473997 0.892671
vt 0.473997 0.892671
vt 0.469379 0.991194
vt 0.870231 0.458498
vt 0.439218 0.727121
vt 0.870231 0.458498
vt 0.870231 0.458498
vt 0.426455 0.570854
vt 0.971994 0.857529
vt 0.991145 0.728850
vt 0.962819 0.993672
vt 0.964558 0.739589
vt 0.167223 0.689545
vt 0.962819 0.993672
vt 0.964558 0.739589
vt 0.963489 0.984457
vt 0.993636 0.727781
vt 0.474025 0.866594
vt 0.474025 0.866594
vt 0.474025 0.866594
vt 0.474025 0.866594
vt 0.474025 0.866594
vt 0.474025 0.866594
vt 0.904675 0.446825
vt 0.804944 0.756375
vt 0.904675 0.446825
vt 0.339440 0.760002
vt 0.426270 0.664582
vt 0.339321 0.832485
vt 0.950430 0.818883
vt 0.339321 0.832485
vt 0.427955 0.613704
vt 0.477256 0.886200
vt 0.426270 0.564999
vt 0.968661 0.852873
vt 0.949260 0.819225
vt 0.197540 0.986473
vt 0.565465 0.985907
vt 0.627862 0.987340
vt 0.950164 0.821186
vt 0.950164 0.821186
vt 0.065444 0.679118
vt 0.918015 0.696985
vt 0.065444 0.679118
vt 0.575828 0.993989
vt 0.918015 0.696985
vt 0.806507 0.527848
vt 0.901054 0.446005
vt 0.045398 0.991713
vt 0.980913 0.953991
vt 0.643512 0.992676
vt 0.426270 0.573342
vt 0.805255 0.552476
vt 0.428056 0.523904
vt 0.805255 0.552476
vt 0.475583 0.845147
vt 0.805255 0.552476
vt 0.475583 0.845147
vt 0.474258 0.820095
vt 0.899755 0.447000
vt 0.474258 0.820095
vt 0.804944 0.527758
vt 0.340111 0.788874
vt 0.804944 0.784766
vt 0.973133 0.806623
vt 0.340111 0.788874
vt 0.426270 0.621841
vt 0.973133 0.806623
vt 0.426270 0.619353
vt 0.476358 0.892018
vt 0.476358 0.892018
vt 0.476358 0.892018
vt 0.642575 0.991219
vt 0.951757 0.817475
vt 0.951757 0.817475
vt 0.972640 0.849640
vt 0.044585 0.993486
vt 0.428094 0.664066
vt 0.956230 0.984610
vt 0.468509 0.993605
vt 0.956230 0.984610
vt 0.956230 0.984610
vt 0.953808 0.818800
vt 0.913788 0.688468
vt 0.913788 0.688468
vt 0.953808 0.818800
vt 0.953808 0.818800
vt 0.470278 0.992397
vt 0.475422 0.892819
vt 0.475422 0.892819
vt 0.476902 0.892709
vt 0.471750 0.992872
vt 0.476902 0.892709
vt 0.970187 0.859288
vt 0.417992 0.989021
vt 0.914556 0.697243
vt 0.086055 0.990890
vt 0.914556 0.697243
vt 0.914556 0.697243
vt 0.914556 0.697243
vt 0.916422 0.688332
vt 0.954310 0.816104
vt 0.916422 0.688332
vt 0.033747 0.709055
vt 0.033747 0.709055
vt 0.715333 0.748228
vt 0.164392 0.693566
vt 0.164392 0.693566
vt 0.164392 0.693566
vt 0.164392 0.693566
vt 0.990889 0.732261
vt 0.960179 0.730709
vt 0.960179 0.730709
vt 0.990889 0.732261
vt 0.990889 0.732261
vt 0.912163 0.688851
vt 0.952532 0.819995
vt 0.200041 0.986610
vt 0.952532 0.819995
vt 0.958147 0.984458
vt 0.968661 0.861011
vt 0.470155 0.994598
vt 0.987904 0.732471
vt 0.957458 0.730611
vt 0.969545 0.860669
vt 0.988714 0.731991
vt 0.988714 0.731991
vt 0.957873 0.739314
vt 0.959201 0.993158
vt 0.959201 0.993158
vt 0.957873 0.739314
vt 0.160818 0.691898
vt 0.957873 0.739314
vt 0.960615 0.738539
vt 0.960666 0.739919
vt 0.960666 0.739919
vt 0.163768 0.692641
vt 0.960666 0.739919
vt 0.159645 0.692381
vt 0.159645 0.692381
vt 0.956631 0.739919
vt 0.086055 0.993441
vt 0.984401 0.771170
vt 0.418712 0.991232
vt 0.060705 0.682331
vt 0.985416 0.769544
vt 0.060705 0.682331
vt 0.087274 0.992334
vt 0.912873 0.697925
vt 0.461226 0.724731
vt 0.461226 0.724731
vt 0.461226 0.724731
vt 0.208364 0.709070
vt 0.892444 0.468234
vt 0.208364 0.709070
vt 0.876219 0.460757
vt 0.876219 0.460757
vt 0.715333 0.893074
vt 0.182448 0.725153
vt 0.182448 0.725153
vt 0.182448 0.725153
vt 0.876776 0.449598
vt 0.214176 0.728124
vt 0.876776 0.449598
vt 0.214176 0.728124
vt 0.435143 0.735514
vt 0.620101 0.734162
vt 0.620101 0.734162
vt 0.620101 0.734162
vt 0.620101 0.734162
vt 0.649131 0.735645
vt 0.001457 0.704626
vt 0.086606 0.863430
vt 0.001457 0.704626
vt 0.710987 0.894735
vt 0.184409 0.728961
vt 0.184409 0.728961
vt 0.710987 0.894735
vt 0.715325 0.884863
vt 0.715325 0.884863
vt 0.715325 0.884863
vt 0.174052 0.724462
vt 0.174052 0.724462
vt 0.256880 0.423442
vt 0.662365 0.751081
vt 0.614698 0.746848
vt 0.614698 0.746848
vt 0.662365 0.751081
vt 0.074492 0.713809
vt 0.715251 0.787870
vt 0.074492 0.713809
vt 0.469821 0.746861
vt 0.662625 0.891271
vt 0.469821 0.746861
vt 0.533954 0.747224
vt 0.662580 0.829111
vt 0.687161 0.728711
vt 0.015300 0.729888
vt 0.687161 0.728711
vt 0.687161 0.728711
vt 0.015300 0.729888
vt 0.641275 0.752564
vt 0.641275 0.752564
vt 0.007398 0.722305
vt 0.007398 0.722305
vt 0.641275 0.752564
vt 0.680316 0.819975
vt 0.680316 0.819975
vt 0.680316 0.819975
vt 0.680316 0.819975
vt 0.028044 0.716117
vt 0.706277 0.742123
vt 0.028044 0.716117
vt 0.643690 0.747643
vt 0.005541 0.717148
vt 0.439350 0.744618
vt 0.208989 0.736706
vt 0.208989 0.736706
vt 0.448786 0.763316
vt 0.681210 0.905936
vt 0.681210 0.905936
vt 0.197547 0.754246
vt 0.667245 0.744027
vt 0.620371 0.751433
vt 0.667245 0.744027
vt 0.681394 0.756360
vt 0.681394 0.756360
vt 0.673233 0.735804
vt 0.673233 0.735804
vt 0.626947 0.756827
vt 0.011944 0.734215
vt 0.681533 0.725112
vt 0.635443 0.763902
vt 0.681533 0.725112
vt 0.257010 0.442662
vt 0.257010 0.442662
vt 0.198264 0.476967
vt 0.244466 0.476921
vt 0.244466 0.476921
vt 0.156742 0.477030
vt 0.257251 0.477297
usemtl tank_turret
f 1/1 6/6 11/11
f 6/6 15/15 11/11
f 6/6 18/18 15/15
f 23/23 28/28 30/30
f 32/32 34/34 45/45
f 28/28 38/38 47/47
f 35/35 49/49 43/43
f 24/24 40/40 28/28
f 32/32 47/47 36/36
f 15/15 20/20 53/53
f 11/11 24/24 30/30
f 43/43 49/49 57/57
f 15/15 53/53 60/60
f 42/42 56/56 53/53
f 4/4 13/13 30/30
f 17/17 58/58 62/62
f 51/51 69/69 59/59
f 14/14 16/16 73/73
f 29/29 46/46 77/77
f 9/9 73/73 82/82
f 59/59 69/69 84/84
f 27/27 75/75 31/31
f 59/59 86/86 63/63
f 25/25 90/90 91/91
f 22/22 91/91 37/37
f 39/39 94/94 52/52
f 50/50 95/95 98/98
f 12/12 104/104 26/26
f 8/8 111/111 21/21
f 33/33 44/44 113/113
f 37/37 91/91 97/97
f 26/26 104/104 89/89
f 33/33 113/113 48/48
f 50/50 103/103 71/71
f 19/19 109/109 55/55
f 10/10 82/82 104/104
f 17/17 65/65 74/74
f 71/71 102/102 119/119
f 91/91 122/122 96/96
f 93/93 122/122 101/101
f 7/7 126/126 111/111
f 67/67 129/129 85/85
f 68/68 133/133 128/128
f 88/88 137/137 91/91
f 61/61 140/140 72/72
f 70/70 118/118 133/133
f 99/99 132/132 117/117
f 66/66 85/85 129/129
f 83/83 136/136 106/106
f 72/72 141/141 81/81
f 87/87 105/105 136/136
f 41/41 54/54 146/146
f 64/64 130/130 141/141
f 100/100 120/120 131/131
f 92/92 136/136 123/123
f 129/129 131/131 138/138
f 80/80 141/141 134/134
f 127/127 136/136 139/139
f 121/121 135/135 132/132
f 3/3 31/31 151/151
f 5/5 126/126 7/7
f 48/48 113/113 76/76
f 31/31 75/75 149/149
f 55/55 112/112 156/156
f 54/54 153/153 144/144
f 44/44 142/142 113/113
f 3/3 149/149 158/158
f 2/2 160/160 124/124
f 150/150 161/161 168/168
f 148/148 168/168 157/157
f 172/172 176/176 178/178
f 145/145 155/155 170/170
f 154/154 177/177 171/171
f 108/108 175/175 152/152
f 110/110 184/184 177/177
f 108/108 125/125 186/186
f 125/125 167/167 186/186
f 125/125 159/159 167/167
f 108/108 186/186 189/189
f 147/147 191/191 164/164
f 163/163 192/192 194/194
f 107/107 189/189 183/183
f 115/115 143/143 174/174
f 177/177 184/184 197/197
f 183/183 189/189 197/197
f 204/204 206/206 210/210
f 78/78 203/203 208/208
f 79/79 114/114 201/201
f 167/167 212/212 186/186
f 194/194 209/209 206/206
f 163/163 195/195 215/215
f 78/78 208/208 191/191
f 78/78 191/191 150/150
f 173/173 218/218 198/198
f 116/116 174/174 200/200
f 190/190 209/209 194/194
f 199/199 220/220 223/223
f 202/202 225/225 206/206
f 186/186 212/212 229/229
f 162/162 216/216 169/169
f 166/166 216/216 233/233
f 172/172 178/178 221/221
f 177/177 197/197 182/182
f 185/185 226/226 188/188
f 187/187 230/230 196/196
f 207/207 224/224 219/219
f 165/165 232/232 211/211
f 205/205 222/222 239/239
f 213/213 235/235 227/227
f 194/194 206/206 238/238
f 193/193 237/237 216/216
f 182/182 197/197 229/229
f 222/222 241/241 236/236
f 217/217 240/240 243/243
f 179/179 246/246 221/221
f 221/221 245/245 241/241
f 227/227 231/231 248/248
f 181/181 228/228 251/251
f 216/216 253/253 234/234
f 214/214 242/242 253/253
f 232/232 258/258 250/250
f 241/241 246/246 263/263
f 233/233 253/253 259/259
f 243/243 262/262 255/255
f 180/180 266/266 246/246
f 244/244 266/266 263/263
f 181/181 247/247 267/267
f 180/180 268/268 265/265
f 249/249 257/257 271/271
f 253/253 261/261 282/282
f 254/254 282/282 285/285
f 263/263 264/264 283/283
f 274/274 276/276 278/278
f 256/256 292/292 271/271
f 253/253 293/293 260/260
f 251/251 273/273 269/269
f 275/275 297/297 277/277
f 252/252 285/285 294/294
f 266/266 268/268 299/299
f 287/287 296/296 291/291
f 265/265 299/299 280/280
f 283/283 299/299 305/305
f 271/271 295/295 307/307
f 271/271 306/306 308/308
f 283/283 310/310 314/314
f 274/274 290/290 296/296
f 283/283 305/305 310/310
f 279/279 319/319 322/322
f 271/271 308/308 324/324
f 284/284 322/322 285/285
f 267/267 272/272 326/326
f 272/272 329/329 326/326
f 302/302 331/331 303/303
f 271/271 324/324 329/329
f 285/285 338/338 294/294
f 268/268 339/339 301/301
f 270/270 342/342 339/339
f 267/267 326/326 346/346
f 304/304 313/313 311/311
f 295/295 334/334 307/307
f 307/307 350/350 309/309
f 309/309 350/350 324/324
f 324/324 350/350 353/353
f 298/298 341/341 364/364
f 300/300 358/358 333/333
f 286/286 321/321 368/368
f 304/304 332/332 313/313
f 327/327 330/330 356/356
f 307/307 336/336 370/370
f 325/325 355/355 328/328
f 326/326 352/352 346/346
f 285/285 366/366 338/338
f 340/340 344/344 360/360
f 307/307 370/370 350/350
f 357/357 373/373 379/379
f 351/351 382/382 385/385
f 312/312 361/361 390/390
f 316/316 331/331 361/361
f 351/351 388/388 373/373
f 320/320 395/395 321/321
f 321/321 395/395 399/399
f 349/349 371/371 382/382
f 316/316 394/394 318/318
f 315/315 390/390 395/395
f 345/345 354/354 376/376
f 390/390 404/404 395/395
f 335/335 399/399 410/410
f 343/343 379/379 358/358
f 323/323 399/399 365/365
f 351/351 373/373 357/357
f 371/371 410/410 382/382
f 335/335 367/367 399/399
f 337/337 409/409 369/369
f 392/392 413/413 403/403
f 396/396 419/419 398/398
f 397/397 405/405 420/420
f 381/381 427/427 384/384
f 383/383 411/411 430/430
f 372/372 433/433 378/378
f 362/362 414/414 391/391
f 393/393 422/422 417/417
f 389/389 429/429 435/435
f 402/402 418/418 436/436
f 400/400 437/437 439/439
f 274/274 347/347 290/290
f 374/374 386/386 432/432
f 363/363 443/443 412/412
f 418/418 448/448 436/436
f 411/411 454/454 430/430
f 384/384 455/455 431/431
f 418/418 425/425 450/450
f 428/428 454/454 435/435
f 411/411 458/458 454/454
f 406/406 415/415 423/423
f 389/389 435/435 461/461
f 387/387 461/461 455/455
f 401/401 438/438 408/408
f 434/434 454/454 462/462
f 407/407 466/466 456/456
f 454/454 459/459 470/470
f 408/408 439/439 464/464
f 375/375 431/431 472/472
f 454/454 479/479 462/462
f 437/437 451/451 438/438
f 453/453 469/469 478/478
f 459/459 477/477 468/468
f 416/416 442/442 426/426
f 457/457 467/467 477/477
f 431/431 455/455 463/463
f 421/421 481/481 446/446
f 440/440 451/451 482/482
f 467/467 491/491 474/474
f 452/452 481/481 493/493
f 363/363 496/496 443/443
f 433/433 500/500 472/472
f 449/449 506/506 485/485
f 439/439 509/509 466/466
f 447/447 493/493 503/503
f 380/380 471/471 498/498
f 431/431 463/463 501/501
f 441/441 484/484 513/513
f 359/359 377/377 499/499
f 424/424 445/445 481/481
f 467/467 518/518 487/487
f 439/439 514/514 509/509
f 475/475 491/491 521/521
f 493/493 522/522 507/507
f 505/505 523/523 526/526
f 486/486 516/516 528/528
f 523/523 530/530 526/526
f 505/505 526/526 533/533
f 462/462 479/479 535/535
f 481/481 543/543 493/493
f 527/527 530/530 534/534
f 504/504 531/531 545/545
f 490/490 528/528 547/547
f 489/489 552/552 554/554
f 488/488 555/555 520/520
f 494/494 558/558 525/525
f 524/524 556/556 559/559
f 465/465 510/510 563/563
f 483/483 504/504 545/545
f 467/467 563/563 518/518
f 476/476 520/520 565/565
f 523/523 561/561 530/530
f 492/492 542/542 569/569
f 519/519 570/570 566/566
f 530/530 561/561 534/534
f 517/517 576/576 529/529
f 529/529 576/576 551/551
f 551/551 579/579 582/582
f 460/460 536/536 500/500
f 443/443 498/498 585/585
f 551/551 582/582 588/588
f 495/495 569/569 558/558
f 473/473 566/566 593/593
f 549/549 571/571 554/554
f 520/520 553/553 573/573
f 517/517 564/564 576/576
f 557/557 568/568 560/560
f 566/566 594/594 593/593
f 483/483 545/545 512/512
f 566/566 572/572 597/597
f 549/549 591/591 601/601
f 541/541 562/562 567/567
f 479/479 592/592 536/536
f 472/472 500/500 604/604
f 533/533 614/614 610/610
f 444/444 586/586 481/481
f 508/508 576/576 564/564
f 538/538 593/593 596/596
f 548/548 617/617 574/574
f 574/574 617/617 595/595
f 471/471 602/602 498/498
f 480/480 619/619 541/541
f 537/537 598/598 615/615
f 532/532 561/561 612/612
f 550/550 601/601 617/617
f 500/500 536/536 620/620
f 540/540 613/613 561/561
f 540/540 619/619 612/612
f 539/539 617/617 622/622
f 533/533 609/609 624/624
f 589/589 625/625 600/600
f 611/611 619/619 628/628
f 581/581 633/633 587/587
f 501/501 635/635 603/603
f 502/502 621/621 636/636
f 532/532 624/624 544/544
f 515/515 546/546 624/624
f 511/511 515/515 639/639
f 481/481 584/584 630/630
f 480/480 632/632 619/619
f 609/609 644/644 647/647
f 590/590 634/634 627/627
f 497/497 629/629 583/583
f 617/617 637/637 622/622
f 498/498 605/605 631/631
f 611/611 628/628 650/650
f 609/609 647/647 624/624
f 606/606 637/637 617/617
f 515/515 624/624 642/642
f 511/511 641/641 576/576
f 599/599 653/653 616/616
f 607/607 650/650 632/632
f 607/607 615/615 650/650
f 610/610 612/612 645/645
f 581/581 655/655 633/633
f 613/613 651/651 662/662
f 627/627 634/634 666/666
f 633/633 656/656 667/667
f 581/581 668/668 655/655
f 616/616 652/652 671/671
f 578/578 670/670 581/581
f 616/616 671/671 675/675
f 577/577 640/640 676/676
f 627/627 666/666 680/680
f 653/653 682/682 672/672
f 643/643 686/686 647/647
f 600/600 625/625 653/653
f 644/644 689/689 686/686
f 623/623 646/646 638/638
f 611/611 665/665 645/645
f 673/673 683/683 675/675
f 645/645 694/694 690/690
f 580/580 676/676 696/696
f 656/656 679/679 667/667
f 348/348 697/697 702/702
f 625/625 707/707 653/653
f 290/290 347/347 703/703
f 653/653 707/707 682/682
f 640/640 713/713 676/676
f 640/640 646/646 685/685
f 674/674 681/681 706/706
f 640/640 715/715 709/709
f 291/291 703/703 720/720
f 577/577 696/696 725/725
f 697/697 730/730 702/702
f 676/676 710/710 733/733
f 704/704 738/738 743/743
f 676/676 733/733 696/696
f 712/712 744/744 736/736
f 704/704 741/741 745/745
f 712/712 748/748 744/744
f 709/709 714/714 750/750
f 700/700 744/744 748/748
f 735/735 746/746 740/740
f 640/640 756/756 757/757
f 700/700 731/731 737/737
f 638/638 757/757 715/715
f 575/575 760/760 669/669
f 701/701 747/747 708/708
f 705/705 711/711 752/752
f 734/734 742/742 739/739
f 686/686 689/689 764/764
f 348/348 767/767 697/697
f 696/696 733/733 772/772
f 698/698 774/774 718/718
f 697/697 777/777 728/728
f 697/697 780/780 777/777
f 289/289 784/784 786/786
f 715/715 758/758 789/789
f 715/715 789/789 750/750
f 734/734 739/739 771/771
f 699/699 751/751 774/774
f 749/749 787/787 775/775
f 695/695 770/770 722/722
f 719/719 773/773 792/792
f 577/577 726/726 760/760
f 289/289 717/717 784/784
f 755/755 795/795 759/759
f 723/723 771/771 801/801
f 775/775 788/788 794/794
f 758/758 797/797 789/789
f 697/697 802/802 780/780
f 640/640 806/806 754/754
f 775/775 794/794 791/791
f 732/732 771/771 739/739
f 721/721 809/809 810/810
f 755/755 814/814 796/796
f 719/719 793/793 808/808
f 645/645 665/665 694/694
f 729/729 799/799 771/771
f 727/727 776/776 798/798
f 717/717 811/811 818/818
f 790/790 794/794 807/807
f 778/778 779/779 801/801
f 794/794 813/813 807/807
f 697/697 767/767 802/802
f 723/723 800/800 782/782
f 780/780 802/802 821/821
f 807/807 820/820 812/812
f 755/755 825/825 815/815
f 753/753 805/805 824/824
f 807/807 816/816 824/824
f 716/716 819/819 828/828
f 655/655 830/830 678/678
f 688/688 693/693 833/833
f 669/669 760/760 837/837
f 807/807 824/824 820/820
f 720/720 827/827 844/844
f 802/802 847/847 821/821
f 817/817 824/824 826/826
f 723/723 781/781 822/822
f 626/626 677/677 850/850
f 618/618 675/675 649/649
f 720/720 846/846 783/783
f 724/724 853/853 762/762
f 802/802 855/855 847/847
f 723/723 822/822 848/848
f 679/679 830/830 850/850
f 640/640 685/685 858/858
f 638/638 860/860 804/804
f 765/765 855/855 802/802
f 803/803 859/859 864/864
f 823/823 864/864 829/829
f 805/805 865/865 824/824
f 723/723 848/848 856/856
f 723/723 857/857 854/854
f 829/829 864/864 845/845
f 784/784 844/844 866/866
f 768/768 871/871 855/855
f 861/861 873/873 863/863
f 657/657 669/669 875/875
f 854/854 856/856 872/872
f 626/626 850/850 877/877
f 348/348 880/880 767/767
f 842/842 864/864 873/873
f 669/669 841/841 875/875
f 843/843 873/873 867/867
f 854/854 870/870 883/883
f 761/761 884/884 840/840
f 760/760 853/853 885/885
f 625/625 888/888 707/707
f 655/655 890/890 830/830
f 868/868 873/873 893/893
f 784/784 892/892 785/785
f 784/784 866/866 892/892
f 687/687 763/763 896/896
f 766/766 882/882 869/869
f 684/684 895/895 897/897
f 685/685 900/900 862/862
f 859/859 893/893 874/874
f 675/675 707/707 888/888
f 861/861 899/899 893/893
f 769/769 902/902 884/884
f 691/691 835/835 906/906
f 648/648 909/909 661/661
f 763/763 910/910 896/896
f 689/689 905/905 764/764
f 769/769 881/881 901/901
f 694/694 913/913 836/836
f 840/840 884/884 901/901
f 348/348 915/915 880/880
f 894/894 899/899 918/918
f 830/830 890/890 923/923
f 649/649 675/675 908/908
f 785/785 892/892 924/924
f 347/347 608/608 915/915
f 830/830 920/920 849/849
f 895/895 917/917 898/898
f 879/879 926/926 901/901
f 839/839 902/902 928/928
f 289/289 786/786 929/929
f 837/837 930/930 875/875
f 838/838 927/927 931/931
f 895/895 935/935 919/919
f 891/891 937/937 925/925
f 891/891 918/918 936/936
f 763/763 904/904 910/910
f 918/918 934/934 937/937
f 895/895 941/941 935/935
f 875/875 932/932 942/942
f 926/926 944/944 933/933
f 934/934 940/940 936/936
f 654/654 875/875 946/946
f 926/926 938/938 945/945
f 625/625 953/953 886/886
f 895/895 911/911 939/939
f 655/655 949/949 889/889
f 694/694 960/960 962/962
f 937/937 940/940 952/952
f 659/659 959/959 692/692
f 831/831 912/912 964/964
f 290/290 967/967 916/916
f 674/674 887/887 970/970
f 851/851 921/921 971/971
f 875/875 942/942 974/974
f 940/940 972/972 952/952
f 694/694 962/962 913/913
f 938/938 957/957 945/945
f 834/834 964/964 981/981
f 289/289 929/929 983/983
f 625/625 876/876 955/955
f 890/890 951/951 923/923
f 658/658 907/907 986/986
f 288/288 983/983 968/968
f 911/911 988/988 941/941
f 943/943 956/956 984/984
f 944/944 991/991 975/975
f 833/833 994/994 906/906
f 921/921 948/948 1000/1000
f 943/943 984/984 989/989
f 911/911 1002/1002 988/988
f 903/903 993/993 911/911
f 875/875 974/974 946/946
f 940/940 987/987 972/972
f 910/910 993/993 1002/1002
f 886/886 954/954 969/969
f 658/658 961/961 958/958
f 987/987 1001/1001 1007/1007
f 914/914 961/961 964/964
f 976/976 990/990 1009/1009
f 973/973 987/987 1012/1012
f 876/876 1013/1013 953/953
f 987/987 1007/1007 1010/1010
f 852/852 1016/1016 878/878
f 990/990 1008/1008 1009/1009
f 955/955 1015/1015 969/969
f 1008/1008 1018/1018 1009/1009
f 1001/1001 1021/1021 1007/1007
f 1006/1006 1020/1020 1011/1011
f 1011/1011 1020/1020 1023/1023
f 993/993 1027/1027 1004/1004
f 1005/1005 1026/1026 1032/1032
f 977/977 1009/1009 1034/1034
f 1003/1003 1031/1031 1021/1021
f 922/922 1043/1043 971/971
f 1009/1009 1017/1017 1040/1040
f 971/971 1041/1041 1050/1050
f 951/951 1053/1053 1000/1000
f 1020/1020 1030/1030 1024/1024
f 658/658 1057/1057 961/961
f 1022/1022 1031/1031 1059/1059
f 921/921 1000/1000 1042/1042
f 978/978 1038/1038 1019/1019
f 979/979 1064/1064 1039/1039
f 1025/1025 1061/1061 1031/1031
f 993/993 1068/1068 1029/1029
f 963/963 1058/1058 965/965
f 950/950 974/974 1070/1070
f 1037/1037 1063/1063 1074/1074
f 850/850 1047/1047 1014/1014
f 851/851 971/971 1049/1049
f 832/832 982/982 995/995
f 663/663 1077/1077 1081/1081
f 992/992 1087/1087 1069/1069
f 974/974 1033/1033 1070/1070
f 675/675 969/969 908/908
f 982/982 1092/1092 996/996
f 1028/1028 1067/1067 1060/1060
f 1062/1062 1093/1093 1073/1073
f 664/664 986/986 1075/1075
f 969/969 1013/1013 1048/1048
f 1036/1036 1072/1072 1096/1096
f 947/947 1070/1070 1052/1052
f 966/966 1099/1099 980/980
f 908/908 969/969 1102/1102
f 1071/1071 1088/1088 1095/1095
f 1089/1089 1104/1104 1094/1094
f 1035/1035 1097/1097 1105/1105
f 909/909 1103/1103 1108/1108
f 969/969 1108/1108 1103/1103
f 993/993 1091/1091 1084/1084
f 1061/1061 1067/1067 1111/1111
f 982/982 1114/1114 1090/1090
f 1065/1065 1116/1116 1110/1110
f 969/969 1121/1121 1106/1106
f 1066/1066 1087/1087 1117/1117
f 969/969 1051/1051 1120/1120
f 908/908 1108/1108 1123/1123
f 1109/1109 1115/1115 1126/1126
f 982/982 1101/1101 1114/1114
f 1104/1104 1122/1122 1132/1132
f 1035/1035 1105/1105 1133/1133
f 1087/1087 1127/1127 1118/1118
f 966/966 1058/1058 1098/1098
f 998/998 1055/1055 1136/1136
f 1085/1085 1137/1137 1129/1129
f 1042/1042 1140/1140 1044/1044
f 1128/1128 1141/1141 1134/1134
f 1036/1036 1146/1146 1070/1070
f 1054/1054 1070/1070 1135/1135
f 658/658 1150/1150 1057/1057
f 1130/1130 1138/1138 1141/1141
f 1085/1085 1154/1154 1137/1137
f 1138/1138 1155/1155 1141/1141
f 908/908 1157/1157 986/986
f 1033/1033 1133/1133 1146/1146
f 1083/1083 1144/1144 1153/1153
f 1070/1070 1159/1159 1135/1135
f 1087/1087 1091/1091 1113/1113
f 908/908 1123/1123 1157/1157
f 660/660 1081/1081 1151/1151
f 1086/1086 1113/1113 1165/1165
f 1070/1070 1147/1147 1159/1159
f 985/985 1157/1157 1078/1078
f 1125/1125 1173/1173 1156/1156
f 999/999 1139/1139 1042/1042
f 1085/1085 1165/1165 1142/1142
f 1049/1049 1178/1178 1179/1179
f 1131/1131 1184/1184 1148/1148
f 1058/1058 1151/1151 1189/1189
f 1145/1145 1167/1167 1191/1191
f 1132/1132 1169/1169 1182/1182
f 1077/1077 1157/1157 1198/1198
f 1125/1125 1201/1201 1171/1171
f 1163/1163 1205/1205 1191/1191
f 1141/1141 1206/1206 1175/1175
f 1058/1058 1214/1214 1098/1098
f 1124/1124 1217/1217 1199/1199
f 997/997 1136/1136 1161/1161
f 1143/1143 1190/1190 1208/1208
f 1190/1190 1203/1203 1208/1208
f 1108/1108 1221/1221 1124/1124
f 1166/1166 1224/1224 1204/1204
f 1146/1146 1183/1183 1227/1227
f 1080/1080 1231/1231 1152/1152
f 1158/1158 1171/1171 1234/1234
f 1056/1056 1188/1188 1239/1239
f 1125/1125 1220/1220 1217/1217
f 1051/1051 1180/1180 1120/1120
f 1168/1168 1241/1241 1185/1185
f 1079/1079 1247/1247 1231/1231
f 1172/1172 1200/1200 1248/1248
f 1203/1203 1223/1223 1208/1208
f 1183/1183 1242/1242 1228/1228
f 1113/1113 1252/1252 1164/1164
f 1249/1249 1255/1255 1258/1258
f 1202/1202 1255/1255 1249/1249
f 1201/1201 1216/1216 1254/1254
f 1106/1106 1119/1119 1262/1262
f 1174/1174 1249/1249 1258/1258
f 1231/1231 1243/1243 1268/1268
f 1256/1256 1270/1270 1258/1258
f 1174/1174 1258/1258 1274/1274
f 1256/1256 1277/1277 1270/1270
f 1216/1216 1276/1276 1254/1254
f 1157/1157 1234/1234 1195/1195
f 1216/1216 1218/1218 1276/1276
f 1258/1258 1280/1280 1274/1274
f 1100/1100 1211/1211 1112/1112
f 1219/1219 1270/1270 1278/1278
f 1170/1170 1273/1273 1233/1233
f 1162/1162 1284/1284 1226/1226
f 1058/1058 1238/1238 1212/1212
f 1146/1146 1227/1227 1242/1242
f 1257/1257 1270/1270 1280/1280
f 1045/1045 1139/1139 1287/1287
f 1210/1210 1225/1225 1286/1286
f 1274/1274 1280/1280 1292/1292
f 1108/1108 1295/1295 1218/1218
f 1233/1233 1273/1273 1299/1299
f 1222/1222 1297/1297 1271/1271
f 1241/1241 1281/1281 1305/1305
f 1279/1279 1306/1306 1291/1291
f 1274/1274 1292/1292 1311/1311
f 1270/1270 1315/1315 1280/1280
f 1162/1162 1253/1253 1282/1282
f 1112/1112 1213/1213 1251/1251
f 1293/1293 1307/1307 1313/1313
f 1119/1119 1320/1320 1262/1262
f 1229/1229 1266/1266 1324/1324
f 1279/1279 1314/1314 1306/1306
f 1245/1245 1328/1328 1267/1267
f 1275/1275 1311/1311 1299/1299
f 1207/1207 1283/1283 1331/1331
f 1196/1196 1235/1235 1334/1334
f 1149/1149 1230/1230 1323/1323
f 1232/1232 1300/1300 1333/1333
f 1271/1271 1336/1336 1316/1316
f 1269/1269 1297/1297 1337/1337
f 1000/1000 1287/1287 1139/1139
f 1046/1046 1288/1288 1177/1177
f 1146/1146 1240/1240 1303/1303
f 1272/1272 1337/1337 1336/1336
f 1252/1252 1330/1330 1285/1285
f 1209/1209 1329/1329 1289/1289
f 1075/1075 1339/1339 1081/1081
f 1252/1252 1341/1341 1330/1330
f 1306/1306 1314/1314 1335/1335
f 1146/1146 1303/1303 1346/1346
f 1193/1193 1332/1332 1298/1298
f 1147/1147 1346/1346 1159/1159
f 1301/1301 1312/1312 1347/1347
f 1303/1303 1353/1353 1346/1346
f 1267/1267 1328/1328 1354/1354
f 1197/1197 1302/1302 1348/1348
f 1359/1359 1365/1365 1366/1366
f 1359/1359 1367/1367 1373/1373
f 1290/1290 1331/1331 1342/1342
f 1304/1304 1318/1318 1351/1351
f 1244/1244 1376/1376 1381/1381
f 1082/1082 1377/1377 1246/1246
f 1327/1327 1382/1382 1356/1356
f 1355/1355 1385/1385 1389/1389
f 1363/1363 1393/1393 1368/1368
f 1363/1363 1396/1396 1391/1391
f 1107/1107 1400/1400 1294/1294
f 1296/1296 1404/1404 1337/1337
f 1306/1306 1335/1335 1405/1405
f 1159/1159 1344/1344 1412/1412
f 1370/1370 1416/1416 1374/1374
f 1374/1374 1416/1416 1418/1418
f 1149/1149 1323/1323 1422/1422
f 1245/1245 1381/1381 1328/1328
f 1387/1387 1435/1435 1429/1429
f 1383/1383 1435/1435 1387/1387
f 1267/1267 1443/1443 1325/1325
f 1309/1309 1447/1447 1310/1310
f 1428/1428 1434/1434 1448/1448
f 1428/1428 1448/1448 1451/1451
f 1434/1434 1454/1454 1448/1448
f 1267/1267 1354/1354 1443/1443
f 1312/1312 1458/1458 1347/1347
f 1395/1395 1452/1452 1449/1449
f 1194/1194 1349/1349 1467/1467
f 1395/1395 1450/1450 1455/1455
f 1395/1395 1397/1397 1452/1452
f 1336/1336 1337/1337 1407/1407
f 1345/1345 1350/1350 1411/1411
f 1415/1415 1468/1468 1420/1420
f 1432/1432 1451/1451 1471/1471
f 1413/1413 1477/1477 1468/1468
f 1468/1468 1476/1476 1483/1483
f 1394/1394 1456/1456 1487/1487
f 1317/1317 1494/1494 1351/1351
f 1398/1398 1495/1495 1453/1453
f 1363/1363 1499/1499 1396/1396
f 1384/1384 1502/1502 1436/1436
f 1358/1358 1505/1505 1513/1513
f 1478/1478 1516/1516 1483/1483
f 1352/1352 1493/1493 1408/1408
f 1451/1451 1520/1520 1472/1472
f 1482/1482 1518/1518 1523/1523
f 1370/1370 1526/1526 1416/1416
f 1328/1328 1380/1380 1501/1501
f 1326/1326 1502/1502 1386/1386
f 1421/1421 1469/1469 1536/1536
f 1369/1369 1392/1392 1538/1538
f 1484/1484 1525/1525 1543/1543
f 1357/1357 1390/1390 1444/1444
f 1394/1394 1492/1492 1549/1549
f 1470/1470 1481/1481 1543/1543
f 1388/1388 1431/1431 1444/1444
f 1480/1480 1551/1551 1517/1517
f 1297/1297 1399/1399 1403/1403
f 1337/1337 1403/1403 1407/1407
f 1082/1082 1555/1555 1377/1377
f 1515/1515 1550/1550 1559/1559
f 1360/1360 1511/1511 1362/1362
f 1522/1522 1561/1561 1543/1543
f 1347/1347 1458/1458 1464/1464
f 1438/1438 1491/1491 1454/1454
f 1417/1417 1551/1551 1479/1479
f 1514/1514 1556/1556 1560/1560
f 1514/1514 1560/1560 1524/1524
f 1107/1107 1262/1262 1400/1400
f 1470/1470 1543/1543 1531/1531
f 1370/1370 1539/1539 1527/1527
f 1312/1312 1447/1447 1460/1460
f 1417/1417 1563/1563 1550/1550
f 1342/1342 1567/1567 1463/1463
f 1120/1120 1180/1180 1319/1319
f 1430/1430 1473/1473 1440/1440
f 1364/1364 1512/1512 1571/1571
f 1433/1433 1502/1502 1575/1575
f 1545/1545 1562/1562 1557/1557
f 1392/1392 1548/1548 1538/1538
f 1414/1414 1527/1527 1565/1565
f 1252/1252 1568/1568 1343/1343
f 1546/1546 1558/1558 1552/1552
f 1361/1361 1371/1371 1508/1508
f 1460/1460 1578/1578 1465/1465
f 1194/1194 1466/1466 1583/1583
f 1363/1363 1570/1570 1497/1497
f 1466/1466 1580/1580 1582/1582
f 1532/1532 1544/1544 1552/1552
f 1532/1532 1552/1552 1566/1566
f 1372/1372 1419/1419 1509/1509
f 1453/1453 1498/1498 1521/1521
f 1419/1419 1534/1534 1509/1509
f 1306/1306 1584/1584 1446/1446
f 1529/1529 1530/1530 1564/1564
f 1437/1437 1573/1573 1490/1490
f 1528/1528 1542/1542 1533/1533
f 1485/1485 1496/1496 1547/1547
f 1486/1486 1519/1519 1496/1496
f 1321/1321 1443/1443 1591/1591
f 1475/1475 1519/1519 1489/1489
f 1579/1579 1594/1594 1582/1582
f 1260/1260 1595/1595 1400/1400
f 1494/1494 1588/1588 1598/1598
f 1151/1151 1423/1423 1189/1189
f 1408/1408 1493/1493 1600/1600
f 1457/1457 1592/1592 1577/1577
f 1506/1506 1535/1535 1540/1540
f 1472/1472 1488/1488 1576/1576
f 1186/1186 1602/1602 1239/1239
f 1379/1379 1442/1442 1500/1500
f 1441/1441 1574/1574 1503/1503
f 1439/1439 1474/1474 1574/1574
f 1197/1197 1581/1581 1594/1594
f 1497/1497 1541/1541 1548/1548
f 1180/1180 1606/1606 1320/1320
f 1499/1499 1570/1570 1541/1541
f 1446/1446 1585/1585 1609/1609
f 1401/1401 1596/1596 1403/1403
f 1403/1403 1614/1614 1407/1407
f 1262/1262 1617/1617 1597/1597
f 1381/1381 1591/1591 1443/1443
f 1504/1504 1569/1569 1510/1510
f 1507/1507 1537/1537 1572/1572
f 1459/1459 1621/1621 1593/1593
f 1445/1445 1608/1608 1462/1462
f 1213/1213 1628/1628 1251/1251
f 998/998 1160/1160 1631/1631
f 1403/1403 1596/1596 1618/1618
f 1459/1459 1633/1633 1626/1626
f 1306/1306 1406/1406 1636/1636
f 1567/1567 1639/1639 1615/1615
f 1375/1375 1591/1591 1381/1381
f 1187/1187 1425/1425 1601/1601
f 1159/1159 1409/1409 1632/1632
f 1378/1378 1553/1553 1591/1591
f 1403/1403 1645/1645 1614/1614
f 1197/1197 1594/1594 1622/1622
f 1567/1567 1648/1648 1639/1639
f 1176/1176 1650/1650 1181/1181
f 1461/1461 1610/1610 1633/1633
f 1181/1181 1650/1650 1607/1607
f 1076/1076 1195/1195 1652/1652
f 1215/1215 1237/1237 1627/1627
f 1250/1250 1647/1647 1568/1568
f 1259/1259 1402/1402 1619/1619
f 1262/1262 1320/1320 1659/1659
f 1616/1616 1640/1640 1661/1661
f 1638/1638 1647/1647 1660/1660
f 1411/1411 1599/1599 1664/1664
f 1081/1081 1339/1339 1553/1553
f 1616/1616 1661/1661 1653/1653
f 1192/1192 1620/1620 1669/1669
f 1598/1598 1641/1641 1667/1667
f 1252/1252 1672/1672 1646/1646
f 1647/1647 1654/1654 1662/1662
f 1264/1264 1643/1643 1403/1403
f 1308/1308 1636/1636 1585/1585
f 1410/1410 1666/1666 1676/1676
f 1409/1409 1677/1677 1632/1632
f 1647/1647 1672/1672 1655/1655
f 1237/1237 1679/1679 1627/1627
f 1075/1075 1652/1652 1681/1681
f 1195/1195 1668/1668 1651/1651
f 1263/1263 1686/1686 1642/1642
f 1611/1611 1689/1689 1634/1634
f 1624/1624 1695/1695 1670/1670
f 1663/1663 1697/1697 1678/1678
f 1406/1406 1612/1612 1699/1699
f 1250/1250 1629/1629 1680/1680
f 1613/1613 1642/1642 1700/1700
f 1406/1406 1702/1702 1636/1636
f 1665/1665 1703/1703 1696/1696
f 1656/1656 1707/1707 1685/1685
f 1657/1657 1673/1673 1708/1708
f 1261/1261 1714/1714 1688/1688
f 1621/1621 1634/1634 1691/1691
f 1554/1554 1719/1719 1589/1589
f 1177/1177 1288/1288 1721/1721
f 1625/1625 1724/1724 1694/1694
f 1678/1678 1697/1697 1729/1729
f 1322/1322 1589/1589 1427/1427
f 1075/1075 1682/1682 1339/1339
f 1671/1671 1730/1730 1706/1706
f 1677/1677 1727/1727 1733/1733
f 1687/1687 1710/1710 1734/1734
f 1692/1692 1725/1725 1738/1738
f 1586/1586 1689/1689 1611/1611
f 1621/1621 1741/1741 1724/1724
f 1623/1623 1689/1689 1743/1743
f 1684/1684 1708/1708 1732/1732
f 1698/1698 1705/1705 1728/1728
f 1668/1668 1693/1693 1739/1739
f 1644/1644 1686/1686 1700/1700
f 1725/1725 1745/1745 1738/1738
f 1685/1685 1731/1731 1716/1716
f 1340/1340 1718/1718 1553/1553
f 999/999 1723/1723 1287/1287
f 1726/1726 1747/1747 1733/1733
f 1705/1705 1748/1748 1728/1728
f 1674/1674 1751/1751 1731/1731
f 1637/1637 1700/1700 1757/1757
f 1427/1427 1590/1590 1717/1717
f 1587/1587 1635/1635 1690/1690
f 1265/1265 1659/1659 1761/1761
f 1652/1652 1668/1668 1736/1736
f 1716/1716 1731/1731 1751/1751
f 1705/1705 1766/1766 1748/1748
f 1704/1704 1768/1768 1764/1764
f 1737/1737 1740/1740 1769/1769
f 1733/1733 1747/1747 1765/1765
f 1177/1177 1721/1721 1649/1649
f 1686/1686 1775/1775 1701/1701
f 1338/1338 1683/1683 1718/1718
f 1252/1252 1680/1680 1779/1779
f 1686/1686 1735/1735 1777/1777
f 1689/1689 1780/1780 1744/1744
f 1712/1712 1787/1787 1735/1735
f 1735/1735 1787/1787 1777/1777
f 1630/1630 1677/1677 1733/1733
f 1746/1746 1781/1781 1789/1789
f 1742/1742 1788/1788 1771/1771
f 1700/1700 1776/1776 1755/1755
f 1773/1773 1790/1790 1782/1782
f 1765/1765 1767/1767 1793/1793
f 1711/1711 1796/1796 1786/1786
f 1635/1635 1756/1756 1690/1690
f 1733/1733 1765/1765 1793/1793
f 1630/1630 1733/1733 1793/1793
f 1652/1652 1736/1736 1772/1772
f 1774/1774 1785/1785 1795/1795
f 1689/1689 1754/1754 1801/1801
f 1689/1689 1801/1801 1780/1780
f 1776/1776 1794/1794 1807/1807
f 1713/1713 1761/1761 1797/1797
f 1651/1651 1770/1770 1783/1783
f 1715/1715 1751/1751 1763/1763
f 1652/1652 1784/1784 1800/1800
f 1424/1424 1718/1718 1682/1682
f 1755/1755 1776/1776 1807/1807
f 1758/1758 1808/1808 1802/1802
f 1798/1798 1802/1802 1807/1807
f 1262/1262 1761/1761 1709/1709
f 1767/1767 1810/1810 1792/1792
f 1652/1652 1799/1799 1761/1761
f 1768/1768 1804/1804 1815/1815
f 1752/1752 1817/1817 1762/1762
f 1761/1761 1803/1803 1797/1797
f 1767/1767 1812/1812 1811/1811
f 1632/1632 1791/1791 1810/1810
f 1426/1426 1820/1820 1603/1603
f 1237/1237 1778/1778 1679/1679
f 1652/1652 1759/1759 1828/1828
f 1809/1809 1813/1813 1832/1832
f 1805/1805 1834/1834 1814/1814
f 1632/1632 1810/1810 1831/1831
f 1658/1658 1828/1828 1760/1760
f 1816/1816 1833/1833 1831/1831
f 1805/1805 1838/1838 1836/1836
f 1806/1806 1842/1842 1838/1838
f 1632/1632 1831/1831 1845/1845
f 1835/1835 1837/1837 1849/1849
f 1652/1652 1828/1828 1681/1681
f 1831/1831 1835/1835 1850/1850
f 1319/1319 1830/1830 1659/1659
f 1839/1839 1852/1852 1851/1851
f 1831/1831 1854/1854 1845/1845
f 1751/1751 1857/1857 1818/1818
f 1837/1837 1841/1841 1852/1852
f 1818/1818 1859/1859 1847/1847
f 1819/1819 1856/1856 1860/1860
f 1843/1843 1863/1863 1853/1853
f 1848/1848 1861/1861 1865/1865
f 1858/1858 1868/1868 1866/1866
f 1862/1862 1871/1871 1870/1870
f 1855/1855 1871/1871 1858/1858
f 1749/1749 1871/1871 1856/1856
f 1840/1840 1876/1876 1864/1864
f 1840/1840 1873/1873 1878/1878
f 1239/1239 1602/1602 1824/1824
f 1000/1000 1846/1846 1720/1720
f 998/998 1631/1631 1846/1846
f 1866/1866 1869/1869 1882/1882
f 1872/1872 1884/1884 1879/1879
f 1866/1866 1882/1882 1888/1888
f 1867/1867 1890/1890 1892/1892
f 1832/1832 1864/1864 1875/1875
f 1832/1832 1852/1852 1864/1864
f 1874/1874 1895/1895 1886/1886
f 1887/1887 1897/1897 1891/1891
f 1885/1885 1894/1894 1900/1900
f 1877/1877 1885/1885 1900/1900
f 1880/1880 1896/1896 1889/1889
f 1252/1252 1779/1779 1902/1902
f 1870/1870 1871/1871 1881/1881
f 1874/1874 1903/1903 1895/1895
f 1893/1893 1904/1904 1900/1900
f 1831/1831 1849/1849 1852/1852
f 1832/1832 1877/1877 1899/1899
f 1874/1874 1907/1907 1903/1903
f 1897/1897 1912/1912 1909/1909
f 1898/1898 1915/1915 1911/1911
f 1900/1900 1904/1904 1905/1905
f 1882/1882 1915/1915 1898/1898
f 1871/1871 1916/1916 1883/1883
f 1900/1900 1905/1905 1922/1922
f 1910/1910 1913/1913 1924/1924
f 1906/1906 1928/1928 1930/1930
f 1905/1905 1929/1929 1921/1921
f 1908/1908 1923/1923 1919/1919
f 1921/1921 1929/1929 1931/1931
f 1900/1900 1922/1922 1931/1931
f 1423/1423 1682/1682 1820/1820
f 1914/1914 1915/1915 1925/1925
f 1926/1926 1931/1931 1929/1929
f 1918/1918 1925/1925 1939/1939
f 1916/1916 1939/1939 1925/1925
f 1927/1927 1937/1937 1933/1933
f 1250/1250 1944/1944 1672/1672
f 1237/1237 1901/1901 1778/1778
f 1915/1915 1949/1949 1939/1939
f 1932/1932 1938/1938 1942/1942
f 1831/1831 1900/1900 1871/1871
f 1920/1920 1939/1939 1949/1949
f 1934/1934 1940/1940 1947/1947
f 1917/1917 1945/1945 1941/1941
f 1675/1675 1944/1944 1750/1750
f 1871/1871 1946/1946 1916/1916
f 1682/1682 1828/1828 1954/1954
f 1871/1871 1900/1900 1935/1935
f 1252/1252 1902/1902 1943/1943
f 1871/1871 1936/1936 1948/1948
f 1605/1605 1650/1650 1957/1957
f 1237/1237 1962/1962 1901/1901
f 1320/1320 1604/1604 1958/1958
f 1827/1827 1956/1956 1964/1964
f 1320/1320 1956/1956 1827/1827
f 1830/1830 1970/1970 1976/1976
f 1682/1682 1977/1977 1820/1820
f 1827/1827 1969/1969 1970/1970
f 1682/1682 1982/1982 1977/1977
f 1829/1829 1990/1990 1954/1954
f 1970/1970 1991/1991 1971/1971
f 1968/1968 1994/1994 1970/1970
f 1978/1978 1985/1985 1995/1995
f 1979/1979 2002/2002 2003/2003
f 1966/1966 2006/2006 1992/1992
f 1979/1979 1997/1997 2000/2000
f 2002/2002 2011/2011 2014/2014
f 1993/1993 2007/2007 2019/2019
f 2008/2008 2026/2026 2022/2022
f 1998/1998 2013/2013 2001/2001
f 1993/1993 2019/2019 2029/2029
f 1820/1820 1980/1980 2035/2035
f 1981/1981 2003/2003 2032/2032
f 2003/2003 2017/2017 2038/2038
f 2000/2000 2016/2016 2005/2005
f 1963/1963 2026/2026 2008/2008
f 1901/1901 1962/1962 2042/2042
f 1983/1983 2044/2044 1996/1996
f 1999/1999 2044/2044 2009/2009
f 1967/1967 2050/2050 2027/2027
f 2024/2024 2028/2028 2049/2049
f 2021/2021 2054/2054 2030/2030
f 1973/1973 2029/2029 2052/2052
f 1973/1973 1993/1993 2029/2029
f 1956/1956 2057/2057 1965/1965
f 1902/1902 2041/2041 1943/1943
f 2010/2010 2043/2043 2060/2060
f 2010/2010 2060/2060 2067/2067
f 2015/2015 2072/2072 2037/2037
f 2025/2025 2049/2049 2076/2076
f 2020/2020 2076/2076 2079/2079
f 2012/2012 2067/2067 2072/2072
f 2012/2012 2072/2072 2015/2015
f 2004/2004 2083/2083 2031/2031
f 2003/2003 2038/2038 2085/2085
f 1753/1753 1944/1944 1871/1871
f 1828/1828 1974/1974 1987/1987
f 2023/2023 2081/2081 2089/2089
f 1967/1967 2058/2058 2048/2048
f 2069/2069 2092/2092 2073/2073
f 2018/2018 2088/2088 2051/2051
f 2049/2049 2097/2097 2077/2077
f 2068/2068 2102/2102 2092/2092
f 2082/2082 2107/2107 2109/2109
f 2078/2078 2110/2110 2091/2091
f 2075/2075 2107/2107 2080/2080
f 2107/2107 2111/2111 2110/2110
f 2092/2092 2102/2102 2118/2118
f 2110/2110 2114/2114 2122/2122
f 1820/1820 2033/2033 2125/2125
f 1650/1650 1721/1721 2135/2135
f 2074/2074 2095/2095 2105/2105
f 2090/2090 2109/2109 2122/2122
f 2099/2099 2141/2141 2108/2108
f 2063/2063 2103/2103 2070/2070
f 2106/2106 2143/2143 2115/2115
f 2103/2103 2145/2145 2119/2119
f 2117/2117 2148/2148 2151/2151
f 1975/1975 2053/2053 2156/2156
f 2113/2113 2160/2160 2165/2165
f 2116/2116 2152/2152 2170/2170
f 2063/2063 2144/2144 2104/2104
f 2112/2112 2140/2140 2159/2159
f 2111/2111 2162/2162 2124/2124
f 2092/2092 2120/2120 2168/2168
f 2055/2055 2088/2088 2173/2173
f 2034/2034 2083/2083 2132/2132
f 2045/2045 2180/2180 2060/2060
f 2158/2158 2185/2185 2164/2164
f 2047/2047 2189/2189 2101/2101
f 2036/2036 2193/2193 2197/2197
f 2036/2036 2197/2197 2084/2084
f 2086/2086 2196/2196 2130/2130
f 2037/2037 2072/2072 2201/2201
f 2064/2064 2178/2178 2206/2206
f 2142/2142 2183/2183 2157/2157
f 2087/2087 2123/2123 2212/2212
f 2071/2071 2094/2094 2200/2200
f 2093/2093 2168/2168 2203/2203
f 1845/1845 1854/1854 2216/2216
f 2097/2097 2190/2190 2221/2221
f 2046/2046 2225/2225 2227/2227
f 2088/2088 2209/2209 2175/2175
f 1984/1984 2176/2176 2044/2044
f 2048/2048 2058/2058 2222/2222
f 2123/2123 2161/2161 2233/2233
f 2150/2150 2237/2237 2167/2167
f 1956/1956 2224/2224 2059/2059
f 2166/2166 2240/2240 2204/2204
f 2096/2096 2219/2219 2245/2245
f 2202/2202 2247/2247 2251/2251
f 2037/2037 2201/2201 2251/2251
f 1984/1984 2256/2256 2179/2179
f 1972/1972 2155/2155 1989/1989
f 2039/2039 2252/2252 2194/2194
f 2056/2056 2174/2174 2156/2156
f 2121/2121 2234/2234 2213/2213
f 2165/2165 2186/2186 2259/2259
f 2066/2066 2208/2208 2261/2261
f 2149/2149 2235/2235 2152/2152
f 2137/2137 2258/2258 2184/2184
f 2202/2202 2241/2241 2247/2247
f 2138/2138 2266/2266 2258/2258
f 2163/2163 2270/2270 2229/2229
f 2098/2098 2264/2264 2139/2139
f 2061/2061 2279/2279 2146/2146
f 2164/2164 2259/2259 2271/2271
f 2047/2047 2228/2228 2189/2189
f 2232/2232 2267/2267 2282/2282
f 2062/2062 2260/2260 2288/2288
f 2065/2065 2287/2287 2276/2276
f 2230/2230 2272/2272 2269/2269
f 1681/1681 2255/2255 1982/1982
f 2100/2100 2245/2245 2265/2265
f 2188/2188 2227/2227 2225/2225
f 2205/2205 2284/2284 2262/2262
f 2210/2210 2231/2231 2281/2281
f 2153/2153 2172/2172 2292/2292
f 2178/2178 2298/2298 2206/2206
f 2147/2147 2275/2275 2236/2236
f 2212/2212 2283/2283 2300/2300
f 2220/2220 2305/2305 2246/2246
f 2166/2166 2238/2238 2274/2274
f 2258/2258 2268/2268 2273/2273
f 2169/2169 2277/2277 2242/2242
f 2239/2239 2278/2278 2289/2289
f 2281/2281 2302/2302 2301/2301
f 2243/2243 2280/2280 2263/2263
f 2241/2241 2251/2251 2247/2247
f 1681/1681 1954/1954 2255/2255
f 2195/2195 2249/2249 2198/2198
f 2211/2211 2299/2299 2291/2291
f 2244/2244 2304/2304 2281/2281
f 2182/2182 2307/2307 2312/2312
f 2171/2171 2214/2214 2291/2291
f 1820/1820 2125/2125 2315/2315
f 1955/1955 2321/2321 2224/2224
f 2192/2192 2322/2322 2221/2221
f 2241/2241 2285/2285 2251/2251
f 2177/2177 2254/2254 2311/2311
f 2207/2207 2297/2297 2286/2286
f 2286/2286 2297/2297 2330/2330
f 2299/2299 2303/2303 2333/2333
f 2220/2220 2336/2336 2305/2305
f 2221/2221 2326/2326 2338/2338
f 2181/2181 2313/2313 2294/2294
f 2251/2251 2285/2285 2328/2328
f 2291/2291 2299/2299 2333/2333
f 2156/2156 2290/2290 2340/2340
f 2305/2305 2336/2336 2332/2332
f 2133/2133 2199/2199 2250/2250
f 2293/2293 2331/2331 2341/2341
f 2191/2191 2226/2226 2345/2345
f 1988/1988 2154/2154 2343/2343
f 2224/2224 2320/2320 2348/2348
f 2128/2128 2248/2248 2329/2329
f 1988/1988 2343/2343 2350/2350
f 2223/2223 2349/2349 2345/2345
f 2296/2296 2314/2314 2309/2309
f 2187/2187 2345/2345 2324/2324
f 2131/2131 2306/2306 2355/2355
f 2126/2126 2327/2327 2310/2310
f 2323/2323 2342/2342 2335/2335
f 2325/2325 2334/2334 2337/2337
f 2324/2324 2345/2345 2344/2344
f 2295/2295 2309/2309 2327/2327
f 2339/2339 2345/2345 2347/2347
f 1722/1722 1844/1844 2215/2215
f 2320/2320 2351/2351 2348/2348
f 2308/2308 2359/2359 2353/2353
f 2257/2257 2360/2360 2309/2309
f 2129/2129 2354/2354 2357/2357
f 2339/2339 2346/2346 2352/2352
f 1953/1953 2351/2351 2319/2319
f 1953/1953 1986/1986 2351/2351
f 1721/1721 2218/2218 2136/2136
f 1831/1831 2363/2363 1854/1854
f 1650/1650 2365/2365 1957/1957
f 1236/1236 1825/1825 1961/1961
f 2134/2134 2218/2218 2367/2367
f 1956/1956 2371/2371 2318/2318
f 1956/1956 2366/2366 2370/2370
f 1649/1649 2136/2136 2368/2368
f 1649/1649 2368/2368 2375/2375
f 1871/1871 1944/1944 2379/2379
f 1650/1650 2373/2373 2365/2365
f 1944/1944 2041/2041 2382/2382
f 2364/2364 2388/2388 2370/2370
f 1954/1954 2358/2358 2253/2253
f 2320/2320 2372/2372 2393/2393
f 2127/2127 2358/2358 2315/2315
f 1960/1960 2383/2383 2040/2040
f 1950/1950 2321/2321 2394/2394
f 1821/1821 2384/2384 1959/1959
f 1831/1831 1871/1871 2398/2398
f 2315/2315 2356/2356 2400/2400
f 1954/1954 2402/2402 2358/2358
f 2217/2217 2375/2375 2368/2368
f 1854/1854 2362/2362 2216/2216
f 2364/2364 2376/2376 2387/2387
f 1831/1831 2405/2405 2363/2363
f 1832/1832 2398/2398 2406/2406
f 2216/2216 2361/2361 2403/2403
f 1826/1826 2409/2409 2385/2385
f 2216/2216 2403/2403 2377/2377
f 1944/1944 2413/2413 2381/2381
f 1871/1871 2379/2379 2397/2397
f 1832/1832 2406/2406 2405/2405
f 2369/2369 2386/2386 2391/2391
f 2317/2317 2419/2419 2423/2423
f 2385/2385 2409/2409 2426/2426
f 1952/1952 2421/2421 2401/2401
f 1822/1822 2316/2316 2422/2422
f 2374/2374 2429/2429 2387/2387
f 2317/2317 2401/2401 2420/2420
f 1944/1944 2382/2382 2425/2425
f 1951/1951 2390/2390 2420/2420
f 2389/2389 2432/2432 2392/2392
f 1823/1823 2424/2424 2409/2409
f 2378/2378 2435/2435 2397/2397
f 2380/2380 2413/2413 2435/2435
f 2377/2377 2403/2403 2427/2427
f 2396/2396 2434/2434 2438/2438
f 1943/1943 2425/2425 2414/2414
f 2407/2407 2420/2420 2431/2431
f 2409/2409 2415/2415 2426/2426
f 2388/2388 2428/2428 2433/2433
f 2414/2414 2441/2441 2435/2435
f 2404/2404 2407/2407 2431/2431
f 2408/2408 2418/2418 2437/2437
f 2399/2399 2420/2420 2407/2407
f 2405/2405 2430/2430 2427/2427
f 2399/2399 2438/2438 2420/2420
f 2410/2410 2423/2423 2421/2421
f 2436/2436 2440/2440 2438/2438
f 2438/2438 2439/2439 2445/2445
f 2390/2390 2432/2432 2420/2420
f 2411/2411 2438/2438 2443/2443
f 2417/2417 2444/2444 2441/2441
f 2412/2412 2442/2442 2416/2416
f 2447/2447 2450/2450 2448/2448
f 2395/2395 2448/2448 2451/2451
f 2446/2446 2452/2452 2449/2449
f 281/281 317/317 319/319
