# tank_hull: cut out of tank.glb by tools/split_tank.py
mtllib tank_hull.mtl
v -0.66514 -0.16458 0.27134
v -0.66514 -0.16458 0.27134
v -0.66514 -0.16458 0.27134
v -0.66514 -0.16458 0.27134
v -0.63958 -0.15093 0.27339
v -0.63958 -0.15093 0.27339
v -0.63958 -0.15093 0.27339
v -0.63903 -0.17677 0.27027
v -0.63903 -0.17677 0.27027
v -0.63903 -0.17677 0.27027
v -0.63903 -0.17677 0.27027
v -0.63903 -0.17677 0.27027
v -0.66597 -0.16491 0.40464
v -0.66597 -0.16491 0.40464
v -0.66597 -0.16491 0.40464
v -0.66597 -0.16491 0.40464
v -0.66597 -0.16491 0.40464
v -0.66597 -0.16491 0.40464
v -0.56265 -0.11120 0.40610
v -0.56265 -0.11120 0.40610
v -0.56265 -0.11120 0.40610
v -0.56265 -0.11120 0.40610
v -0.66515 -0.16464 -0.40762
v -0.66515 -0.16464 -0.40762
v -0.66515 -0.16464 -0.40762
v -0.63564 -0.21065 -0.40783
v -0.63564 -0.21065 -0.40783
v -0.66543 -0.16496 -0.27425
v -0.66543 -0.16496 -0.27425
v -0.66543 -0.16496 -0.27425
v -0.66543 -0.16496 -0.27425
v -0.66543 -0.16496 -0.27425
v -0.66543 -0.16496 -0.27425
v -0.66357 -0.16620 -0.27236
v -0.66357 -0.16620 -0.27236
v -0.66357 -0.16620 -0.27236
v -0.66357 -0.16620 -0.27236
v -0.64103 -0.17870 -0.27015
v -0.64103 -0.17870 -0.27015
v -0.64103 -0.17870 -0.27015
v -0.64103 -0.17870 -0.27015
v -0.64103 -0.17870 -0.27015
v -0.64103 -0.17870 -0.27015
v -0.59760 -0.26503 -0.40808
v -0.59760 -0.26503 -0.40808
v -0.59760 -0.26503 -0.40808
v -0.59760 -0.26503 -0.40808
v -0.59760 -0.26503 -0.40808
v -0.63331 -0.21419 -0.27358
v -0.63331 -0.21419 -0.27358
v -0.63331 -0.21419 -0.27358
v -0.63331 -0.21419 -0.27358
v -0.62524 -0.14383 -0.40813
v -0.62524 -0.14383 -0.40813
v -0.62524 -0.14383 -0.40813
v -0.63675 -0.17900 0.26866
v -0.63675 -0.17900 0.26866
v -0.63675 -0.17900 0.26866
v -0.63675 -0.17900 0.26866
v -0.63675 -0.17900 0.26866
v -0.63675 -0.17900 0.26866
v -0.63675 -0.17900 0.26866
v -0.59888 -0.12955 -0.27764
v -0.59888 -0.12955 -0.27764
v -0.59888 -0.12955 -0.27764
v -0.59888 -0.12955 -0.27764
v -0.59888 -0.12955 -0.27764
v -0.64227 -0.19962 0.27130
v -0.64227 -0.19962 0.27130
v -0.64227 -0.19962 0.27130
v -0.63610 -0.18023 -0.26514
v -0.63610 -0.18023 -0.26514
v -0.63610 -0.18023 -0.26514
v -0.63610 -0.18023 -0.26514
v -0.63477 -0.18172 -0.24655
v -0.63477 -0.18172 -0.24655
v -0.63625 -0.17958 -0.24001
v -0.63625 -0.17958 -0.24001
v -0.63625 -0.17958 -0.24001
v -0.63625 -0.17958 -0.24001
v -0.63625 -0.17958 -0.24001
v -0.62151 -0.19831 -0.26562
v -0.62151 -0.19831 -0.26562
v -0.62151 -0.19831 -0.26562
v -0.62151 -0.19831 -0.26562
v -0.62151 -0.19831 -0.26562
v -0.62151 -0.19831 -0.26562
v -0.62151 -0.19831 -0.26562
v -0.63573 -0.18068 -0.17017
v -0.63573 -0.18068 -0.17017
v -0.63573 -0.18068 -0.17017
v -0.63573 -0.18068 -0.17017
v -0.63573 -0.18068 -0.17017
v -0.63573 -0.18068 -0.17017
v -0.63573 -0.18068 -0.17017
v -0.63014 -0.17844 -0.26999
v -0.63014 -0.17844 -0.26999
v -0.63014 -0.17844 -0.26999
v -0.63014 -0.17844 -0.26999
v -0.59942 -0.26525 0.28234
v -0.59942 -0.26525 0.28234
v -0.59942 -0.26525 0.28234
v -0.59942 -0.26525 0.28234
v -0.59774 -0.26551 0.40597
v -0.59774 -0.26551 0.40597
v -0.59774 -0.26551 0.40597
v -0.62807 -0.17420 0.16525
v -0.62807 -0.17420 0.16525
v -0.61344 -0.15984 0.17054
v -0.61344 -0.15984 0.17054
v -0.63598 -0.18047 0.14739
v -0.63598 -0.18047 0.14739
v -0.63598 -0.18047 0.14739
v -0.63598 -0.18047 0.14739
v -0.63598 -0.18047 0.14739
v -0.63598 -0.18047 0.14739
v -0.63598 -0.18047 0.14739
v -0.63598 -0.18047 0.14739
v -0.61826 -0.20471 0.26851
v -0.61826 -0.20471 0.26851
v -0.61826 -0.20471 0.26851
v -0.61826 -0.20471 0.26851
v -0.61826 -0.20471 0.26851
v -0.58621 -0.24080 -0.26225
v -0.58621 -0.24080 -0.26225
v -0.58621 -0.24080 -0.26225
v -0.58621 -0.24080 -0.26225
v -0.58621 -0.24080 -0.26225
v -0.60490 -0.17429 -0.27202
v -0.60490 -0.17429 -0.27202
v -0.60490 -0.17429 -0.27202
v -0.61170 -0.20979 0.26542
v -0.61170 -0.20979 0.26542
v -0.61170 -0.20979 0.26542
v -0.61170 -0.20979 0.26542
v -0.61901 -0.16961 0.17654
v -0.61901 -0.16961 0.17654
v -0.61901 -0.16961 0.17654
v -0.61901 -0.16961 0.17654
v -0.61901 -0.16961 0.17654
v -0.56531 -0.11221 -0.40788
v -0.56531 -0.11221 -0.40788
v -0.56531 -0.11221 -0.40788
v -0.56531 -0.11221 -0.40788
v -0.61994 -0.23406 -0.27340
v -0.61994 -0.23406 -0.27340
v -0.61994 -0.23406 -0.27340
v -0.61430 -0.17683 0.26908
v -0.61430 -0.17683 0.26908
v -0.61430 -0.17683 0.26908
v -0.61430 -0.17683 0.26908
v -0.58727 -0.12364 0.27744
v -0.58727 -0.12364 0.27744
v -0.58727 -0.12364 0.27744
v -0.58727 -0.12364 0.27744
v -0.58727 -0.12364 0.27744
v -0.59704 -0.17087 0.19530
v -0.59704 -0.17087 0.19530
v -0.59704 -0.17087 0.19530
v -0.59552 -0.17089 -0.26412
v -0.59552 -0.17089 -0.26412
v -0.59552 -0.17089 -0.26412
v -0.59552 -0.17089 -0.26412
v -0.59552 -0.17089 -0.26412
v -0.59552 -0.17089 -0.26412
v -0.59552 -0.17089 -0.26412
v -0.59552 -0.17089 -0.26412
v -0.59552 -0.17089 -0.26412
v -0.60774 -0.16811 -0.18739
v -0.60774 -0.16811 -0.18739
v -0.60774 -0.16811 -0.18739
v -0.59673 -0.17095 -0.19856
v -0.59673 -0.17095 -0.19856
v -0.59673 -0.17095 -0.19856
v -0.59673 -0.17095 -0.19856
v -0.59542 -0.17131 0.26427
v -0.59542 -0.17131 0.26427
v -0.59542 -0.17131 0.26427
v -0.59542 -0.17131 0.26427
v -0.59542 -0.17131 0.26427
v -0.59542 -0.17131 0.26427
v -0.59542 -0.17131 0.26427
v -0.61335 -0.16109 -0.17793
v -0.61335 -0.16109 -0.17793
v -0.61335 -0.16109 -0.17793
v -0.61335 -0.16109 -0.17793
v -0.61335 -0.16109 -0.17793
v -0.58993 -0.13645 -0.17066
v -0.58993 -0.13645 -0.17066
v -0.58993 -0.13645 -0.17066
v -0.58993 -0.13645 -0.17066
v -0.58993 -0.13645 -0.17066
v -0.58993 -0.13645 -0.17066
v -0.60021 -0.26354 0.27218
v -0.60021 -0.26354 0.27218
v -0.60021 -0.26354 0.27218
v -0.57697 -0.14308 -0.27612
v -0.57697 -0.14308 -0.27612
v -0.57697 -0.14308 -0.27612
v -0.57697 -0.14308 -0.27612
v -0.60003 -0.14646 -0.17703
v -0.60003 -0.14646 -0.17703
v -0.60003 -0.14646 -0.17703
v -0.60003 -0.14646 -0.17703
v -0.60504 -0.17393 0.27247
v -0.60504 -0.17393 0.27247
v -0.60504 -0.17393 0.27247
v -0.56238 -0.11062 -0.17927
v -0.56238 -0.11062 -0.17927
v -0.56238 -0.11062 -0.17927
v -0.56238 -0.11062 -0.17927
v -0.56238 -0.11062 -0.17927
v -0.56238 -0.11062 -0.17927
v -0.56238 -0.11062 -0.17927
v -0.59424 -0.16198 -0.18499
v -0.59424 -0.16198 -0.18499
v -0.59424 -0.16198 -0.18499
v -0.59424 -0.16198 -0.18499
v -0.58318 -0.24337 0.26587
v -0.58318 -0.24337 0.26587
v -0.58318 -0.24337 0.26587
v -0.58318 -0.24337 0.26587
v -0.58318 -0.24337 0.26587
v -0.58318 -0.24337 0.26587
v -0.59418 -0.17288 0.27185
v -0.59418 -0.17288 0.27185
v -0.59418 -0.17288 0.27185
v -0.59452 -0.16852 -0.19092
v -0.59452 -0.16852 -0.19092
v -0.59452 -0.16852 -0.19092
v -0.58861 -0.17086 -0.27184
v -0.58861 -0.17086 -0.27184
v -0.58861 -0.17086 -0.27184
v -0.58861 -0.17086 -0.27184
v -0.58515 -0.24070 0.06936
v -0.58515 -0.24070 0.06936
v -0.58515 -0.24070 0.06936
v -0.59624 -0.16893 0.18669
v -0.59624 -0.16893 0.18669
v -0.59624 -0.16893 0.18669
v -0.59624 -0.16893 0.18669
v -0.60015 -0.26466 -0.27328
v -0.60015 -0.26466 -0.27328
v -0.60015 -0.26466 -0.27328
v -0.60015 -0.26466 -0.27328
v -0.59239 -0.13917 0.17511
v -0.59239 -0.13917 0.17511
v -0.59239 -0.13917 0.17511
v -0.59239 -0.13917 0.17511
v -0.59239 -0.13917 0.17511
v -0.59239 -0.13917 0.17511
v -0.59239 -0.13917 0.17511
v -0.59239 -0.13917 0.17511
v -0.58872 -0.17028 0.27310
v -0.58872 -0.17028 0.27310
v -0.58872 -0.17028 0.27310
v -0.58872 -0.17028 0.27310
v -0.57479 -0.13893 0.27565
v -0.57479 -0.13893 0.27565
v -0.57479 -0.13893 0.27565
v -0.57479 -0.13893 0.27565
v -0.57479 -0.13893 0.27565
v -0.57479 -0.13893 0.27565
v -0.57479 -0.13893 0.27565
v -0.59629 -0.15268 -0.18019
v -0.59629 -0.15268 -0.18019
v -0.59629 -0.15268 -0.18019
v -0.59629 -0.15268 -0.18019
v -0.58898 -0.16834 -0.27439
v -0.58898 -0.16834 -0.27439
v -0.58898 -0.16834 -0.27439
v -0.59626 -0.16078 0.18039
v -0.59626 -0.16078 0.18039
v -0.59626 -0.16078 0.18039
v -0.59626 -0.16078 0.18039
v -0.59423 -0.26516 0.27138
v -0.59423 -0.26516 0.27138
v -0.59423 -0.26516 0.27138
v -0.59423 -0.26516 0.27138
v -0.59423 -0.26516 0.27138
v -0.59393 -0.16797 0.18901
v -0.59393 -0.16797 0.18901
v -0.59393 -0.16797 0.18901
v -0.59393 -0.16797 0.18901
v -0.59393 -0.16797 0.18901
v -0.59325 -0.14263 -0.18088
v -0.59325 -0.14263 -0.18088
v -0.59325 -0.14263 -0.18088
v -0.59687 -0.10756 0.18146
v -0.59687 -0.10756 0.18146
v -0.59687 -0.10756 0.18146
v -0.59687 -0.10756 0.18146
v -0.59687 -0.10756 0.18146
v -0.59620 -0.11843 0.25098
v -0.59620 -0.11843 0.25098
v -0.59620 -0.11843 0.25098
v -0.59620 -0.11843 0.25098
v -0.59678 -0.10779 0.26085
v -0.59678 -0.10779 0.26085
v -0.59678 -0.10779 0.26085
v -0.59678 -0.10779 0.26085
v -0.59678 -0.10779 0.26085
v -0.59678 -0.10779 0.26085
v -0.59678 -0.10779 0.26085
v -0.59677 -0.10766 -0.18346
v -0.59677 -0.10766 -0.18346
v -0.59677 -0.10766 -0.18346
v -0.59672 -0.10778 -0.26286
v -0.59672 -0.10778 -0.26286
v -0.59672 -0.10778 -0.26286
v -0.59672 -0.10778 -0.26286
v -0.59672 -0.10778 -0.26286
v -0.59672 -0.10778 -0.26286
v -0.59627 -0.11782 -0.25247
v -0.59627 -0.11782 -0.25247
v -0.59627 -0.11782 -0.25247
v -0.59627 -0.11782 -0.25247
v -0.59405 -0.15634 -0.18357
v -0.59405 -0.15634 -0.18357
v -0.59405 -0.15634 -0.18357
v -0.59405 -0.15634 -0.18357
v -0.59405 -0.15634 -0.18357
v -0.59615 -0.11839 -0.19389
v -0.59615 -0.11839 -0.19389
v -0.59615 -0.11839 -0.19389
v -0.59443 -0.11819 0.19453
v -0.59443 -0.11819 0.19453
v -0.59443 -0.11819 0.19453
v -0.59443 -0.11819 0.19453
v -0.59443 -0.11819 0.19453
v -0.59443 -0.11819 0.19453
v -0.59466 -0.14339 0.18184
v -0.59466 -0.14339 0.18184
v -0.59466 -0.14339 0.18184
v -0.59466 -0.14339 0.18184
v -0.59179 -0.11960 -0.24683
v -0.59179 -0.11960 -0.24683
v -0.59179 -0.11960 -0.24683
v -0.59069 -0.12162 -0.20001
v -0.59069 -0.12162 -0.20001
v -0.59069 -0.12162 -0.20001
v -0.58642 -0.16673 0.27372
v -0.58642 -0.16673 0.27372
v -0.58642 -0.16673 0.27372
v -0.58642 -0.16673 0.27372
v -0.57960 -0.14874 0.27630
v -0.57960 -0.14874 0.27630
v -0.57960 -0.14874 0.27630
v -0.57960 -0.14874 0.27630
v -0.59415 -0.15935 0.19763
v -0.59415 -0.15935 0.19763
v -0.59415 -0.15935 0.19763
v -0.59415 -0.15935 0.19763
v -0.59415 -0.15935 0.19763
v -0.59431 -0.15935 -0.19968
v -0.59431 -0.15935 -0.19968
v -0.59431 -0.15935 -0.19968
v -0.59431 -0.15935 -0.19968
v -0.59431 -0.15935 -0.19968
v -0.59431 -0.15935 -0.19968
v -0.59347 -0.14560 0.18017
v -0.59347 -0.14560 0.18017
v -0.59347 -0.14560 0.18017
v -0.59347 -0.14560 0.18017
v -0.59472 -0.15714 -0.25107
v -0.59472 -0.15714 -0.25107
v -0.59472 -0.15714 -0.25107
v -0.59472 -0.15714 -0.25107
v -0.59472 -0.15714 -0.25107
v -0.59472 -0.15714 -0.25107
v -0.58506 -0.13109 -0.18257
v -0.58506 -0.13109 -0.18257
v -0.58506 -0.13109 -0.18257
v -0.58506 -0.13109 -0.18257
v -0.58506 -0.13109 -0.18257
v -0.59420 -0.15880 0.24845
v -0.59420 -0.15880 0.24845
v -0.59420 -0.15880 0.24845
v -0.59420 -0.15880 0.24845
v -0.59420 -0.15880 0.24845
v -0.59415 -0.13022 -0.23423
v -0.59415 -0.13022 -0.23423
v -0.58820 -0.13882 -0.22709
v -0.58820 -0.13882 -0.22709
v -0.59405 -0.12914 -0.21264
v -0.59405 -0.12914 -0.21264
v -0.59405 -0.12914 -0.21264
v -0.59415 -0.13019 0.23250
v -0.59415 -0.13019 0.23250
v -0.59415 -0.13019 0.23250
v -0.59398 -0.12891 0.21065
v -0.59398 -0.12891 0.21065
v -0.59398 -0.12891 0.21065
v -0.59398 -0.12891 0.21065
v -0.58811 -0.13861 0.24332
v -0.58811 -0.13861 0.24332
v -0.56448 -0.11161 -0.28043
v -0.56448 -0.11161 -0.28043
v -0.56448 -0.11161 -0.28043
v -0.56448 -0.11161 -0.28043
v -0.56448 -0.11161 -0.28043
v -0.56448 -0.11161 -0.28043
v -0.56448 -0.11161 -0.28043
v -0.58847 -0.15705 -0.24431
v -0.58847 -0.15705 -0.24431
v -0.59039 -0.15619 -0.24862
v -0.59039 -0.15619 -0.24862
v -0.59039 -0.15619 -0.24862
v -0.58824 -0.15663 0.24249
v -0.58824 -0.15663 0.24249
v -0.58824 -0.15663 0.24249
v -0.58824 -0.15663 0.24249
v -0.58840 -0.15679 0.20270
v -0.58840 -0.15679 0.20270
v -0.58840 -0.15679 0.20270
v -0.59008 -0.12962 0.24643
v -0.59008 -0.12962 0.24643
v -0.59008 -0.12962 0.24643
v -0.59237 -0.12070 0.24880
v -0.59237 -0.12070 0.24880
v -0.59237 -0.12070 0.24880
v -0.59014 -0.12306 0.19703
v -0.59014 -0.12306 0.19703
v -0.59014 -0.12306 0.19703
v -0.58286 -0.15832 -0.26454
v -0.58286 -0.15832 -0.26454
v -0.58286 -0.15832 -0.26454
v -0.58681 -0.13506 0.17970
v -0.58681 -0.13506 0.17970
v -0.58681 -0.13506 0.17970
v -0.58681 -0.13506 0.17970
v -0.59237 -0.12137 -0.19605
v -0.59237 -0.12137 -0.19605
v -0.59237 -0.12137 -0.19605
v -0.59029 -0.12975 0.19623
v -0.59029 -0.12975 0.19623
v -0.59029 -0.12975 0.19623
v -0.59029 -0.12975 0.19623
v -0.59029 -0.12975 0.19623
v -0.59029 -0.12975 0.19623
v -0.59021 -0.12971 -0.24853
v -0.59021 -0.12971 -0.24853
v -0.59021 -0.12971 -0.24853
v -0.59021 -0.12971 -0.24853
v -0.59021 -0.12971 -0.24853
v -0.58829 -0.15669 -0.20430
v -0.58829 -0.15669 -0.20430
v -0.58829 -0.15669 -0.20430
v -0.58829 -0.15669 -0.20430
v -0.58829 -0.15669 -0.20430
v -0.59086 -0.12170 0.24486
v -0.59086 -0.12170 0.24486
v -0.59086 -0.12170 0.24486
v -0.59030 -0.15624 0.19811
v -0.59030 -0.15624 0.19811
v -0.59030 -0.15624 0.19811
v -0.58722 -0.16223 0.26224
v -0.58722 -0.16223 0.26224
v -0.58722 -0.16223 0.26224
v -0.56951 -0.11400 -0.18376
v -0.56951 -0.11400 -0.18376
v -0.56951 -0.11400 -0.18376
v -0.59014 -0.12812 -0.20121
v -0.59014 -0.12812 -0.20121
v -0.59014 -0.12812 -0.20121
v -0.58869 -0.15731 -0.23241
v -0.58869 -0.15731 -0.23241
v -0.58869 -0.15731 -0.23241
v -0.58430 -0.16268 0.26509
v -0.58430 -0.16268 0.26509
v -0.58430 -0.16268 0.26509
v -0.58430 -0.16268 0.26509
v -0.58430 -0.16268 0.26509
v -0.58808 -0.13620 -0.20255
v -0.58808 -0.13620 -0.20255
v -0.58808 -0.13620 -0.20255
v -0.58808 -0.13620 -0.20255
v -0.58808 -0.13620 -0.20255
v -0.57855 -0.14687 -0.26472
v -0.57855 -0.14687 -0.26472
v -0.57855 -0.14687 -0.26472
v -0.57855 -0.14687 -0.26472
v -0.57855 -0.14687 -0.26472
v -0.56868 -0.12193 -0.27750
v -0.56868 -0.12193 -0.27750
v -0.56868 -0.12193 -0.27750
v -0.56868 -0.12193 -0.27750
v -0.56868 -0.12193 -0.27750
v -0.56975 -0.11397 0.26086
v -0.56975 -0.11397 0.26086
v -0.56975 -0.11397 0.26086
v -0.56975 -0.11397 0.26086
v -0.56975 -0.11397 0.26086
v -0.58617 -0.16689 -0.26633
v -0.58617 -0.16689 -0.26633
v -0.58617 -0.16689 -0.26633
v -0.58617 -0.16689 -0.26633
v -0.58617 -0.16689 -0.26633
v -0.58617 -0.16689 -0.26633
v -0.56849 -0.11477 0.18090
v -0.56849 -0.11477 0.18090
v -0.56849 -0.11477 0.18090
v -0.56849 -0.11477 0.18090
v -0.56863 -0.26218 0.40536
v -0.56863 -0.26218 0.40536
v -0.56863 -0.26218 0.40536
v -0.56863 -0.26218 0.40536
v -0.58245 -0.15868 -0.27363
v -0.58245 -0.15868 -0.27363
v -0.58245 -0.15868 -0.27363
v -0.58245 -0.15868 -0.27363
v -0.56295 -0.11089 0.18065
v -0.56295 -0.11089 0.18065
v -0.56295 -0.11089 0.18065
v -0.56295 -0.11089 0.18065
v -0.56295 -0.11089 0.18065
v -0.56295 -0.11089 0.18065
v -0.56295 -0.11089 0.18065
v -0.58661 -0.15286 0.20803
v -0.58661 -0.15286 0.20803
v -0.58625 -0.16865 -0.27202
v -0.58625 -0.16865 -0.27202
v -0.58625 -0.16865 -0.27202
v -0.58644 -0.15295 -0.23560
v -0.58644 -0.15295 -0.23560
v -0.58644 -0.15295 -0.23560
v -0.58220 -0.15892 0.27357
v -0.56959 -0.11379 -0.26277
v -0.56959 -0.11379 -0.26277
v -0.56959 -0.11379 -0.26277
v -0.56959 -0.11379 -0.26277
v -0.56273 -0.11078 0.39037
v -0.56273 -0.11078 0.39037
v -0.56273 -0.11078 0.39037
v -0.56833 -0.26375 0.28054
v -0.56833 -0.26375 0.28054
v -0.56833 -0.26375 0.28054
v -0.56833 -0.26375 0.28054
v -0.56833 -0.26375 0.28054
v -0.57533 -0.12127 0.18059
v -0.57533 -0.12127 0.18059
v -0.57533 -0.12127 0.18059
v -0.58079 -0.15281 0.26273
v -0.58079 -0.15281 0.26273
v -0.57841 -0.15084 0.27352
v -0.57841 -0.15084 0.27352
v -0.57480 -0.13743 0.26263
v -0.57480 -0.13743 0.26263
v -0.57480 -0.13743 0.26263
v -0.57073 -0.26253 -0.28198
v -0.57073 -0.26253 -0.28198
v -0.57073 -0.26253 -0.28198
v -0.57073 -0.26253 -0.28198
v -0.57073 -0.26253 -0.28198
v -0.57453 -0.13757 -0.27559
v -0.57453 -0.13757 -0.27559
v -0.56084 -0.26010 0.26774
v -0.56084 -0.26010 0.26774
v -0.56084 -0.26010 0.26774
v -0.56084 -0.26010 0.26774
v -0.57254 -0.13126 -0.26502
v -0.57254 -0.13126 -0.26502
v -0.57254 -0.13126 -0.26502
v -0.57254 -0.13126 -0.26502
v -0.55476 -0.26194 -0.27046
v -0.55476 -0.26194 -0.27046
v -0.55476 -0.26194 -0.27046
v -0.55476 -0.26194 -0.27046
v -0.55476 -0.26194 -0.27046
v -0.55476 -0.26194 -0.27046
v -0.56708 -0.11714 0.26421
v -0.56708 -0.11714 0.26421
v -0.56708 -0.11714 0.26421
v -0.56708 -0.11714 0.26421
v -0.57053 -0.12738 0.27545
v -0.57053 -0.12738 0.27545
v -0.57053 -0.12738 0.27545
v -0.57069 -0.26162 -0.40777
v -0.57069 -0.26162 -0.40777
v -0.57069 -0.26162 -0.40777
v -0.57069 -0.26162 -0.40777
v -0.57069 -0.26162 -0.40777
v -0.57069 -0.26162 -0.40777
v -0.57069 -0.26162 -0.40777
v -0.57069 -0.26162 -0.40777
v -0.57069 -0.26162 -0.40777
v -0.57069 -0.26162 -0.40777
v -0.57129 -0.25110 0.26635
v -0.57129 -0.25110 0.26635
v -0.57129 -0.25110 0.26635
v -0.57129 -0.25110 0.26635
v -0.57129 -0.25110 0.26635
v -0.56689 -0.11469 -0.26413
v -0.56689 -0.11469 -0.26413
v -0.56689 -0.11469 -0.26413
v -0.56689 -0.11469 -0.26413
v -0.56634 -0.26609 -0.28340
v -0.56634 -0.26609 -0.28340
v -0.56634 -0.26609 -0.28340
v -0.56634 -0.26609 -0.28340
v -0.56634 -0.26609 -0.28340
v -0.56634 -0.26609 -0.28340
v -0.56634 -0.26609 -0.28340
v -0.55482 -0.26285 0.26976
v -0.55482 -0.26285 0.26976
v -0.55482 -0.26285 0.26976
v -0.55482 -0.26285 0.26976
v -0.56042 -0.26233 -0.28147
v -0.56042 -0.26233 -0.28147
v -0.56042 -0.26233 -0.28147
v -0.56042 -0.26233 -0.28147
v -0.56042 -0.26233 -0.28147
v -0.54418 -0.30433 0.28196
v -0.54418 -0.30433 0.28196
v -0.54418 -0.30433 0.28196
v -0.54418 -0.30433 0.28196
v -0.54418 -0.30433 0.28196
v -0.54663 -0.26022 0.27902
v -0.54663 -0.26022 0.27902
v -0.54663 -0.26022 0.27902
v -0.45359 -0.07752 -0.40803
v -0.45359 -0.07752 -0.40803
v -0.45359 -0.07752 -0.40803
v -0.54873 -0.26030 -0.27499
v -0.54873 -0.26030 -0.27499
v -0.54873 -0.26030 -0.27499
v -0.54873 -0.26030 -0.27499
v -0.53633 -0.31729 -0.32920
v -0.53633 -0.31729 -0.32920
v -0.53633 -0.31729 -0.32920
v -0.53633 -0.31729 -0.32920
v -0.53633 -0.31729 -0.32920
v -0.53633 -0.31729 -0.32920
v -0.53302 -0.25830 -0.28414
v -0.53302 -0.25830 -0.28414
v -0.53302 -0.25830 -0.28414
v -0.53302 -0.25830 -0.28414
v -0.53302 -0.25830 -0.28414
v -0.55031 -0.26472 0.27119
v -0.55031 -0.26472 0.27119
v -0.55031 -0.26472 0.27119
v -0.55031 -0.26472 0.27119
v -0.55031 -0.26472 0.27119
v -0.53325 -0.26088 0.28276
v -0.53325 -0.26088 0.28276
v -0.53325 -0.26088 0.28276
v -0.53325 -0.26088 0.28276
v -0.53325 -0.26088 0.28276
v -0.53325 -0.26088 0.28276
v -0.53325 -0.26088 0.28276
v -0.56525 -0.26907 -0.40693
v -0.56525 -0.26907 -0.40693
v -0.54707 -0.26026 -0.28147
v -0.53494 -0.31835 0.40529
v -0.53494 -0.31835 0.40529
v -0.53494 -0.31835 0.40529
v -0.53494 -0.31835 0.40529
v -0.52427 -0.29958 0.40553
v -0.52427 -0.29958 0.40553
v -0.52427 -0.29958 0.40553
v -0.52427 -0.29958 0.40553
v -0.52427 -0.29958 0.40553
v -0.52427 -0.29958 0.40553
v -0.53370 -0.25752 0.40516
v -0.53370 -0.25752 0.40516
v -0.53370 -0.25752 0.40516
v -0.53370 -0.25752 0.40516
v -0.53370 -0.25752 0.40516
v -0.53370 -0.25752 0.40516
v -0.54258 -0.26878 -0.27100
v -0.54258 -0.26878 -0.27100
v -0.54258 -0.26878 -0.27100
v -0.54258 -0.26878 -0.27100
v -0.54258 -0.26878 -0.27100
v -0.50348 -0.09262 0.40603
v -0.50348 -0.09262 0.40603
v -0.50348 -0.09262 0.40603
v -0.50348 -0.09262 0.40603
v -0.54389 -0.26832 0.27038
v -0.54389 -0.26832 0.27038
v -0.54389 -0.26832 0.27038
v -0.54389 -0.26832 0.27038
v -0.54389 -0.26832 0.27038
v -0.53576 -0.25968 0.27365
v -0.53576 -0.25968 0.27365
v -0.53576 -0.25968 0.27365
v -0.53576 -0.25968 0.27365
v -0.53812 -0.31421 -0.40723
v -0.53812 -0.31421 -0.40723
v -0.53812 -0.31421 -0.40723
v -0.53392 -0.25857 -0.40727
v -0.53392 -0.25857 -0.40727
v -0.53392 -0.25857 -0.40727
v -0.53392 -0.25857 -0.40727
v -0.53392 -0.25857 -0.40727
v -0.53392 -0.25857 -0.40727
v -0.53392 -0.25857 -0.40727
v -0.53598 -0.31734 -0.28417
v -0.53598 -0.31734 -0.28417
v -0.53598 -0.31734 -0.28417
v -0.53598 -0.31734 -0.28417
v -0.53227 -0.25676 0.27819
v -0.53227 -0.25676 0.27819
v -0.53227 -0.25676 0.27819
v -0.53227 -0.25676 0.27819
v -0.53227 -0.25676 0.27819
v -0.53227 -0.25676 0.27819
v -0.52404 -0.25408 -0.27728
v -0.52404 -0.25408 -0.27728
v -0.52404 -0.25408 -0.27728
v -0.52404 -0.25408 -0.27728
v -0.52404 -0.25408 -0.27728
v -0.52404 -0.25408 -0.27728
v -0.52404 -0.25408 -0.27728
v -0.52404 -0.25408 -0.27728
v -0.52404 -0.25408 -0.27728
v -0.45367 -0.32951 -0.26934
v -0.45367 -0.32951 -0.26934
v -0.45367 -0.32951 -0.26934
v -0.45367 -0.32951 -0.26934
v -0.45367 -0.32951 -0.26934
v -0.45367 -0.32951 -0.26934
v -0.52240 -0.30197 -0.28414
v -0.52240 -0.30197 -0.28414
v -0.52240 -0.30197 -0.28414
v -0.52240 -0.30197 -0.28414
v -0.52240 -0.30197 -0.28414
v -0.52431 -0.29970 -0.40744
v -0.52431 -0.29970 -0.40744
v -0.52431 -0.29970 -0.40744
v -0.52431 -0.29970 -0.40744
v -0.52431 -0.29970 -0.40744
v -0.53475 -0.31803 0.28199
v -0.53475 -0.31803 0.28199
v -0.53475 -0.31803 0.28199
v -0.52252 -0.30179 0.28246
v -0.52252 -0.30179 0.28246
v -0.52252 -0.30179 0.28246
v -0.52252 -0.30179 0.28246
v -0.53066 -0.32159 -0.40732
v -0.53066 -0.32159 -0.40732
v -0.53066 -0.32159 -0.40732
v -0.52663 -0.25514 0.27418
v -0.52663 -0.25514 0.27418
v -0.52663 -0.25514 0.27418
v -0.52663 -0.25514 0.27418
v -0.50676 -0.24036 -0.40799
v -0.50676 -0.24036 -0.40799
v -0.50676 -0.24036 -0.40799
v -0.50676 -0.24036 -0.40799
v -0.48234 -0.31050 0.26726
v -0.48234 -0.31050 0.26726
v -0.48234 -0.31050 0.26726
v -0.48680 -0.26182 0.27318
v -0.48680 -0.26182 0.27318
v -0.48680 -0.26182 0.27318
v -0.48680 -0.26182 0.27318
v -0.48680 -0.26182 0.27318
v -0.49363 -0.23266 -0.40801
v -0.49363 -0.23266 -0.40801
v -0.49363 -0.23266 -0.40801
v -0.50028 -0.34206 0.28196
v -0.50028 -0.34206 0.28196
v -0.50028 -0.34206 0.28196
v -0.50028 -0.34206 0.28196
v -0.50028 -0.34206 0.28196
v -0.50028 -0.34206 0.28196
v -0.49045 -0.23352 -0.34915
v -0.49045 -0.23352 -0.34915
v -0.49045 -0.23352 -0.34915
v -0.45490 -0.32915 0.26741
v -0.45490 -0.32915 0.26741
v -0.45490 -0.32915 0.26741
v -0.45490 -0.32915 0.26741
v -0.45490 -0.32915 0.26741
v -0.45490 -0.32915 0.26741
v -0.45490 -0.32915 0.26741
v -0.45490 -0.32915 0.26741
v -0.45490 -0.32915 0.26741
v -0.45490 -0.32915 0.26741
v -0.34036 -0.03946 -0.36997
v -0.34036 -0.03946 -0.36997
v -0.51468 -0.24413 0.40612
v -0.51468 -0.24413 0.40612
v -0.51468 -0.24413 0.40612
v -0.51468 -0.24413 0.40612
v -0.45769 -0.21132 -0.40802
v -0.45769 -0.21132 -0.40802
v -0.51359 -0.24880 0.27643
v -0.51359 -0.24880 0.27643
v -0.51359 -0.24880 0.27643
v -0.51359 -0.24880 0.27643
v -0.51359 -0.24880 0.27643
v -0.49037 -0.23693 0.28077
v -0.49037 -0.23693 0.28077
v -0.42876 -0.39349 -0.28389
v -0.42876 -0.39349 -0.28389
v -0.42876 -0.39349 -0.28389
v -0.42876 -0.39349 -0.28389
v -0.42876 -0.39349 -0.28389
v -0.42876 -0.39349 -0.28389
v -0.42876 -0.39349 -0.28389
v -0.49488 -0.34644 -0.28403
v -0.49488 -0.34644 -0.28403
v -0.49488 -0.34644 -0.28403
v -0.49488 -0.34644 -0.28403
v -0.50212 -0.24279 0.27853
v -0.50212 -0.24279 0.27853
v -0.50543 -0.33918 -0.40739
v -0.50543 -0.33918 -0.40739
v -0.50543 -0.33918 -0.40739
v -0.50543 -0.33918 -0.40739
v -0.48234 -0.35539 0.40559
v -0.48234 -0.35539 0.40559
v -0.46686 -0.33843 0.40553
v -0.46686 -0.33843 0.40553
v -0.46686 -0.33843 0.40553
v -0.44065 -0.21351 0.28735
v -0.44065 -0.21351 0.28735
v -0.44065 -0.21351 0.28735
v -0.44065 -0.21351 0.28735
v -0.51938 -0.25065 -0.27878
v -0.51938 -0.25065 -0.27878
v -0.51938 -0.25065 -0.27878
v -0.49759 -0.31848 -0.40722
v -0.49759 -0.31848 -0.40722
v -0.49759 -0.31848 -0.40722
v -0.49855 -0.24397 -0.27984
v -0.49855 -0.24397 -0.27984
v -0.49855 -0.24397 -0.27984
v -0.45610 -0.21105 0.40598
v -0.45610 -0.21105 0.40598
v -0.49266 -0.23888 -0.28236
v -0.49266 -0.23888 -0.28236
v -0.49266 -0.23888 -0.28236
v -0.49266 -0.23888 -0.28236
v -0.48730 -0.23536 -0.28747
v -0.48730 -0.23536 -0.28747
v -0.49296 -0.32213 0.28197
v -0.49296 -0.32213 0.28197
v -0.49296 -0.32213 0.28197
v -0.47671 -0.33251 -0.28390
v -0.47671 -0.33251 -0.28390
v -0.47671 -0.33251 -0.28390
v -0.47671 -0.33251 -0.28390
v -0.49357 -0.23948 0.27855
v -0.49357 -0.23948 0.27855
v -0.47811 -0.08478 0.40596
v -0.47811 -0.08478 0.40596
v -0.47811 -0.08478 0.40596
v -0.47687 -0.23122 0.27830
v -0.47687 -0.23122 0.27830
v -0.47687 -0.23122 0.27830
v -0.47687 -0.23122 0.27830
v -0.47687 -0.23122 0.27830
v -0.45490 -0.21145 -0.39426
v -0.45490 -0.21145 -0.39426
v -0.45490 -0.21145 -0.39426
v -0.45490 -0.21145 -0.39426
v -0.45490 -0.21145 -0.39426
v -0.47802 -0.35859 -0.40747
v -0.47802 -0.35859 -0.40747
v -0.47802 -0.35859 -0.40747
v -0.47802 -0.35859 -0.40747
v -0.46813 -0.33792 -0.40739
v -0.46813 -0.33792 -0.40739
v -0.46813 -0.33792 -0.40739
v -0.47655 -0.23164 -0.28037
v -0.47655 -0.23164 -0.28037
v -0.47655 -0.23164 -0.28037
v -0.47655 -0.23164 -0.28037
v -0.47655 -0.23164 -0.28037
v -0.46261 -0.34173 0.28202
v -0.46261 -0.34173 0.28202
v -0.46261 -0.34173 0.28202
v -0.46261 -0.34173 0.28202
v -0.43693 -0.38783 -0.40762
v -0.43693 -0.38783 -0.40762
v -0.43693 -0.38783 -0.40762
v -0.43693 -0.38783 -0.40762
v -0.43693 -0.38783 -0.40762
v -0.46911 -0.28152 -0.27410
v -0.46911 -0.28152 -0.27410
v -0.41047 -0.37547 0.28204
v -0.41047 -0.37547 0.28204
v -0.45945 -0.22327 0.27640
v -0.45945 -0.22327 0.27640
v -0.46631 -0.36646 0.28196
v -0.46631 -0.36646 0.28196
v -0.46631 -0.36646 0.28196
v -0.46631 -0.36646 0.28196
v -0.43480 -0.38954 0.40572
v -0.43480 -0.38954 0.40572
v -0.43480 -0.38954 0.40572
v -0.43480 -0.38954 0.40572
v -0.40421 -0.06126 0.40606
v -0.40421 -0.06126 0.40606
v -0.40421 -0.06126 0.40606
v -0.40421 -0.06126 0.40606
v -0.46298 -0.22578 -0.27805
v -0.46298 -0.22578 -0.27805
v -0.44879 -0.22074 -0.27612
v -0.44879 -0.22074 -0.27612
v -0.44879 -0.22074 -0.27612
v -0.44967 -0.21939 -0.27818
v -0.44967 -0.21939 -0.27818
v -0.44715 -0.21798 0.27467
v -0.44715 -0.21798 0.27467
v -0.44715 -0.21798 0.27467
v -0.44715 -0.21798 0.27467
v -0.43597 -0.21552 0.27269
v -0.43597 -0.21552 0.27269
v -0.43597 -0.21552 0.27269
v -0.37239 -0.43398 0.40590
v -0.37239 -0.43398 0.40590
v -0.37239 -0.43398 0.40590
v -0.39262 -0.38678 -0.28409
v -0.39262 -0.38678 -0.28409
v -0.39262 -0.38678 -0.28409
v -0.39262 -0.38678 -0.28409
v -0.39262 -0.38678 -0.28409
v -0.35383 -0.04080 -0.23348
v -0.35383 -0.04080 -0.23348
v -0.41166 -0.40550 0.28201
v -0.41166 -0.40550 0.28201
v -0.41166 -0.40550 0.28201
v -0.41166 -0.40550 0.28201
v -0.43761 -0.21350 -0.27679
v -0.43761 -0.21350 -0.27679
v -0.43761 -0.21350 -0.27679
v -0.43949 -0.21343 0.27482
v -0.43949 -0.21343 0.27482
v -0.43949 -0.21343 0.27482
v -0.43949 -0.21343 0.27482
v -0.42463 -0.36627 0.40604
v -0.42463 -0.36627 0.40604
v -0.42463 -0.36627 0.40604
v -0.42554 -0.21481 -0.27392
v -0.42554 -0.21481 -0.27392
v -0.42554 -0.21481 -0.27392
v -0.42554 -0.21481 -0.27392
v -0.39826 -0.38305 -0.40766
v -0.39826 -0.38305 -0.40766
v -0.39826 -0.38305 -0.40766
v -0.34861 -0.04021 0.23679
v -0.34861 -0.04021 0.23679
v -0.34861 -0.04021 0.23679
v -0.37027 -0.04701 0.03484
v -0.37027 -0.04701 0.03484
v -0.42161 -0.34998 0.39374
v -0.42161 -0.34998 0.39374
v -0.42161 -0.34998 0.39374
v -0.42161 -0.34998 0.39374
v -0.42161 -0.34998 0.39374
v -0.42116 -0.27369 0.39341
v -0.42116 -0.27369 0.39341
v -0.42116 -0.27369 0.39341
v -0.42116 -0.27369 0.39341
v -0.42116 -0.27369 0.39341
v -0.42118 -0.35258 0.30661
v -0.42118 -0.35258 0.30661
v -0.42118 -0.35258 0.30661
v -0.42118 -0.35258 0.30661
v -0.42118 -0.35258 0.30661
v -0.42118 -0.35258 0.30661
v -0.42102 -0.35200 -0.30841
v -0.42102 -0.35200 -0.30841
v -0.42102 -0.35200 -0.30841
v -0.42102 -0.35200 -0.30841
v -0.42102 -0.35200 -0.30841
v -0.42119 -0.27367 -0.39557
v -0.42119 -0.27367 -0.39557
v -0.42119 -0.27367 -0.39557
v -0.42119 -0.27367 -0.39557
v -0.42119 -0.27367 -0.39557
v -0.42199 -0.35016 -0.39461
v -0.42199 -0.35016 -0.39461
v -0.42199 -0.35016 -0.39461
v -0.42199 -0.35016 -0.39461
v -0.42102 -0.27242 -0.30811
v -0.42102 -0.27242 -0.30811
v -0.42102 -0.27242 -0.30811
v -0.42102 -0.27242 -0.30811
v -0.42102 -0.27242 -0.30811
v -0.42102 -0.27242 -0.30811
v -0.25509 -0.20853 -0.40796
v -0.25509 -0.20853 -0.40796
v -0.25509 -0.20853 -0.40796
v -0.25509 -0.20853 -0.40796
v -0.42127 -0.27299 0.30649
v -0.42127 -0.27299 0.30649
v -0.42127 -0.27299 0.30649
v -0.42127 -0.27299 0.30649
v -0.42127 -0.27299 0.30649
v -0.38736 -0.28967 -0.31406
v -0.38736 -0.28967 -0.31406
v -0.38561 -0.33295 0.31253
v -0.38561 -0.33295 0.31253
v -0.38561 -0.33295 0.31253
v -0.38561 -0.33295 0.31253
v -0.38561 -0.33295 0.31253
v -0.38561 -0.33295 0.31253
v -0.37518 -0.32833 -0.38609
v -0.37518 -0.32833 -0.38609
v -0.37160 -0.24130 0.30639
v -0.37160 -0.24130 0.30639
v -0.37160 -0.24130 0.30639
v -0.36930 -0.40120 0.40496
v -0.36930 -0.40120 0.40496
v -0.36930 -0.40120 0.40496
v -0.36930 -0.40120 0.40496
v -0.36930 -0.40120 0.40496
v -0.36930 -0.40120 0.40496
v -0.37215 -0.43414 -0.40753
v -0.37215 -0.43414 -0.40753
v -0.37215 -0.43414 -0.40753
v -0.37215 -0.43414 -0.40753
v -0.39765 -0.25809 -0.39576
v -0.39765 -0.25809 -0.39576
v -0.39765 -0.25809 -0.39576
v -0.39765 -0.25809 -0.39576
v -0.39765 -0.25809 -0.39576
v -0.38740 -0.33083 -0.31431
v -0.38740 -0.33083 -0.31431
v -0.38740 -0.33083 -0.31431
v -0.38740 -0.33083 -0.31431
v -0.38740 -0.33083 -0.31431
v -0.38261 -0.21162 0.27267
v -0.38261 -0.21162 0.27267
v -0.38261 -0.21162 0.27267
v -0.38261 -0.21162 0.27267
v -0.38261 -0.21162 0.27267
v -0.37225 -0.43407 0.28302
v -0.37225 -0.43407 0.28302
v -0.37225 -0.43407 0.28302
v -0.37225 -0.43407 0.28302
v -0.37225 -0.43407 0.28302
v -0.37225 -0.43407 0.28302
v -0.37696 -0.38073 -0.30818
v -0.37696 -0.38073 -0.30818
v -0.37696 -0.38073 -0.30818
v -0.37696 -0.38073 -0.30818
v -0.37696 -0.38073 -0.30818
v -0.37662 -0.29738 -0.38648
v -0.37172 -0.38394 0.39381
v -0.37172 -0.38394 0.39381
v -0.37172 -0.38394 0.39381
v -0.37172 -0.38394 0.39381
v -0.37172 -0.38394 0.39381
v -0.37172 -0.38394 0.39381
v -0.35039 -0.22828 -0.39571
v -0.35039 -0.22828 -0.39571
v -0.35039 -0.22828 -0.39571
v -0.35039 -0.22828 -0.39571
v -0.37671 -0.30046 0.38364
v -0.37671 -0.30046 0.38364
v -0.37671 -0.30046 0.38364
v -0.38446 -0.39237 0.28213
v -0.38446 -0.39237 0.28213
v -0.38446 -0.39237 0.28213
v -0.38550 -0.28766 0.31245
v -0.38550 -0.28766 0.31245
v -0.36980 -0.40130 -0.40810
v -0.36980 -0.40130 -0.40810
v -0.36980 -0.40130 -0.40810
v -0.36980 -0.40130 -0.40810
v -0.36980 -0.40130 -0.40810
v -0.40085 -0.20911 0.40612
v -0.40085 -0.20911 0.40612
v -0.40085 -0.20911 0.40612
v -0.40085 -0.20911 0.40612
v -0.40085 -0.20911 0.40612
v -0.37473 -0.38209 -0.39546
v -0.37473 -0.38209 -0.39546
v -0.37473 -0.38209 -0.39546
v -0.37473 -0.38209 -0.39546
v -0.35034 -0.22811 -0.30836
v -0.35034 -0.22811 -0.30836
v -0.35034 -0.22811 -0.30836
v -0.36973 -0.32094 0.26851
v -0.36973 -0.32094 0.26851
v -0.36973 -0.32094 0.26851
v -0.36973 -0.32094 0.26851
v -0.36764 -0.29955 0.26986
v -0.36764 -0.29955 0.26986
v -0.36764 -0.29955 0.26986
v -0.36764 -0.29955 0.26986
v -0.36361 -0.04920 -0.40763
v -0.36361 -0.04920 -0.40763
v -0.36361 -0.04920 -0.40763
v -0.35081 -0.28639 -0.38598
v -0.35081 -0.28639 -0.38598
v -0.35081 -0.28639 -0.38598
v -0.35081 -0.28639 -0.38598
v -0.33696 -0.39069 0.30673
v -0.33696 -0.39069 0.30673
v -0.33696 -0.39069 0.30673
v -0.33696 -0.39069 0.30673
v -0.33696 -0.39069 0.30673
v -0.33696 -0.39069 0.30673
v -0.33696 -0.39069 0.30673
v -0.36926 -0.40119 0.30046
v -0.36926 -0.40119 0.30046
v -0.36705 -0.04961 0.40588
v -0.36705 -0.04961 0.40588
v -0.36705 -0.04961 0.40588
v -0.37514 -0.32754 0.38402
v -0.37514 -0.32754 0.38402
v -0.37514 -0.32754 0.38402
v -0.37514 -0.32754 0.38402
v -0.37514 -0.32754 0.38402
v -0.35141 -0.39877 -0.33496
v -0.35141 -0.39877 -0.33496
v -0.36782 -0.40188 0.28210
v -0.36782 -0.40188 0.28210
v -0.36782 -0.40188 0.28210
v -0.36782 -0.40188 0.28210
v -0.36782 -0.40188 0.28210
v -0.36777 -0.40183 -0.28406
v -0.36777 -0.40183 -0.28406
v -0.36777 -0.40183 -0.28406
v -0.36777 -0.40183 -0.28406
v -0.36777 -0.40183 -0.28406
v -0.39016 -0.37222 0.30683
v -0.39016 -0.37222 0.30683
v -0.39016 -0.37222 0.30683
v -0.38476 -0.32842 -0.31322
v -0.38476 -0.32842 -0.31322
v -0.38476 -0.32842 -0.31322
v -0.38476 -0.32842 -0.31322
v -0.38478 -0.29185 -0.31316
v -0.38478 -0.29185 -0.31316
v -0.38478 -0.29185 -0.31316
v -0.38478 -0.29185 -0.31316
v -0.38478 -0.29185 -0.31316
v -0.38404 -0.29206 0.30958
v -0.38404 -0.29206 0.30958
v -0.38404 -0.29206 0.30958
v -0.38404 -0.29206 0.30958
v -0.37163 -0.28203 0.31253
v -0.37163 -0.28203 0.31253
v -0.37163 -0.28203 0.31253
v -0.37163 -0.28203 0.31253
v -0.36779 -0.29567 -0.27104
v -0.36779 -0.29567 -0.27104
v -0.36779 -0.29567 -0.27104
v -0.36779 -0.29567 -0.27104
v -0.36779 -0.29567 -0.27104
v -0.37025 -0.32098 -0.27036
v -0.37025 -0.32098 -0.27036
v -0.37025 -0.32098 -0.27036
v -0.37025 -0.32098 -0.27036
v -0.37140 -0.43349 -0.28397
v -0.37140 -0.43349 -0.28397
v -0.37140 -0.43349 -0.28397
v -0.35512 -0.39582 0.31429
v -0.35512 -0.39582 0.31429
v -0.35512 -0.39582 0.31429
v -0.35512 -0.39582 0.31429
v -0.35512 -0.39582 0.31429
v -0.35811 -0.34837 0.31290
v -0.35811 -0.34837 0.31290
v -0.35811 -0.34837 0.31290
v -0.35811 -0.34837 0.31290
v -0.38158 -0.32731 0.30038
v -0.38158 -0.32731 0.30038
v -0.38158 -0.32731 0.30038
v -0.38158 -0.32731 0.30038
v -0.37785 -0.28798 0.31077
v -0.37785 -0.28798 0.31077
v -0.37785 -0.28798 0.31077
v -0.37807 -0.32542 -0.28342
v -0.37807 -0.32542 -0.28342
v -0.37807 -0.32542 -0.28342
v -0.37807 -0.32542 -0.28342
v -0.37807 -0.32542 -0.28342
v -0.37950 -0.33264 0.31120
v -0.37950 -0.33264 0.31120
v -0.37950 -0.33264 0.31120
v -0.37950 -0.33264 0.31120
v -0.37817 -0.29360 -0.28373
v -0.37817 -0.29360 -0.28373
v -0.37817 -0.29360 -0.28373
v -0.37817 -0.29360 -0.28373
v -0.37215 -0.33664 -0.31301
v -0.37215 -0.33664 -0.31301
v -0.37215 -0.33664 -0.31301
v -0.37215 -0.33664 -0.31301
v -0.37390 -0.28606 -0.31263
v -0.37390 -0.28606 -0.31263
v -0.37390 -0.28606 -0.31263
v -0.37390 -0.28606 -0.31263
v -0.37390 -0.28606 -0.31263
v -0.37826 -0.29312 0.28294
v -0.37826 -0.29312 0.28294
v -0.37826 -0.29312 0.28294
v -0.37826 -0.29312 0.28294
v -0.37826 -0.29312 0.28294
v -0.37826 -0.29312 0.28294
v -0.37826 -0.29312 0.28294
v -0.37826 -0.29312 0.28294
v -0.35602 -0.34828 -0.31277
v -0.35602 -0.34828 -0.31277
v -0.35602 -0.34828 -0.31277
v -0.37794 -0.32522 0.28182
v -0.37794 -0.32522 0.28182
v -0.37794 -0.32522 0.28182
v -0.37794 -0.32522 0.28182
v -0.37794 -0.32522 0.28182
v -0.34965 -0.28981 0.26960
v -0.34965 -0.28981 0.26960
v -0.34965 -0.28981 0.26960
v -0.34965 -0.28981 0.26960
v -0.34965 -0.28981 0.26960
v -0.34965 -0.28981 0.26960
v -0.35086 -0.23160 0.39382
v -0.35086 -0.23160 0.39382
v -0.36249 -0.29744 -0.27362
v -0.36249 -0.29744 -0.27362
v -0.36249 -0.29744 -0.27362
v -0.36249 -0.29744 -0.27362
v -0.36249 -0.29744 -0.27362
v -0.36249 -0.29744 -0.27362
v -0.35920 -0.28353 -0.28333
v -0.35920 -0.28353 -0.28333
v -0.35920 -0.28353 -0.28333
v -0.36704 -0.31688 0.27261
v -0.36704 -0.31688 0.27261
v -0.36704 -0.31688 0.27261
v -0.36704 -0.31688 0.27261
v -0.35347 -0.34813 -0.38799
v -0.35347 -0.34813 -0.38799
v -0.35347 -0.34813 -0.38799
v -0.35347 -0.34813 -0.38799
v -0.37002 -0.28407 0.31091
v -0.37002 -0.28407 0.31091
v -0.37002 -0.28407 0.31091
v -0.36595 -0.34025 0.31087
v -0.36595 -0.34025 0.31087
v -0.36595 -0.34025 0.31087
v -0.34986 -0.27565 -0.31148
v -0.34986 -0.27565 -0.31148
v -0.34986 -0.27565 -0.31148
v -0.34986 -0.27565 -0.31148
v -0.34986 -0.27565 -0.31148
v -0.34986 -0.27565 -0.31148
v -0.34986 -0.27565 -0.31148
v -0.35230 -0.30899 0.37568
v -0.35230 -0.30899 0.37568
v -0.35183 -0.31643 -0.37732
v -0.35183 -0.31643 -0.37732
v -0.35183 -0.31643 -0.37732
v -0.35183 -0.31643 -0.37732
v -0.35183 -0.31643 -0.37732
v -0.35124 -0.22761 0.39377
v -0.35124 -0.22761 0.39377
v -0.35124 -0.22761 0.39377
v -0.35118 -0.39814 -0.30861
v -0.35118 -0.39814 -0.30861
v -0.35118 -0.39814 -0.30861
v -0.35118 -0.39814 -0.30861
v -0.35118 -0.39814 -0.30861
v -0.35118 -0.39814 -0.30861
v -0.35060 -0.32953 0.26900
v -0.35060 -0.32953 0.26900
v -0.35060 -0.32953 0.26900
v -0.35060 -0.32953 0.26900
v -0.34931 -0.34265 -0.28512
v -0.34931 -0.34265 -0.28512
v -0.34931 -0.34265 -0.28512
v -0.34931 -0.34265 -0.28512
v -0.34931 -0.34265 -0.28512
v -0.34931 -0.34265 -0.28512
v -0.34931 -0.34265 -0.28512
v -0.36604 -0.28216 -0.31279
v -0.36604 -0.28216 -0.31279
v -0.35162 -0.27421 -0.31332
v -0.35162 -0.27421 -0.31332
v -0.35162 -0.27421 -0.31332
v -0.35162 -0.27421 -0.31332
v -0.36720 -0.31842 -0.27472
v -0.36720 -0.31842 -0.27472
v -0.36720 -0.31842 -0.27472
v -0.36720 -0.31842 -0.27472
v -0.36720 -0.31842 -0.27472
v -0.35191 -0.22827 0.30660
v -0.35191 -0.22827 0.30660
v -0.35191 -0.22827 0.30660
v -0.35191 -0.22827 0.30660
v -0.36564 -0.29976 0.27204
v -0.36564 -0.29976 0.27204
v -0.36564 -0.29976 0.27204
v -0.36564 -0.29976 0.27204
v -0.35824 -0.32304 0.27246
v -0.35824 -0.32304 0.27246
v -0.35824 -0.32304 0.27246
v -0.35824 -0.32304 0.27246
v -0.35824 -0.32304 0.27246
v -0.35671 -0.29533 0.27119
v -0.35671 -0.29533 0.27119
v -0.35671 -0.29533 0.27119
v -0.35671 -0.29533 0.27119
v -0.35671 -0.29533 0.27119
v -0.35207 -0.25014 0.30816
v -0.34985 -0.34240 0.28352
v -0.34985 -0.34240 0.28352
v -0.34985 -0.34240 0.28352
v -0.34985 -0.34240 0.28352
v -0.34985 -0.34240 0.28352
v -0.34985 -0.34240 0.28352
v -0.36549 -0.29806 -0.27251
v -0.34169 -0.03661 0.20952
v -0.34169 -0.03661 0.20952
v -0.34169 -0.03661 0.20952
v -0.34169 -0.03661 0.20952
v -0.34648 -0.39904 -0.39601
v -0.34648 -0.39904 -0.39601
v -0.34648 -0.39904 -0.39601
v -0.34648 -0.39904 -0.39601
v -0.34648 -0.39904 -0.39601
v -0.36005 -0.32299 -0.27448
v -0.36005 -0.32299 -0.27448
v -0.36005 -0.32299 -0.27448
v -0.36382 -0.27809 0.31246
v -0.36382 -0.27809 0.31246
v -0.36382 -0.27809 0.31246
v -0.35818 -0.27819 0.31091
v -0.35818 -0.27819 0.31091
v -0.35818 -0.27819 0.31091
v -0.35197 -0.39653 0.30663
v -0.35197 -0.39653 0.30663
v -0.35197 -0.39653 0.30663
v -0.35197 -0.39653 0.30663
v -0.35197 -0.39653 0.30663
v -0.35007 -0.39868 -0.39593
v -0.35007 -0.39868 -0.39593
v -0.35007 -0.39868 -0.39593
v -0.35007 -0.39868 -0.39593
v -0.35007 -0.39868 -0.39593
v -0.35007 -0.39868 -0.39593
v -0.35300 -0.34347 0.38493
v -0.35300 -0.34347 0.38493
v -0.35300 -0.34347 0.38493
v -0.34461 -0.03628 0.08354
v -0.34461 -0.03628 0.08354
v -0.34461 -0.03628 0.08354
v -0.35813 -0.27396 0.31251
v -0.35813 -0.27396 0.31251
v -0.35813 -0.27396 0.31251
v -0.35184 -0.27995 0.38630
v -0.35184 -0.27995 0.38630
v -0.35184 -0.27995 0.38630
v -0.35521 -0.40080 0.31903
v -0.35521 -0.40080 0.31903
v -0.35091 -0.40009 0.30723
v -0.35091 -0.40009 0.30723
v -0.35091 -0.40009 0.30723
v -0.35091 -0.40009 0.30723
v -0.35091 -0.40009 0.30723
v -0.35091 -0.40009 0.30723
v -0.35091 -0.40009 0.30723
v -0.35590 -0.40088 0.37714
v -0.35590 -0.40088 0.37714
v -0.35100 -0.40086 -0.31073
v -0.35100 -0.40086 -0.31073
v -0.35100 -0.40086 -0.31073
v -0.35100 -0.40086 -0.31073
v -0.35100 -0.40086 -0.31073
v -0.35100 -0.40086 -0.31073
v -0.35425 -0.40123 -0.38413
v -0.35425 -0.40123 -0.38413
v -0.35425 -0.40123 -0.38413
v -0.35425 -0.40123 -0.38413
v -0.35425 -0.40123 -0.38413
v -0.35425 -0.40123 -0.38413
v -0.35233 -0.27977 0.28313
v -0.35233 -0.27977 0.28313
v -0.35681 -0.39497 0.37589
v -0.35681 -0.39497 0.37589
v -0.35681 -0.39497 0.37589
v -0.35681 -0.39497 0.37589
v -0.35170 -0.39635 0.39393
v -0.35170 -0.39635 0.39393
v -0.35170 -0.39635 0.39393
v -0.35170 -0.39635 0.39393
v -0.35170 -0.39635 0.39393
v -0.35170 -0.39635 0.39393
v -0.35170 -0.39635 0.39393
v -0.34705 -0.40172 -0.40809
v -0.34705 -0.40172 -0.40809
v -0.34705 -0.40172 -0.40809
v -0.34705 -0.40172 -0.40809
v -0.34705 -0.40172 -0.40809
v -0.35267 -0.32700 -0.27442
v -0.35267 -0.32700 -0.27442
v -0.35267 -0.32700 -0.27442
v -0.35227 -0.39683 0.34345
v -0.35227 -0.39683 0.34345
v -0.35227 -0.39683 0.34345
v -0.30646 -0.32939 -0.27017
v -0.30646 -0.32939 -0.27017
v -0.30646 -0.32939 -0.27017
v -0.30646 -0.32939 -0.27017
v -0.30646 -0.32939 -0.27017
v -0.30646 -0.32939 -0.27017
v -0.30646 -0.32939 -0.27017
v -0.30646 -0.32939 -0.27017
v -0.35391 -0.29215 -0.27264
v -0.35391 -0.29215 -0.27264
v -0.35391 -0.29215 -0.27264
v -0.35040 -0.29014 -0.27675
v -0.35040 -0.29014 -0.27675
v -0.35040 -0.29014 -0.27675
v -0.35040 -0.29014 -0.27675
v -0.35040 -0.29014 -0.27675
v -0.35040 -0.29014 -0.27675
v -0.33447 -0.29706 -0.27089
v -0.33447 -0.29706 -0.27089
v -0.33447 -0.29706 -0.27089
v -0.35021 -0.34811 -0.31107
v -0.35021 -0.34811 -0.31107
v -0.35021 -0.34811 -0.31107
v -0.35021 -0.34811 -0.31107
v -0.34467 -0.03627 -0.15425
v -0.34467 -0.03627 -0.15425
v -0.34467 -0.03627 -0.15425
v -0.34467 -0.03627 -0.15425
v -0.34467 -0.03627 -0.15425
v -0.35113 -0.30979 -0.37736
v -0.35113 -0.30979 -0.37736
v -0.35113 -0.30979 -0.37736
v -0.35113 -0.30979 -0.37736
v -0.34962 -0.29194 0.27277
v -0.34962 -0.29194 0.27277
v -0.34962 -0.29194 0.27277
v -0.34962 -0.29194 0.27277
v -0.34962 -0.29194 0.27277
v -0.34962 -0.29194 0.27277
v -0.35008 -0.34946 0.31156
v -0.35008 -0.34946 0.31156
v -0.35008 -0.34946 0.31156
v -0.35008 -0.34946 0.31156
v -0.35008 -0.34946 0.31156
v -0.35008 -0.34946 0.31156
v -0.35008 -0.34946 0.31156
v -0.35016 -0.31829 0.37593
v -0.35016 -0.31829 0.37593
v -0.35016 -0.31829 0.37593
v -0.35217 -0.40138 0.39510
v -0.35217 -0.40138 0.39510
v -0.35217 -0.40138 0.39510
v -0.35217 -0.40138 0.39510
v -0.35219 -0.27995 -0.28416
v -0.35219 -0.27995 -0.28416
v -0.35219 -0.27995 -0.28416
v -0.35219 -0.27995 -0.28416
v -0.35206 -0.27551 0.30969
v -0.35206 -0.27551 0.30969
v -0.35206 -0.27551 0.30969
v -0.35206 -0.27551 0.30969
v -0.35206 -0.27551 0.30969
v -0.35057 -0.40056 0.33947
v -0.35057 -0.40056 0.33947
v -0.35057 -0.40056 0.33947
v -0.35032 -0.32660 0.27261
v -0.35032 -0.32660 0.27261
v -0.35032 -0.32660 0.27261
v -0.35058 -0.40108 0.38845
v -0.35058 -0.40108 0.38845
v -0.35058 -0.40108 0.38845
v -0.35058 -0.40108 0.38845
v -0.34842 -0.29169 -0.27229
v -0.34842 -0.29169 -0.27229
v -0.34842 -0.29169 -0.27229
v -0.34842 -0.29169 -0.27229
v -0.34335 -0.40075 -0.31673
v -0.34335 -0.40075 -0.31673
v -0.34335 -0.40075 -0.31673
v -0.34335 -0.40075 -0.31673
v -0.34335 -0.40075 -0.31673
v -0.22995 -0.40181 -0.28415
v -0.22995 -0.40181 -0.28415
v -0.22995 -0.40181 -0.28415
v -0.22995 -0.40181 -0.28415
v -0.22995 -0.40181 -0.28415
v -0.22995 -0.40181 -0.28415
v -0.35116 -0.39977 -0.31552
v -0.35116 -0.39977 -0.31552
v -0.35116 -0.39977 -0.31552
v -0.35209 -0.39670 0.38584
v -0.35209 -0.39670 0.38584
v -0.35209 -0.39670 0.38584
v -0.33854 -0.34637 0.31291
v -0.33854 -0.34637 0.31291
v -0.33854 -0.34637 0.31291
v -0.33854 -0.34637 0.31291
v -0.34377 -0.34723 -0.31333
v -0.34377 -0.34723 -0.31333
v -0.34377 -0.34723 -0.31333
v -0.34377 -0.34723 -0.31333
v -0.34377 -0.34723 -0.31333
v -0.34377 -0.34723 -0.31333
v -0.35132 -0.40057 -0.37138
v -0.35132 -0.40057 -0.37138
v -0.35132 -0.40057 -0.37138
v -0.35132 -0.40057 -0.37138
v -0.34675 -0.40037 0.30765
v -0.34675 -0.40037 0.30765
v -0.34675 -0.40037 0.30765
v -0.34675 -0.40037 0.30765
v -0.34675 -0.40037 0.30765
v -0.34675 -0.40037 0.30765
v -0.26816 -0.40196 0.28208
v -0.26816 -0.40196 0.28208
v -0.26816 -0.40196 0.28208
v -0.26816 -0.40196 0.28208
v -0.35068 -0.40050 0.36149
v -0.35068 -0.40050 0.36149
v -0.35068 -0.40050 0.36149
v -0.35068 -0.40050 0.36149
v -0.35068 -0.40050 0.36149
v -0.35374 -0.39945 0.37382
v -0.35374 -0.39945 0.37382
v -0.35374 -0.39945 0.37382
v -0.35374 -0.39945 0.37382
v -0.35374 -0.39945 0.37382
v -0.34597 -0.40004 0.39346
v -0.34597 -0.40004 0.39346
v -0.34597 -0.40004 0.39346
v -0.34597 -0.40004 0.39346
v -0.34597 -0.40004 0.39346
v -0.34878 -0.39944 -0.31178
v -0.34878 -0.39944 -0.31178
v -0.34878 -0.39944 -0.31178
v -0.34878 -0.39944 -0.31178
v -0.34878 -0.39944 -0.31178
v -0.34904 -0.40009 -0.39378
v -0.34904 -0.40009 -0.39378
v -0.34904 -0.40009 -0.39378
v -0.34904 -0.40009 -0.39378
v -0.35109 -0.40002 -0.38854
v -0.35109 -0.40002 -0.38854
v -0.35109 -0.40002 -0.38854
v -0.35109 -0.40002 -0.38854
v -0.25319 -0.00535 0.23836
v -0.25319 -0.00535 0.23836
v -0.34810 -0.28181 0.28111
v -0.34810 -0.28181 0.28111
v -0.34810 -0.28181 0.28111
v -0.34810 -0.28181 0.28111
v -0.34810 -0.28181 0.28111
v -0.33844 -0.27586 0.31216
v -0.33844 -0.27586 0.31216
v -0.33844 -0.27586 0.31216
v -0.34538 -0.39819 0.30669
v -0.34538 -0.39819 0.30669
v -0.34538 -0.39819 0.30669
v -0.34538 -0.39819 0.30669
v -0.34463 -0.40089 -0.39390
v -0.34463 -0.40089 -0.39390
v -0.34463 -0.40089 -0.39390
v -0.34463 -0.40089 -0.39390
v -0.34463 -0.40089 -0.39390
v -0.34653 -0.39884 -0.30843
v -0.34653 -0.39884 -0.30843
v -0.34653 -0.39884 -0.30843
v -0.34653 -0.39884 -0.30843
v -0.34653 -0.39884 -0.30843
v -0.34125 -0.03263 -0.20816
v -0.34125 -0.03263 -0.20816
v -0.34125 -0.03263 -0.20816
v -0.34125 -0.03263 -0.20816
v -0.34400 -0.32303 0.27230
v -0.34400 -0.32303 0.27230
v -0.34400 -0.32303 0.27230
v -0.34400 -0.32303 0.27230
v -0.34532 -0.32774 -0.26998
v -0.34532 -0.32774 -0.26998
v -0.34532 -0.32774 -0.26998
v -0.32182 -0.33488 0.38652
v -0.32182 -0.33488 0.38652
v -0.32182 -0.33488 0.38652
v -0.32008 -0.29459 0.38639
v -0.32008 -0.29459 0.38639
v -0.32008 -0.29459 0.38639
v -0.32095 -0.32565 -0.28523
v -0.32095 -0.32565 -0.28523
v -0.32095 -0.32565 -0.28523
v -0.32095 -0.32565 -0.28523
v -0.32095 -0.32565 -0.28523
v -0.32095 -0.32565 -0.28523
v -0.32095 -0.32565 -0.28523
v -0.34413 -0.39692 -0.39067
v -0.34413 -0.39692 -0.39067
v -0.34413 -0.39692 -0.39067
v -0.32302 -0.29289 -0.28478
v -0.32302 -0.29289 -0.28478
v -0.32302 -0.29289 -0.28478
v -0.32302 -0.29289 -0.28478
v -0.32302 -0.29289 -0.28478
v -0.32302 -0.29289 -0.28478
v -0.32302 -0.29289 -0.28478
v -0.32302 -0.29289 -0.28478
v -0.34198 -0.29733 -0.27396
v -0.34198 -0.29733 -0.27396
v -0.34198 -0.29733 -0.27396
v -0.32219 -0.32560 0.28296
v -0.32219 -0.32560 0.28296
v -0.32219 -0.32560 0.28296
v -0.34457 -0.39775 0.39384
v -0.34457 -0.39775 0.39384
v -0.34457 -0.39775 0.39384
v -0.34457 -0.39775 0.39384
v -0.34457 -0.39775 0.39384
v -0.34633 -0.40073 0.35329
v -0.34633 -0.40073 0.35329
v -0.34633 -0.40073 0.35329
v -0.34633 -0.40073 0.35329
v -0.34354 -0.39547 -0.30858
v -0.34354 -0.39547 -0.30858
v -0.34354 -0.39547 -0.30858
v -0.34354 -0.39547 -0.30858
v -0.32141 -0.29416 -0.38758
v -0.32141 -0.29416 -0.38758
v -0.32141 -0.29416 -0.38758
v -0.32141 -0.29416 -0.38758
v -0.34497 -0.39954 -0.31849
v -0.34497 -0.39954 -0.31849
v -0.34497 -0.39954 -0.31849
v -0.34497 -0.39954 -0.31849
v -0.34633 -0.40068 -0.33947
v -0.34633 -0.40068 -0.33947
v -0.34633 -0.40068 -0.33947
v -0.27956 -0.27179 0.30670
v -0.27956 -0.27179 0.30670
v -0.27956 -0.27179 0.30670
v -0.27956 -0.27179 0.30670
v -0.27956 -0.27179 0.30670
v -0.27956 -0.27179 0.30670
v -0.27956 -0.27179 0.30670
v -0.29529 -0.01773 -0.21973
v -0.29529 -0.01773 -0.21973
v -0.34214 -0.29746 0.27134
v -0.34214 -0.29746 0.27134
v -0.34214 -0.29746 0.27134
v -0.33703 -0.30153 0.27209
v -0.33703 -0.30153 0.27209
v -0.33703 -0.30153 0.27209
v -0.33703 -0.30153 0.27209
v -0.33703 -0.30153 0.27209
v -0.33703 -0.30153 0.27209
v -0.33268 -0.27990 -0.31428
v -0.33268 -0.27990 -0.31428
v -0.33268 -0.27990 -0.31428
v -0.33268 -0.27990 -0.31428
v -0.27946 -0.27162 -0.30847
v -0.27946 -0.27162 -0.30847
v -0.27946 -0.27162 -0.30847
v -0.27946 -0.27162 -0.30847
v -0.27946 -0.27162 -0.30847
v -0.27946 -0.27162 -0.30847
v -0.27946 -0.27162 -0.30847
v -0.34042 -0.32087 -0.27453
v -0.34042 -0.32087 -0.27453
v -0.34042 -0.32087 -0.27453
v -0.33451 -0.28204 0.31098
v -0.33451 -0.28204 0.31098
v -0.33451 -0.28204 0.31098
v -0.33700 -0.29979 -0.27284
v -0.33700 -0.29979 -0.27284
v -0.33700 -0.29979 -0.27284
v -0.33700 -0.29979 -0.27284
v -0.33700 -0.29979 -0.27284
v -0.33899 -0.02842 -0.19900
v -0.33899 -0.02842 -0.19900
v -0.33899 -0.02842 -0.19900
v -0.31622 -0.32820 0.30940
v -0.31622 -0.32820 0.30940
v -0.31622 -0.32820 0.30940
v -0.31622 -0.32820 0.30940
v -0.31622 -0.32820 0.30940
v -0.31897 -0.29111 0.30812
v -0.31897 -0.29111 0.30812
v -0.31897 -0.29111 0.30812
v -0.31897 -0.29111 0.30812
v -0.31897 -0.29111 0.30812
v -0.31897 -0.29111 0.30812
v -0.31897 -0.29111 0.30812
v -0.34044 -0.02846 0.04078
v -0.34044 -0.02846 0.04078
v -0.34044 -0.02846 0.04078
v -0.34063 -0.02856 -0.11678
v -0.34063 -0.02856 -0.11678
v -0.34063 -0.02856 -0.11678
v -0.34063 -0.02856 -0.11678
v -0.32382 -0.32840 -0.38681
v -0.32382 -0.32840 -0.38681
v -0.32382 -0.32840 -0.38681
v -0.32382 -0.32840 -0.38681
v -0.34082 -0.02821 0.19519
v -0.34082 -0.02821 0.19519
v -0.34082 -0.02821 0.19519
v -0.33272 -0.32091 -0.27045
v -0.33272 -0.32091 -0.27045
v -0.33272 -0.32091 -0.27045
v -0.33272 -0.32091 -0.27045
v -0.33272 -0.32091 -0.27045
v -0.33355 -0.03313 0.21434
v -0.33355 -0.03313 0.21434
v -0.33694 -0.32050 0.27033
v -0.33694 -0.32050 0.27033
v -0.33694 -0.32050 0.27033
v -0.33694 -0.32050 0.27033
v -0.33224 -0.23897 0.39362
v -0.33224 -0.23897 0.39362
v -0.33224 -0.23897 0.39362
v -0.18820 -0.40166 0.40615
v -0.18820 -0.40166 0.40615
v -0.18820 -0.40166 0.40615
v -0.33531 -0.29809 -0.27670
v -0.33531 -0.29809 -0.27670
v -0.33531 -0.29809 -0.27670
v -0.33531 -0.29809 -0.27670
v -0.33403 -0.34084 -0.31303
v -0.33403 -0.34084 -0.31303
v -0.33403 -0.34084 -0.31303
v -0.33270 -0.29951 0.26899
v -0.33270 -0.29951 0.26899
v -0.33270 -0.29951 0.26899
v -0.33270 -0.29951 0.26899
v -0.33536 -0.31710 0.27274
v -0.33536 -0.31710 0.27274
v -0.33536 -0.31710 0.27274
v -0.33536 -0.31710 0.27274
v -0.33536 -0.31710 0.27274
v -0.33536 -0.31710 0.27274
v -0.32863 -0.34272 0.31267
v -0.32863 -0.34272 0.31267
v -0.32863 -0.34272 0.31267
v -0.33516 -0.31856 -0.27486
v -0.33516 -0.31856 -0.27486
v -0.33516 -0.31856 -0.27486
v -0.33516 -0.31856 -0.27486
v -0.31133 -0.37339 -0.30833
v -0.31133 -0.37339 -0.30833
v -0.32453 -0.29288 0.28303
v -0.32453 -0.29288 0.28303
v -0.32453 -0.29288 0.28303
v -0.32453 -0.29288 0.28303
v -0.32453 -0.29288 0.28303
v -0.19905 -0.21361 0.27013
v -0.19905 -0.21361 0.27013
v -0.19905 -0.21361 0.27013
v -0.19905 -0.21361 0.27013
v -0.19905 -0.21361 0.27013
v -0.19905 -0.21361 0.27013
v -0.19905 -0.21361 0.27013
v -0.19905 -0.21361 0.27013
v -0.33659 -0.31049 -0.27417
v -0.33659 -0.31049 -0.27417
v -0.33659 -0.31049 -0.27417
v -0.33659 -0.31049 -0.27417
v -0.32837 -0.28602 -0.31254
v -0.32837 -0.28602 -0.31254
v -0.32607 -0.33509 -0.31232
v -0.32607 -0.33509 -0.31232
v -0.32607 -0.33509 -0.31232
v -0.30109 -0.36784 0.39339
v -0.30109 -0.36784 0.39339
v -0.32585 -0.33762 0.31333
v -0.32585 -0.33762 0.31333
v -0.32585 -0.33762 0.31333
v -0.32585 -0.33762 0.31333
v -0.31397 -0.33214 -0.31419
v -0.31397 -0.33214 -0.31419
v -0.31397 -0.33214 -0.31419
v -0.30475 -0.37024 -0.39555
v -0.30475 -0.37024 -0.39555
v -0.30475 -0.37024 -0.39555
v -0.30475 -0.37024 -0.39555
v -0.27950 -0.27184 0.39351
v -0.27950 -0.27184 0.39351
v -0.27950 -0.27184 0.39351
v -0.27950 -0.27184 0.39351
v -0.27971 -0.27166 -0.39531
v -0.27971 -0.27166 -0.39531
v -0.27971 -0.27166 -0.39531
v -0.27971 -0.27166 -0.39531
v -0.31489 -0.28931 0.31216
v -0.31489 -0.28931 0.31216
v -0.31489 -0.28931 0.31216
v -0.31489 -0.28931 0.31216
v -0.31489 -0.28931 0.31216
v -0.31840 -0.33101 0.31289
v -0.31840 -0.33101 0.31289
v -0.28463 -0.43329 -0.28395
v -0.28463 -0.43329 -0.28395
v -0.28463 -0.43329 -0.28395
v -0.28463 -0.43329 -0.28395
v -0.32671 -0.28590 0.31101
v -0.32671 -0.28590 0.31101
v -0.32671 -0.28590 0.31101
v -0.32671 -0.28590 0.31101
v -0.31645 -0.32844 -0.31144
v -0.31645 -0.32844 -0.31144
v -0.31645 -0.32844 -0.31144
v -0.31645 -0.32844 -0.31144
v -0.31645 -0.32844 -0.31144
v -0.20825 -0.21361 -0.27200
v -0.20825 -0.21361 -0.27200
v -0.20825 -0.21361 -0.27200
v -0.20825 -0.21361 -0.27200
v -0.20825 -0.21361 -0.27200
v -0.20825 -0.21361 -0.27200
v -0.20825 -0.21361 -0.27200
v -0.31765 -0.29020 -0.31341
v -0.31765 -0.29020 -0.31341
v -0.31765 -0.29020 -0.31341
v -0.31765 -0.29020 -0.31341
v -0.31765 -0.29020 -0.31341
v -0.31765 -0.29020 -0.31341
v -0.31765 -0.29020 -0.31341
v -0.28586 -0.01815 -0.28776
v -0.27784 -0.35233 -0.30846
v -0.27784 -0.35233 -0.30846
v -0.27784 -0.35233 -0.30846
v -0.31877 -0.29202 -0.31165
v -0.31877 -0.29202 -0.31165
v -0.31305 -0.33074 0.31286
v -0.31305 -0.33074 0.31286
v -0.31305 -0.33074 0.31286
v -0.31305 -0.33074 0.31286
v -0.31305 -0.33074 0.31286
v -0.31305 -0.33074 0.31286
v -0.31305 -0.33074 0.31286
v -0.31524 -0.29559 -0.31464
v -0.31524 -0.29559 -0.31464
v -0.27775 -0.35268 0.39360
v -0.27775 -0.35268 0.39360
v -0.27775 -0.35268 0.39360
v -0.27775 -0.35268 0.39360
v -0.27775 -0.35268 0.39360
v -0.27775 -0.35268 0.39360
v -0.27776 -0.35273 -0.39537
v -0.27776 -0.35273 -0.39537
v -0.27776 -0.35273 -0.39537
v -0.27776 -0.35273 -0.39537
v -0.30240 -0.36838 0.30674
v -0.30240 -0.36838 0.30674
v -0.30240 -0.36838 0.30674
v -0.30240 -0.36838 0.30674
v -0.06408 -0.20756 0.40648
v -0.06408 -0.20756 0.40648
v -0.06408 -0.20756 0.40648
v -0.06408 -0.20756 0.40648
v -0.06408 -0.20756 0.40648
v -0.06408 -0.20756 0.40648
v -0.13475 -0.00731 -0.24216
v -0.27756 -0.35117 0.30676
v -0.27756 -0.35117 0.30676
v -0.27756 -0.35117 0.30676
v -0.27756 -0.35117 0.30676
v -0.13783 -0.04916 0.40616
v -0.13783 -0.04916 0.40616
v -0.13783 -0.04916 0.40616
v -0.13783 -0.04916 0.40616
v -0.25384 -0.00554 -0.23989
v -0.08777 -0.32942 0.26820
v -0.08777 -0.32942 0.26820
v -0.08777 -0.32942 0.26820
v -0.08777 -0.32942 0.26820
v -0.08777 -0.32942 0.26820
v -0.08777 -0.32942 0.26820
v -0.08777 -0.32942 0.26820
v -0.08777 -0.32942 0.26820
v -0.20097 -0.20955 0.27260
v -0.20097 -0.20955 0.27260
v -0.20097 -0.20955 0.27260
v -0.20097 -0.20955 0.27260
v -0.20097 -0.20955 0.27260
v -0.20097 -0.20955 0.27260
v -0.20097 -0.20955 0.27260
v -0.20097 -0.20955 0.27260
v -0.20097 -0.20955 0.27260
v -0.16244 -0.04923 -0.40773
v -0.16244 -0.04923 -0.40773
v -0.16244 -0.04923 -0.40773
v -0.16244 -0.04923 -0.40773
v -0.16244 -0.04923 -0.40773
v -0.17007 -0.32971 -0.26944
v -0.17007 -0.32971 -0.26944
v -0.17007 -0.32971 -0.26944
v -0.17007 -0.32971 -0.26944
v -0.17007 -0.32971 -0.26944
v -0.17007 -0.32971 -0.26944
v -0.17007 -0.32971 -0.26944
v -0.18035 -0.29768 -0.27097
v -0.18035 -0.29768 -0.27097
v -0.18035 -0.29768 -0.27097
v -0.18035 -0.29768 -0.27097
v -0.18035 -0.29768 -0.27097
v -0.11959 -0.43410 0.40600
v -0.11959 -0.43410 0.40600
v -0.11959 -0.43410 0.40600
v -0.11959 -0.43410 0.40600
v -0.11959 -0.43410 0.40600
v -0.00310 -0.43398 -0.40794
v -0.00310 -0.43398 -0.40794
v -0.00310 -0.43398 -0.40794
v -0.00310 -0.43398 -0.40794
v -0.00310 -0.43398 -0.40794
v -0.23512 -0.34936 -0.39557
v -0.23512 -0.34936 -0.39557
v -0.23512 -0.34936 -0.39557
v -0.23512 -0.34936 -0.39557
v -0.23512 -0.34936 -0.39557
v -0.23512 -0.34936 -0.39557
v -0.23518 -0.35066 -0.30845
v -0.23518 -0.35066 -0.30845
v -0.23518 -0.35066 -0.30845
v -0.23518 -0.35066 -0.30845
v -0.23515 -0.27345 -0.39551
v -0.23515 -0.27345 -0.39551
v -0.23515 -0.27345 -0.39551
v -0.23515 -0.27345 -0.39551
v -0.23515 -0.27345 -0.39551
v -0.23503 -0.35054 0.39315
v -0.23503 -0.35054 0.39315
v -0.23503 -0.35054 0.39315
v -0.23406 -0.27151 0.30663
v -0.23406 -0.27151 0.30663
v -0.23406 -0.27151 0.30663
v -0.23406 -0.27151 0.30663
v -0.23406 -0.27151 0.30663
v -0.23406 -0.27151 0.30663
v -0.23421 -0.35106 0.30659
v -0.23421 -0.35106 0.30659
v -0.23421 -0.35106 0.30659
v -0.23489 -0.27337 -0.35709
v -0.23489 -0.27337 -0.35709
v -0.23489 -0.27337 -0.35709
v -0.23521 -0.27344 0.39364
v -0.23521 -0.27344 0.39364
v -0.23521 -0.27344 0.39364
v -0.23521 -0.27344 0.39364
v -0.23501 -0.27306 -0.30838
v -0.23501 -0.27306 -0.30838
v -0.23501 -0.27306 -0.30838
v -0.23501 -0.27306 -0.30838
v -0.21829 -0.26207 0.39358
v -0.21829 -0.26207 0.39358
v -0.21829 -0.26207 0.39358
v -0.19761 -0.29183 -0.31326
v -0.19761 -0.29183 -0.31326
v -0.19761 -0.29183 -0.31326
v -0.19761 -0.29183 -0.31326
v -0.16136 -0.40034 -0.39522
v -0.16136 -0.40034 -0.39522
v -0.16136 -0.40034 -0.39522
v -0.16136 -0.40034 -0.39522
v -0.16136 -0.40034 -0.39522
v -0.20213 -0.33081 0.31177
v -0.20213 -0.33081 0.31177
v -0.20213 -0.33081 0.31177
v -0.20213 -0.33081 0.31177
v -0.20213 -0.33081 0.31177
v -0.19033 -0.29770 0.38427
v -0.19033 -0.29770 0.38427
v -0.19033 -0.29770 0.38427
v -0.19033 -0.29770 0.38427
v -0.19460 -0.33310 -0.38811
v -0.19460 -0.33310 -0.38811
v -0.19460 -0.33310 -0.38811
v -0.20231 -0.32549 -0.31353
v -0.20231 -0.32549 -0.31353
v -0.20231 -0.32549 -0.31353
v -0.20676 -0.25415 -0.30843
v -0.20676 -0.25415 -0.30843
v -0.20676 -0.25415 -0.30843
v -0.19827 -0.28565 0.31158
v -0.19827 -0.28565 0.31158
v -0.19827 -0.28565 0.31158
v -0.19827 -0.28565 0.31158
v -0.19827 -0.28565 0.31158
v -0.19475 -0.33109 -0.31296
v -0.19475 -0.33109 -0.31296
v -0.19475 -0.33109 -0.31296
v -0.19475 -0.33109 -0.31296
v -0.19035 -0.29728 -0.38612
v -0.19035 -0.29728 -0.38612
v -0.16091 -0.39886 0.39434
v -0.16091 -0.39886 0.39434
v -0.16091 -0.39886 0.39434
v -0.16091 -0.39886 0.39434
v -0.16091 -0.39886 0.39434
v -0.16091 -0.39886 0.39434
v -0.16091 -0.39886 0.39434
v -0.16091 -0.39886 0.39434
v -0.19126 -0.32933 0.38552
v -0.19126 -0.32933 0.38552
v -0.19126 -0.32933 0.38552
v -0.18401 -0.24004 0.30655
v -0.18401 -0.24004 0.30655
v -0.18401 -0.24004 0.30655
v -0.18401 -0.24004 0.30655
v -0.16266 -0.39861 -0.30845
v -0.16266 -0.39861 -0.30845
v -0.16266 -0.39861 -0.30845
v -0.16266 -0.39861 -0.30845
v -0.16266 -0.39861 -0.30845
v -0.16266 -0.39861 -0.30845
v -0.16266 -0.39861 -0.30845
v -0.13616 -0.43422 0.28292
v -0.13616 -0.43422 0.28292
v -0.13616 -0.43422 0.28292
v -0.13616 -0.43422 0.28292
v -0.13616 -0.43422 0.28292
v -0.16451 -0.39647 0.30653
v -0.16451 -0.39647 0.30653
v -0.16451 -0.39647 0.30653
v -0.16451 -0.39647 0.30653
v -0.16451 -0.39647 0.30653
v -0.16451 -0.39647 0.30653
v -0.16316 -0.34342 0.38506
v -0.16316 -0.34342 0.38506
v -0.16316 -0.34342 0.38506
v -0.16316 -0.34342 0.38506
v -0.16302 -0.28988 -0.27121
v -0.16302 -0.28988 -0.27121
v -0.16302 -0.28988 -0.27121
v -0.16263 -0.22729 0.39377
v -0.16263 -0.22729 0.39377
v -0.16263 -0.22729 0.39377
v -0.16263 -0.22729 0.39377
v -0.16263 -0.22729 0.39377
v -0.18455 -0.24042 -0.39554
v -0.18455 -0.24042 -0.39554
v -0.18455 -0.24042 -0.39554
v -0.17447 -0.27845 0.31133
v -0.17447 -0.27845 0.31133
v -0.17447 -0.27845 0.31133
v -0.17447 -0.27845 0.31133
v -0.17447 -0.27845 0.31133
v -0.18038 -0.32089 -0.27075
v -0.18038 -0.32089 -0.27075
v -0.18038 -0.32089 -0.27075
v -0.18038 -0.32089 -0.27075
v -0.16685 -0.35027 0.31273
v -0.16685 -0.35027 0.31273
v -0.16685 -0.35027 0.31273
v -0.16685 -0.35027 0.31273
v -0.19779 -0.31662 0.31059
v -0.19779 -0.31662 0.31059
v -0.19073 -0.37980 -0.39526
v -0.19073 -0.37980 -0.39526
v -0.19073 -0.37980 -0.39526
v -0.16127 -0.39973 -0.33912
v -0.16127 -0.39973 -0.33912
v -0.16127 -0.39973 -0.33912
v -0.16127 -0.39973 -0.33912
v -0.16127 -0.39973 -0.33912
v -0.19782 -0.32837 -0.31192
v -0.19782 -0.32837 -0.31192
v -0.19782 -0.32837 -0.31192
v -0.19782 -0.32837 -0.31192
v -0.19780 -0.32840 0.30962
v -0.19780 -0.32840 0.30962
v -0.19780 -0.32840 0.30962
v -0.19780 -0.32840 0.30962
v -0.19780 -0.32840 0.30962
v -0.16250 -0.22695 -0.30840
v -0.16250 -0.22695 -0.30840
v -0.16250 -0.22695 -0.30840
v -0.16250 -0.22695 -0.30840
v -0.16250 -0.22695 -0.30840
v -0.16250 -0.22695 -0.30840
v -0.19657 -0.29257 -0.31159
v -0.19657 -0.29257 -0.31159
v -0.19657 -0.29257 -0.31159
v -0.19657 -0.29257 -0.31159
v -0.19657 -0.29257 -0.31159
v -0.19086 -0.32557 0.28148
v -0.19086 -0.32557 0.28148
v -0.19086 -0.32557 0.28148
v -0.19086 -0.32557 0.28148
v -0.19086 -0.32557 0.28148
v -0.19096 -0.32564 -0.28346
v -0.19096 -0.32564 -0.28346
v -0.19096 -0.32564 -0.28346
v -0.19096 -0.32564 -0.28346
v -0.19096 -0.32564 -0.28346
v -0.19096 -0.32564 -0.28346
v -0.19096 -0.32564 -0.28346
v -0.15483 -0.40204 0.28208
v -0.15483 -0.40204 0.28208
v -0.15483 -0.40204 0.28208
v -0.19429 -0.28571 0.31202
v -0.19429 -0.28571 0.31202
v -0.19429 -0.28571 0.31202
v -0.19206 -0.29507 0.28315
v -0.19206 -0.29507 0.28315
v -0.19206 -0.29507 0.28315
v -0.19206 -0.29507 0.28315
v -0.19206 -0.29507 0.28315
v -0.18261 -0.28400 0.31082
v -0.18261 -0.28400 0.31082
v -0.18261 -0.28400 0.31082
v -0.19199 -0.29454 -0.28504
v -0.19199 -0.29454 -0.28504
v -0.19199 -0.29454 -0.28504
v -0.19199 -0.29454 -0.28504
v -0.14199 -0.40196 -0.28388
v -0.14199 -0.40196 -0.28388
v -0.14199 -0.40196 -0.28388
v -0.14199 -0.40196 -0.28388
v -0.16948 -0.28568 -0.38633
v -0.16948 -0.28568 -0.38633
v -0.16228 -0.40045 -0.32596
v -0.16228 -0.40045 -0.32596
v -0.16228 -0.40045 -0.32596
v -0.16228 -0.40045 -0.32596
v -0.16228 -0.40045 -0.32596
v -0.16104 -0.00719 0.24191
v -0.16666 -0.27455 -0.31319
v -0.16666 -0.27455 -0.31319
v -0.16666 -0.27455 -0.31319
v -0.16666 -0.27455 -0.31319
v -0.16666 -0.27455 -0.31319
v -0.17809 -0.29989 0.27257
v -0.17809 -0.29989 0.27257
v -0.17809 -0.29989 0.27257
v -0.17756 -0.34350 -0.31334
v -0.17756 -0.34350 -0.31334
v -0.17756 -0.34350 -0.31334
v -0.18301 -0.33887 -0.31292
v -0.17873 -0.31741 0.27215
v -0.17873 -0.31741 0.27215
v -0.17873 -0.31741 0.27215
v -0.17873 -0.31741 0.27215
v -0.17817 -0.29989 -0.27439
v -0.17817 -0.29989 -0.27439
v -0.17817 -0.29989 -0.27439
v -0.17817 -0.29989 -0.27439
v -0.17817 -0.29989 -0.27439
v -0.16501 -0.31119 0.37575
v -0.16501 -0.31119 0.37575
v -0.16501 -0.31119 0.37575
v -0.16501 -0.31119 0.37575
v -0.18242 -0.32094 0.26844
v -0.18242 -0.32094 0.26844
v -0.18242 -0.32094 0.26844
v -0.18242 -0.32094 0.26844
v -0.16172 -0.40017 0.30670
v -0.16172 -0.40017 0.30670
v -0.16172 -0.40017 0.30670
v -0.16172 -0.40017 0.30670
v -0.16172 -0.40017 0.30670
v -0.17602 -0.38865 0.39404
v -0.17602 -0.38865 0.39404
v -0.17602 -0.38865 0.39404
v -0.17105 -0.34426 -0.31076
v -0.17105 -0.34426 -0.31076
v -0.17105 -0.34426 -0.31076
v -0.16520 -0.27986 -0.28410
v -0.16520 -0.27986 -0.28410
v -0.16520 -0.27986 -0.28410
v -0.16520 -0.27986 -0.28410
v -0.16520 -0.27986 -0.28410
v -0.16520 -0.27986 -0.28410
v -0.16520 -0.27986 -0.28410
v -0.16520 -0.27986 -0.28410
v -0.16520 -0.27986 -0.28410
v -0.16373 -0.22731 -0.39559
v -0.16373 -0.22731 -0.39559
v -0.16373 -0.22731 -0.39559
v -0.17821 -0.29977 0.27070
v -0.17821 -0.29977 0.27070
v -0.17821 -0.29977 0.27070
v -0.17821 -0.29977 0.27070
v -0.17821 -0.29977 0.27070
v -0.17821 -0.29977 0.27070
v -0.17874 -0.31569 -0.27423
v -0.17874 -0.31569 -0.27423
v -0.17874 -0.31569 -0.27423
v -0.16323 -0.29347 0.27167
v -0.16323 -0.29347 0.27167
v -0.16323 -0.29347 0.27167
v -0.16323 -0.29347 0.27167
v -0.16323 -0.29347 0.27167
v -0.16323 -0.29347 0.27167
v -0.16323 -0.29347 0.27167
v -0.16323 -0.29347 0.27167
v -0.16380 -0.31770 -0.37748
v -0.16380 -0.31770 -0.37748
v -0.16380 -0.31770 -0.37748
v -0.16380 -0.31770 -0.37748
v -0.16917 -0.32503 -0.27433
v -0.16917 -0.32503 -0.27433
v -0.16917 -0.32503 -0.27433
v -0.16917 -0.32503 -0.27433
v -0.16917 -0.32503 -0.27433
v -0.17514 -0.32114 -0.27427
v -0.17514 -0.32114 -0.27427
v -0.17514 -0.32114 -0.27427
v -0.17514 -0.32114 -0.27427
v -0.16297 -0.27366 0.31148
v -0.16297 -0.27366 0.31148
v -0.16370 -0.22706 0.30665
v -0.16370 -0.22706 0.30665
v -0.16370 -0.22706 0.30665
v -0.16370 -0.22706 0.30665
v -0.17099 -0.27826 -0.31275
v -0.17099 -0.27826 -0.31275
v -0.17099 -0.27826 -0.31275
v -0.16352 -0.31700 0.37607
v -0.16352 -0.31700 0.37607
v -0.16352 -0.31700 0.37607
v -0.16884 -0.29553 -0.27363
v -0.16884 -0.29553 -0.27363
v -0.16884 -0.29553 -0.27363
v -0.16884 -0.29553 -0.27363
v -0.16884 -0.29553 -0.27363
v -0.16486 -0.28969 0.26926
v -0.16486 -0.28969 0.26926
v -0.16486 -0.28969 0.26926
v -0.16486 -0.28969 0.26926
v -0.16486 -0.28969 0.26926
v -0.16486 -0.28969 0.26926
v -0.16560 -0.34583 -0.38771
v -0.16560 -0.34583 -0.38771
v -0.16560 -0.34583 -0.38771
v -0.16354 -0.34266 -0.28514
v -0.16354 -0.34266 -0.28514
v -0.16354 -0.34266 -0.28514
v -0.16354 -0.34266 -0.28514
v -0.16354 -0.34266 -0.28514
v -0.16600 -0.27994 0.28288
v -0.16600 -0.27994 0.28288
v -0.16600 -0.27994 0.28288
v -0.14745 -0.23734 0.39380
v -0.14745 -0.23734 0.39380
v -0.14745 -0.23734 0.39380
v -0.14745 -0.23734 0.39380
v -0.14745 -0.23734 0.39380
v -0.14745 -0.23734 0.39380
v -0.17226 -0.34429 0.31093
v -0.17226 -0.34429 0.31093
v -0.17226 -0.34429 0.31093
v -0.17226 -0.34429 0.31093
v -0.16728 -0.32514 0.27232
v -0.16728 -0.32514 0.27232
v -0.16728 -0.32514 0.27232
v -0.16728 -0.32514 0.27232
v -0.16728 -0.32514 0.27232
v -0.16386 -0.34238 0.28354
v -0.16386 -0.34238 0.28354
v -0.16386 -0.34238 0.28354
v -0.16386 -0.34238 0.28354
v -0.16386 -0.34238 0.28354
v -0.15542 -0.39660 -0.39609
v -0.15542 -0.39660 -0.39609
v -0.15542 -0.39660 -0.39609
v -0.15542 -0.39660 -0.39609
v -0.15542 -0.39660 -0.39609
v -0.15542 -0.39660 -0.39609
v -0.16329 -0.39715 -0.34179
v -0.16329 -0.39715 -0.34179
v -0.16329 -0.39715 -0.34179
v -0.16329 -0.39715 -0.34179
v -0.16329 -0.39715 -0.34179
v -0.16321 -0.39697 -0.37080
v -0.16321 -0.39697 -0.37080
v -0.16321 -0.39697 -0.37080
v -0.16070 -0.28245 0.38515
v -0.16070 -0.28245 0.38515
v -0.16070 -0.28245 0.38515
v -0.16351 -0.30777 -0.37738
v -0.16351 -0.30777 -0.37738
v -0.16308 -0.34809 -0.31100
v -0.16308 -0.34809 -0.31100
v -0.16308 -0.34809 -0.31100
v -0.16051 -0.34868 0.31306
v -0.16051 -0.34868 0.31306
v -0.16051 -0.34868 0.31306
v -0.16051 -0.34868 0.31306
v -0.16323 -0.39967 -0.33677
v -0.16323 -0.39967 -0.33677
v -0.16323 -0.39967 -0.33677
v -0.15671 -0.40011 -0.31176
v -0.15671 -0.40011 -0.31176
v -0.15671 -0.40011 -0.31176
v -0.15671 -0.40011 -0.31176
v -0.15671 -0.40011 -0.31176
v -0.15671 -0.40011 -0.31176
v -0.10649 -0.43350 -0.28410
v -0.10649 -0.43350 -0.28410
v -0.10649 -0.43350 -0.28410
v -0.10649 -0.43350 -0.28410
v -0.16512 -0.29262 -0.27376
v -0.16512 -0.29262 -0.27376
v -0.16512 -0.29262 -0.27376
v -0.16512 -0.29262 -0.27376
v -0.16300 -0.40091 0.38833
v -0.16300 -0.40091 0.38833
v -0.15717 -0.40089 0.39511
v -0.15717 -0.40089 0.39511
v -0.15717 -0.40089 0.39511
v -0.15717 -0.40089 0.39511
v -0.15717 -0.40089 0.39511
v -0.15717 -0.40089 0.39511
v 0.02776 -0.40168 -0.40802
v 0.02776 -0.40168 -0.40802
v 0.02776 -0.40168 -0.40802
v 0.02776 -0.40168 -0.40802
v 0.02776 -0.40168 -0.40802
v 0.02776 -0.40168 -0.40802
v -0.15618 -0.34730 -0.31337
v -0.15618 -0.34730 -0.31337
v -0.15618 -0.34730 -0.31337
v -0.15523 -0.39530 0.39471
v -0.15523 -0.39530 0.39471
v -0.15523 -0.39530 0.39471
v -0.15523 -0.39530 0.39471
v -0.15504 -0.39469 -0.30790
v -0.15504 -0.39469 -0.30790
v -0.15504 -0.39469 -0.30790
v -0.15504 -0.39469 -0.30790
v -0.15504 -0.39469 -0.30790
v -0.16270 -0.32696 -0.27445
v -0.16270 -0.32696 -0.27445
v -0.16270 -0.32696 -0.27445
v -0.16270 -0.32696 -0.27445
v -0.16270 -0.32696 -0.27445
v -0.16040 -0.27606 0.31074
v -0.16040 -0.27606 0.31074
v -0.16040 -0.27606 0.31074
v -0.16040 -0.27606 0.31074
v -0.16040 -0.27606 0.31074
v -0.13377 -0.29403 0.38578
v -0.13377 -0.29403 0.38578
v -0.15922 -0.32632 -0.27220
v -0.15922 -0.32632 -0.27220
v -0.15487 -0.29762 -0.27422
v -0.15487 -0.29762 -0.27422
v -0.15487 -0.29762 -0.27422
v -0.15487 -0.29762 -0.27422
v -0.15487 -0.29762 -0.27422
v -0.15893 -0.34614 -0.31118
v -0.15893 -0.34614 -0.31118
v -0.15110 -0.32094 0.27247
v -0.15110 -0.32094 0.27247
v -0.15110 -0.32094 0.27247
v -0.15110 -0.32094 0.27247
v -0.15110 -0.32094 0.27247
v -0.15742 -0.39896 0.30777
v -0.15742 -0.39896 0.30777
v -0.15742 -0.39896 0.30777
v -0.15742 -0.39896 0.30777
v -0.15665 -0.27819 -0.31278
v -0.15665 -0.27819 -0.31278
v -0.14443 -0.23893 -0.39541
v -0.14443 -0.23893 -0.39541
v -0.14443 -0.23893 -0.39541
v -0.15575 -0.40112 0.30206
v -0.15575 -0.40112 0.30206
v -0.15575 -0.40112 0.30206
v -0.15575 -0.40112 0.30206
v -0.15575 -0.40112 0.30206
v -0.15575 -0.40112 0.30206
v -0.13738 -0.29297 0.28315
v -0.13738 -0.29297 0.28315
v -0.13738 -0.29297 0.28315
v -0.13738 -0.29297 0.28315
v -0.13738 -0.29297 0.28315
v -0.14748 -0.29950 -0.27094
v -0.14748 -0.29950 -0.27094
v -0.14748 -0.29950 -0.27094
v -0.14748 -0.29950 -0.27094
v -0.14748 -0.29950 -0.27094
v -0.14748 -0.29950 -0.27094
v -0.15605 -0.39828 -0.30849
v -0.15605 -0.39828 -0.30849
v -0.15605 -0.39828 -0.30849
v -0.15487 -0.29760 0.27137
v -0.15487 -0.29760 0.27137
v -0.15487 -0.29760 0.27137
v -0.15487 -0.29760 0.27137
v -0.13849 -0.29818 -0.38602
v -0.13849 -0.29818 -0.38602
v -0.13849 -0.29818 -0.38602
v -0.13849 -0.29818 -0.38602
v -0.13849 -0.29818 -0.38602
v -0.14800 -0.29820 0.27516
v -0.14800 -0.29820 0.27516
v -0.14800 -0.29820 0.27516
v -0.14800 -0.29820 0.27516
v -0.13599 -0.38293 0.30656
v -0.13599 -0.38293 0.30656
v -0.13599 -0.38293 0.30656
v -0.10919 -0.25991 -0.39541
v -0.10919 -0.25991 -0.39541
v -0.10919 -0.25991 -0.39541
v -0.10919 -0.25991 -0.39541
v -0.12740 -0.37780 -0.39534
v -0.12740 -0.37780 -0.39534
v -0.12740 -0.37780 -0.39534
v -0.12740 -0.37780 -0.39534
v -0.15728 -0.40038 0.35724
v -0.15728 -0.40038 0.35724
v -0.15728 -0.40038 0.35724
v -0.15526 -0.39685 0.35123
v -0.15526 -0.39685 0.35123
v -0.15526 -0.39685 0.35123
v -0.15526 -0.39685 0.35123
v -0.15620 -0.40057 -0.32481
v -0.15620 -0.40057 -0.32481
v -0.15620 -0.40057 -0.32481
v -0.15620 -0.40057 -0.32481
v -0.15802 -0.39968 -0.33806
v -0.15802 -0.39968 -0.33806
v -0.15802 -0.39968 -0.33806
v -0.15802 -0.39968 -0.33806
v -0.15452 -0.39703 -0.31700
v -0.15452 -0.39703 -0.31700
v -0.15131 -0.32271 -0.27090
v -0.15131 -0.32271 -0.27090
v -0.15131 -0.32271 -0.27090
v -0.15131 -0.32271 -0.27090
v -0.15131 -0.32271 -0.27090
v -0.14538 -0.31668 0.26852
v -0.14538 -0.31668 0.26852
v -0.14538 -0.31668 0.26852
v -0.14538 -0.31668 0.26852
v -0.14538 -0.31668 0.26852
v -0.15617 -0.39859 0.37916
v -0.15617 -0.39859 0.37916
v -0.15617 -0.39859 0.37916
v -0.15617 -0.39859 0.37916
v -0.15617 -0.39859 0.37916
v -0.15617 -0.39859 0.37916
v -0.15617 -0.39859 0.37916
v -0.15602 -0.39972 -0.37050
v -0.15602 -0.39972 -0.37050
v -0.15602 -0.39972 -0.37050
v -0.15602 -0.39972 -0.37050
v -0.15288 -0.32083 -0.27442
v -0.15288 -0.32083 -0.27442
v -0.12786 -0.33063 -0.31343
v -0.12786 -0.33063 -0.31343
v -0.12786 -0.33063 -0.31343
v -0.12786 -0.33063 -0.31343
v -0.12786 -0.33063 -0.31343
v -0.12786 -0.33063 -0.31343
v -0.13292 -0.33201 -0.38824
v -0.13292 -0.33201 -0.38824
v -0.13292 -0.33201 -0.38824
v -0.13292 -0.33201 -0.38824
v -0.13292 -0.33201 -0.38824
v -0.13810 -0.32904 0.38476
v -0.13810 -0.32904 0.38476
v -0.14749 -0.29961 0.26937
v -0.14749 -0.29961 0.26937
v -0.14749 -0.29961 0.26937
v -0.14749 -0.29961 0.26937
v -0.15001 -0.30152 -0.27440
v -0.15001 -0.30152 -0.27440
v -0.15001 -0.30152 -0.27440
v -0.15001 -0.30152 -0.27440
v -0.13684 -0.29280 -0.28363
v -0.13684 -0.29280 -0.28363
v -0.13684 -0.29280 -0.28363
v -0.13684 -0.29280 -0.28363
v -0.13684 -0.29280 -0.28363
v -0.13684 -0.29280 -0.28363
v -0.13684 -0.29280 -0.28363
v -0.13684 -0.29280 -0.28363
v -0.13684 -0.29280 -0.28363
v -0.13942 -0.33859 0.31330
v -0.13942 -0.33859 0.31330
v -0.13942 -0.33859 0.31330
v -0.13942 -0.33859 0.31330
v -0.14253 -0.38778 -0.30850
v -0.14253 -0.38778 -0.30850
v -0.13170 -0.28984 0.31076
v -0.13170 -0.28984 0.31076
v -0.13170 -0.28984 0.31076
v -0.13170 -0.28984 0.31076
v -0.13170 -0.28984 0.31076
v -0.13757 -0.28384 -0.31395
v -0.13757 -0.28384 -0.31395
v -0.13757 -0.28384 -0.31395
v -0.13757 -0.28384 -0.31395
v -0.12953 -0.24654 0.30662
v -0.12953 -0.24654 0.30662
v -0.12953 -0.24654 0.30662
v -0.12953 -0.24654 0.30662
v -0.12953 -0.24654 0.30662
v 0.01025 -0.40169 0.40616
v 0.01025 -0.40169 0.40616
v -0.13501 -0.32580 -0.28494
v -0.13501 -0.32580 -0.28494
v -0.13501 -0.32580 -0.28494
v -0.13501 -0.32580 -0.28494
v -0.13501 -0.32580 -0.28494
v -0.11698 -0.37045 0.39357
v -0.11698 -0.37045 0.39357
v -0.13516 -0.32585 0.28303
v -0.13516 -0.32585 0.28303
v -0.13516 -0.32585 0.28303
v -0.13516 -0.32585 0.28303
v -0.13516 -0.32585 0.28303
v -0.13516 -0.32585 0.28303
v -0.13516 -0.32585 0.28303
v -0.14973 -0.30152 0.27141
v -0.14973 -0.30152 0.27141
v -0.14973 -0.30152 0.27141
v -0.14973 -0.30152 0.27141
v -0.14973 -0.30152 0.27141
v -0.13688 -0.28771 -0.31227
v -0.13688 -0.28771 -0.31227
v -0.13688 -0.28771 -0.31227
v -0.13688 -0.28771 -0.31227
v -0.14903 -0.31657 -0.27425
v -0.14903 -0.31657 -0.27425
v -0.14903 -0.31657 -0.27425
v -0.14903 -0.31657 -0.27425
v -0.12306 -0.25044 -0.30829
v -0.12306 -0.25044 -0.30829
v -0.12306 -0.25044 -0.30829
v -0.14924 -0.31464 0.27227
v -0.14924 -0.31464 0.27227
v -0.14924 -0.31464 0.27227
v -0.14924 -0.31464 0.27227
v -0.14924 -0.31464 0.27227
v -0.14924 -0.31464 0.27227
v -0.14542 -0.32093 -0.27031
v -0.14542 -0.32093 -0.27031
v -0.14542 -0.32093 -0.27031
v -0.14542 -0.32093 -0.27031
v -0.14542 -0.32093 -0.27031
v -0.14542 -0.32093 -0.27031
v -0.13936 -0.33450 -0.31087
v -0.13936 -0.33450 -0.31087
v -0.13936 -0.33450 -0.31087
v -0.13936 -0.33450 -0.31087
v -0.13936 -0.33450 -0.31087
v -0.12990 -0.28781 0.31234
v -0.12990 -0.28781 0.31234
v -0.13881 -0.33717 0.31324
v -0.13881 -0.33717 0.31324
v -0.13881 -0.33717 0.31324
v -0.12891 -0.32816 0.30942
v -0.12891 -0.32816 0.30942
v -0.12891 -0.32816 0.30942
v -0.13177 -0.29118 -0.30912
v -0.13177 -0.29118 -0.30912
v -0.13177 -0.29118 -0.30912
v 0.02599 -0.32965 -0.26940
v 0.02599 -0.32965 -0.26940
v 0.02599 -0.32965 -0.26940
v 0.02599 -0.32965 -0.26940
v 0.02599 -0.32965 -0.26940
v -0.09045 -0.26980 0.30689
v -0.09045 -0.26980 0.30689
v -0.09045 -0.26980 0.30689
v -0.09045 -0.26980 0.30689
v -0.09045 -0.26980 0.30689
v -0.13013 -0.28997 -0.31326
v -0.13013 -0.28997 -0.31326
v -0.13013 -0.28997 -0.31326
v -0.13013 -0.28997 -0.31326
v -0.13013 -0.28997 -0.31326
v -0.13376 -0.29146 0.30099
v -0.13376 -0.29146 0.30099
v -0.13104 -0.33114 0.31301
v -0.13104 -0.33114 0.31301
v -0.12733 -0.31842 0.31280
v -0.12733 -0.31842 0.31280
v -0.12733 -0.31842 0.31280
v -0.12733 -0.31842 0.31280
v -0.12733 -0.31842 0.31280
v -0.12733 -0.31842 0.31280
v -0.12382 -0.32892 0.31307
v -0.12382 -0.32892 0.31307
v -0.12382 -0.32892 0.31307
v -0.12382 -0.32892 0.31307
v -0.12382 -0.32892 0.31307
v -0.12382 -0.32892 0.31307
v -0.01469 -0.40186 0.28213
v -0.01469 -0.40186 0.28213
v -0.01469 -0.40186 0.28213
v -0.01469 -0.40186 0.28213
v -0.01469 -0.40186 0.28213
v -0.01469 -0.40186 0.28213
v -0.01469 -0.40186 0.28213
v -0.01469 -0.40186 0.28213
v -0.01469 -0.40186 0.28213
v -0.01469 -0.40186 0.28213
v -0.12990 -0.30209 -0.31233
v -0.12990 -0.30209 -0.31233
v -0.12990 -0.30209 -0.31233
v -0.09044 -0.27146 -0.39511
v -0.09044 -0.27146 -0.39511
v -0.09044 -0.27146 -0.39511
v -0.09044 -0.27146 -0.39511
v -0.09044 -0.27146 -0.39511
v -0.12555 -0.29925 -0.31482
v -0.12555 -0.29925 -0.31482
v -0.12555 -0.29925 -0.31482
v -0.12555 -0.29925 -0.31482
v -0.10877 -0.36477 0.30672
v -0.10877 -0.36477 0.30672
v -0.10877 -0.36477 0.30672
v -0.08885 -0.35046 0.39266
v -0.08885 -0.35046 0.39266
v -0.08885 -0.35046 0.39266
v -0.08885 -0.35046 0.39266
v -0.08886 -0.35053 -0.39522
v -0.08886 -0.35053 -0.39522
v -0.08886 -0.35053 -0.39522
v -0.08886 -0.35053 -0.39522
v -0.09035 -0.27140 0.39338
v -0.09035 -0.27140 0.39338
v -0.09035 -0.27140 0.39338
v -0.09035 -0.27140 0.39338
v -0.09035 -0.27140 0.39338
v -0.08847 -0.35084 0.30675
v -0.08847 -0.35084 0.30675
v -0.08847 -0.35084 0.30675
v -0.08847 -0.35084 0.30675
v -0.08847 -0.35084 0.30675
v -0.09034 -0.26965 -0.30841
v -0.09034 -0.26965 -0.30841
v -0.09034 -0.26965 -0.30841
v -0.08856 -0.35069 -0.30845
v -0.08856 -0.35069 -0.30845
v -0.08856 -0.35069 -0.30845
v -0.08856 -0.35069 -0.30845
v -0.08856 -0.35069 -0.30845
v -0.08856 -0.35069 -0.30845
v 0.07329 -0.02476 0.30855
v 0.07329 -0.02476 0.30855
v 0.07329 -0.02476 0.30855
v -0.02276 -0.40183 -0.28397
v -0.02276 -0.40183 -0.28397
v -0.02276 -0.40183 -0.28397
v -0.02276 -0.40183 -0.28397
v -0.02276 -0.40183 -0.28397
v -0.02276 -0.40183 -0.28397
v -0.02276 -0.40183 -0.28397
v -0.02568 -0.43388 0.28258
v -0.02568 -0.43388 0.28258
v -0.02568 -0.43388 0.28258
v -0.02568 -0.43388 0.28258
v 0.14198 -0.20904 -0.27607
v 0.14198 -0.20904 -0.27607
v 0.14198 -0.20904 -0.27607
v 0.15579 -0.43391 0.40599
v 0.15579 -0.43391 0.40599
v 0.15579 -0.43391 0.40599
v -0.05009 -0.27176 -0.30823
v -0.05009 -0.27176 -0.30823
v -0.05009 -0.27176 -0.30823
v -0.05009 -0.27176 -0.30823
v -0.05009 -0.27176 -0.30823
v -0.05009 -0.27176 -0.30823
v -0.05016 -0.27299 -0.39557
v -0.05016 -0.27299 -0.39557
v -0.05016 -0.27299 -0.39557
v -0.05035 -0.35029 -0.39580
v -0.05035 -0.35029 -0.39580
v -0.05035 -0.35029 -0.39580
v -0.05035 -0.35029 -0.39580
v -0.05035 -0.35029 -0.39580
v -0.05035 -0.35029 -0.39580
v -0.05025 -0.35060 -0.30823
v -0.05025 -0.35060 -0.30823
v -0.05025 -0.35060 -0.30823
v -0.05025 -0.35060 -0.30823
v -0.05025 -0.35060 -0.30823
v -0.05025 -0.35060 -0.30823
v -0.05023 -0.35066 0.39373
v -0.05023 -0.35066 0.39373
v -0.05023 -0.35066 0.39373
v -0.05023 -0.35066 0.39373
v -0.05023 -0.35066 0.39373
v -0.05023 -0.35066 0.39373
v -0.05026 -0.27349 0.39353
v -0.05026 -0.27349 0.39353
v -0.05026 -0.27349 0.39353
v -0.05026 -0.27349 0.39353
v -0.05026 -0.27349 0.39353
v -0.05026 -0.27349 0.39353
v -0.05026 -0.27349 0.39353
v -0.05026 -0.27349 0.39353
v -0.05053 -0.34976 0.30648
v -0.05053 -0.34976 0.30648
v -0.05053 -0.34976 0.30648
v -0.05053 -0.34976 0.30648
v -0.05009 -0.27163 0.30656
v -0.05009 -0.27163 0.30656
v -0.05009 -0.27163 0.30656
v -0.01259 -0.28991 0.31185
v -0.01259 -0.28991 0.31185
v -0.01259 -0.28991 0.31185
v -0.01259 -0.28991 0.31185
v -0.01259 -0.28991 0.31185
v -0.01250 -0.29202 -0.31328
v -0.01250 -0.29202 -0.31328
v -0.01250 -0.29202 -0.31328
v -0.01250 -0.29202 -0.31328
v -0.00774 -0.29455 -0.38802
v -0.00774 -0.29455 -0.38802
v -0.00774 -0.29455 -0.38802
v -0.00774 -0.29455 -0.38802
v -0.00207 -0.38201 0.30663
v -0.00207 -0.38201 0.30663
v -0.00207 -0.38201 0.30663
v -0.00207 -0.38201 0.30663
v -0.00207 -0.38201 0.30663
v -0.01501 -0.24879 0.30664
v -0.01501 -0.24879 0.30664
v -0.01501 -0.24879 0.30664
v -0.01000 -0.37638 -0.39529
v -0.01000 -0.37638 -0.39529
v -0.01000 -0.37638 -0.39529
v -0.01000 -0.37638 -0.39529
v -0.02280 -0.25457 -0.39535
v -0.02280 -0.25457 -0.39535
v -0.02280 -0.25457 -0.39535
v -0.02280 -0.25457 -0.39535
v -0.01266 -0.33074 -0.31290
v -0.01266 -0.33074 -0.31290
v -0.01266 -0.33074 -0.31290
v -0.00617 -0.33244 -0.38796
v -0.00617 -0.33244 -0.38796
v -0.00617 -0.33244 -0.38796
v -0.01289 -0.33057 0.31144
v -0.01289 -0.33057 0.31144
v -0.01289 -0.33057 0.31144
v -0.01289 -0.33057 0.31144
v -0.00365 -0.32836 0.38412
v -0.00365 -0.32836 0.38412
v 0.08813 -0.40184 -0.40823
v 0.08813 -0.40184 -0.40823
v 0.08813 -0.40184 -0.40823
v 0.08813 -0.40184 -0.40823
v 0.08813 -0.40184 -0.40823
v 0.08813 -0.40184 -0.40823
v 0.02086 -0.39642 0.30674
v 0.02086 -0.39642 0.30674
v 0.02086 -0.39642 0.30674
v 0.02086 -0.39642 0.30674
v 0.02086 -0.39642 0.30674
v -0.02878 -0.25836 0.39344
v -0.02878 -0.25836 0.39344
v -0.02878 -0.25836 0.39344
v 0.01704 -0.28028 0.38610
v 0.01704 -0.28028 0.38610
v 0.01704 -0.28028 0.38610
v 0.01704 -0.28028 0.38610
v 0.01852 -0.27181 -0.31422
v 0.01852 -0.27181 -0.31422
v 0.01852 -0.27181 -0.31422
v 0.01852 -0.27181 -0.31422
v -0.00807 -0.29169 0.38572
v -0.00807 -0.29169 0.38572
v 0.01120 -0.01868 -0.14994
v 0.02064 -0.40056 0.36915
v 0.02064 -0.40056 0.36915
v 0.02064 -0.40056 0.36915
v 0.02064 -0.40056 0.36915
v -0.00195 -0.38185 -0.30833
v -0.00195 -0.38185 -0.30833
v -0.00195 -0.38185 -0.30833
v -0.00195 -0.38185 -0.30833
v -0.00195 -0.38185 -0.30833
v 0.00035 -0.33744 -0.31324
v 0.00035 -0.33744 -0.31324
v 0.02086 -0.34302 -0.38700
v 0.02086 -0.34302 -0.38700
v 0.02086 -0.34302 -0.38700
v -0.00042 -0.23971 -0.30838
v -0.00042 -0.23971 -0.30838
v 0.01930 -0.22704 0.30678
v 0.01930 -0.22704 0.30678
v 0.01930 -0.22704 0.30678
v 0.01930 -0.22704 0.30678
v 0.01930 -0.22704 0.30678
v -0.00294 -0.33649 -0.31309
v -0.00294 -0.33649 -0.31309
v 0.00490 -0.28003 0.31277
v 0.00490 -0.28003 0.31277
v 0.00490 -0.28003 0.31277
v 0.00490 -0.28003 0.31277
v -0.01098 -0.32763 0.30778
v -0.01098 -0.32763 0.30778
v -0.01098 -0.32763 0.30778
v -0.01098 -0.32763 0.30778
v -0.01098 -0.32763 0.30778
v -0.01051 -0.32724 -0.31067
v -0.01051 -0.32724 -0.31067
v -0.01051 -0.32724 -0.31067
v -0.01051 -0.32724 -0.31067
v -0.01005 -0.29153 -0.31153
v -0.01005 -0.29153 -0.31153
v -0.01005 -0.29153 -0.31153
v -0.01005 -0.29153 -0.31153
v -0.01005 -0.29153 -0.31153
v -0.01005 -0.29153 -0.31153
v -0.01005 -0.29153 -0.31153
v -0.01005 -0.29153 -0.31153
v 0.01615 -0.28209 -0.38700
v 0.01615 -0.28209 -0.38700
v 0.01615 -0.28209 -0.38700
v 0.01615 -0.28209 -0.38700
v 0.01615 -0.28209 -0.38700
v -0.00974 -0.29207 0.30735
v -0.00974 -0.29207 0.30735
v -0.00974 -0.29207 0.30735
v -0.00974 -0.29207 0.30735
v -0.00974 -0.29207 0.30735
v -0.00573 -0.33306 0.31074
v -0.00573 -0.33306 0.31074
v -0.00489 -0.28799 0.31110
v -0.00489 -0.28799 0.31110
v -0.00489 -0.28799 0.31110
v -0.00489 -0.28799 0.31110
v -0.00695 -0.33056 -0.31107
v -0.00695 -0.33056 -0.31107
v -0.00695 -0.33056 -0.31107
v -0.00695 -0.33056 -0.31107
v -0.00695 -0.33056 -0.31107
v -0.00546 -0.29356 0.28324
v -0.00546 -0.29356 0.28324
v -0.00546 -0.29356 0.28324
v -0.00546 -0.29356 0.28324
v -0.00431 -0.32586 0.28301
v -0.00431 -0.32586 0.28301
v -0.00431 -0.32586 0.28301
v -0.00431 -0.32586 0.28301
v -0.00431 -0.32586 0.28301
v -0.00431 -0.32586 0.28301
v 0.00078 -0.33640 0.31085
v 0.00078 -0.33640 0.31085
v 0.00078 -0.33640 0.31085
v 0.00078 -0.33640 0.31085
v 0.00078 -0.33640 0.31085
v 0.00078 -0.33640 0.31085
v 0.00078 -0.33640 0.31085
v 0.02159 -0.39735 -0.31954
v 0.02159 -0.39735 -0.31954
v 0.02159 -0.39735 -0.31954
v 0.02159 -0.39735 -0.31954
v 0.02159 -0.39735 -0.31954
v -0.00534 -0.32558 -0.28504
v -0.00534 -0.32558 -0.28504
v -0.00534 -0.32558 -0.28504
v -0.00534 -0.32558 -0.28504
v -0.00534 -0.32558 -0.28504
v -0.00534 -0.32558 -0.28504
v -0.00534 -0.32558 -0.28504
v -0.00534 -0.32558 -0.28504
v 0.00261 -0.28404 0.31088
v 0.00261 -0.28404 0.31088
v 0.00261 -0.28404 0.31088
v 0.00261 -0.28404 0.31088
v 0.01878 -0.39460 0.39395
v 0.01878 -0.39460 0.39395
v 0.01878 -0.39460 0.39395
v 0.01878 -0.39460 0.39395
v 0.01878 -0.39460 0.39395
v 0.01878 -0.39460 0.39395
v 0.01878 -0.39460 0.39395
v 0.01878 -0.39460 0.39395
v -0.00528 -0.29358 -0.28479
v -0.00528 -0.29358 -0.28479
v -0.00528 -0.29358 -0.28479
v -0.00528 -0.29358 -0.28479
v -0.00528 -0.29358 -0.28479
v 0.02313 -0.31113 -0.37705
v 0.02313 -0.31113 -0.37705
v 0.02313 -0.31113 -0.37705
v 0.01984 -0.30769 0.37585
v 0.01984 -0.30769 0.37585
v 0.01984 -0.30769 0.37585
v 0.01984 -0.30769 0.37585
v 0.02063 -0.22683 0.39399
v 0.02063 -0.22683 0.39399
v 0.02063 -0.22683 0.39399
v 0.02355 -0.34256 0.28495
v 0.02355 -0.34256 0.28495
v 0.02355 -0.34256 0.28495
v 0.02355 -0.34256 0.28495
v 0.02355 -0.34256 0.28495
v 0.02355 -0.34256 0.28495
v 0.03789 -0.30149 0.26939
v 0.03789 -0.30149 0.26939
v 0.03789 -0.30149 0.26939
v 0.03789 -0.30149 0.26939
v 0.03789 -0.30149 0.26939
v 0.03789 -0.30149 0.26939
v 0.03789 -0.30149 0.26939
v 0.02262 -0.39844 -0.37949
v 0.02262 -0.39844 -0.37949
v 0.02262 -0.39844 -0.37949
v 0.02262 -0.39844 -0.37949
v 0.02262 -0.39844 -0.37949
v 0.02261 -0.39653 -0.39589
v 0.02261 -0.39653 -0.39589
v 0.02261 -0.39653 -0.39589
v 0.02261 -0.39653 -0.39589
v 0.02261 -0.39653 -0.39589
v 0.02261 -0.39653 -0.39589
v 0.02261 -0.39653 -0.39589
v 0.02075 -0.27933 0.28292
v 0.02075 -0.27933 0.28292
v 0.02075 -0.27933 0.28292
v 0.02075 -0.27933 0.28292
v 0.02075 -0.27933 0.28292
v 0.02924 -0.23075 -0.30830
v 0.02924 -0.23075 -0.30830
v 0.02924 -0.23075 -0.30830
v 0.02924 -0.23075 -0.30830
v 0.02924 -0.23075 -0.30830
v 0.01381 -0.01867 0.14818
v 0.00885 -0.32279 0.26879
v 0.00885 -0.32279 0.26879
v 0.00885 -0.32279 0.26879
v 0.00885 -0.32279 0.26879
v 0.00885 -0.32279 0.26879
v 0.00885 -0.32279 0.26879
v 0.01295 -0.34373 -0.31153
v 0.01295 -0.34373 -0.31153
v 0.01295 -0.34373 -0.31153
v 0.01295 -0.34373 -0.31153
v 0.00671 -0.34464 0.31264
v 0.00671 -0.34464 0.31264
v 0.00671 -0.34464 0.31264
v 0.00671 -0.34464 0.31264
v 0.00674 -0.28200 -0.31294
v 0.00674 -0.28200 -0.31294
v 0.01473 -0.27418 0.31245
v 0.01473 -0.27418 0.31245
v 0.01473 -0.27418 0.31245
v 0.01473 -0.27418 0.31245
v 0.01473 -0.27418 0.31245
v 0.00909 -0.29989 -0.27306
v 0.00909 -0.29989 -0.27306
v 0.00909 -0.29989 -0.27306
v 0.00909 -0.29989 -0.27306
v 0.00813 -0.30303 0.27215
v 0.00813 -0.30303 0.27215
v 0.00813 -0.30303 0.27215
v 0.00813 -0.30303 0.27215
v 0.00768 -0.31706 0.27216
v 0.00768 -0.31706 0.27216
v 0.00768 -0.31706 0.27216
v 0.00768 -0.31706 0.27216
v 0.02064 -0.27567 -0.31157
v 0.02064 -0.27567 -0.31157
v 0.02064 -0.27567 -0.31157
v 0.01667 -0.29185 -0.27102
v 0.01667 -0.29185 -0.27102
v 0.01667 -0.29185 -0.27102
v 0.01667 -0.29185 -0.27102
v 0.06462 -0.40197 -0.28388
v 0.06462 -0.40197 -0.28388
v 0.06462 -0.40197 -0.28388
v 0.06462 -0.40197 -0.28388
v 0.06462 -0.40197 -0.28388
v 0.06462 -0.40197 -0.28388
v 0.02066 -0.22653 -0.30830
v 0.02066 -0.22653 -0.30830
v 0.02066 -0.22653 -0.30830
v 0.02066 -0.22653 -0.30830
v 0.02066 -0.22653 -0.30830
v 0.02345 -0.31447 0.37529
v 0.02345 -0.31447 0.37529
v 0.02345 -0.31447 0.37529
v 0.00844 -0.31754 -0.27424
v 0.00844 -0.31754 -0.27424
v 0.00844 -0.31754 -0.27424
v 0.01937 -0.40099 -0.36996
v 0.01937 -0.40099 -0.36996
v 0.02630 -0.32969 0.26842
v 0.02630 -0.32969 0.26842
v 0.02630 -0.32969 0.26842
v 0.02630 -0.32969 0.26842
v 0.02630 -0.32969 0.26842
v 0.02630 -0.32969 0.26842
v 0.02096 -0.35040 0.38669
v 0.02096 -0.35040 0.38669
v 0.02037 -0.31934 -0.37789
v 0.02037 -0.31934 -0.37789
v 0.01112 -0.34374 0.31180
v 0.01112 -0.34374 0.31180
v 0.01112 -0.34374 0.31180
v 0.01428 -0.27826 0.31049
v 0.01428 -0.27826 0.31049
v 0.02257 -0.39656 -0.30833
v 0.02257 -0.39656 -0.30833
v 0.02257 -0.39656 -0.30833
v 0.02257 -0.39656 -0.30833
v 0.02257 -0.39656 -0.30833
v 0.01187 -0.29847 0.27211
v 0.01187 -0.29847 0.27211
v 0.01187 -0.29847 0.27211
v 0.01187 -0.29847 0.27211
v 0.01227 -0.32125 0.27212
v 0.01227 -0.32125 0.27212
v 0.01227 -0.32125 0.27212
v 0.01227 -0.32125 0.27212
v 0.03306 -0.02073 0.16749
v 0.03306 -0.02073 0.16749
v 0.03306 -0.02073 0.16749
v 0.03306 -0.02073 0.16749
v 0.01871 -0.34796 -0.31200
v 0.01871 -0.34796 -0.31200
v 0.01871 -0.34796 -0.31200
v 0.01871 -0.34796 -0.31200
v 0.01871 -0.34796 -0.31200
v 0.02257 -0.34812 0.31130
v 0.02257 -0.34812 0.31130
v 0.02257 -0.34812 0.31130
v 0.02257 -0.34812 0.31130
v 0.19227 -0.29957 0.26902
v 0.19227 -0.29957 0.26902
v 0.19227 -0.29957 0.26902
v 0.19227 -0.29957 0.26902
v 0.02700 -0.34911 0.31330
v 0.02700 -0.34911 0.31330
v 0.02700 -0.34911 0.31330
v 0.02700 -0.34911 0.31330
v 0.02700 -0.34911 0.31330
v 0.05686 -0.02276 -0.30298
v 0.03056 -0.39688 0.30716
v 0.03056 -0.39688 0.30716
v 0.03056 -0.39688 0.30716
v 0.03056 -0.39688 0.30716
v 0.03056 -0.39688 0.30716
v 0.03056 -0.39688 0.30716
v 0.03056 -0.39688 0.30716
v 0.03056 -0.39688 0.30716
v 0.03056 -0.39688 0.30716
v 0.03056 -0.39688 0.30716
v 0.02127 -0.22699 -0.39568
v 0.02127 -0.22699 -0.39568
v 0.02127 -0.22699 -0.39568
v 0.02127 -0.22699 -0.39568
v 0.01872 -0.26991 0.31223
v 0.01872 -0.26991 0.31223
v 0.01872 -0.26991 0.31223
v 0.02061 -0.27520 0.30940
v 0.02061 -0.27520 0.30940
v 0.02061 -0.27520 0.30940
v 0.02061 -0.27520 0.30940
v 0.02014 -0.32512 0.27224
v 0.02014 -0.32512 0.27224
v 0.02014 -0.32512 0.27224
v 0.02014 -0.32512 0.27224
v 0.02014 -0.32512 0.27224
v 0.02014 -0.32512 0.27224
v 0.02014 -0.32512 0.27224
v 0.02014 -0.32512 0.27224
v 0.02331 -0.34259 -0.28540
v 0.02331 -0.34259 -0.28540
v 0.02331 -0.34259 -0.28540
v 0.02057 -0.29177 -0.27633
v 0.02057 -0.29177 -0.27633
v 0.02057 -0.29177 -0.27633
v 0.02057 -0.29177 -0.27633
v 0.01846 -0.01822 -0.15526
v 0.01846 -0.01822 -0.15526
v 0.03865 -0.34110 -0.31321
v 0.03865 -0.34110 -0.31321
v 0.03865 -0.34110 -0.31321
v 0.03865 -0.34110 -0.31321
v 0.03865 -0.34110 -0.31321
v 0.02076 -0.27975 -0.28480
v 0.02076 -0.27975 -0.28480
v 0.02076 -0.27975 -0.28480
v 0.02076 -0.27975 -0.28480
v 0.01610 -0.29728 -0.27390
v 0.01610 -0.29728 -0.27390
v 0.01610 -0.29728 -0.27390
v 0.02252 -0.39879 -0.39029
v 0.02252 -0.39879 -0.39029
v 0.02252 -0.39879 -0.39029
v 0.02252 -0.39879 -0.39029
v 0.02252 -0.39879 -0.39029
v 0.02821 -0.40017 -0.31012
v 0.02821 -0.40017 -0.31012
v 0.02821 -0.40017 -0.31012
v 0.02821 -0.40017 -0.31012
v 0.02282 -0.39889 -0.30937
v 0.02282 -0.39889 -0.30937
v 0.02282 -0.39889 -0.30937
v 0.02282 -0.39889 -0.30937
v 0.02318 -0.29452 0.27129
v 0.02318 -0.29452 0.27129
v 0.02318 -0.29452 0.27129
v 0.02318 -0.29452 0.27129
v 0.02046 -0.29364 -0.27306
v 0.02046 -0.29364 -0.27306
v 0.02046 -0.29364 -0.27306
v 0.02428 -0.01802 0.15709
v 0.02428 -0.01802 0.15709
v 0.02255 -0.34707 -0.30962
v 0.02255 -0.34707 -0.30962
v 0.02255 -0.34707 -0.30962
v 0.02255 -0.34707 -0.30962
v 0.03298 -0.02075 -0.17145
v 0.03298 -0.02075 -0.17145
v 0.03298 -0.02075 -0.17145
v 0.03298 -0.02075 -0.17145
v 0.02294 -0.40110 0.38292
v 0.02294 -0.40110 0.38292
v 0.02294 -0.40110 0.38292
v 0.02234 -0.27428 0.31120
v 0.02234 -0.27428 0.31120
v 0.02234 -0.27428 0.31120
v 0.02234 -0.27428 0.31120
v 0.02336 -0.40081 -0.36325
v 0.02336 -0.40081 -0.36325
v 0.02030 -0.39812 0.33195
v 0.02030 -0.39812 0.33195
v 0.02030 -0.39812 0.33195
v 0.02030 -0.39812 0.33195
v 0.02607 -0.40010 0.39419
v 0.02607 -0.40010 0.39419
v 0.02607 -0.40010 0.39419
v 0.02607 -0.40010 0.39419
v 0.02607 -0.40010 0.39419
v 0.02607 -0.40010 0.39419
v 0.02538 -0.22884 0.30672
v 0.02538 -0.22884 0.30672
v 0.02538 -0.22884 0.30672
v 0.02538 -0.22884 0.30672
v 0.02538 -0.22884 0.30672
v 0.02538 -0.22884 0.30672
v 0.02538 -0.22884 0.30672
v 0.02538 -0.22884 0.30672
v 0.02954 -0.39870 -0.38964
v 0.02954 -0.39870 -0.38964
v 0.02954 -0.39870 -0.38964
v 0.02954 -0.39870 -0.38964
v 0.02954 -0.39870 -0.38964
v 0.02461 -0.29557 -0.27415
v 0.02461 -0.29557 -0.27415
v 0.02461 -0.29557 -0.27415
v 0.02461 -0.29557 -0.27415
v 0.02461 -0.29557 -0.27415
v 0.02385 -0.40051 0.30719
v 0.02385 -0.40051 0.30719
v 0.02385 -0.40051 0.30719
v 0.04797 -0.29543 -0.38656
v 0.04797 -0.29543 -0.38656
v 0.04797 -0.29543 -0.38656
v 0.04797 -0.29543 -0.38656
v 0.03402 -0.34226 -0.31122
v 0.03402 -0.34226 -0.31122
v 0.02405 -0.32618 0.27278
v 0.02405 -0.32618 0.27278
v 0.02444 -0.01814 -0.16081
v 0.02444 -0.01814 -0.16081
v 0.03012 -0.39661 0.39393
v 0.03012 -0.39661 0.39393
v 0.03012 -0.39661 0.39393
v 0.03012 -0.39661 0.39393
v 0.02444 -0.39907 -0.39594
v 0.02444 -0.39907 -0.39594
v 0.02444 -0.39907 -0.39594
v 0.02444 -0.39907 -0.39594
v 0.02936 -0.39831 -0.30847
v 0.02936 -0.39831 -0.30847
v 0.02936 -0.39831 -0.30847
v 0.02936 -0.39831 -0.30847
v 0.02936 -0.39831 -0.30847
v 0.02936 -0.39831 -0.30847
v 0.03097 -0.28384 0.28321
v 0.03097 -0.28384 0.28321
v 0.03097 -0.28384 0.28321
v 0.03097 -0.28384 0.28321
v 0.02861 -0.32296 0.27228
v 0.02861 -0.32296 0.27228
v 0.02861 -0.32296 0.27228
v 0.02860 -0.29742 0.27171
v 0.02860 -0.29742 0.27171
v 0.04879 -0.29742 0.38489
v 0.04879 -0.29742 0.38489
v 0.04879 -0.29742 0.38489
v 0.04879 -0.29742 0.38489
v 0.04019 -0.28180 0.31131
v 0.04019 -0.28180 0.31131
v 0.04019 -0.28180 0.31131
v 0.04301 -0.38784 -0.30849
v 0.04301 -0.38784 -0.30849
v 0.04301 -0.38784 -0.30849
v 0.04301 -0.38784 -0.30849
v 0.04301 -0.38784 -0.30849
v 0.07459 -0.36646 0.39287
v 0.07459 -0.36646 0.39287
v 0.07459 -0.36646 0.39287
v 0.04389 -0.28197 -0.31394
v 0.04389 -0.28197 -0.31394
v 0.04389 -0.28197 -0.31394
v 0.04609 -0.32794 0.38415
v 0.04609 -0.32794 0.38415
v 0.05273 -0.33298 -0.38813
v 0.05273 -0.33298 -0.38813
v 0.05273 -0.33298 -0.38813
v 0.02980 -0.39643 -0.39574
v 0.02980 -0.39643 -0.39574
v 0.02980 -0.39643 -0.39574
v 0.02980 -0.39643 -0.39574
v 0.02980 -0.39643 -0.39574
v 0.02980 -0.39643 -0.39574
v 0.02920 -0.40011 0.39128
v 0.02920 -0.40011 0.39128
v 0.02920 -0.40011 0.39128
v 0.02920 -0.40011 0.39128
v 0.03036 -0.01818 0.16289
v 0.03036 -0.01818 0.16289
v 0.03240 -0.28018 -0.31279
v 0.03240 -0.28018 -0.31279
v 0.03240 -0.28018 -0.31279
v 0.03240 -0.28018 -0.31279
v 0.03226 -0.34415 0.31089
v 0.03226 -0.34415 0.31089
v 0.03226 -0.34415 0.31089
v 0.06627 -0.25422 0.39357
v 0.06627 -0.25422 0.39357
v 0.06627 -0.25422 0.39357
v 0.03550 -0.30175 -0.27459
v 0.03550 -0.30175 -0.27459
v 0.03550 -0.30175 -0.27459
v 0.03550 -0.30175 -0.27459
v 0.05185 -0.32553 -0.28528
v 0.05185 -0.32553 -0.28528
v 0.05185 -0.32553 -0.28528
v 0.05185 -0.32553 -0.28528
v 0.05185 -0.32553 -0.28528
v 0.03606 -0.32282 0.26871
v 0.03606 -0.32282 0.26871
v 0.03606 -0.32282 0.26871
v 0.03606 -0.32282 0.26871
v 0.03606 -0.32282 0.26871
v 0.03606 -0.32282 0.26871
v 0.02937 -0.40077 -0.33151
v 0.02937 -0.40077 -0.33151
v 0.02937 -0.40077 -0.33151
v 0.02937 -0.40077 -0.33151
v 0.03143 -0.40042 -0.36965
v 0.03143 -0.40042 -0.36965
v 0.03143 -0.40042 -0.36965
v 0.03143 -0.40042 -0.36965
v 0.04087 -0.34137 0.31333
v 0.04087 -0.34137 0.31333
v 0.04087 -0.34137 0.31333
v 0.04087 -0.34137 0.31333
v 0.04087 -0.34137 0.31333
v 0.04087 -0.34137 0.31333
v 0.03014 -0.39667 -0.33542
v 0.03014 -0.39667 -0.33542
v 0.03014 -0.39667 -0.33542
v 0.03014 -0.39667 -0.33542
v 0.03014 -0.39667 -0.33542
v 0.03260 -0.39957 -0.32129
v 0.03260 -0.39957 -0.32129
v 0.03260 -0.39957 -0.32129
v 0.03260 -0.39957 -0.32129
v 0.03260 -0.39957 -0.32129
v 0.02919 -0.40031 -0.37828
v 0.02919 -0.40031 -0.37828
v 0.02919 -0.40031 -0.37828
v 0.02919 -0.40031 -0.37828
v 0.03624 -0.40087 -0.38941
v 0.03624 -0.40087 -0.38941
v 0.03624 -0.40087 -0.38941
v 0.02986 -0.40002 0.37519
v 0.02986 -0.40002 0.37519
v 0.02986 -0.40002 0.37519
v 0.02986 -0.40002 0.37519
v 0.02986 -0.40002 0.37519
v 0.02986 -0.40002 0.37519
v 0.03438 -0.30147 0.27220
v 0.03438 -0.30147 0.27220
v 0.03438 -0.30147 0.27220
v 0.03544 -0.40136 0.39146
v 0.03544 -0.40136 0.39146
v 0.05052 -0.32584 0.28304
v 0.05052 -0.32584 0.28304
v 0.05052 -0.32584 0.28304
v 0.05052 -0.32584 0.28304
v 0.05052 -0.32584 0.28304
v 0.05206 -0.38162 -0.39529
v 0.05206 -0.38162 -0.39529
v 0.05206 -0.38162 -0.39529
v 0.06265 -0.25198 -0.39538
v 0.06265 -0.25198 -0.39538
v 0.06265 -0.25198 -0.39538
v 0.06265 -0.25198 -0.39538
v 0.04432 -0.33693 -0.31304
v 0.04432 -0.33693 -0.31304
v 0.04432 -0.33693 -0.31304
v 0.03615 -0.31876 0.27244
v 0.03615 -0.31876 0.27244
v 0.03615 -0.31876 0.27244
v 0.03615 -0.31876 0.27244
v 0.03615 -0.31876 0.27244
v 0.03615 -0.31876 0.27244
v 0.03204 -0.40127 0.36682
v 0.03204 -0.40127 0.36682
v 0.03555 -0.02019 -0.17090
v 0.09649 -0.35049 -0.39521
v 0.09649 -0.35049 -0.39521
v 0.09649 -0.35049 -0.39521
v 0.09649 -0.35049 -0.39521
v 0.09649 -0.35049 -0.39521
v 0.04632 -0.28987 -0.28488
v 0.04632 -0.28987 -0.28488
v 0.04632 -0.28987 -0.28488
v 0.19104 -0.40165 0.40622
v 0.19104 -0.40165 0.40622
v 0.19104 -0.40165 0.40622
v 0.19104 -0.40165 0.40622
v 0.19104 -0.40165 0.40622
v 0.19104 -0.40165 0.40622
v 0.19104 -0.40165 0.40622
v 0.04794 -0.33449 0.31095
v 0.04794 -0.33449 0.31095
v 0.04794 -0.33449 0.31095
v 0.33025 -0.43377 -0.28442
v 0.33025 -0.43377 -0.28442
v 0.33025 -0.43377 -0.28442
v 0.33025 -0.43377 -0.28442
v 0.04399 -0.02023 0.17647
v 0.04399 -0.02023 0.17647
v 0.04399 -0.02023 0.17647
v 0.04970 -0.02209 0.18625
v 0.04970 -0.02209 0.18625
v 0.04970 -0.02209 0.18625
v 0.08328 -0.02354 -0.21517
v 0.08328 -0.02354 -0.21517
v 0.08328 -0.02354 -0.21517
v 0.05181 -0.02020 -0.18621
v 0.05181 -0.02020 -0.18621
v 0.04989 -0.29338 -0.28395
v 0.04989 -0.29338 -0.28395
v 0.04989 -0.29338 -0.28395
v 0.04989 -0.29338 -0.28395
v 0.04989 -0.29338 -0.28395
v 0.04989 -0.29338 -0.28395
v 0.04803 -0.29391 0.28299
v 0.04803 -0.29391 0.28299
v 0.04803 -0.29391 0.28299
v 0.04803 -0.29391 0.28299
v 0.04803 -0.29391 0.28299
v 0.04614 -0.28582 0.31104
v 0.04614 -0.28582 0.31104
v 0.04614 -0.28582 0.31104
v 0.06549 -0.02318 0.19976
v 0.06549 -0.02318 0.19976
v 0.05413 -0.29143 -0.30928
v 0.05413 -0.29143 -0.30928
v 0.05413 -0.29143 -0.30928
v 0.06146 -0.32949 -0.31367
v 0.06146 -0.32949 -0.31367
v 0.06146 -0.32949 -0.31367
v 0.06146 -0.32949 -0.31367
v 0.08005 -0.02455 0.21243
v 0.08005 -0.02455 0.21243
v 0.08005 -0.02455 0.21243
v 0.08005 -0.02455 0.21243
v 0.05796 -0.02266 -0.19482
v 0.05548 -0.28983 -0.31323
v 0.05548 -0.28983 -0.31323
v 0.05548 -0.28983 -0.31323
v 0.05548 -0.28983 -0.31323
v 0.05548 -0.28983 -0.31323
v 0.05548 -0.28983 -0.31323
v 0.05548 -0.28983 -0.31323
v 0.05238 -0.29049 0.30774
v 0.05238 -0.29049 0.30774
v 0.05238 -0.29049 0.30774
v 0.05238 -0.29049 0.30774
v 0.05238 -0.29049 0.30774
v 0.04987 -0.02038 0.18231
v 0.04987 -0.02038 0.18231
v 0.05667 -0.32809 0.30970
v 0.05667 -0.32809 0.30970
v 0.05667 -0.32809 0.30970
v 0.05667 -0.32809 0.30970
v 0.05667 -0.32809 0.30970
v 0.05667 -0.32809 0.30970
v 0.05667 -0.32809 0.30970
v 0.09466 -0.27144 0.39352
v 0.09466 -0.27144 0.39352
v 0.09466 -0.27144 0.39352
v 0.09466 -0.27144 0.39352
v 0.09466 -0.27144 0.39352
v 0.05368 -0.33466 0.31298
v 0.05368 -0.33466 0.31298
v 0.05368 -0.33466 0.31298
v 0.05368 -0.33466 0.31298
v 0.05903 -0.02230 0.19058
v 0.05903 -0.02230 0.19058
v 0.05903 -0.02230 0.19058
v 0.26741 -0.43392 0.40599
v 0.26741 -0.43392 0.40599
v 0.26741 -0.43392 0.40599
v 0.26741 -0.43392 0.40599
v 0.26741 -0.43392 0.40599
v 0.05524 -0.28981 0.31140
v 0.05524 -0.28981 0.31140
v 0.05524 -0.28981 0.31140
v 0.05524 -0.28981 0.31140
v 0.05524 -0.28981 0.31140
v 0.05524 -0.28981 0.31140
v 0.05674 -0.32824 -0.31168
v 0.05674 -0.32824 -0.31168
v 0.05674 -0.32824 -0.31168
v 0.05674 -0.32824 -0.31168
v 0.05674 -0.32824 -0.31168
v 0.09697 -0.35078 0.30670
v 0.09697 -0.35078 0.30670
v 0.09697 -0.35078 0.30670
v 0.09697 -0.35078 0.30670
v 0.09697 -0.35078 0.30670
v 0.09697 -0.35078 0.30670
v 0.09688 -0.35096 -0.30854
v 0.09688 -0.35096 -0.30854
v 0.09688 -0.35096 -0.30854
v 0.09688 -0.35096 -0.30854
v 0.09688 -0.35096 -0.30854
v 0.05960 -0.33077 0.31288
v 0.05960 -0.33077 0.31288
v 0.09496 -0.26961 0.30684
v 0.09496 -0.26961 0.30684
v 0.09496 -0.26961 0.30684
v 0.12466 -0.40209 0.28203
v 0.12466 -0.40209 0.28203
v 0.12466 -0.40209 0.28203
v 0.12466 -0.40209 0.28203
v 0.07471 -0.25783 -0.30845
v 0.07471 -0.25783 -0.30845
v 0.09456 -0.27222 -0.39506
v 0.09456 -0.27222 -0.39506
v 0.09456 -0.27222 -0.39506
v 0.09456 -0.27222 -0.39506
v 0.09456 -0.27222 -0.39506
v 0.09456 -0.27222 -0.39506
v 0.11085 -0.02657 -0.23398
v 0.11085 -0.02657 -0.23398
v 0.11085 -0.02657 -0.23398
v 0.11085 -0.02657 -0.23398
v 0.11085 -0.02657 -0.23398
v 0.11085 -0.02657 -0.23398
v 0.11085 -0.02657 -0.23398
v 0.06715 -0.02186 0.19803
v 0.06715 -0.02186 0.19803
v 0.07516 -0.02238 -0.20754
v 0.07516 -0.02238 -0.20754
v 0.09675 -0.35104 0.39361
v 0.09675 -0.35104 0.39361
v 0.09675 -0.35104 0.39361
v 0.09675 -0.35104 0.39361
v 0.09675 -0.35104 0.39361
v 0.09675 -0.35104 0.39361
v 0.07716 -0.02207 0.20777
v 0.09473 -0.27017 -0.34664
v 0.09473 -0.27017 -0.34664
v 0.09473 -0.27017 -0.34664
v 0.09459 -0.02392 -0.22139
v 0.09459 -0.02392 -0.22139
v 0.09459 -0.02392 -0.22139
v 0.09459 -0.02392 -0.22139
v 0.09499 -0.26959 -0.30842
v 0.09499 -0.26959 -0.30842
v 0.09499 -0.26959 -0.30842
v 0.47570 -0.20865 0.40624
v 0.47570 -0.20865 0.40624
v 0.47570 -0.20865 0.40624
v 0.17963 -0.03076 -0.33285
v 0.17963 -0.03076 -0.33285
v 0.10546 -0.01450 -0.22913
v 0.09860 -0.02402 0.22724
v 0.18360 -0.43397 -0.40793
v 0.18360 -0.43397 -0.40793
v 0.18360 -0.43397 -0.40793
v 0.18360 -0.43397 -0.40793
v 0.27585 -0.04916 -0.40770
v 0.27585 -0.04916 -0.40770
v 0.10043 -0.02630 0.23310
v 0.10043 -0.02630 0.23310
v 0.10043 -0.02630 0.23310
v 0.10433 -0.00495 0.23313
v 0.10702 -0.02245 -0.22968
v 0.10702 -0.02245 -0.22968
v 0.10702 -0.02245 -0.22968
v 0.11356 -0.02615 0.23703
v 0.11356 -0.02615 0.23703
v 0.11356 -0.02615 0.23703
v 0.11356 -0.02615 0.23703
v 0.11356 -0.02615 0.23703
v 0.10610 -0.02422 0.23320
v 0.10610 -0.02422 0.23320
v 0.30790 -0.20866 -0.40813
v 0.30790 -0.20866 -0.40813
v 0.30790 -0.20866 -0.40813
v 0.30790 -0.20866 -0.40813
v 0.11349 -0.02595 -0.23348
v 0.11349 -0.02595 -0.23348
v 0.11349 -0.02595 -0.23348
v 0.13570 -0.02746 0.24450
v 0.13570 -0.02746 0.24450
v 0.13570 -0.02746 0.24450
v 0.13570 -0.02746 0.24450
v 0.12734 -0.00530 0.24081
v 0.11858 -0.02445 -0.23532
v 0.11858 -0.02445 -0.23532
v 0.11858 -0.02445 -0.23532
v 0.11858 -0.02445 -0.23532
v 0.14302 -0.02805 0.24511
v 0.14302 -0.02805 0.24511
v 0.14302 -0.02805 0.24511
v 0.14302 -0.02805 0.24511
v 0.12156 -0.02540 0.23888
v 0.12156 -0.02540 0.23888
v 0.12156 -0.02540 0.23888
v 0.12156 -0.02540 0.23888
v 0.12724 -0.02601 -0.23924
v 0.12724 -0.02601 -0.23924
v 0.12724 -0.02601 -0.23924
v 0.13715 -0.02562 0.24275
v 0.13715 -0.02562 0.24275
v 0.20946 -0.40063 -0.39110
v 0.20946 -0.40063 -0.39110
v 0.20946 -0.40063 -0.39110
v 0.20946 -0.40063 -0.39110
v 0.13864 -0.29079 0.39023
v 0.13864 -0.29079 0.39023
v 0.13864 -0.29079 0.39023
v 0.13864 -0.29079 0.39023
v 0.13705 -0.28130 0.38470
v 0.13705 -0.28130 0.38470
v 0.13705 -0.28130 0.38470
v 0.13705 -0.28130 0.38470
v 0.13689 -0.30568 0.39366
v 0.13689 -0.30568 0.39366
v 0.13689 -0.30568 0.39366
v 0.13733 -0.35059 -0.30823
v 0.13733 -0.35059 -0.30823
v 0.13733 -0.35059 -0.30823
v 0.13733 -0.35059 -0.30823
v 0.13733 -0.35059 -0.30823
v 0.13758 -0.27188 -0.39551
v 0.13758 -0.27188 -0.39551
v 0.13758 -0.27188 -0.39551
v 0.13758 -0.27188 -0.39551
v 0.13733 -0.35048 -0.39567
v 0.13733 -0.35048 -0.39567
v 0.13733 -0.35048 -0.39567
v 0.13733 -0.35048 -0.39567
v 0.13733 -0.35048 -0.39567
v 0.14007 -0.28139 0.39184
v 0.14007 -0.28139 0.39184
v 0.14007 -0.28139 0.39184
v 0.14007 -0.28139 0.39184
v 0.13718 -0.35070 0.39383
v 0.13718 -0.35070 0.39383
v 0.13718 -0.35070 0.39383
v 0.13718 -0.35070 0.39383
v 0.13718 -0.35070 0.39383
v 0.13718 -0.35070 0.39383
v 0.13718 -0.35070 0.39383
v 0.13813 -0.27161 0.39317
v 0.13813 -0.27161 0.39317
v 0.13813 -0.27161 0.39317
v 0.13813 -0.27161 0.39317
v 0.13813 -0.27161 0.39317
v 0.13813 -0.27161 0.39317
v 0.13813 -0.27161 0.39317
v 0.13729 -0.35062 0.30661
v 0.13729 -0.35062 0.30661
v 0.13729 -0.35062 0.30661
v 0.13739 -0.27170 0.30644
v 0.13739 -0.27170 0.30644
v 0.13739 -0.27170 0.30644
v 0.13739 -0.27170 0.30644
v 0.13739 -0.27170 0.30644
v 0.13735 -0.27181 -0.30817
v 0.13735 -0.27181 -0.30817
v 0.13735 -0.27181 -0.30817
v 0.13735 -0.27181 -0.30817
v 0.13735 -0.27181 -0.30817
v 0.14498 -0.29018 0.39253
v 0.14498 -0.29018 0.39253
v 0.14498 -0.29018 0.39253
v 0.16746 -0.03052 0.25353
v 0.16746 -0.03052 0.25353
v 0.16746 -0.03052 0.25353
v 0.15459 -0.00384 -0.25077
v 0.17118 -0.37290 0.30666
v 0.17118 -0.37290 0.30666
v 0.17118 -0.37290 0.30666
v 0.17118 -0.37290 0.30666
v 0.17118 -0.37290 0.30666
v 0.17118 -0.37290 0.30666
v 0.17457 -0.33057 0.31128
v 0.17457 -0.33057 0.31128
v 0.17048 -0.00536 0.25245
v 0.19523 -0.32938 -0.27009
v 0.19523 -0.32938 -0.27009
v 0.19523 -0.32938 -0.27009
v 0.19523 -0.32938 -0.27009
v 0.19523 -0.32938 -0.27009
v 0.19523 -0.32938 -0.27009
v 0.19523 -0.32938 -0.27009
v 0.19523 -0.32938 -0.27009
v 0.19523 -0.32938 -0.27009
v 0.14612 -0.02842 -0.24755
v 0.14612 -0.02842 -0.24755
v 0.14612 -0.02842 -0.24755
v 0.15729 -0.02752 -0.25049
v 0.15729 -0.02752 -0.25049
v 0.15729 -0.02752 -0.25049
v 0.15729 -0.02752 -0.25049
v 0.15729 -0.02752 -0.25049
v 0.17611 -0.32926 -0.31297
v 0.17611 -0.32926 -0.31297
v 0.17611 -0.32926 -0.31297
v 0.17611 -0.32926 -0.31297
v 0.17611 -0.32926 -0.31297
v 0.15598 -0.25991 -0.30843
v 0.15598 -0.25991 -0.30843
v 0.15598 -0.25991 -0.30843
v 0.15598 -0.25991 -0.30843
v 0.15527 -0.26085 0.30648
v 0.15527 -0.26085 0.30648
v 0.15527 -0.26085 0.30648
v 0.15527 -0.26085 0.30648
v 0.16172 -0.36666 -0.39543
v 0.16172 -0.36666 -0.39543
v 0.16172 -0.36666 -0.39543
v 0.16172 -0.36666 -0.39543
v 0.16172 -0.36666 -0.39543
v 0.17248 -0.29164 -0.31385
v 0.17248 -0.29164 -0.31385
v 0.18764 -0.29940 -0.38502
v 0.17948 -0.29680 0.38505
v 0.17948 -0.29680 0.38505
v 0.17948 -0.29680 0.38505
v 0.17451 -0.03039 -0.25839
v 0.17451 -0.03039 -0.25839
v 0.17451 -0.03039 -0.25839
v 0.17451 -0.03039 -0.25839
v 0.17451 -0.03039 -0.25839
v 0.52981 -0.04990 0.40648
v 0.52981 -0.04990 0.40648
v 0.52981 -0.04990 0.40648
v 0.52981 -0.04990 0.40648
v 0.52981 -0.04990 0.40648
v 0.52981 -0.04990 0.40648
v 0.52981 -0.04990 0.40648
v 0.52981 -0.04990 0.40648
v 0.19122 -0.23835 -0.39571
v 0.19122 -0.23835 -0.39571
v 0.19122 -0.23835 -0.39571
v 0.16629 -0.02762 0.25056
v 0.19029 -0.31900 0.26855
v 0.19029 -0.31900 0.26855
v 0.17901 -0.33254 -0.38793
v 0.17901 -0.33254 -0.38793
v 0.17901 -0.33254 -0.38793
v 0.19114 -0.23847 0.39380
v 0.19114 -0.23847 0.39380
v 0.19114 -0.23847 0.39380
v 0.19114 -0.23847 0.39380
v 0.20652 -0.27751 0.38637
v 0.20652 -0.27751 0.38637
v 0.18750 -0.00595 -0.25830
v 0.17450 -0.28760 0.31214
v 0.17450 -0.28760 0.31214
v 0.17450 -0.28760 0.31214
v 0.17450 -0.28760 0.31214
v 0.16688 -0.36959 0.39375
v 0.16688 -0.36959 0.39375
v 0.16688 -0.36959 0.39375
v 0.17829 -0.33163 0.38602
v 0.17829 -0.33163 0.38602
v 0.17829 -0.33163 0.38602
v 0.17829 -0.33163 0.38602
v 0.20992 -0.35262 0.31189
v 0.20992 -0.35262 0.31189
v 0.20992 -0.35262 0.31189
v 0.20992 -0.35262 0.31189
v 0.20992 -0.35262 0.31189
v 0.18668 -0.38244 -0.30828
v 0.18668 -0.38244 -0.30828
v 0.18668 -0.38244 -0.30828
v 0.18668 -0.38244 -0.30828
v 0.18193 -0.33278 -0.31311
v 0.18193 -0.33278 -0.31311
v 0.18193 -0.33278 -0.31311
v 0.18193 -0.33278 -0.31311
v 0.18193 -0.33278 -0.31311
v 0.18831 -0.28196 0.31271
v 0.18831 -0.28196 0.31271
v 0.18831 -0.28196 0.31271
v 0.21195 -0.22740 0.30712
v 0.21195 -0.22740 0.30712
v 0.21195 -0.22740 0.30712
v 0.21195 -0.22740 0.30712
v 0.21195 -0.22740 0.30712
v 0.21195 -0.22740 0.30712
v 0.21195 -0.22740 0.30712
v 0.21195 -0.22740 0.30712
v 0.21195 -0.22740 0.30712
v 0.17831 -0.03006 0.25475
v 0.17831 -0.03006 0.25475
v 0.17831 -0.03006 0.25475
v 0.21050 -0.40043 -0.33353
v 0.21050 -0.40043 -0.33353
v 0.21050 -0.40043 -0.33353
v 0.21050 -0.40043 -0.33353
v 0.20923 -0.32963 0.26900
v 0.20923 -0.32963 0.26900
v 0.20923 -0.32963 0.26900
v 0.20923 -0.32963 0.26900
v 0.20923 -0.32963 0.26900
v 0.20923 -0.32963 0.26900
v 0.20776 -0.40124 0.39589
v 0.20776 -0.40124 0.39589
v 0.20776 -0.40124 0.39589
v 0.20776 -0.40124 0.39589
v 0.20776 -0.40124 0.39589
v 0.21019 -0.40024 0.36966
v 0.21019 -0.40024 0.36966
v 0.21019 -0.40024 0.36966
v 0.21019 -0.40024 0.36966
v 0.21019 -0.40024 0.36966
v 0.21019 -0.40024 0.36966
v 0.20936 -0.22705 -0.30850
v 0.20936 -0.22705 -0.30850
v 0.20936 -0.22705 -0.30850
v 0.20936 -0.22705 -0.30850
v 0.20936 -0.22705 -0.30850
v 0.17659 -0.29176 0.31093
v 0.17659 -0.29176 0.31093
v 0.17659 -0.29176 0.31093
v 0.17662 -0.29207 -0.31269
v 0.17662 -0.29207 -0.31269
v 0.17662 -0.29207 -0.31269
v 0.17662 -0.29207 -0.31269
v 0.18569 -0.02996 -0.25857
v 0.18569 -0.02996 -0.25857
v 0.18569 -0.02996 -0.25857
v 0.20856 -0.34785 0.38637
v 0.20856 -0.34785 0.38637
v 0.20856 -0.34785 0.38637
v 0.20856 -0.34785 0.38637
v 0.20690 -0.39535 0.39390
v 0.20690 -0.39535 0.39390
v 0.20690 -0.39535 0.39390
v 0.20690 -0.39535 0.39390
v 0.20690 -0.39535 0.39390
v 0.20690 -0.39535 0.39390
v 0.20690 -0.39535 0.39390
v 0.17606 -0.32913 0.31068
v 0.17606 -0.32913 0.31068
v 0.17606 -0.32913 0.31068
v 0.20944 -0.39691 0.37286
v 0.20944 -0.39691 0.37286
v 0.20944 -0.39691 0.37286
v 0.20944 -0.39691 0.37286
v 0.20944 -0.39691 0.37286
v 0.20944 -0.39691 0.37286
v 0.18178 -0.32517 -0.28371
v 0.18178 -0.32517 -0.28371
v 0.18178 -0.32517 -0.28371
v 0.18178 -0.32517 -0.28371
v 0.18178 -0.32517 -0.28371
v 0.18178 -0.32517 -0.28371
v 0.18178 -0.32517 -0.28371
v 0.20773 -0.40196 -0.28390
v 0.20773 -0.40196 -0.28390
v 0.20773 -0.40196 -0.28390
v 0.20773 -0.40196 -0.28390
v 0.20587 -0.27210 -0.31432
v 0.20587 -0.27210 -0.31432
v 0.20587 -0.27210 -0.31432
v 0.20587 -0.27210 -0.31432
v 0.18466 -0.28617 0.31168
v 0.18466 -0.28617 0.31168
v 0.18466 -0.28617 0.31168
v 0.18244 -0.29376 -0.28403
v 0.18244 -0.29376 -0.28403
v 0.18244 -0.29376 -0.28403
v 0.18244 -0.29376 -0.28403
v 0.18244 -0.29376 -0.28403
v 0.18233 -0.32511 0.28194
v 0.18233 -0.32511 0.28194
v 0.18233 -0.32511 0.28194
v 0.18233 -0.32511 0.28194
v 0.38328 -0.40161 0.40622
v 0.38328 -0.40161 0.40622
v 0.38328 -0.40161 0.40622
v 0.38328 -0.40161 0.40622
v 0.38328 -0.40161 0.40622
v 0.18200 -0.29334 0.28319
v 0.18200 -0.29334 0.28319
v 0.18200 -0.29334 0.28319
v 0.18200 -0.29334 0.28319
v 0.18200 -0.29334 0.28319
v 0.19560 -0.02950 0.25843
v 0.19560 -0.02950 0.25843
v 0.19560 -0.02950 0.25843
v 0.19560 -0.02950 0.25843
v 0.19027 -0.28396 -0.31300
v 0.19027 -0.28396 -0.31300
v 0.19027 -0.28396 -0.31300
v 0.19027 -0.28396 -0.31300
v 0.20758 -0.34547 -0.38758
v 0.20758 -0.34547 -0.38758
v 0.19056 -0.33865 0.31107
v 0.19056 -0.33865 0.31107
v 0.19056 -0.33865 0.31107
v 0.20676 -0.31639 0.37538
v 0.20676 -0.31639 0.37538
v 0.19425 -0.30297 0.27198
v 0.19425 -0.30297 0.27198
v 0.19425 -0.30297 0.27198
v 0.19425 -0.30297 0.27198
v 0.19425 -0.30297 0.27198
v 0.20790 -0.28887 -0.38529
v 0.20790 -0.28887 -0.38529
v 0.20790 -0.28887 -0.38529
v 0.20790 -0.28887 -0.38529
v 0.19226 -0.29758 -0.27071
v 0.19226 -0.29758 -0.27071
v 0.19226 -0.29758 -0.27071
v 0.21165 -0.34286 0.28697
v 0.21165 -0.34286 0.28697
v 0.21165 -0.34286 0.28697
v 0.21165 -0.34286 0.28697
v 0.21165 -0.34286 0.28697
v 0.21165 -0.34286 0.28697
v 0.21165 -0.34286 0.28697
v 0.20626 -0.31618 -0.37742
v 0.20626 -0.31618 -0.37742
v 0.20626 -0.31618 -0.37742
v 0.20249 -0.03243 0.26307
v 0.20249 -0.03243 0.26307
v 0.20249 -0.03243 0.26307
v 0.20249 -0.03243 0.26307
v 0.20249 -0.03243 0.26307
v 0.19124 -0.28941 -0.28347
v 0.19124 -0.28941 -0.28347
v 0.19124 -0.28941 -0.28347
v 0.19124 -0.28941 -0.28347
v 0.20812 -0.27982 -0.28451
v 0.20812 -0.27982 -0.28451
v 0.20812 -0.27982 -0.28451
v 0.20812 -0.27982 -0.28451
v 0.19646 -0.34119 -0.31190
v 0.19646 -0.34119 -0.31190
v 0.19646 -0.34119 -0.31190
v 0.19646 -0.34119 -0.31190
v 0.19765 -0.28015 0.31068
v 0.19765 -0.28015 0.31068
v 0.19765 -0.28015 0.31068
v 0.19765 -0.28015 0.31068
v 0.19765 -0.28015 0.31068
v 0.19765 -0.28015 0.31068
v 0.19765 -0.28015 0.31068
v 0.19590 -0.31924 0.27157
v 0.19590 -0.31924 0.27157
v 0.19590 -0.31924 0.27157
v 0.19590 -0.31924 0.27157
v 0.19590 -0.31924 0.27157
v 0.20945 -0.39688 0.31003
v 0.20945 -0.39688 0.31003
v 0.20945 -0.39688 0.31003
v 0.19557 -0.02944 -0.26030
v 0.19557 -0.02944 -0.26030
v 0.19557 -0.02944 -0.26030
v 0.19557 -0.02944 -0.26030
v 0.19557 -0.02944 -0.26030
v 0.21006 -0.39650 -0.39605
v 0.21006 -0.39650 -0.39605
v 0.21006 -0.39650 -0.39605
v 0.21006 -0.39650 -0.39605
v 0.20111 -0.39161 -0.30844
v 0.20111 -0.39161 -0.30844
v 0.20111 -0.39161 -0.30844
v 0.19588 -0.31722 -0.27433
v 0.19588 -0.31722 -0.27433
v 0.19588 -0.31722 -0.27433
v 0.19588 -0.31722 -0.27433
v 0.19588 -0.31722 -0.27433
v 0.19755 -0.29940 0.27220
v 0.19755 -0.29940 0.27220
v 0.19755 -0.29940 0.27220
v 0.19755 -0.29940 0.27220
v 0.19755 -0.29940 0.27220
v 0.19755 -0.29940 0.27220
v 0.19755 -0.29940 0.27220
v 0.19906 -0.27708 0.31336
v 0.19906 -0.27708 0.31336
v 0.19906 -0.27708 0.31336
v 0.19906 -0.27708 0.31336
v 0.20530 -0.34720 -0.31262
v 0.20530 -0.34720 -0.31262
v 0.20530 -0.34720 -0.31262
v 0.20530 -0.34720 -0.31262
v 0.20530 -0.34720 -0.31262
v 0.20956 -0.39681 -0.33656
v 0.20956 -0.39681 -0.33656
v 0.20956 -0.39681 -0.33656
v 0.20956 -0.39681 -0.33656
v 0.21059 -0.34248 -0.28552
v 0.21059 -0.34248 -0.28552
v 0.21059 -0.34248 -0.28552
v 0.21059 -0.34248 -0.28552
v 0.21059 -0.34248 -0.28552
v 0.19288 -0.31502 0.27053
v 0.19288 -0.31502 0.27053
v 0.19288 -0.31502 0.27053
v 0.20011 -0.29379 -0.27120
v 0.20011 -0.29379 -0.27120
v 0.20011 -0.29379 -0.27120
v 0.20011 -0.29379 -0.27120
v 0.19790 -0.34256 0.31116
v 0.19790 -0.34256 0.31116
v 0.20021 -0.29609 0.27044
v 0.20021 -0.29609 0.27044
v 0.20021 -0.29609 0.27044
v 0.19513 -0.30167 -0.27400
v 0.19513 -0.30167 -0.27400
v 0.19513 -0.30167 -0.27400
v 0.19965 -0.29753 -0.27376
v 0.19965 -0.29753 -0.27376
v 0.19965 -0.29753 -0.27376
v 0.19965 -0.29753 -0.27376
v 0.19965 -0.29753 -0.27376
v 0.20947 -0.22703 0.30687
v 0.20947 -0.22703 0.30687
v 0.21053 -0.22731 -0.39559
v 0.21053 -0.22731 -0.39559
v 0.21053 -0.22731 -0.39559
v 0.20997 -0.40121 0.32782
v 0.20997 -0.40121 0.32782
v 0.20997 -0.40121 0.32782
v 0.20997 -0.40121 0.32782
v 0.20997 -0.40121 0.32782
v 0.20997 -0.40121 0.32782
v 0.20190 -0.32298 -0.27449
v 0.20190 -0.32298 -0.27449
v 0.20190 -0.32298 -0.27449
v 0.20190 -0.32298 -0.27449
v 0.20932 -0.22716 0.39402
v 0.20932 -0.22716 0.39402
v 0.20932 -0.22716 0.39402
v 0.20932 -0.22716 0.39402
v 0.30477 -0.20894 0.27401
v 0.30477 -0.20894 0.27401
v 0.30477 -0.20894 0.27401
v 0.30477 -0.20894 0.27401
v 0.30477 -0.20894 0.27401
v 0.30477 -0.20894 0.27401
v 0.21550 -0.29180 0.26906
v 0.21550 -0.29180 0.26906
v 0.21550 -0.29180 0.26906
v 0.21550 -0.29180 0.26906
v 0.21550 -0.29180 0.26906
v 0.21550 -0.29180 0.26906
v 0.21550 -0.29180 0.26906
v 0.21550 -0.29180 0.26906
v 0.20199 -0.27412 0.31288
v 0.20199 -0.27412 0.31288
v 0.20199 -0.27412 0.31288
v 0.20199 -0.27412 0.31288
v 0.20199 -0.27412 0.31288
v 0.21162 -0.28983 -0.27096
v 0.21162 -0.28983 -0.27096
v 0.21567 -0.32770 -0.27002
v 0.21567 -0.32770 -0.27002
v 0.21567 -0.32770 -0.27002
v 0.21567 -0.32770 -0.27002
v 0.21046 -0.30996 0.37534
v 0.21046 -0.30996 0.37534
v 0.29146 -0.40208 0.28203
v 0.29146 -0.40208 0.28203
v 0.29146 -0.40208 0.28203
v 0.21703 -0.34724 -0.31338
v 0.21703 -0.34724 -0.31338
v 0.21703 -0.34724 -0.31338
v 0.20924 -0.29227 -0.27584
v 0.20924 -0.29227 -0.27584
v 0.20924 -0.29227 -0.27584
v 0.20924 -0.29227 -0.27584
v 0.20924 -0.29227 -0.27584
v 0.21577 -0.40025 0.30716
v 0.21577 -0.40025 0.30716
v 0.21577 -0.40025 0.30716
v 0.21577 -0.40025 0.30716
v 0.21577 -0.40025 0.30716
v 0.21577 -0.40025 0.30716
v 0.21577 -0.40025 0.30716
v 0.21577 -0.40025 0.30716
v 0.21577 -0.40025 0.30716
v 0.21117 -0.40098 -0.39943
v 0.21117 -0.40098 -0.39943
v 0.21117 -0.40098 -0.39943
v 0.21117 -0.40098 -0.39943
v 0.20930 -0.32693 -0.27447
v 0.20930 -0.32693 -0.27447
v 0.20930 -0.32693 -0.27447
v 0.20930 -0.32693 -0.27447
v 0.20930 -0.32693 -0.27447
v 0.21102 -0.30726 -0.37791
v 0.21102 -0.30726 -0.37791
v 0.21102 -0.30726 -0.37791
v 0.21102 -0.30726 -0.37791
v 0.21265 -0.03231 -0.26522
v 0.21265 -0.03231 -0.26522
v 0.21265 -0.03231 -0.26522
v 0.21265 -0.03231 -0.26522
v 0.21021 -0.27970 0.28183
v 0.21021 -0.27970 0.28183
v 0.21021 -0.27970 0.28183
v 0.21021 -0.27970 0.28183
v 0.21021 -0.27970 0.28183
v 0.21352 -0.29435 0.27227
v 0.21352 -0.29435 0.27227
v 0.21352 -0.29435 0.27227
v 0.21352 -0.29435 0.27227
v 0.21352 -0.29435 0.27227
v 0.21352 -0.29435 0.27227
v 0.21352 -0.29435 0.27227
v 0.20845 -0.29297 -0.27326
v 0.20845 -0.29297 -0.27326
v 0.20845 -0.29297 -0.27326
v 0.20845 -0.29297 -0.27326
v 0.20845 -0.29297 -0.27326
v 0.21188 -0.34819 0.31072
v 0.21188 -0.34819 0.31072
v 0.21188 -0.34819 0.31072
v 0.21188 -0.34819 0.31072
v 0.21142 -0.34701 -0.30954
v 0.21142 -0.34701 -0.30954
v 0.21142 -0.34701 -0.30954
v 0.21142 -0.34701 -0.30954
v 0.21142 -0.34701 -0.30954
v 0.21162 -0.34075 0.28244
v 0.21162 -0.34075 0.28244
v 0.21162 -0.34075 0.28244
v 0.21162 -0.34075 0.28244
v 0.21162 -0.34075 0.28244
v 0.21162 -0.34075 0.28244
v 0.21164 -0.32637 0.27111
v 0.21164 -0.32637 0.27111
v 0.21164 -0.32637 0.27111
v 0.21164 -0.32637 0.27111
v 0.21164 -0.32637 0.27111
v 0.20799 -0.27438 -0.31317
v 0.20799 -0.27438 -0.31317
v 0.20799 -0.27438 -0.31317
v 0.20799 -0.27438 -0.31317
v 0.20799 -0.27438 -0.31317
v 0.22920 -0.01377 -0.26607
v 0.22920 -0.01377 -0.26607
v 0.20987 -0.39661 0.30652
v 0.20987 -0.39661 0.30652
v 0.20710 -0.40065 0.34428
v 0.20710 -0.40065 0.34428
v 0.20710 -0.40065 0.34428
v 0.21315 -0.03147 0.26247
v 0.21315 -0.03147 0.26247
v 0.20965 -0.27440 0.31069
v 0.20965 -0.27440 0.31069
v 0.20965 -0.27440 0.31069
v 0.20965 -0.27440 0.31069
v 0.20965 -0.27440 0.31069
v 0.20965 -0.27440 0.31069
v 0.20793 -0.29422 0.27102
v 0.20793 -0.29422 0.27102
v 0.20793 -0.29422 0.27102
v 0.21154 -0.40068 -0.30605
v 0.21154 -0.40068 -0.30605
v 0.21154 -0.40068 -0.30605
v 0.21184 -0.39908 -0.30836
v 0.21184 -0.39908 -0.30836
v 0.21184 -0.39908 -0.30836
v 0.21184 -0.39908 -0.30836
v 0.21184 -0.39908 -0.30836
v 0.22198 -0.03061 -0.26518
v 0.22198 -0.03061 -0.26518
v 0.22198 -0.03061 -0.26518
v 0.21004 -0.39924 0.38875
v 0.21004 -0.39924 0.38875
v 0.21004 -0.39924 0.38875
v 0.21004 -0.39924 0.38875
v 0.21004 -0.39924 0.38875
v 0.21104 -0.39922 -0.31204
v 0.21104 -0.39922 -0.31204
v 0.21104 -0.39922 -0.31204
v 0.21104 -0.39922 -0.31204
v 0.21747 -0.39767 0.30660
v 0.21747 -0.39767 0.30660
v 0.21747 -0.39767 0.30660
v 0.21747 -0.39767 0.30660
v 0.34836 -0.43335 0.28207
v 0.34836 -0.43335 0.28207
v 0.23755 -0.38338 0.30658
v 0.23755 -0.38338 0.30658
v 0.23755 -0.38338 0.30658
v 0.23755 -0.38338 0.30658
v 0.21202 -0.40043 0.39477
v 0.21202 -0.40043 0.39477
v 0.21202 -0.40043 0.39477
v 0.21202 -0.40043 0.39477
v 0.21960 -0.27395 0.31295
v 0.21960 -0.27395 0.31295
v 0.21960 -0.27395 0.31295
v 0.21960 -0.27395 0.31295
v 0.21404 -0.32511 -0.27362
v 0.21404 -0.32511 -0.27362
v 0.21404 -0.32511 -0.27362
v 0.21404 -0.32511 -0.27362
v 0.24795 -0.25010 -0.39549
v 0.24795 -0.25010 -0.39549
v 0.22370 -0.32518 0.38047
v 0.22370 -0.32518 0.38047
v 0.22370 -0.32518 0.38047
v 0.21179 -0.39928 -0.39615
v 0.21179 -0.39928 -0.39615
v 0.21179 -0.39928 -0.39615
v 0.21179 -0.39928 -0.39615
v 0.21179 -0.39928 -0.39615
v 0.21179 -0.39928 -0.39615
v 0.21563 -0.27629 0.31116
v 0.21563 -0.27629 0.31116
v 0.21563 -0.27629 0.31116
v 0.21563 -0.27629 0.31116
v 0.21612 -0.40087 0.39467
v 0.21612 -0.40087 0.39467
v 0.21612 -0.40087 0.39467
v 0.21612 -0.40087 0.39467
v 0.21612 -0.40087 0.39467
v 0.21612 -0.40087 0.39467
v 0.21612 -0.40087 0.39467
v 0.21603 -0.39929 -0.31009
v 0.21603 -0.39929 -0.31009
v 0.21603 -0.39929 -0.31009
v 0.21603 -0.39929 -0.31009
v 0.21603 -0.39929 -0.31009
v 0.21779 -0.27823 -0.31289
v 0.21779 -0.27823 -0.31289
v 0.21779 -0.27823 -0.31289
v 0.37568 -0.29764 -0.27059
v 0.37568 -0.29764 -0.27059
v 0.37568 -0.29764 -0.27059
v 0.37568 -0.29764 -0.27059
v 0.37568 -0.29764 -0.27059
v 0.23880 -0.33403 -0.38802
v 0.23880 -0.33403 -0.38802
v 0.23880 -0.33403 -0.38802
v 0.23880 -0.33403 -0.38802
v 0.23880 -0.33403 -0.38802
v 0.24583 -0.33997 0.38796
v 0.24583 -0.33997 0.38796
v 0.24583 -0.33997 0.38796
v 0.24583 -0.33997 0.38796
v 0.22302 -0.29991 -0.27460
v 0.22302 -0.29991 -0.27460
v 0.22302 -0.29991 -0.27460
v 0.22302 -0.29991 -0.27460
v 0.22302 -0.29991 -0.27460
v 0.22302 -0.29991 -0.27460
v 0.23547 -0.29194 0.28328
v 0.23547 -0.29194 0.28328
v 0.23547 -0.29194 0.28328
v 0.23547 -0.29194 0.28328
v 0.23547 -0.29194 0.28328
v 0.21775 -0.39917 -0.38933
v 0.21775 -0.39917 -0.38933
v 0.21775 -0.39917 -0.38933
v 0.21775 -0.39917 -0.38933
v 0.23329 -0.00544 0.27008
v 0.21968 -0.29767 0.27211
v 0.21968 -0.29767 0.27211
v 0.21968 -0.29767 0.27211
v 0.23704 -0.29300 -0.28489
v 0.23704 -0.29300 -0.28489
v 0.23704 -0.29300 -0.28489
v 0.23704 -0.29300 -0.28489
v 0.23704 -0.29300 -0.28489
v 0.23704 -0.29300 -0.28489
v 0.24583 -0.37802 -0.30839
v 0.24583 -0.37802 -0.30839
v 0.24583 -0.37802 -0.30839
v 0.24583 -0.37802 -0.30839
v 0.24583 -0.37802 -0.30839
v 0.24583 -0.37802 -0.30839
v 0.24583 -0.37802 -0.30839
v 0.24583 -0.37802 -0.30839
v 0.22499 -0.40074 -0.31046
v 0.22499 -0.40074 -0.31046
v 0.22499 -0.40074 -0.31046
v 0.22499 -0.40074 -0.31046
v 0.22499 -0.40074 -0.31046
v 0.22710 -0.31901 0.26906
v 0.22710 -0.31901 0.26906
v 0.22710 -0.31901 0.26906
v 0.22710 -0.31901 0.26906
v 0.22710 -0.31901 0.26906
v 0.21789 -0.32295 0.27218
v 0.21789 -0.32295 0.27218
v 0.21789 -0.32295 0.27218
v 0.21886 -0.39615 0.39409
v 0.21886 -0.39615 0.39409
v 0.21886 -0.39615 0.39409
v 0.26420 -0.25891 -0.30836
v 0.26420 -0.25891 -0.30836
v 0.26420 -0.25891 -0.30836
v 0.26420 -0.25891 -0.30836
v 0.26420 -0.25891 -0.30836
v 0.21983 -0.39921 -0.31688
v 0.21983 -0.39921 -0.31688
v 0.21983 -0.39921 -0.31688
v 0.21869 -0.39639 0.34448
v 0.21869 -0.39639 0.34448
v 0.21595 -0.40058 -0.36438
v 0.21595 -0.40058 -0.36438
v 0.21595 -0.40058 -0.36438
v 0.21595 -0.40058 -0.36438
v 0.21595 -0.40058 -0.36438
v 0.21697 -0.39999 -0.32976
v 0.21697 -0.39999 -0.32976
v 0.21697 -0.39999 -0.32976
v 0.21697 -0.39999 -0.32976
v 0.21697 -0.39999 -0.32976
v 0.21760 -0.40104 -0.34312
v 0.21760 -0.40104 -0.34312
v 0.22004 -0.39616 -0.38631
v 0.22004 -0.39616 -0.38631
v 0.22004 -0.39616 -0.38631
v 0.22004 -0.39616 -0.38631
v 0.22695 -0.34188 0.31155
v 0.22695 -0.34188 0.31155
v 0.21781 -0.39697 0.31217
v 0.21781 -0.39697 0.31217
v 0.23907 -0.32552 0.28315
v 0.23907 -0.32552 0.28315
v 0.23907 -0.32552 0.28315
v 0.23907 -0.32552 0.28315
v 0.23907 -0.32552 0.28315
v 0.23907 -0.32552 0.28315
v 0.22461 -0.31864 -0.27477
v 0.22461 -0.31864 -0.27477
v 0.22461 -0.31864 -0.27477
v 0.22461 -0.31864 -0.27477
v 0.22345 -0.29970 0.27279
v 0.22345 -0.29970 0.27279
v 0.22345 -0.29970 0.27279
v 0.22345 -0.29970 0.27279
v 0.22345 -0.29970 0.27279
v 0.22345 -0.29970 0.27279
v 0.24476 -0.32836 -0.31295
v 0.24476 -0.32836 -0.31295
v 0.24476 -0.32836 -0.31295
v 0.24476 -0.32836 -0.31295
v 0.24476 -0.32836 -0.31295
v 0.23618 -0.38407 0.39384
v 0.23618 -0.38407 0.39384
v 0.23618 -0.38407 0.39384
v 0.22361 -0.31915 -0.27374
v 0.22361 -0.31915 -0.27374
v 0.22361 -0.31915 -0.27374
v 0.22361 -0.31915 -0.27374
v 0.22361 -0.31915 -0.27374
v 0.22361 -0.31915 -0.27374
v 0.22324 -0.29785 0.26971
v 0.22324 -0.29785 0.26971
v 0.22324 -0.29785 0.26971
v 0.22324 -0.29785 0.26971
v 0.22324 -0.29785 0.26971
v 0.22720 -0.29948 -0.27066
v 0.22720 -0.29948 -0.27066
v 0.22720 -0.29948 -0.27066
v 0.22720 -0.29948 -0.27066
v 0.24900 -0.32944 -0.31357
v 0.24900 -0.32944 -0.31357
v 0.24900 -0.32944 -0.31357
v 0.24396 -0.29224 -0.38798
v 0.24396 -0.29224 -0.38798
v 0.24396 -0.29224 -0.38798
v 0.24396 -0.29224 -0.38798
v 0.22477 -0.32025 0.27292
v 0.22477 -0.32025 0.27292
v 0.22477 -0.32025 0.27292
v 0.23110 -0.28538 -0.31138
v 0.23110 -0.28538 -0.31138
v 0.23110 -0.28538 -0.31138
v 0.23670 -0.28646 -0.31337
v 0.23670 -0.28646 -0.31337
v 0.23670 -0.28646 -0.31337
v 0.23670 -0.28646 -0.31337
v 0.22875 -0.38901 -0.39482
v 0.22875 -0.38901 -0.39482
v 0.22875 -0.38901 -0.39482
v 0.23778 -0.32546 -0.28365
v 0.23778 -0.32546 -0.28365
v 0.23778 -0.32546 -0.28365
v 0.23778 -0.32546 -0.28365
v 0.23778 -0.32546 -0.28365
v 0.24240 -0.29001 0.31112
v 0.24240 -0.29001 0.31112
v 0.24240 -0.29001 0.31112
v 0.23717 -0.33878 0.31229
v 0.23717 -0.33878 0.31229
v 0.22351 -0.30856 -0.27424
v 0.22351 -0.30856 -0.27424
v 0.22351 -0.30856 -0.27424
v 0.24416 -0.32811 0.30948
v 0.24416 -0.32811 0.30948
v 0.24416 -0.32811 0.30948
v 0.24416 -0.32811 0.30948
v 0.24416 -0.32811 0.30948
v 0.26478 -0.26042 0.39329
v 0.26478 -0.26042 0.39329
v 0.26478 -0.26042 0.39329
v 0.26541 -0.36453 0.30667
v 0.26541 -0.36453 0.30667
v 0.26541 -0.36453 0.30667
v 0.26541 -0.36453 0.30667
v 0.26541 -0.36453 0.30667
v 0.26541 -0.36453 0.30667
v 0.26541 -0.36453 0.30667
v 0.26541 -0.36453 0.30667
v 0.24239 -0.29303 0.38652
v 0.24239 -0.29303 0.38652
v 0.23569 -0.03015 0.26662
v 0.23569 -0.03015 0.26662
v 0.23569 -0.03015 0.26662
v 0.35738 -0.32951 0.26797
v 0.35738 -0.32951 0.26797
v 0.35738 -0.32951 0.26797
v 0.35738 -0.32951 0.26797
v 0.28433 -0.35100 -0.39546
v 0.28433 -0.35100 -0.39546
v 0.28433 -0.35100 -0.39546
v 0.28433 -0.35100 -0.39546
v 0.28433 -0.35100 -0.39546
v 0.28433 -0.35100 -0.39546
v 0.26702 -0.03341 -0.26259
v 0.26702 -0.03341 -0.26259
v 0.26702 -0.03341 -0.26259
v 0.26702 -0.03341 -0.26259
v 0.24281 -0.33261 0.31235
v 0.24281 -0.33261 0.31235
v 0.24281 -0.33261 0.31235
v 0.24157 -0.29081 -0.31161
v 0.24157 -0.29081 -0.31161
v 0.24157 -0.29081 -0.31161
v 0.24157 -0.29081 -0.31161
v 0.24472 -0.28967 0.31212
v 0.24472 -0.28967 0.31212
v 0.24472 -0.28967 0.31212
v 0.24520 -0.30866 0.31307
v 0.24520 -0.30866 0.31307
v 0.24520 -0.30866 0.31307
v 0.24520 -0.30866 0.31307
v 0.24520 -0.30866 0.31307
v 0.25701 -0.00550 0.26424
v 0.24495 -0.28763 -0.31390
v 0.24495 -0.28763 -0.31390
v 0.24268 -0.29876 -0.31259
v 0.24268 -0.29876 -0.31259
v 0.24268 -0.29876 -0.31259
v 0.40058 -0.40168 -0.28422
v 0.40058 -0.40168 -0.28422
v 0.40058 -0.40168 -0.28422
v 0.40058 -0.40168 -0.28422
v 0.40058 -0.40168 -0.28422
v 0.40058 -0.40168 -0.28422
v 0.25351 -0.03387 0.26452
v 0.25351 -0.03387 0.26452
v 0.25351 -0.03387 0.26452
v 0.25351 -0.03387 0.26452
v 0.36657 -0.32983 -0.26818
v 0.36657 -0.32983 -0.26818
v 0.36657 -0.32983 -0.26818
v 0.36657 -0.32983 -0.26818
v 0.36657 -0.32983 -0.26818
v 0.36657 -0.32983 -0.26818
v 0.36657 -0.32983 -0.26818
v 0.36657 -0.32983 -0.26818
v 0.36657 -0.32983 -0.26818
v 0.24805 -0.31811 0.31335
v 0.24805 -0.31811 0.31335
v 0.24805 -0.31811 0.31335
v 0.24805 -0.31811 0.31335
v 0.26343 -0.25806 0.30669
v 0.26343 -0.25806 0.30669
v 0.26343 -0.25806 0.30669
v 0.25758 -0.03433 -0.26510
v 0.25758 -0.03433 -0.26510
v 0.28447 -0.35123 0.39367
v 0.28447 -0.35123 0.39367
v 0.28447 -0.35123 0.39367
v 0.28447 -0.35123 0.39367
v 0.29821 -0.03621 -0.25769
v 0.29821 -0.03621 -0.25769
v 0.29821 -0.03621 -0.25769
v 0.29821 -0.03621 -0.25769
v 0.29821 -0.03621 -0.25769
v 0.29821 -0.03621 -0.25769
v 0.28249 -0.27142 0.39341
v 0.28249 -0.27142 0.39341
v 0.28249 -0.27142 0.39341
v 0.28249 -0.27142 0.39341
v 0.28249 -0.27142 0.39341
v 0.28254 -0.27148 -0.39537
v 0.28254 -0.27148 -0.39537
v 0.28254 -0.27148 -0.39537
v 0.28254 -0.27148 -0.39537
v 0.28254 -0.27148 -0.39537
v 0.28403 -0.28563 0.30685
v 0.28403 -0.28563 0.30685
v 0.28403 -0.28563 0.30685
v 0.28403 -0.28563 0.30685
v 0.28403 -0.28563 0.30685
v 0.28459 -0.35132 -0.30848
v 0.28459 -0.35132 -0.30848
v 0.28459 -0.35132 -0.30848
v 0.28459 -0.35132 -0.30848
v 0.28292 -0.26932 -0.30834
v 0.28292 -0.26932 -0.30834
v 0.28292 -0.26932 -0.30834
v 0.28292 -0.26932 -0.30834
v 0.28292 -0.26932 -0.30834
v 0.28292 -0.26932 -0.30834
v 0.28430 -0.00529 -0.26071
v 0.59724 -0.32981 -0.00033
v 0.59724 -0.32981 -0.00033
v 0.59724 -0.32981 -0.00033
v 0.59724 -0.32981 -0.00033
v 0.28284 -0.26930 0.30665
v 0.28284 -0.26930 0.30665
v 0.28284 -0.26930 0.30665
v 0.28284 -0.26930 0.30665
v 0.28497 -0.35029 0.30675
v 0.28497 -0.35029 0.30675
v 0.28497 -0.35029 0.30675
v 0.27672 -0.03282 -0.26033
v 0.27672 -0.03282 -0.26033
v 0.30585 -0.03554 -0.25466
v 0.30585 -0.03554 -0.25466
v 0.30585 -0.03554 -0.25466
v 0.30585 -0.03554 -0.25466
v 0.29641 -0.03618 0.25523
v 0.29641 -0.03618 0.25523
v 0.29641 -0.03618 0.25523
v 0.29641 -0.03618 0.25523
v 0.30978 -0.03514 0.25059
v 0.30978 -0.03514 0.25059
v 0.30978 -0.03514 0.25059
v 0.29772 -0.00556 0.25441
v 0.32983 -0.00496 -0.24927
v 0.31763 -0.03525 0.24857
v 0.31763 -0.03525 0.24857
v 0.31763 -0.03525 0.24857
v 0.31763 -0.03525 0.24857
v 0.31379 -0.03542 -0.25255
v 0.31379 -0.03542 -0.25255
v 0.31379 -0.03542 -0.25255
v 0.33499 -0.00531 0.24483
v 0.32228 -0.35109 -0.30839
v 0.32228 -0.35109 -0.30839
v 0.32228 -0.35109 -0.30839
v 0.32228 -0.35109 -0.30839
v 0.32228 -0.35109 -0.30839
v 0.32246 -0.27378 -0.39546
v 0.32246 -0.27378 -0.39546
v 0.32246 -0.27378 -0.39546
v 0.32246 -0.27378 -0.39546
v 0.32246 -0.27378 -0.39546
v 0.32246 -0.27378 -0.39546
v 0.32239 -0.35066 -0.39580
v 0.32239 -0.35066 -0.39580
v 0.32239 -0.35066 -0.39580
v 0.32239 -0.35066 -0.39580
v 0.32239 -0.35066 -0.39580
v 0.32239 -0.35094 0.30664
v 0.32239 -0.35094 0.30664
v 0.32239 -0.35094 0.30664
v 0.32239 -0.35094 0.30664
v 0.32239 -0.35094 0.30664
v 0.32239 -0.35094 0.30664
v 0.32216 -0.35079 0.39379
v 0.32216 -0.35079 0.39379
v 0.32216 -0.35079 0.39379
v 0.32216 -0.35079 0.39379
v 0.32216 -0.35079 0.39379
v 0.32216 -0.35079 0.39379
v 0.32232 -0.27308 0.30666
v 0.32232 -0.27308 0.30666
v 0.32232 -0.27308 0.30666
v 0.32232 -0.27308 0.30666
v 0.32232 -0.27308 0.30666
v 0.32267 -0.27333 0.39326
v 0.32267 -0.27333 0.39326
v 0.32267 -0.27333 0.39326
v 0.32267 -0.27333 0.39326
v 0.32267 -0.27333 0.39326
v 0.32267 -0.27333 0.39326
v 0.32264 -0.27203 -0.30841
v 0.32264 -0.27203 -0.30841
v 0.32264 -0.27203 -0.30841
v 0.32264 -0.27203 -0.30841
v 0.34113 -0.03728 -0.24508
v 0.34113 -0.03728 -0.24508
v 0.36162 -0.33394 -0.38848
v 0.36162 -0.33394 -0.38848
v 0.34428 -0.03807 0.24255
v 0.34428 -0.03807 0.24255
v 0.34428 -0.03807 0.24255
v 0.34428 -0.03807 0.24255
v 0.34428 -0.03807 0.24255
v 0.34428 -0.03807 0.24255
v 0.38565 -0.40095 -0.32470
v 0.38565 -0.40095 -0.32470
v 0.38565 -0.40095 -0.32470
v 0.38565 -0.40095 -0.32470
v 0.34559 -0.34080 0.38975
v 0.35785 -0.33073 0.31143
v 0.35785 -0.33073 0.31143
v 0.35785 -0.33073 0.31143
v 0.35785 -0.33073 0.31143
v 0.35785 -0.33073 0.31143
v 0.35674 -0.03721 0.23688
v 0.35674 -0.03721 0.23688
v 0.40027 -0.39835 -0.39583
v 0.40027 -0.39835 -0.39583
v 0.40027 -0.39835 -0.39583
v 0.40027 -0.39835 -0.39583
v 0.40027 -0.39835 -0.39583
v 0.40027 -0.39835 -0.39583
v 0.40027 -0.39835 -0.39583
v 0.40027 -0.39835 -0.39583
v 0.40027 -0.39835 -0.39583
v 0.40027 -0.39835 -0.39583
v 0.40027 -0.39835 -0.39583
v 0.35323 -0.25226 0.30661
v 0.35323 -0.25226 0.30661
v 0.35323 -0.25226 0.30661
v 0.35323 -0.25226 0.30661
v 0.39059 -0.40132 0.30302
v 0.39059 -0.40132 0.30302
v 0.39323 -0.40132 0.39512
v 0.39323 -0.40132 0.39512
v 0.39323 -0.40132 0.39512
v 0.39323 -0.40132 0.39512
v 0.39323 -0.40132 0.39512
v 0.39323 -0.40132 0.39512
v 0.35796 -0.33087 -0.31334
v 0.35796 -0.33087 -0.31334
v 0.35796 -0.33087 -0.31334
v 0.35796 -0.33087 -0.31334
v 0.35796 -0.33087 -0.31334
v 0.35796 -0.33087 -0.31334
v 0.35580 -0.29176 -0.31408
v 0.35580 -0.29176 -0.31408
v 0.35580 -0.29176 -0.31408
v 0.35815 -0.28984 0.31194
v 0.35815 -0.28984 0.31194
v 0.35815 -0.28984 0.31194
v 0.35815 -0.28984 0.31194
v 0.35815 -0.28984 0.31194
v 0.35815 -0.28984 0.31194
v 0.35815 -0.28984 0.31194
v 0.35451 -0.28773 0.38798
v 0.35451 -0.28773 0.38798
v 0.35451 -0.28773 0.38798
v 0.34093 -0.26103 0.39376
v 0.34093 -0.26103 0.39376
v 0.34093 -0.26103 0.39376
v 0.39214 -0.22721 0.30668
v 0.39214 -0.22721 0.30668
v 0.39214 -0.22721 0.30668
v 0.39253 -0.22730 -0.39558
v 0.39253 -0.22730 -0.39558
v 0.39253 -0.22730 -0.39558
v 0.39253 -0.22730 -0.39558
v 0.36279 -0.00880 -0.23927
v 0.34705 -0.03689 -0.24280
v 0.34705 -0.03689 -0.24280
v 0.38961 -0.39503 0.37472
v 0.38961 -0.39503 0.37472
v 0.38961 -0.39503 0.37472
v 0.38961 -0.39503 0.37472
v 0.38961 -0.39503 0.37472
v 0.38961 -0.39503 0.37472
v 0.38961 -0.39503 0.37472
v 0.35642 -0.37323 0.39390
v 0.35642 -0.37323 0.39390
v 0.35642 -0.37323 0.39390
v 0.36234 -0.00560 0.23693
v 0.36234 -0.00560 0.23693
v 0.37265 -0.38389 0.30670
v 0.37265 -0.38389 0.30670
v 0.37265 -0.38389 0.30670
v 0.36309 -0.29310 -0.38814
v 0.36309 -0.29310 -0.38814
v 0.36309 -0.29310 -0.38814
v 0.36309 -0.29310 -0.38814
v 0.34208 -0.36403 -0.30848
v 0.34208 -0.36403 -0.30848
v 0.34208 -0.36403 -0.30848
v 0.34208 -0.36403 -0.30848
v 0.34666 -0.25703 -0.30835
v 0.34666 -0.25703 -0.30835
v 0.34666 -0.25703 -0.30835
v 0.36569 -0.03935 -0.24076
v 0.36569 -0.03935 -0.24076
v 0.36569 -0.03935 -0.24076
v 0.36569 -0.03935 -0.24076
v 0.38527 -0.34840 0.31204
v 0.38527 -0.34840 0.31204
v 0.38527 -0.34840 0.31204
v 0.38527 -0.34840 0.31204
v 0.65319 -0.20871 0.40592
v 0.65319 -0.20871 0.40592
v 0.65319 -0.20871 0.40592
v 0.65319 -0.20871 0.40592
v 0.65319 -0.20871 0.40592
v 0.38928 -0.27219 -0.31438
v 0.38928 -0.27219 -0.31438
v 0.38928 -0.27219 -0.31438
v 0.39392 -0.28846 -0.38573
v 0.39392 -0.28846 -0.38573
v 0.35996 -0.29166 -0.31265
v 0.35996 -0.29166 -0.31265
v 0.35996 -0.29166 -0.31265
v 0.39421 -0.31887 0.37591
v 0.39421 -0.31887 0.37591
v 0.39421 -0.31887 0.37591
v 0.39421 -0.31887 0.37591
v 0.37761 -0.32279 0.26883
v 0.37761 -0.32279 0.26883
v 0.37761 -0.32279 0.26883
v 0.37761 -0.32279 0.26883
v 0.37761 -0.32279 0.26883
v 0.37761 -0.32279 0.26883
v 0.39502 -0.36448 -0.39165
v 0.39502 -0.36448 -0.39165
v 0.39502 -0.36448 -0.39165
v 0.36372 -0.03833 0.23636
v 0.36372 -0.03833 0.23636
v 0.36372 -0.03833 0.23636
v 0.36372 -0.03833 0.23636
v 0.36586 -0.03732 -0.23717
v 0.36586 -0.03732 -0.23717
v 0.36586 -0.03732 -0.23717
v 0.36586 -0.03732 -0.23717
v 0.35989 -0.29236 0.30946
v 0.35989 -0.29236 0.30946
v 0.35989 -0.29236 0.30946
v 0.35989 -0.29236 0.30946
v 0.35989 -0.29236 0.30946
v 0.37242 -0.33937 -0.31339
v 0.37242 -0.33937 -0.31339
v 0.36710 -0.33521 -0.31318
v 0.36710 -0.33521 -0.31318
v 0.36710 -0.33521 -0.31318
v 0.36526 -0.29366 -0.28382
v 0.36526 -0.29366 -0.28382
v 0.36526 -0.29366 -0.28382
v 0.36526 -0.29366 -0.28382
v 0.36526 -0.29366 -0.28382
v 0.36526 -0.29366 -0.28382
v 0.36526 -0.29366 -0.28382
v 0.36962 -0.28597 0.31118
v 0.36962 -0.28597 0.31118
v 0.36962 -0.28597 0.31118
v 0.36012 -0.32749 0.30665
v 0.36012 -0.32749 0.30665
v 0.36012 -0.32749 0.30665
v 0.36408 -0.32478 -0.28449
v 0.36408 -0.32478 -0.28449
v 0.36408 -0.32478 -0.28449
v 0.36408 -0.32478 -0.28449
v 0.36408 -0.32478 -0.28449
v 0.36408 -0.32478 -0.28449
v 0.37123 -0.33671 0.31096
v 0.37123 -0.33671 0.31096
v 0.37123 -0.33671 0.31096
v 0.37161 -0.27974 0.31261
v 0.37161 -0.27974 0.31261
v 0.37161 -0.27974 0.31261
v 0.37161 -0.27974 0.31261
v 0.37161 -0.27974 0.31261
v 0.37177 -0.28205 0.31252
v 0.37177 -0.28205 0.31252
v 0.37177 -0.28205 0.31252
v 0.39156 -0.40005 -0.36917
v 0.39156 -0.40005 -0.36917
v 0.39156 -0.40005 -0.36917
v 0.39346 -0.40066 -0.39536
v 0.39346 -0.40066 -0.39536
v 0.39346 -0.40066 -0.39536
v 0.39346 -0.40066 -0.39536
v 0.39346 -0.40066 -0.39536
v 0.39346 -0.40066 -0.39536
v 0.49439 -0.40181 -0.40821
v 0.49439 -0.40181 -0.40821
v 0.49439 -0.40181 -0.40821
v 0.36741 -0.28785 -0.31225
v 0.36741 -0.28785 -0.31225
v 0.36741 -0.28785 -0.31225
v 0.40075 -0.23160 0.30641
v 0.40075 -0.23160 0.30641
v 0.40075 -0.23160 0.30641
v 0.40075 -0.23160 0.30641
v 0.38478 -0.34465 -0.31315
v 0.38478 -0.34465 -0.31315
v 0.38478 -0.34465 -0.31315
v 0.36552 -0.32551 0.28314
v 0.36552 -0.32551 0.28314
v 0.36552 -0.32551 0.28314
v 0.36552 -0.32551 0.28314
v 0.36552 -0.32551 0.28314
v 0.36552 -0.32551 0.28314
v 0.37836 -0.23640 0.39390
v 0.37836 -0.23640 0.39390
v 0.37836 -0.23640 0.39390
v 0.37359 -0.00494 0.22920
v 0.37179 -0.03778 0.22918
v 0.37179 -0.03778 0.22918
v 0.37179 -0.03778 0.22918
v 0.36518 -0.29347 0.28324
v 0.36518 -0.29347 0.28324
v 0.36518 -0.29347 0.28324
v 0.36518 -0.29347 0.28324
v 0.36518 -0.29347 0.28324
v 0.37612 -0.31615 -0.27196
v 0.37612 -0.31615 -0.27196
v 0.37612 -0.31615 -0.27196
v 0.37612 -0.31615 -0.27196
v 0.37612 -0.31615 -0.27196
v 0.37661 -0.31839 0.27319
v 0.37661 -0.31839 0.27319
v 0.37661 -0.31839 0.27319
v 0.37661 -0.31839 0.27319
v 0.37661 -0.31839 0.27319
v 0.38357 -0.03961 0.21966
v 0.38357 -0.03961 0.21966
v 0.38357 -0.03961 0.21966
v 0.38357 -0.03961 0.21966
v 0.38357 -0.03961 0.21966
v 0.38357 -0.03961 0.21966
v 0.37496 -0.33889 -0.31271
v 0.37496 -0.33889 -0.31271
v 0.37496 -0.33889 -0.31271
v 0.39499 -0.39994 -0.30925
v 0.39499 -0.39994 -0.30925
v 0.39499 -0.39994 -0.30925
v 0.39499 -0.39994 -0.30925
v 0.40279 -0.39451 -0.30801
v 0.40279 -0.39451 -0.30801
v 0.40279 -0.39451 -0.30801
v 0.40279 -0.39451 -0.30801
v 0.40279 -0.39451 -0.30801
v 0.39136 -0.28198 0.38538
v 0.39136 -0.28198 0.38538
v 0.37773 -0.31113 -0.27435
v 0.37773 -0.31113 -0.27435
v 0.37773 -0.31113 -0.27435
v 0.37773 -0.31113 -0.27435
v 0.37773 -0.31113 -0.27435
v 0.37773 -0.31113 -0.27435
v 0.39341 -0.39660 0.39408
v 0.39341 -0.39660 0.39408
v 0.39341 -0.39660 0.39408
v 0.39341 -0.39660 0.39408
v 0.39341 -0.39660 0.39408
v 0.39274 -0.31889 -0.37780
v 0.39274 -0.31889 -0.37780
v 0.39274 -0.31889 -0.37780
v 0.39274 -0.31889 -0.37780
v 0.39417 -0.31036 0.37544
v 0.39417 -0.31036 0.37544
v 0.39417 -0.31036 0.37544
v 0.39507 -0.28984 -0.27059
v 0.39507 -0.28984 -0.27059
v 0.39507 -0.28984 -0.27059
v 0.39507 -0.28984 -0.27059
v 0.39507 -0.28984 -0.27059
v 0.39507 -0.28984 -0.27059
v 0.39339 -0.34248 -0.28582
v 0.39339 -0.34248 -0.28582
v 0.39339 -0.34248 -0.28582
v 0.39339 -0.34248 -0.28582
v 0.39339 -0.34248 -0.28582
v 0.39339 -0.34248 -0.28582
v 0.39339 -0.34248 -0.28582
v 0.39339 -0.34248 -0.28582
v 0.37354 -0.03802 -0.23120
v 0.37354 -0.03802 -0.23120
v 0.39701 -0.00732 -0.20989
v 0.37727 -0.28213 0.31094
v 0.37727 -0.28213 0.31094
v 0.37727 -0.28213 0.31094
v 0.37727 -0.28213 0.31094
v 0.37727 -0.28213 0.31094
v 0.37723 -0.28200 -0.31272
v 0.37723 -0.28200 -0.31272
v 0.37723 -0.28200 -0.31272
v 0.37919 -0.30114 -0.27410
v 0.37919 -0.30114 -0.27410
v 0.37919 -0.30114 -0.27410
v 0.37919 -0.30114 -0.27410
v 0.37817 -0.30346 0.27117
v 0.37817 -0.30346 0.27117
v 0.37817 -0.30346 0.27117
v 0.37817 -0.30346 0.27117
v 0.39399 -0.40077 -0.35922
v 0.39399 -0.40077 -0.35922
v 0.39399 -0.40077 -0.35922
v 0.39399 -0.40077 -0.35922
v 0.39399 -0.40077 -0.35922
v 0.37565 -0.28008 0.31260
v 0.37565 -0.28008 0.31260
v 0.37565 -0.28008 0.31260
v 0.37957 -0.32074 -0.27445
v 0.37957 -0.32074 -0.27445
v 0.37957 -0.32074 -0.27445
v 0.37574 -0.30147 0.26904
v 0.37574 -0.30147 0.26904
v 0.37574 -0.30147 0.26904
v 0.37574 -0.30147 0.26904
v 0.39274 -0.22698 -0.30856
v 0.39274 -0.22698 -0.30856
v 0.39274 -0.22698 -0.30856
v 0.40086 -0.34810 0.31201
v 0.40086 -0.34810 0.31201
v 0.40086 -0.34810 0.31201
v 0.40086 -0.34810 0.31201
v 0.40086 -0.34810 0.31201
v 0.37811 -0.04024 -0.22993
v 0.37811 -0.04024 -0.22993
v 0.37811 -0.04024 -0.22993
v 0.52974 -0.04756 -0.40277
v 0.52974 -0.04756 -0.40277
v 0.52974 -0.04756 -0.40277
v 0.52974 -0.04756 -0.40277
v 0.52974 -0.04756 -0.40277
v 0.39319 -0.32952 0.26931
v 0.39319 -0.32952 0.26931
v 0.39319 -0.32952 0.26931
v 0.39319 -0.32952 0.26931
v 0.39319 -0.32952 0.26931
v 0.39115 -0.27936 0.28324
v 0.39115 -0.27936 0.28324
v 0.39115 -0.27936 0.28324
v 0.38158 -0.29585 -0.27101
v 0.38158 -0.29585 -0.27101
v 0.38158 -0.29585 -0.27101
v 0.38158 -0.29585 -0.27101
v 0.39694 -0.32937 -0.27047
v 0.39694 -0.32937 -0.27047
v 0.39694 -0.32937 -0.27047
v 0.39694 -0.32937 -0.27047
v 0.39694 -0.32937 -0.27047
v 0.39694 -0.32937 -0.27047
v 0.38528 -0.27193 0.31255
v 0.38528 -0.27193 0.31255
v 0.38528 -0.27193 0.31255
v 0.38528 -0.27193 0.31255
v 0.38528 -0.27193 0.31255
v 0.38188 -0.03950 -0.22372
v 0.38188 -0.03950 -0.22372
v 0.38188 -0.03950 -0.22372
v 0.38188 -0.03950 -0.22372
v 0.39312 -0.29391 0.27224
v 0.39312 -0.29391 0.27224
v 0.39312 -0.29391 0.27224
v 0.39312 -0.29391 0.27224
v 0.39312 -0.29391 0.27224
v 0.39312 -0.29391 0.27224
v 0.39145 -0.27970 -0.28462
v 0.39145 -0.27970 -0.28462
v 0.39145 -0.27970 -0.28462
v 0.39145 -0.27970 -0.28462
v 0.39145 -0.27970 -0.28462
v 0.39145 -0.27970 -0.28462
v 0.38495 -0.34452 0.31109
v 0.38495 -0.34452 0.31109
v 0.38504 -0.27823 0.31063
v 0.38504 -0.27823 0.31063
v 0.38504 -0.27823 0.31063
v 0.38504 -0.27823 0.31063
v 0.38504 -0.27823 0.31063
v 0.38896 -0.28974 0.26880
v 0.38896 -0.28974 0.26880
v 0.38896 -0.28974 0.26880
v 0.38896 -0.28974 0.26880
v 0.39321 -0.34801 -0.31171
v 0.39321 -0.34801 -0.31171
v 0.39321 -0.34801 -0.31171
v 0.39321 -0.34801 -0.31171
v 0.39321 -0.34801 -0.31171
v 0.38519 -0.32306 0.27150
v 0.38519 -0.32306 0.27150
v 0.38519 -0.32306 0.27150
v 0.38519 -0.32306 0.27150
v 0.38519 -0.32306 0.27150
v 0.38747 -0.32669 0.26956
v 0.38747 -0.32669 0.26956
v 0.39455 -0.34487 0.38594
v 0.39455 -0.34487 0.38594
v 0.39455 -0.34487 0.38594
v 0.39333 -0.39656 0.30651
v 0.39333 -0.39656 0.30651
v 0.39333 -0.39656 0.30651
v 0.39333 -0.39656 0.30651
v 0.39333 -0.39656 0.30651
v 0.39333 -0.39656 0.30651
v 0.39132 -0.27441 -0.31313
v 0.39132 -0.27441 -0.31313
v 0.39132 -0.27441 -0.31313
v 0.39132 -0.27441 -0.31313
v 0.39311 -0.32840 -0.27429
v 0.39311 -0.32840 -0.27429
v 0.39311 -0.32840 -0.27429
v 0.39311 -0.32840 -0.27429
v 0.39347 -0.39654 -0.30833
v 0.39347 -0.39654 -0.30833
v 0.39347 -0.39654 -0.30833
v 0.39347 -0.39654 -0.30833
v 0.39347 -0.39654 -0.30833
v 0.39714 -0.35039 -0.31309
v 0.39714 -0.35039 -0.31309
v 0.39714 -0.35039 -0.31309
v 0.39714 -0.35039 -0.31309
v 0.39714 -0.35039 -0.31309
v 0.39714 -0.35039 -0.31309
v 0.39714 -0.35039 -0.31309
v 0.39283 -0.27438 0.31137
v 0.39283 -0.27438 0.31137
v 0.39283 -0.27438 0.31137
v 0.39283 -0.27438 0.31137
v 0.39283 -0.27438 0.31137
v 0.39279 -0.03976 -0.21520
v 0.39279 -0.03976 -0.21520
v 0.39279 -0.03976 -0.21520
v 0.39279 -0.03976 -0.21520
v 0.39279 -0.03976 -0.21520
v 0.39133 -0.29370 -0.27420
v 0.39133 -0.29370 -0.27420
v 0.39133 -0.29370 -0.27420
v 0.39133 -0.29370 -0.27420
v 0.39133 -0.29370 -0.27420
v 0.39320 -0.39982 0.31315
v 0.39320 -0.39982 0.31315
v 0.39320 -0.39982 0.31315
v 0.39320 -0.39982 0.31315
v 0.39314 -0.32684 0.27239
v 0.39314 -0.32684 0.27239
v 0.39314 -0.32684 0.27239
v 0.39314 -0.32684 0.27239
v 0.39314 -0.32684 0.27239
v 0.39941 -0.40010 0.39346
v 0.39941 -0.40010 0.39346
v 0.39941 -0.40010 0.39346
v 0.39941 -0.40010 0.39346
v 0.39941 -0.40010 0.39346
v 0.39941 -0.40010 0.39346
v 0.39941 -0.40010 0.39346
v 0.39310 -0.34067 0.28241
v 0.39310 -0.34067 0.28241
v 0.39310 -0.34067 0.28241
v 0.39310 -0.34067 0.28241
v 0.39310 -0.34067 0.28241
v 0.40007 -0.39831 0.30663
v 0.40007 -0.39831 0.30663
v 0.40007 -0.39831 0.30663
v 0.40007 -0.39831 0.30663
v 0.40104 -0.27402 0.31289
v 0.40104 -0.27402 0.31289
v 0.40104 -0.27402 0.31289
v 0.40104 -0.27402 0.31289
v 0.40104 -0.27402 0.31289
v 0.40104 -0.27402 0.31289
v 0.39321 -0.34835 0.31122
v 0.39321 -0.34835 0.31122
v 0.39321 -0.34835 0.31122
v 0.39321 -0.34835 0.31122
v 0.39321 -0.34835 0.31122
v 0.39516 -0.39913 -0.39593
v 0.39516 -0.39913 -0.39593
v 0.39516 -0.39913 -0.39593
v 0.39516 -0.39913 -0.39593
v 0.39233 -0.39729 -0.37262
v 0.39233 -0.39729 -0.37262
v 0.39233 -0.39729 -0.37262
v 0.39297 -0.39692 0.37850
v 0.39297 -0.39692 0.37850
v 0.39297 -0.39692 0.37850
v 0.39375 -0.39984 0.38367
v 0.39375 -0.39984 0.38367
v 0.39375 -0.39984 0.38367
v 0.39375 -0.39984 0.38367
v 0.39375 -0.39984 0.38367
v 0.39206 -0.39762 -0.34911
v 0.39206 -0.39762 -0.34911
v 0.39206 -0.39762 -0.34911
v 0.39206 -0.39762 -0.34911
v 0.39206 -0.39762 -0.34911
v 0.39263 -0.22727 0.39386
v 0.39263 -0.22727 0.39386
v 0.39263 -0.22727 0.39386
v 0.39263 -0.22727 0.39386
v 0.39263 -0.22727 0.39386
v 0.40658 -0.03982 -0.20174
v 0.40658 -0.03982 -0.20174
v 0.40658 -0.03982 -0.20174
v 0.41537 -0.29810 -0.38553
v 0.41537 -0.29810 -0.38553
v 0.41537 -0.29810 -0.38553
v 0.41537 -0.29810 -0.38553
v 0.39196 -0.39954 -0.32974
v 0.39196 -0.39954 -0.32974
v 0.39196 -0.39954 -0.32974
v 0.39196 -0.39954 -0.32974
v 0.40836 -0.00485 0.19756
v 0.41170 -0.43324 -0.28392
v 0.41170 -0.43324 -0.28392
v 0.41170 -0.43324 -0.28392
v 0.41170 -0.43324 -0.28392
v 0.39942 -0.39991 -0.30909
v 0.39942 -0.39991 -0.30909
v 0.39942 -0.39991 -0.30909
v 0.39942 -0.39991 -0.30909
v 0.39942 -0.39991 -0.30909
v 0.39384 -0.39908 -0.37575
v 0.39384 -0.39908 -0.37575
v 0.39384 -0.39908 -0.37575
v 0.39733 -0.29555 -0.27408
v 0.39733 -0.29555 -0.27408
v 0.39733 -0.29555 -0.27408
v 0.39498 -0.40029 0.30701
v 0.39498 -0.40029 0.30701
v 0.39498 -0.40029 0.30701
v 0.39498 -0.40029 0.30701
v 0.39479 -0.40001 0.39331
v 0.39479 -0.40001 0.39331
v 0.39479 -0.40001 0.39331
v 0.39479 -0.40001 0.39331
v 0.68543 -0.20931 -0.27159
v 0.68543 -0.20931 -0.27159
v 0.68543 -0.20931 -0.27159
v 0.68543 -0.20931 -0.27159
v 0.68543 -0.20931 -0.27159
v 0.68543 -0.20931 -0.27159
v 0.68543 -0.20931 -0.27159
v 0.68543 -0.20931 -0.27159
v 0.68543 -0.20931 -0.27159
v 0.68543 -0.20931 -0.27159
v 0.68543 -0.20931 -0.27159
v 0.68543 -0.20931 -0.27159
v 0.68543 -0.20931 -0.27159
v 0.40096 -0.34415 -0.31109
v 0.40096 -0.34415 -0.31109
v 0.40096 -0.34415 -0.31109
v 0.40842 -0.34215 0.31132
v 0.40842 -0.34215 0.31132
v 0.40842 -0.34215 0.31132
v 0.40842 -0.34215 0.31132
v 0.40842 -0.34215 0.31132
v 0.40871 -0.29766 0.26873
v 0.40871 -0.29766 0.26873
v 0.40871 -0.29766 0.26873
v 0.40871 -0.29766 0.26873
v 0.40085 -0.40112 0.30704
v 0.40085 -0.40112 0.30704
v 0.40085 -0.40112 0.30704
v 0.40085 -0.40112 0.30704
v 0.41881 -0.29836 0.38426
v 0.41881 -0.29836 0.38426
v 0.41881 -0.29836 0.38426
v 0.41881 -0.29836 0.38426
v 0.40447 -0.28015 -0.31287
v 0.40447 -0.28015 -0.31287
v 0.40865 -0.32084 0.26908
v 0.40865 -0.32084 0.26908
v 0.40865 -0.32084 0.26908
v 0.40865 -0.32084 0.26908
v 0.40865 -0.32084 0.26908
v 0.40865 -0.32084 0.26908
v 0.42142 -0.33345 -0.38738
v 0.42142 -0.33345 -0.38738
v 0.42142 -0.33345 -0.38738
v 0.57235 -0.43374 0.28241
v 0.57235 -0.43374 0.28241
v 0.41964 -0.24242 -0.30843
v 0.41964 -0.24242 -0.30843
v 0.41964 -0.24242 -0.30843
v 0.40106 -0.27815 0.31113
v 0.40106 -0.27815 0.31113
v 0.40106 -0.27815 0.31113
v 0.40637 -0.31885 -0.27447
v 0.40637 -0.31885 -0.27447
v 0.40637 -0.31885 -0.27447
v 0.40637 -0.31885 -0.27447
v 0.40637 -0.31885 -0.27447
v 0.40319 -0.32109 -0.27356
v 0.40319 -0.32109 -0.27356
v 0.40319 -0.32109 -0.27356
v 0.40183 -0.39662 0.39383
v 0.40183 -0.39662 0.39383
v 0.40183 -0.39662 0.39383
v 0.40183 -0.39662 0.39383
v 0.40183 -0.39662 0.39383
v 0.40183 -0.39662 0.39383
v 0.72830 -0.43432 -0.40765
v 0.72830 -0.43432 -0.40765
v 0.40104 -0.39951 -0.36293
v 0.40104 -0.39951 -0.36293
v 0.40104 -0.39951 -0.36293
v 0.40129 -0.39694 -0.35722
v 0.40129 -0.39694 -0.35722
v 0.40129 -0.39694 -0.35722
v 0.40074 -0.40120 -0.32448
v 0.40074 -0.40120 -0.32448
v 0.40074 -0.40120 -0.32448
v 0.40074 -0.40120 -0.32448
v 0.40074 -0.40120 -0.32448
v 0.40074 -0.40120 -0.32448
v 0.39939 -0.39991 0.33582
v 0.39939 -0.39991 0.33582
v 0.39939 -0.39991 0.33582
v 0.39939 -0.39991 0.33582
v 0.39939 -0.39991 0.33582
v 0.39939 -0.39991 0.33582
v 0.40362 -0.40083 -0.37301
v 0.40362 -0.40083 -0.37301
v 0.40225 -0.39859 0.38195
v 0.40225 -0.39859 0.38195
v 0.40225 -0.39859 0.38195
v 0.40066 -0.40075 0.36163
v 0.40066 -0.40075 0.36163
v 0.40066 -0.40075 0.36163
v 0.40066 -0.40075 0.36163
v 0.40339 -0.29945 0.27215
v 0.40339 -0.29945 0.27215
v 0.40339 -0.29945 0.27215
v 0.40480 -0.04150 -0.20772
v 0.40480 -0.04150 -0.20772
v 0.40141 -0.39980 -0.31346
v 0.40141 -0.39980 -0.31346
v 0.40141 -0.39980 -0.31346
v 0.41867 -0.29276 0.28325
v 0.41867 -0.29276 0.28325
v 0.41867 -0.29276 0.28325
v 0.41867 -0.29276 0.28325
v 0.41867 -0.29276 0.28325
v 0.41867 -0.29276 0.28325
v 0.40648 -0.30170 -0.27289
v 0.40648 -0.30170 -0.27289
v 0.40648 -0.30170 -0.27289
v 0.40648 -0.30170 -0.27289
v 0.40648 -0.30170 -0.27289
v 0.41460 -0.28197 -0.31409
v 0.41460 -0.28197 -0.31409
v 0.40568 -0.40132 -0.31181
v 0.40568 -0.40132 -0.31181
v 0.42351 -0.38201 0.30662
v 0.42351 -0.38201 0.30662
v 0.42351 -0.38201 0.30662
v 0.42351 -0.38201 0.30662
v 0.42106 -0.32579 -0.28490
v 0.42106 -0.32579 -0.28490
v 0.42106 -0.32579 -0.28490
v 0.42106 -0.32579 -0.28490
v 0.41082 -0.03974 0.19419
v 0.41082 -0.03974 0.19419
v 0.41082 -0.03974 0.19419
v 0.41082 -0.03974 0.19419
v 0.42973 -0.04225 0.17815
v 0.42973 -0.04225 0.17815
v 0.42973 -0.04225 0.17815
v 0.42973 -0.04225 0.17815
v 0.42973 -0.04225 0.17815
v 0.42973 -0.04225 0.17815
v 0.42973 -0.04225 0.17815
v 0.41860 -0.29162 -0.28525
v 0.41860 -0.29162 -0.28525
v 0.41860 -0.29162 -0.28525
v 0.41860 -0.29162 -0.28525
v 0.41860 -0.29162 -0.28525
v 0.41860 -0.29162 -0.28525
v 0.41860 -0.29162 -0.28525
v 0.41061 -0.29918 -0.27046
v 0.41061 -0.29918 -0.27046
v 0.54016 -0.40201 0.28205
v 0.54016 -0.40201 0.28205
v 0.54016 -0.40201 0.28205
v 0.54016 -0.40201 0.28205
v 0.42799 -0.32857 -0.31312
v 0.42799 -0.32857 -0.31312
v 0.42799 -0.32857 -0.31312
v 0.42799 -0.32857 -0.31312
v 0.40802 -0.31863 0.27285
v 0.40802 -0.31863 0.27285
v 0.40802 -0.31863 0.27285
v 0.40802 -0.31863 0.27285
v 0.40802 -0.31863 0.27285
v 0.40648 -0.29994 0.27067
v 0.40648 -0.29994 0.27067
v 0.40648 -0.29994 0.27067
v 0.40648 -0.29994 0.27067
v 0.40648 -0.29994 0.27067
v 0.42432 -0.33461 0.31235
v 0.42432 -0.33461 0.31235
v 0.42432 -0.33461 0.31235
v 0.42160 -0.33353 0.38592
v 0.42160 -0.33353 0.38592
v 0.42160 -0.33353 0.38592
v 0.41770 -0.38596 -0.30844
v 0.41770 -0.38596 -0.30844
v 0.41770 -0.38596 -0.30844
v 0.41770 -0.38596 -0.30844
v 0.41770 -0.38596 -0.30844
v 0.41770 -0.38596 -0.30844
v 0.41292 -0.28405 0.31097
v 0.41292 -0.28405 0.31097
v 0.41292 -0.28405 0.31097
v 0.41292 -0.28405 0.31097
v 0.41081 -0.32072 -0.27033
v 0.41081 -0.32072 -0.27033
v 0.41081 -0.32072 -0.27033
v 0.41081 -0.32072 -0.27033
v 0.41047 -0.03984 -0.19784
v 0.41047 -0.03984 -0.19784
v 0.41900 -0.04212 -0.19096
v 0.41900 -0.04212 -0.19096
v 0.41900 -0.04212 -0.19096
v 0.41900 -0.04212 -0.19096
v 0.42613 -0.28807 0.31159
v 0.42613 -0.28807 0.31159
v 0.42613 -0.28807 0.31159
v 0.42613 -0.28807 0.31159
v 0.41915 -0.28769 -0.31238
v 0.41915 -0.28769 -0.31238
v 0.42946 -0.37802 -0.39551
v 0.42946 -0.37802 -0.39551
v 0.42946 -0.37802 -0.39551
v 0.42111 -0.32577 0.28314
v 0.42111 -0.32577 0.28314
v 0.42111 -0.32577 0.28314
v 0.42111 -0.32577 0.28314
v 0.42230 -0.00500 0.18424
v 0.42230 -0.00500 0.18424
v 0.42845 -0.32674 0.30995
v 0.42845 -0.32674 0.30995
v 0.42845 -0.32674 0.30995
v 0.42845 -0.32674 0.30995
v 0.42604 -0.28988 -0.31339
v 0.42604 -0.28988 -0.31339
v 0.42604 -0.28988 -0.31339
v 0.42604 -0.28988 -0.31339
v 0.42604 -0.28988 -0.31339
v 0.42241 -0.33259 0.31106
v 0.42241 -0.33259 0.31106
v 0.46330 -0.00495 -0.14527
v 0.46330 -0.00495 -0.14527
v 0.46330 -0.00495 -0.14527
v 0.46330 -0.00495 -0.14527
v 0.52477 -0.32946 0.26799
v 0.52477 -0.32946 0.26799
v 0.52477 -0.32946 0.26799
v 0.43023 -0.33071 0.31239
v 0.43023 -0.33071 0.31239
v 0.43023 -0.33071 0.31239
v 0.43023 -0.33071 0.31239
v 0.42602 -0.04156 0.18021
v 0.42602 -0.04156 0.18021
v 0.42602 -0.04156 0.18021
v 0.46629 -0.26959 -0.30836
v 0.46629 -0.26959 -0.30836
v 0.46629 -0.26959 -0.30836
v 0.46629 -0.26959 -0.30836
v 0.57010 -0.40176 -0.28416
v 0.57010 -0.40176 -0.28416
v 0.57010 -0.40176 -0.28416
v 0.57010 -0.40176 -0.28416
v 0.43230 -0.04194 -0.17672
v 0.43230 -0.04194 -0.17672
v 0.43230 -0.04194 -0.17672
v 0.45033 -0.26033 0.30655
v 0.45033 -0.26033 0.30655
v 0.45033 -0.26033 0.30655
v 0.45033 -0.26033 0.30655
v 0.45033 -0.26033 0.30655
v 0.46786 -0.35219 0.30659
v 0.46786 -0.35219 0.30659
v 0.46786 -0.35219 0.30659
v 0.46786 -0.35219 0.30659
v 0.46786 -0.35219 0.30659
v 0.46786 -0.35219 0.30659
v 0.54307 -0.13505 0.40655
v 0.54307 -0.13505 0.40655
v 0.46592 -0.27128 -0.39532
v 0.46592 -0.27128 -0.39532
v 0.46592 -0.27128 -0.39532
v 0.46592 -0.27128 -0.39532
v 0.46592 -0.27128 -0.39532
v 0.46592 -0.27128 -0.39532
v 0.46419 -0.35447 0.39354
v 0.46419 -0.35447 0.39354
v 0.46419 -0.35447 0.39354
v 0.43057 -0.30618 0.31287
v 0.43057 -0.30618 0.31287
v 0.43057 -0.30618 0.31287
v 0.46791 -0.35227 -0.39382
v 0.46791 -0.35227 -0.39382
v 0.46791 -0.35227 -0.39382
v 0.68582 -0.21161 0.26863
v 0.68582 -0.21161 0.26863
v 0.68582 -0.21161 0.26863
v 0.68582 -0.21161 0.26863
v 0.68582 -0.21161 0.26863
v 0.68582 -0.21161 0.26863
v 0.46611 -0.27182 0.39336
v 0.46611 -0.27182 0.39336
v 0.46611 -0.27182 0.39336
v 0.46611 -0.27182 0.39336
v 0.44193 -0.04325 -0.17269
v 0.44193 -0.04325 -0.17269
v 0.44193 -0.04325 -0.17269
v 0.72933 -0.43411 0.40565
v 0.72933 -0.43411 0.40565
v 0.72933 -0.43411 0.40565
v 0.72933 -0.43411 0.40565
v 0.44371 -0.04177 -0.16477
v 0.44371 -0.04177 -0.16477
v 0.44371 -0.04177 -0.16477
v 0.44371 -0.04177 -0.16477
v 0.56140 -0.20876 -0.40790
v 0.56140 -0.20876 -0.40790
v 0.56140 -0.20876 -0.40790
v 0.56140 -0.20876 -0.40790
v 0.56140 -0.20876 -0.40790
v 0.56140 -0.20876 -0.40790
v 0.46907 -0.00519 0.13375
v 0.46907 -0.00519 0.13375
v 0.45838 -0.35853 -0.39539
v 0.45838 -0.35853 -0.39539
v 0.45838 -0.35853 -0.39539
v 0.45838 -0.35853 -0.39539
v 0.45117 -0.03741 -0.15643
v 0.45117 -0.03741 -0.15643
v 0.46788 -0.35207 -0.30840
v 0.46788 -0.35207 -0.30840
v 0.46788 -0.35207 -0.30840
v 0.46788 -0.35207 -0.30840
v 0.53022 -0.04743 0.08245
v 0.53022 -0.04743 0.08245
v 0.44758 -0.04181 -0.16081
v 0.44758 -0.04181 -0.16081
v 0.44758 -0.04181 -0.16081
v 0.45534 -0.04202 -0.15297
v 0.45534 -0.04202 -0.15297
v 0.45534 -0.04202 -0.15297
v 0.45534 -0.04202 -0.15297
v 0.46362 -0.04390 -0.14574
v 0.46362 -0.04390 -0.14574
v 0.46362 -0.04390 -0.14574
v 0.46362 -0.04390 -0.14574
v 0.45555 -0.04394 -0.15702
v 0.46622 -0.26966 0.30685
v 0.46622 -0.26966 0.30685
v 0.46622 -0.26966 0.30685
v 0.46622 -0.26966 0.30685
v 0.46622 -0.26966 0.30685
v 0.46673 -0.27261 0.39109
v 0.46673 -0.27261 0.39109
v 0.46673 -0.27261 0.39109
v 0.46673 -0.27261 0.39109
v 0.46778 -0.04233 0.13477
v 0.46778 -0.04233 0.13477
v 0.46778 -0.04233 0.13477
v 0.46778 -0.04233 0.13477
v 0.46790 -0.35230 0.39227
v 0.46790 -0.35230 0.39227
v 0.46790 -0.35230 0.39227
v 0.46790 -0.35230 0.39227
v 0.46906 -0.04329 -0.13382
v 0.46906 -0.04329 -0.13382
v 0.47087 -0.04456 -0.13555
v 0.47087 -0.04456 -0.13555
v 0.47311 -0.04494 0.13168
v 0.47311 -0.04494 0.13168
v 0.47311 -0.04494 0.13168
v 0.47311 -0.04494 0.13168
v 0.47311 -0.04494 0.13168
v 0.47250 -0.04214 0.12162
v 0.47250 -0.04214 0.12162
v 0.47250 -0.04214 0.12162
v 0.47884 -0.00500 -0.10458
v 0.47884 -0.00500 -0.10458
v 0.47509 -0.04352 -0.11422
v 0.47509 -0.04352 -0.11422
v 0.47509 -0.04352 -0.11422
v 0.47885 -0.04286 0.10104
v 0.47885 -0.04286 0.10104
v 0.47885 -0.04286 0.10104
v 0.47885 -0.04286 0.10104
v 0.48439 -0.00691 0.08071
v 0.48439 -0.00691 0.08071
v 0.48439 -0.00691 0.08071
v 0.48073 -0.04335 -0.09467
v 0.48073 -0.04335 -0.09467
v 0.48290 -0.04538 0.10041
v 0.48290 -0.04538 0.10041
v 0.48872 -0.04573 -0.07976
v 0.48872 -0.04573 -0.07976
v 0.48467 -0.04348 0.08110
v 0.48467 -0.04348 0.08110
v 0.48471 -0.04338 -0.08122
v 0.48471 -0.04338 -0.08122
v 0.48471 -0.04338 -0.08122
v 0.48669 -0.00478 -0.07775
v 0.48858 -0.04332 0.06574
v 0.48858 -0.04332 0.06574
v 0.48858 -0.04332 0.06574
v 0.48858 -0.04332 0.06574
v 0.49063 -0.04345 -0.05975
v 0.49063 -0.04345 -0.05975
v 0.49063 -0.04345 -0.05975
v 0.49063 -0.04345 -0.05975
v 0.48799 -0.04416 -0.07296
v 0.48799 -0.04416 -0.07296
v 0.49051 -0.00559 0.05816
v 0.49051 -0.00559 0.05816
v 0.49190 -0.02936 -0.05398
v 0.49190 -0.02936 -0.05398
v 0.49190 -0.02936 -0.05398
v 0.49190 -0.02936 -0.05398
v 0.49257 -0.04584 -0.06726
v 0.49257 -0.04584 -0.06726
v 0.49434 -0.04549 0.05164
v 0.49434 -0.04549 0.05164
v 0.49434 -0.04549 0.05164
v 0.49388 -0.04454 -0.05143
v 0.49388 -0.04454 -0.05143
v 0.49388 -0.04454 -0.05143
v 0.49388 -0.04454 -0.05143
v 0.49388 -0.04454 -0.05143
v 0.49248 -0.04352 0.04992
v 0.49248 -0.04352 0.04992
v 0.49641 -0.04345 -0.03638
v 0.49641 -0.04345 -0.03638
v 0.49641 -0.04345 -0.03638
v 0.49641 -0.04345 -0.03638
v 0.53139 -0.04727 -0.03666
v 0.53139 -0.04727 -0.03666
v 0.53139 -0.04727 -0.03666
v 0.53139 -0.04727 -0.03666
v 0.53139 -0.04727 -0.03666
v 0.53139 -0.04727 -0.03666
v 0.50425 -0.00531 -0.00355
v 0.50425 -0.00531 -0.00355
v 0.50425 -0.00531 -0.00355
v 0.49641 -0.04380 0.03447
v 0.49641 -0.04380 0.03447
v 0.49641 -0.04380 0.03447
v 0.49641 -0.04380 0.03447
v 0.49853 -0.00676 0.02615
v 0.49853 -0.00676 0.02615
v 0.49630 -0.04559 -0.04578
v 0.49630 -0.04559 -0.04578
v 0.49630 -0.04559 -0.04578
v 0.49630 -0.04559 -0.04578
v 0.49950 -0.04612 0.03122
v 0.49950 -0.04612 0.03122
v 0.49950 -0.04612 0.03122
v 0.49950 -0.04612 0.03122
v 0.49950 -0.04612 0.03122
v 0.49929 -0.04571 -0.02957
v 0.49929 -0.04571 -0.02957
v 0.49929 -0.04571 -0.02957
v 0.50028 -0.00542 0.01885
v 0.75012 -0.32963 -0.26941
v 0.75012 -0.32963 -0.26941
v 0.75012 -0.32963 -0.26941
v 0.75012 -0.32963 -0.26941
v 0.75012 -0.32963 -0.26941
v 0.75012 -0.32963 -0.26941
v 0.75012 -0.32963 -0.26941
v 0.75012 -0.32963 -0.26941
v 0.75012 -0.32963 -0.26941
v 0.75012 -0.32963 -0.26941
v 0.75012 -0.32963 -0.26941
v 0.75012 -0.32963 -0.26941
v 0.75012 -0.32963 -0.26941
v 0.75012 -0.32963 -0.26941
v 0.50243 -0.04546 0.00942
v 0.50243 -0.04546 0.00942
v 0.50243 -0.04546 0.00942
v 0.50226 -0.00548 0.00941
v 0.50464 -0.04435 -0.00080
v 0.50464 -0.04435 -0.00080
v 0.50464 -0.04435 -0.00080
v 0.50593 -0.04602 0.00058
v 0.50593 -0.04602 0.00058
v 0.50593 -0.04602 0.00058
v 0.50593 -0.04602 0.00058
v 0.50545 -0.27293 -0.39160
v 0.50545 -0.27293 -0.39160
v 0.50545 -0.27293 -0.39160
v 0.50545 -0.27293 -0.39160
v 0.50545 -0.35054 -0.30827
v 0.50545 -0.35054 -0.30827
v 0.50545 -0.35054 -0.30827
v 0.50545 -0.35054 -0.30827
v 0.50545 -0.35054 -0.30827
v 0.50545 -0.35054 -0.30827
v 0.50573 -0.27250 -0.30858
v 0.50573 -0.27250 -0.30858
v 0.50573 -0.27250 -0.30858
v 0.50573 -0.27250 -0.30858
v 0.50549 -0.35046 0.30674
v 0.50549 -0.35046 0.30674
v 0.50549 -0.35046 0.30674
v 0.50549 -0.35046 0.30674
v 0.50549 -0.35046 0.30674
v 0.50546 -0.27342 0.39366
v 0.50546 -0.27342 0.39366
v 0.50546 -0.27342 0.39366
v 0.50546 -0.27342 0.39366
v 0.50546 -0.27342 0.39366
v 0.50535 -0.27298 0.30663
v 0.50535 -0.27298 0.30663
v 0.50535 -0.27298 0.30663
v 0.50535 -0.27298 0.30663
v 0.50551 -0.35038 -0.39560
v 0.50551 -0.35038 -0.39560
v 0.50551 -0.35038 -0.39560
v 0.50551 -0.35038 -0.39560
v 0.50567 -0.35093 0.39377
v 0.50567 -0.35093 0.39377
v 0.50567 -0.35093 0.39377
v 0.50567 -0.35093 0.39377
v 0.50567 -0.35093 0.39377
v 0.50555 -0.27336 -0.39567
v 0.50555 -0.27336 -0.39567
v 0.50555 -0.27336 -0.39567
v 0.50555 -0.27336 -0.39567
v 0.54331 -0.28773 0.31201
v 0.54331 -0.28773 0.31201
v 0.54331 -0.28773 0.31201
v 0.54331 -0.28773 0.31201
v 0.51922 -0.26399 -0.39560
v 0.51922 -0.26399 -0.39560
v 0.51922 -0.26399 -0.39560
v 0.52190 -0.26197 0.30660
v 0.52190 -0.26197 0.30660
v 0.52190 -0.26197 0.30660
v 0.52228 -0.36145 0.30664
v 0.52228 -0.36145 0.30664
v 0.52228 -0.36145 0.30664
v 0.52228 -0.36145 0.30664
v 0.55824 -0.23859 -0.39582
v 0.55824 -0.23859 -0.39582
v 0.55824 -0.23859 -0.39582
v 0.55824 -0.23859 -0.39582
v 0.55824 -0.23859 -0.39582
v 0.54132 -0.32905 -0.31328
v 0.54132 -0.32905 -0.31328
v 0.54132 -0.32905 -0.31328
v 0.54132 -0.32905 -0.31328
v 0.54132 -0.32905 -0.31328
v 0.54038 -0.32993 0.31146
v 0.54038 -0.32993 0.31146
v 0.54038 -0.32993 0.31146
v 0.54038 -0.32993 0.31146
v 0.54769 -0.29003 0.38659
v 0.55133 -0.33178 -0.38689
v 0.55133 -0.33178 -0.38689
v 0.55133 -0.33178 -0.38689
v 0.54703 -0.29406 -0.38781
v 0.54703 -0.29406 -0.38781
v 0.54703 -0.29406 -0.38781
v 0.53960 -0.25100 0.30650
v 0.53960 -0.25100 0.30650
v 0.53960 -0.25100 0.30650
v 0.53333 -0.25459 0.39349
v 0.53333 -0.25459 0.39349
v 0.53333 -0.25459 0.39349
v 0.57657 -0.22669 0.36676
v 0.57657 -0.22669 0.36676
v 0.54742 -0.04488 0.40627
v 0.54742 -0.04488 0.40627
v 0.54742 -0.04488 0.40627
v 0.57841 -0.39705 -0.39572
v 0.57841 -0.39705 -0.39572
v 0.57841 -0.39705 -0.39572
v 0.57841 -0.39705 -0.39572
v 0.57841 -0.39705 -0.39572
v 0.57841 -0.39705 -0.39572
v 0.57841 -0.39705 -0.39572
v 0.57841 -0.39705 -0.39572
v 0.57841 -0.39705 -0.39572
v 0.54361 -0.29002 -0.31330
v 0.54361 -0.29002 -0.31330
v 0.54361 -0.29002 -0.31330
v 0.54361 -0.29002 -0.31330
v 0.54361 -0.29002 -0.31330
v 0.54361 -0.29002 -0.31330
v 0.57319 -0.40136 -0.39785
v 0.57319 -0.40136 -0.39785
v 0.57319 -0.40136 -0.39785
v 0.57319 -0.40136 -0.39785
v 0.57319 -0.40136 -0.39785
v 0.72690 -0.40138 -0.40817
v 0.72690 -0.40138 -0.40817
v 0.72690 -0.40138 -0.40817
v 0.72690 -0.40138 -0.40817
v 0.72690 -0.40138 -0.40817
v 0.72690 -0.40138 -0.40817
v 0.72690 -0.40138 -0.40817
v 0.54944 -0.33067 0.38535
v 0.54944 -0.33067 0.38535
v 0.54944 -0.33067 0.38535
v 0.57778 -0.22705 -0.30848
v 0.57778 -0.22705 -0.30848
v 0.57778 -0.22705 -0.30848
v 0.57778 -0.22705 -0.30848
v 0.57778 -0.22705 -0.30848
v 0.54086 -0.37385 -0.30861
v 0.54086 -0.37385 -0.30861
v 0.54086 -0.37385 -0.30861
v 0.54086 -0.37385 -0.30861
v 0.56027 -0.34110 -0.31335
v 0.56027 -0.34110 -0.31335
v 0.56027 -0.34110 -0.31335
v 0.56027 -0.34110 -0.31335
v 0.56027 -0.34110 -0.31335
v 0.55702 -0.27988 0.31272
v 0.55702 -0.27988 0.31272
v 0.55702 -0.27988 0.31272
v 0.55120 -0.28390 -0.31430
v 0.55120 -0.28390 -0.31430
v 0.55120 -0.28390 -0.31430
v 0.55120 -0.28390 -0.31430
v 0.57730 -0.39651 0.39304
v 0.57730 -0.39651 0.39304
v 0.57730 -0.39651 0.39304
v 0.57730 -0.39651 0.39304
v 0.57730 -0.39651 0.39304
v 0.57730 -0.39651 0.39304
v 0.57730 -0.39651 0.39304
v 0.57730 -0.39651 0.39304
v 0.55051 -0.33499 0.31123
v 0.55051 -0.33499 0.31123
v 0.55051 -0.33499 0.31123
v 0.55051 -0.33499 0.31123
v 0.54463 -0.29101 0.30960
v 0.54463 -0.29101 0.30960
v 0.54463 -0.29101 0.30960
v 0.54463 -0.29101 0.30960
v 0.57853 -0.34145 -0.38611
v 0.57853 -0.34145 -0.38611
v 0.57853 -0.34145 -0.38611
v 0.55908 -0.29764 0.26883
v 0.55908 -0.29764 0.26883
v 0.55908 -0.29764 0.26883
v 0.55908 -0.29764 0.26883
v 0.54348 -0.32755 -0.31005
v 0.54348 -0.32755 -0.31005
v 0.54348 -0.32755 -0.31005
v 0.54226 -0.32861 0.30976
v 0.54226 -0.32861 0.30976
v 0.54226 -0.32861 0.30976
v 0.54226 -0.32861 0.30976
v 0.57651 -0.40032 0.34929
v 0.57651 -0.40032 0.34929
v 0.57651 -0.40032 0.34929
v 0.57651 -0.40032 0.34929
v 0.54892 -0.29380 0.28206
v 0.54892 -0.29380 0.28206
v 0.54892 -0.29380 0.28206
v 0.54892 -0.29380 0.28206
v 0.54892 -0.29380 0.28206
v 0.54892 -0.29380 0.28206
v 0.54892 -0.29380 0.28206
v 0.54892 -0.29380 0.28206
v 0.56512 -0.34387 -0.31238
v 0.56512 -0.34387 -0.31238
v 0.56512 -0.34387 -0.31238
v 0.56512 -0.34387 -0.31238
v 0.57586 -0.22704 0.30668
v 0.57586 -0.22704 0.30668
v 0.57586 -0.22704 0.30668
v 0.57586 -0.22704 0.30668
v 0.54543 -0.29286 -0.30217
v 0.54543 -0.29286 -0.30217
v 0.54543 -0.29286 -0.30217
v 0.54543 -0.29286 -0.30217
v 0.54543 -0.29286 -0.30217
v 0.55084 -0.28781 -0.31219
v 0.55084 -0.28781 -0.31219
v 0.55084 -0.28781 -0.31219
v 0.55084 -0.28781 -0.31219
v 0.55882 -0.33834 -0.31110
v 0.55882 -0.33834 -0.31110
v 0.55882 -0.33834 -0.31110
v 0.54842 -0.32545 -0.28371
v 0.54842 -0.32545 -0.28371
v 0.54842 -0.32545 -0.28371
v 0.54842 -0.32545 -0.28371
v 0.54842 -0.32545 -0.28371
v 0.54878 -0.29300 -0.28445
v 0.54878 -0.29300 -0.28445
v 0.54878 -0.29300 -0.28445
v 0.54878 -0.29300 -0.28445
v 0.54878 -0.29300 -0.28445
v 0.55918 -0.31894 0.26913
v 0.55918 -0.31894 0.26913
v 0.55918 -0.31894 0.26913
v 0.55918 -0.31894 0.26913
v 0.55918 -0.31894 0.26913
v 0.56299 -0.32285 -0.27075
v 0.56299 -0.32285 -0.27075
v 0.56299 -0.32285 -0.27075
v 0.56299 -0.32285 -0.27075
v 0.56299 -0.32285 -0.27075
v 0.56299 -0.32285 -0.27075
v 0.56299 -0.32285 -0.27075
v 0.72488 -0.40197 -0.28394
v 0.72488 -0.40197 -0.28394
v 0.72488 -0.40197 -0.28394
v 0.72488 -0.40197 -0.28394
v 0.72488 -0.40197 -0.28394
v 0.55289 -0.28597 0.31107
v 0.55289 -0.28597 0.31107
v 0.55289 -0.28597 0.31107
v 0.55289 -0.28597 0.31107
v 0.55289 -0.28597 0.31107
v 0.54849 -0.32456 0.28252
v 0.54849 -0.32456 0.28252
v 0.54849 -0.32456 0.28252
v 0.54849 -0.32456 0.28252
v 0.57568 -0.31092 0.37530
v 0.57568 -0.31092 0.37530
v 0.57568 -0.31092 0.37530
v 0.57486 -0.27436 -0.31287
v 0.57486 -0.27436 -0.31287
v 0.57486 -0.27436 -0.31287
v 0.57486 -0.27436 -0.31287
v 0.57486 -0.27436 -0.31287
v 0.57576 -0.22729 -0.39546
v 0.57576 -0.22729 -0.39546
v 0.57576 -0.22729 -0.39546
v 0.57576 -0.22729 -0.39546
v 0.57576 -0.22729 -0.39546
v 0.57576 -0.22729 -0.39546
v 0.57834 -0.40014 0.30722
v 0.57834 -0.40014 0.30722
v 0.57834 -0.40014 0.30722
v 0.57834 -0.40014 0.30722
v 0.57834 -0.40014 0.30722
v 0.57766 -0.28615 0.38414
v 0.72923 -0.43419 -0.28494
v 0.72923 -0.43419 -0.28494
v 0.72923 -0.43419 -0.28494
v 0.72923 -0.43419 -0.28494
v 0.72923 -0.43419 -0.28494
v 0.56267 -0.31924 -0.27431
v 0.56267 -0.31924 -0.27431
v 0.56267 -0.31924 -0.27431
v 0.56267 -0.31924 -0.27431
v 0.56267 -0.31924 -0.27431
v 0.58827 -0.29369 0.26858
v 0.58827 -0.29369 0.26858
v 0.58827 -0.29369 0.26858
v 0.58827 -0.29369 0.26858
v 0.58827 -0.29369 0.26858
v 0.58827 -0.29369 0.26858
v 0.58827 -0.29369 0.26858
v 0.57691 -0.39639 0.30653
v 0.57691 -0.39639 0.30653
v 0.57691 -0.39639 0.30653
v 0.57691 -0.39639 0.30653
v 0.58689 -0.40166 0.28238
v 0.58689 -0.40166 0.28238
v 0.58689 -0.40166 0.28238
v 0.58689 -0.40166 0.28238
v 0.58689 -0.40166 0.28238
v 0.57681 -0.32959 0.26930
v 0.57681 -0.32959 0.26930
v 0.57681 -0.32959 0.26930
v 0.57681 -0.32959 0.26930
v 0.57681 -0.32959 0.26930
v 0.57681 -0.32959 0.26930
v 0.56494 -0.32481 0.26877
v 0.56494 -0.32481 0.26877
v 0.56494 -0.32481 0.26877
v 0.57613 -0.31633 -0.37729
v 0.57613 -0.31633 -0.37729
v 0.57613 -0.31633 -0.37729
v 0.57613 -0.31633 -0.37729
v 0.57613 -0.31633 -0.37729
v 0.58632 -0.29373 -0.27045
v 0.58632 -0.29373 -0.27045
v 0.58632 -0.29373 -0.27045
v 0.58632 -0.29373 -0.27045
v 0.58632 -0.29373 -0.27045
v 0.58632 -0.29373 -0.27045
v 0.58632 -0.29373 -0.27045
v 0.58632 -0.29373 -0.27045
v 0.58632 -0.29373 -0.27045
v 0.55912 -0.29769 -0.27068
v 0.55912 -0.29769 -0.27068
v 0.55912 -0.29769 -0.27068
v 0.55912 -0.29769 -0.27068
v 0.55912 -0.29769 -0.27068
v 0.55912 -0.29769 -0.27068
v 0.56154 -0.31878 0.27261
v 0.56154 -0.31878 0.27261
v 0.56154 -0.31878 0.27261
v 0.56277 -0.29956 -0.27369
v 0.56277 -0.29956 -0.27369
v 0.56277 -0.29956 -0.27369
v 0.57212 -0.34696 0.31131
v 0.57212 -0.34696 0.31131
v 0.57212 -0.34696 0.31131
v 0.56250 -0.30098 0.27217
v 0.56250 -0.30098 0.27217
v 0.56250 -0.30098 0.27217
v 0.56250 -0.30098 0.27217
v 0.56250 -0.30098 0.27217
v 0.57664 -0.27962 -0.28372
v 0.57664 -0.27962 -0.28372
v 0.57664 -0.27962 -0.28372
v 0.57664 -0.27962 -0.28372
v 0.56886 -0.27423 0.31269
v 0.56886 -0.27423 0.31269
v 0.56886 -0.27423 0.31269
v 0.56886 -0.27423 0.31269
v 0.57712 -0.39625 -0.30848
v 0.57712 -0.39625 -0.30848
v 0.57712 -0.39625 -0.30848
v 0.57712 -0.39625 -0.30848
v 0.57712 -0.39625 -0.30848
v 0.57764 -0.40056 -0.34315
v 0.57764 -0.40056 -0.34315
v 0.57764 -0.40056 -0.34315
v 0.57764 -0.40056 -0.34315
v 0.57872 -0.40008 -0.30905
v 0.57872 -0.40008 -0.30905
v 0.57872 -0.40008 -0.30905
v 0.57872 -0.40008 -0.30905
v 0.57872 -0.40008 -0.30905
v 0.57872 -0.40008 -0.30905
v 0.68371 -0.13753 -0.41060
v 0.68371 -0.13753 -0.41060
v 0.68371 -0.13753 -0.41060
v 0.68371 -0.13753 -0.41060
v 0.68371 -0.13753 -0.41060
v 0.68371 -0.13753 -0.41060
v 0.68371 -0.13753 -0.41060
v 0.68371 -0.13753 -0.41060
v 0.68371 -0.13753 -0.41060
v 0.68371 -0.13753 -0.41060
v 0.57704 -0.22717 0.39385
v 0.57704 -0.22717 0.39385
v 0.57704 -0.22717 0.39385
v 0.57704 -0.22717 0.39385
v 0.56532 -0.32218 -0.27483
v 0.56532 -0.32218 -0.27483
v 0.56532 -0.32218 -0.27483
v 0.56518 -0.27829 0.31177
v 0.56518 -0.27829 0.31177
v 0.56518 -0.27829 0.31177
v 0.57459 -0.27972 0.28210
v 0.57459 -0.27972 0.28210
v 0.57459 -0.27972 0.28210
v 0.57459 -0.27972 0.28210
v 0.57459 -0.27972 0.28210
v 0.57703 -0.34237 -0.28524
v 0.57703 -0.34237 -0.28524
v 0.57703 -0.34237 -0.28524
v 0.57703 -0.34237 -0.28524
v 0.57703 -0.34237 -0.28524
v 0.57703 -0.34237 -0.28524
v 0.57703 -0.34237 -0.28524
v 0.57797 -0.28562 -0.38569
v 0.57797 -0.28562 -0.38569
v 0.57797 -0.28562 -0.38569
v 0.57547 -0.31050 -0.37730
v 0.57547 -0.31050 -0.37730
v 0.57547 -0.31050 -0.37730
v 0.58418 -0.39653 0.39404
v 0.58418 -0.39653 0.39404
v 0.58418 -0.39653 0.39404
v 0.58418 -0.39653 0.39404
v 0.58418 -0.39653 0.39404
v 0.58418 -0.39653 0.39404
v 0.56666 -0.29755 0.27150
v 0.56666 -0.29755 0.27150
v 0.56666 -0.29755 0.27150
v 0.56666 -0.29755 0.27150
v 0.56666 -0.29755 0.27150
v 0.57846 -0.35021 -0.31267
v 0.57846 -0.35021 -0.31267
v 0.57762 -0.40059 0.37209
v 0.57762 -0.40059 0.37209
v 0.57762 -0.40059 0.37209
v 0.68193 -0.17458 -0.40778
v 0.68193 -0.17458 -0.40778
v 0.56837 -0.32314 0.27241
v 0.56837 -0.32314 0.27241
v 0.56837 -0.32314 0.27241
v 0.56837 -0.32314 0.27241
v 0.72765 -0.40038 0.40609
v 0.72765 -0.40038 0.40609
v 0.72765 -0.40038 0.40609
v 0.72765 -0.40038 0.40609
v 0.72765 -0.40038 0.40609
v 0.72765 -0.40038 0.40609
v 0.56880 -0.29574 -0.27441
v 0.56880 -0.29574 -0.27441
v 0.56880 -0.29574 -0.27441
v 0.57745 -0.34073 0.28189
v 0.57745 -0.34073 0.28189
v 0.57745 -0.34073 0.28189
v 0.57745 -0.34073 0.28189
v 0.57745 -0.34073 0.28189
v 0.57745 -0.34073 0.28189
v 0.58364 -0.39839 -0.39580
v 0.58364 -0.39839 -0.39580
v 0.58364 -0.39839 -0.39580
v 0.58364 -0.39839 -0.39580
v 0.58364 -0.39839 -0.39580
v 0.58139 -0.34843 0.38774
v 0.58139 -0.34843 0.38774
v 0.68777 -0.21169 -0.27038
v 0.68777 -0.21169 -0.27038
v 0.58128 -0.31875 0.37615
v 0.58128 -0.31875 0.37615
v 0.58128 -0.31875 0.37615
v 0.57562 -0.27000 -0.31426
v 0.57562 -0.27000 -0.31426
v 0.57658 -0.34800 -0.31145
v 0.57658 -0.34800 -0.31145
v 0.57658 -0.34800 -0.31145
v 0.57658 -0.34800 -0.31145
v 0.57658 -0.34800 -0.31145
v 0.57483 -0.34756 0.30977
v 0.57483 -0.34756 0.30977
v 0.57483 -0.34756 0.30977
v 0.57483 -0.34756 0.30977
v 0.58237 -0.27436 0.31243
v 0.58237 -0.27436 0.31243
v 0.58237 -0.27436 0.31243
v 0.58237 -0.27436 0.31243
v 0.58237 -0.27436 0.31243
v 0.58237 -0.27436 0.31243
v 0.58035 -0.40040 0.39406
v 0.58035 -0.40040 0.39406
v 0.58035 -0.40040 0.39406
v 0.58035 -0.40040 0.39406
v 0.58039 -0.32932 -0.27027
v 0.58039 -0.32932 -0.27027
v 0.58039 -0.32932 -0.27027
v 0.58039 -0.32932 -0.27027
v 0.57241 -0.32518 0.27178
v 0.57241 -0.32518 0.27178
v 0.57241 -0.32518 0.27178
v 0.57241 -0.32518 0.27178
v 0.57241 -0.32518 0.27178
v 0.57652 -0.29208 0.27237
v 0.57652 -0.29208 0.27237
v 0.57652 -0.29208 0.27237
v 0.57652 -0.29208 0.27237
v 0.57652 -0.29208 0.27237
v 0.57652 -0.29195 -0.27432
v 0.57652 -0.29195 -0.27432
v 0.57652 -0.29195 -0.27432
v 0.57652 -0.29195 -0.27432
v 0.57652 -0.29195 -0.27432
v 0.57628 -0.27437 0.31105
v 0.57628 -0.27437 0.31105
v 0.57628 -0.27437 0.31105
v 0.57628 -0.27437 0.31105
v 0.57628 -0.27437 0.31105
v 0.58066 -0.32517 0.27144
v 0.58066 -0.32517 0.27144
v 0.58066 -0.32517 0.27144
v 0.58066 -0.32517 0.27144
v 0.58066 -0.32517 0.27144
v 0.57633 -0.32698 -0.27425
v 0.57633 -0.32698 -0.27425
v 0.57633 -0.32698 -0.27425
v 0.57633 -0.32698 -0.27425
v 0.57633 -0.32698 -0.27425
v 0.57876 -0.40093 -0.39493
v 0.57876 -0.40093 -0.39493
v 0.58307 -0.40010 -0.39482
v 0.58307 -0.40010 -0.39482
v 0.58307 -0.40010 -0.39482
v 0.58307 -0.40010 -0.39482
v 0.58307 -0.40010 -0.39482
v 0.58307 -0.40010 -0.39482
v 0.58307 -0.40010 -0.39482
v 0.68395 -0.20897 -0.29163
v 0.68395 -0.20897 -0.29163
v 0.68395 -0.20897 -0.29163
v 0.68395 -0.20897 -0.29163
v 0.68395 -0.20897 -0.29163
v 0.68395 -0.20897 -0.29163
v 0.68395 -0.20897 -0.29163
v 0.68395 -0.20897 -0.29163
v 0.57571 -0.40045 -0.32309
v 0.57571 -0.40045 -0.32309
v 0.58052 -0.27618 -0.31283
v 0.58052 -0.27618 -0.31283
v 0.58052 -0.27618 -0.31283
v 0.58106 -0.34673 0.31116
v 0.58106 -0.34673 0.31116
v 0.58106 -0.34673 0.31116
v 0.58425 -0.39657 -0.30850
v 0.58425 -0.39657 -0.30850
v 0.58425 -0.39657 -0.30850
v 0.58425 -0.39657 -0.30850
v 0.58246 -0.29573 -0.27439
v 0.58246 -0.29573 -0.27439
v 0.58246 -0.29573 -0.27439
v 0.58089 -0.32503 -0.27446
v 0.58089 -0.32503 -0.27446
v 0.58089 -0.32503 -0.27446
v 0.58089 -0.32503 -0.27446
v 0.58089 -0.32503 -0.27446
v 0.58462 -0.34745 0.31151
v 0.58462 -0.34745 0.31151
v 0.58462 -0.34745 0.31151
v 0.58462 -0.34745 0.31151
v 0.58462 -0.34745 0.31151
v 0.58253 -0.40033 -0.30896
v 0.58253 -0.40033 -0.30896
v 0.58253 -0.40033 -0.30896
v 0.58253 -0.40033 -0.30896
v 0.58347 -0.39834 0.30663
v 0.58347 -0.39834 0.30663
v 0.58347 -0.39834 0.30663
v 0.58347 -0.39834 0.30663
v 0.58347 -0.39834 0.30663
v 0.58347 -0.39834 0.30663
v 0.60272 -0.29596 0.38489
v 0.60272 -0.29596 0.38489
v 0.60272 -0.29596 0.38489
v 0.60272 -0.29596 0.38489
v 0.58236 -0.29570 0.27231
v 0.58236 -0.29570 0.27231
v 0.58236 -0.29570 0.27231
v 0.69054 -0.01963 0.01381
v 0.69054 -0.01963 0.01381
v 0.69054 -0.01963 0.01381
v 0.60201 -0.29340 0.28215
v 0.60201 -0.29340 0.28215
v 0.60201 -0.29340 0.28215
v 0.60201 -0.29340 0.28215
v 0.60201 -0.29340 0.28215
v 0.58278 -0.34418 -0.31080
v 0.58278 -0.34418 -0.31080
v 0.58278 -0.34418 -0.31080
v 0.58278 -0.34418 -0.31080
v 0.58634 -0.27620 -0.31402
v 0.58634 -0.27620 -0.31402
v 0.60471 -0.32473 -0.28434
v 0.60471 -0.32473 -0.28434
v 0.60471 -0.32473 -0.28434
v 0.60471 -0.32473 -0.28434
v 0.60471 -0.32473 -0.28434
v 0.60471 -0.32473 -0.28434
v 0.60471 -0.32473 -0.28434
v 0.60471 -0.32473 -0.28434
v 0.58623 -0.32468 -0.27089
v 0.58623 -0.32468 -0.27089
v 0.58623 -0.32468 -0.27089
v 0.60512 -0.29584 -0.38709
v 0.60512 -0.29584 -0.38709
v 0.58579 -0.29673 0.27308
v 0.58579 -0.29673 0.27308
v 0.58579 -0.29673 0.27308
v 0.58579 -0.29673 0.27308
v 0.60818 -0.28949 0.31097
v 0.60818 -0.28949 0.31097
v 0.60818 -0.28949 0.31097
v 0.60818 -0.28949 0.31097
v 0.60818 -0.28949 0.31097
v 0.60818 -0.28949 0.31097
v 0.60818 -0.28949 0.31097
v 0.58453 -0.32291 0.27240
v 0.58453 -0.32291 0.27240
v 0.58453 -0.32291 0.27240
v 0.58475 -0.39940 0.31571
v 0.58475 -0.39940 0.31571
v 0.58475 -0.39940 0.31571
v 0.58475 -0.39940 0.31571
v 0.58357 -0.40082 -0.31586
v 0.58357 -0.40082 -0.31586
v 0.58357 -0.40082 -0.31586
v 0.58357 -0.40082 -0.31586
v 0.58285 -0.40116 0.36787
v 0.58285 -0.40116 0.36787
v 0.58285 -0.40116 0.36787
v 0.58354 -0.39948 0.36378
v 0.58354 -0.39948 0.36378
v 0.58430 -0.39687 0.37441
v 0.58430 -0.39687 0.37441
v 0.58430 -0.39687 0.37441
v 0.58430 -0.39687 0.37441
v 0.58430 -0.39687 0.37441
v 0.58355 -0.40078 0.38653
v 0.58355 -0.40078 0.38653
v 0.58355 -0.40078 0.38653
v 0.58355 -0.40078 0.38653
v 0.60441 -0.32554 0.28347
v 0.60441 -0.32554 0.28347
v 0.60441 -0.32554 0.28347
v 0.60441 -0.32554 0.28347
v 0.60441 -0.32554 0.28347
v 0.60441 -0.32554 0.28347
v 0.60441 -0.32554 0.28347
v 0.58631 -0.39635 0.31363
v 0.58631 -0.39635 0.31363
v 0.58631 -0.39635 0.31363
v 0.58631 -0.39635 0.31363
v 0.58631 -0.39635 0.31363
v 0.58631 -0.39635 0.31363
v 0.58631 -0.39635 0.31363
v 0.58327 -0.40016 -0.34449
v 0.58327 -0.40016 -0.34449
v 0.58327 -0.40016 -0.34449
v 0.58327 -0.40016 -0.34449
v 0.58291 -0.40122 -0.35960
v 0.58291 -0.40122 -0.35960
v 0.58291 -0.40122 -0.35960
v 0.58291 -0.40122 -0.35960
v 0.58452 -0.39687 -0.37487
v 0.58452 -0.39687 -0.37487
v 0.58452 -0.39687 -0.37487
v 0.58452 -0.39687 -0.37487
v 0.58452 -0.39687 -0.37487
v 0.60252 -0.29316 -0.28398
v 0.60252 -0.29316 -0.28398
v 0.60252 -0.29316 -0.28398
v 0.60252 -0.29316 -0.28398
v 0.60252 -0.29316 -0.28398
v 0.60252 -0.29316 -0.28398
v 0.60252 -0.29316 -0.28398
v 0.58403 -0.40098 0.33541
v 0.58403 -0.40098 0.33541
v 0.58403 -0.40098 0.33541
v 0.58357 -0.39950 0.34258
v 0.58357 -0.39950 0.34258
v 0.58285 -0.40124 0.35126
v 0.58285 -0.40124 0.35126
v 0.58285 -0.40124 0.35126
v 0.58285 -0.40124 0.35126
v 0.58285 -0.40124 0.35126
v 0.58364 -0.40082 -0.37832
v 0.58364 -0.40082 -0.37832
v 0.58364 -0.40082 -0.37832
v 0.58364 -0.40082 -0.37832
v 0.58291 -0.40121 -0.38631
v 0.58291 -0.40121 -0.38631
v 0.58291 -0.40121 -0.38631
v 0.58869 -0.40111 -0.37680
v 0.58869 -0.40111 -0.37680
v 0.58869 -0.40111 -0.37680
v 0.58869 -0.40111 -0.37680
v 0.58675 -0.29928 0.27208
v 0.58675 -0.29928 0.27208
v 0.58675 -0.29928 0.27208
v 0.58675 -0.29928 0.27208
v 0.59388 -0.31901 0.26885
v 0.59388 -0.31901 0.26885
v 0.59388 -0.31901 0.26885
v 0.59388 -0.31901 0.26885
v 0.59388 -0.31901 0.26885
v 0.58665 -0.29936 -0.27419
v 0.58665 -0.29936 -0.27419
v 0.58665 -0.29936 -0.27419
v 0.58665 -0.29936 -0.27419
v 0.60135 -0.32941 0.26843
v 0.60135 -0.32941 0.26843
v 0.58836 -0.32087 -0.27444
v 0.58836 -0.32087 -0.27444
v 0.58836 -0.32087 -0.27444
v 0.58836 -0.32087 -0.27444
v 0.62427 -0.37026 0.39384
v 0.62427 -0.37026 0.39384
v 0.62427 -0.37026 0.39384
v 0.60717 -0.33511 0.38636
v 0.60717 -0.33511 0.38636
v 0.60445 -0.33311 -0.31315
v 0.60445 -0.33311 -0.31315
v 0.60445 -0.33311 -0.31315
v 0.60445 -0.33311 -0.31315
v 0.60445 -0.33311 -0.31315
v 0.60445 -0.33311 -0.31315
v 0.58996 -0.28012 -0.31319
v 0.58996 -0.28012 -0.31319
v 0.59028 -0.30305 0.27202
v 0.59028 -0.30305 0.27202
v 0.59028 -0.30305 0.27202
v 0.59028 -0.30305 0.27202
v 0.59028 -0.30305 0.27202
v 0.60242 -0.24284 0.39361
v 0.60242 -0.24284 0.39361
v 0.60242 -0.24284 0.39361
v 0.60242 -0.24284 0.39361
v 0.60035 -0.28589 -0.31277
v 0.60035 -0.28589 -0.31277
v 0.60035 -0.28589 -0.31277
v 0.60035 -0.28589 -0.31277
v 0.59267 -0.33850 -0.31027
v 0.59267 -0.33850 -0.31027
v 0.59267 -0.33850 -0.31027
v 0.59406 -0.32094 -0.27036
v 0.59406 -0.32094 -0.27036
v 0.59406 -0.32094 -0.27036
v 0.59406 -0.32094 -0.27036
v 0.59406 -0.32094 -0.27036
v 0.58964 -0.30001 -0.27499
v 0.58964 -0.30001 -0.27499
v 0.58964 -0.30001 -0.27499
v 0.58964 -0.30001 -0.27499
v 0.58964 -0.30001 -0.27499
v 0.61513 -0.37625 0.30657
v 0.61513 -0.37625 0.30657
v 0.61513 -0.37625 0.30657
v 0.61513 -0.37625 0.30657
v 0.61513 -0.37625 0.30657
v 0.63003 -0.36634 -0.39544
v 0.63003 -0.36634 -0.39544
v 0.63003 -0.36634 -0.39544
v 0.60862 -0.33396 -0.38826
v 0.60862 -0.33396 -0.38826
v 0.60862 -0.33396 -0.38826
v 0.60862 -0.33396 -0.38826
v 0.59062 -0.31928 0.27193
v 0.59062 -0.31928 0.27193
v 0.59062 -0.31928 0.27193
v 0.59062 -0.31928 0.27193
v 0.59062 -0.31928 0.27193
v 0.59141 -0.31866 -0.27475
v 0.59141 -0.31866 -0.27475
v 0.59141 -0.31866 -0.27475
v 0.59141 -0.31866 -0.27475
v 0.60372 -0.24326 -0.30833
v 0.60372 -0.24326 -0.30833
v 0.60372 -0.24326 -0.30833
v 0.59024 -0.30697 -0.27411
v 0.59024 -0.30697 -0.27411
v 0.59024 -0.30697 -0.27411
v 0.59024 -0.30697 -0.27411
v 0.64956 -0.27170 0.30644
v 0.64956 -0.27170 0.30644
v 0.64956 -0.27170 0.30644
v 0.64956 -0.27170 0.30644
v 0.64956 -0.27170 0.30644
v 0.64956 -0.27170 0.30644
v 0.62414 -0.37005 -0.30845
v 0.62414 -0.37005 -0.30845
v 0.62414 -0.37005 -0.30845
v 0.72711 -0.40129 0.28200
v 0.72711 -0.40129 0.28200
v 0.72711 -0.40129 0.28200
v 0.72711 -0.40129 0.28200
v 0.72711 -0.40129 0.28200
v 0.64911 -0.27438 -0.39525
v 0.64911 -0.27438 -0.39525
v 0.64911 -0.27438 -0.39525
v 0.64911 -0.27438 -0.39525
v 0.64911 -0.27438 -0.39525
v 0.61189 -0.32865 0.31103
v 0.61189 -0.32865 0.31103
v 0.61189 -0.32865 0.31103
v 0.61189 -0.32865 0.31103
v 0.61189 -0.32865 0.31103
v 0.61189 -0.32865 0.31103
v 0.60939 -0.28983 -0.31333
v 0.60939 -0.28983 -0.31333
v 0.60939 -0.28983 -0.31333
v 0.60939 -0.28983 -0.31333
v 0.60939 -0.28983 -0.31333
v 0.60957 -0.32733 -0.30858
v 0.60957 -0.32733 -0.30858
v 0.60957 -0.32733 -0.30858
v 0.60957 -0.32733 -0.30858
v 0.69268 -0.01953 -0.40865
v 0.69268 -0.01953 -0.40865
v 0.69268 -0.01953 -0.40865
v 0.69268 -0.01953 -0.40865
v 0.60919 -0.30697 -0.31156
v 0.60919 -0.30697 -0.31156
v 0.60919 -0.30697 -0.31156
v 0.60919 -0.30697 -0.31156
v 0.60919 -0.30697 -0.31156
v 0.61676 -0.25197 0.39360
v 0.61676 -0.25197 0.39360
v 0.61676 -0.25197 0.39360
v 0.61150 -0.32875 -0.31322
v 0.61150 -0.32875 -0.31322
v 0.61150 -0.32875 -0.31322
v 0.61150 -0.32875 -0.31322
v 0.61867 -0.25213 -0.30850
v 0.61867 -0.25213 -0.30850
v 0.61867 -0.25213 -0.30850
v 0.61867 -0.25213 -0.30850
v 0.61383 -0.29922 0.31218
v 0.61383 -0.29922 0.31218
v 0.61383 -0.29922 0.31218
v 0.61383 -0.29922 0.31218
v 0.61146 -0.29425 -0.31400
v 0.61146 -0.29425 -0.31400
v 0.61146 -0.29425 -0.31400
v 0.69340 -0.01985 0.40890
v 0.69340 -0.01985 0.40890
v 0.69340 -0.01985 0.40890
v 0.69340 -0.01985 0.40890
v 0.69340 -0.01985 0.40890
v 0.69340 -0.01985 0.40890
v 0.65070 -0.35130 0.39358
v 0.65070 -0.35130 0.39358
v 0.65070 -0.35130 0.39358
v 0.65070 -0.35130 0.39358
v 0.65070 -0.35130 0.39358
v 0.65122 -0.35111 -0.30842
v 0.65122 -0.35111 -0.30842
v 0.65122 -0.35111 -0.30842
v 0.65122 -0.35111 -0.30842
v 0.65122 -0.35111 -0.30842
v 0.65122 -0.35111 -0.30842
v 0.65122 -0.35111 -0.30842
v 0.75633 -0.32958 0.26830
v 0.75633 -0.32958 0.26830
v 0.75633 -0.32958 0.26830
v 0.75633 -0.32958 0.26830
v 0.75633 -0.32958 0.26830
v 0.68136 -0.17772 0.40594
v 0.68136 -0.17772 0.40594
v 0.68136 -0.17772 0.40594
v 0.68136 -0.17772 0.40594
v 0.68136 -0.17772 0.40594
v 0.68136 -0.17772 0.40594
v 0.65112 -0.35074 -0.39551
v 0.65112 -0.35074 -0.39551
v 0.65112 -0.35074 -0.39551
v 0.65112 -0.35074 -0.39551
v 0.65112 -0.35074 -0.39551
v 0.64947 -0.27158 -0.30840
v 0.64947 -0.27158 -0.30840
v 0.64947 -0.27158 -0.30840
v 0.64947 -0.27158 -0.30840
v 0.65133 -0.35074 0.30664
v 0.65133 -0.35074 0.30664
v 0.65133 -0.35074 0.30664
v 0.65133 -0.35074 0.30664
v 0.65133 -0.35074 0.30664
v 0.64882 -0.27180 0.39344
v 0.64882 -0.27180 0.39344
v 0.64882 -0.27180 0.39344
v 0.64882 -0.27180 0.39344
v 0.64882 -0.27180 0.39344
v 0.64882 -0.27180 0.39344
v 0.72932 -0.43408 0.28306
v 0.72932 -0.43408 0.28306
v 0.72932 -0.43408 0.28306
v 0.72932 -0.43408 0.28306
v 0.74253 -0.29379 -0.27080
v 0.74253 -0.29379 -0.27080
v 0.74253 -0.29379 -0.27080
v 0.74253 -0.29379 -0.27080
v 0.74253 -0.29379 -0.27080
v 0.74253 -0.29379 -0.27080
v 0.74253 -0.29379 -0.27080
v 0.74253 -0.29379 -0.27080
v 0.74253 -0.29379 -0.27080
v 0.68362 -0.13735 0.40878
v 0.68362 -0.13735 0.40878
v 0.68362 -0.13735 0.40878
v 0.68362 -0.13735 0.40878
v 0.68362 -0.13735 0.40878
v 0.68362 -0.13735 0.40878
v 0.68362 -0.13735 0.40878
v 0.68774 -0.17665 -0.40762
v 0.68774 -0.17665 -0.40762
v 0.68774 -0.17665 -0.40762
v 0.68774 -0.17665 -0.40762
v 0.68774 -0.17665 -0.40762
v 0.68774 -0.17665 -0.40762
v 0.68773 -0.20838 0.28879
v 0.68773 -0.20838 0.28879
v 0.68773 -0.20838 0.28879
v 0.68773 -0.20838 0.28879
v 0.68379 -0.17366 -0.40697
v 0.68379 -0.17366 -0.40697
v 0.68379 -0.17366 -0.40697
v 0.68379 -0.17366 -0.40697
v 0.68364 -0.17455 0.40565
v 0.68364 -0.17455 0.40565
v 0.68364 -0.17455 0.40565
v 0.67861 -0.13955 -0.27398
v 0.67861 -0.13955 -0.27398
v 0.67861 -0.13955 -0.27398
v 0.67861 -0.13955 -0.27398
v 0.67975 -0.13846 -0.30677
v 0.67975 -0.13846 -0.30677
v 0.67975 -0.13846 -0.30677
v 0.67975 -0.13846 -0.30677
v 0.68191 -0.13557 -0.27419
v 0.68191 -0.13557 -0.27419
v 0.68191 -0.13557 -0.27419
v 0.68191 -0.13557 -0.27419
v 0.67879 -0.13948 0.27229
v 0.67879 -0.13948 0.27229
v 0.67879 -0.13948 0.27229
v 0.68191 -0.13944 0.26895
v 0.68191 -0.13944 0.26895
v 0.68191 -0.13944 0.26895
v 0.68191 -0.13944 0.26895
v 0.68188 -0.13557 0.27224
v 0.68188 -0.13557 0.27224
v 0.68188 -0.13557 0.27224
v 0.68188 -0.13557 0.27224
v 0.68165 -0.17512 -0.28997
v 0.68165 -0.17512 -0.28997
v 0.68165 -0.17512 -0.28997
v 0.68165 -0.17512 -0.28997
v 0.68168 -0.17386 -0.35341
v 0.68168 -0.17386 -0.35341
v 0.68168 -0.17386 -0.35341
v 0.67976 -0.15652 -0.27305
v 0.67976 -0.15652 -0.27305
v 0.67976 -0.15652 -0.27305
v 0.67976 -0.15652 -0.27305
v 0.67976 -0.15652 -0.27305
v 0.68201 -0.13952 -0.27064
v 0.68201 -0.13952 -0.27064
v 0.68201 -0.13952 -0.27064
v 0.68201 -0.13952 -0.27064
v 0.68168 -0.18006 -0.27319
v 0.68168 -0.18006 -0.27319
v 0.68142 -0.17495 0.28596
v 0.68142 -0.17495 0.28596
v 0.68142 -0.17495 0.28596
v 0.68142 -0.17495 0.28596
v 0.68142 -0.17495 0.28596
v 0.68172 -0.18162 0.27118
v 0.68172 -0.18162 0.27118
v 0.68179 -0.17276 0.30934
v 0.68179 -0.17276 0.30934
v 0.68179 -0.17276 0.30934
v 0.75778 -0.41227 -0.40824
v 0.75778 -0.41227 -0.40824
v 0.75778 -0.41227 -0.40824
v 0.75778 -0.41227 -0.40824
v 0.75778 -0.41227 -0.40824
v 0.68236 -0.34997 0.30654
v 0.68236 -0.34997 0.30654
v 0.68236 -0.34997 0.30654
v 0.68236 -0.34997 0.30654
v 0.68178 -0.34905 0.39376
v 0.68178 -0.34905 0.39376
v 0.68178 -0.34905 0.39376
v 0.68178 -0.34905 0.39376
v 0.68178 -0.34905 0.39376
v 0.68178 -0.34905 0.39376
v 0.68192 -0.27329 0.30667
v 0.68192 -0.27329 0.30667
v 0.68192 -0.27329 0.30667
v 0.68192 -0.27329 0.30667
v 0.68192 -0.27329 0.30667
v 0.68288 -0.35093 -0.39561
v 0.68288 -0.35093 -0.39561
v 0.68288 -0.35093 -0.39561
v 0.68288 -0.35093 -0.39561
v 0.68288 -0.35093 -0.39561
v 0.68288 -0.35093 -0.39561
v 0.68288 -0.35093 -0.39561
v 0.68181 -0.27445 -0.30860
v 0.68181 -0.27445 -0.30860
v 0.68181 -0.27445 -0.30860
v 0.68181 -0.27445 -0.30860
v 0.68181 -0.27445 -0.30860
v 0.68177 -0.27296 -0.39543
v 0.68177 -0.27296 -0.39543
v 0.68177 -0.27296 -0.39543
v 0.68177 -0.27296 -0.39543
v 0.68177 -0.27296 -0.39543
v 0.68220 -0.27237 0.39283
v 0.68220 -0.27237 0.39283
v 0.68220 -0.27237 0.39283
v 0.68220 -0.27237 0.39283
v 0.68284 -0.35104 -0.30838
v 0.68284 -0.35104 -0.30838
v 0.68284 -0.35104 -0.30838
v 0.68284 -0.35104 -0.30838
v 0.68284 -0.35104 -0.30838
v 0.68284 -0.35104 -0.30838
v 0.68365 -0.20133 0.28692
v 0.68365 -0.20133 0.28692
v 0.68365 -0.20133 0.28692
v 0.68365 -0.20133 0.28692
v 0.68353 -0.17626 0.28855
v 0.68353 -0.17626 0.28855
v 0.68353 -0.17626 0.28855
v 0.68353 -0.17626 0.28855
v 0.68353 -0.17626 0.28855
v 0.68353 -0.17626 0.28855
v 0.68353 -0.17626 0.28855
v 0.68372 -0.17605 -0.29109
v 0.68372 -0.17605 -0.29109
v 0.68372 -0.17605 -0.29109
v 0.68372 -0.17605 -0.29109
v 0.68372 -0.17605 -0.29109
v 0.68372 -0.17605 -0.29109
v 0.68328 -0.18243 0.27003
v 0.68328 -0.18243 0.27003
v 0.68328 -0.18243 0.27003
v 0.68328 -0.18243 0.27003
v 0.73289 -0.23865 -0.39597
v 0.73289 -0.23865 -0.39597
v 0.73289 -0.23865 -0.39597
v 0.73289 -0.23865 -0.39597
v 0.68366 -0.20143 -0.28898
v 0.68366 -0.20143 -0.28898
v 0.68366 -0.20143 -0.28898
v 0.68366 -0.20143 -0.28898
v 0.68366 -0.20143 -0.28898
v 0.68516 -0.20760 -0.28831
v 0.68516 -0.20760 -0.28831
v 0.68516 -0.20760 -0.28831
v 0.75196 -0.22681 0.30655
v 0.75196 -0.22681 0.30655
v 0.75196 -0.22681 0.30655
v 0.75196 -0.22681 0.30655
v 0.75196 -0.22681 0.30655
v 0.75196 -0.22681 0.30655
v 0.75196 -0.22681 0.30655
v 0.75196 -0.22681 0.30655
v 0.69502 -0.13573 0.40888
v 0.69502 -0.13573 0.40888
v 0.69502 -0.13573 0.40888
v 0.84396 -0.13169 0.26894
v 0.84396 -0.13169 0.26894
v 0.73190 -0.29686 -0.38542
v 0.73190 -0.29686 -0.38542
v 0.73190 -0.29686 -0.38542
v 0.73190 -0.29686 -0.38542
v 0.71508 -0.43333 -0.28394
v 0.71508 -0.43333 -0.28394
v 0.71622 -0.33076 0.31198
v 0.71622 -0.33076 0.31198
v 0.71622 -0.33076 0.31198
v 0.71901 -0.33086 -0.31336
v 0.71901 -0.33086 -0.31336
v 0.71706 -0.29167 -0.31396
v 0.71706 -0.29167 -0.31396
v 0.71706 -0.29167 -0.31396
v 0.76987 -0.20896 -0.40787
v 0.76987 -0.20896 -0.40787
v 0.76987 -0.20896 -0.40787
v 0.76987 -0.20896 -0.40787
v 0.70185 -0.36338 -0.30845
v 0.70185 -0.36338 -0.30845
v 0.70185 -0.36338 -0.30845
v 0.70185 -0.36338 -0.30845
v 0.71683 -0.29186 0.31237
v 0.71683 -0.29186 0.31237
v 0.71683 -0.29186 0.31237
v 0.71683 -0.29186 0.31237
v 0.71683 -0.29186 0.31237
v 0.71683 -0.29186 0.31237
v 0.71800 -0.24825 -0.30836
v 0.71800 -0.24825 -0.30836
v 0.71800 -0.24825 -0.30836
v 0.68660 -0.26950 0.39368
v 0.68660 -0.26950 0.39368
v 0.68660 -0.26950 0.39368
v 0.73002 -0.29844 0.38380
v 0.73002 -0.29844 0.38380
v 0.73002 -0.29844 0.38380
v 0.73002 -0.29844 0.38380
v 0.71213 -0.37032 0.30691
v 0.71213 -0.37032 0.30691
v 0.71213 -0.37032 0.30691
v 0.71213 -0.37032 0.30691
v 0.73851 -0.38699 0.39388
v 0.73851 -0.38699 0.39388
v 0.73851 -0.38699 0.39388
v 0.73851 -0.38699 0.39388
v 0.73851 -0.38699 0.39388
v 0.73851 -0.38699 0.39388
v 0.72105 -0.33109 -0.38852
v 0.72105 -0.33109 -0.38852
v 0.72105 -0.33109 -0.38852
v 0.72105 -0.33109 -0.38852
v 0.76963 -0.17780 -0.40784
v 0.76963 -0.17780 -0.40784
v 0.76963 -0.17780 -0.40784
v 0.76963 -0.17780 -0.40784
v 0.77196 -0.20921 0.40616
v 0.77196 -0.20921 0.40616
v 0.80552 -0.12956 0.27109
v 0.80552 -0.12956 0.27109
v 0.80552 -0.12956 0.27109
v 0.80552 -0.12956 0.27109
v 0.80552 -0.12956 0.27109
v 0.72812 -0.33530 -0.31328
v 0.72812 -0.33530 -0.31328
v 0.72812 -0.33530 -0.31328
v 0.72812 -0.33530 -0.31328
v 0.71453 -0.25049 0.39371
v 0.71453 -0.25049 0.39371
v 0.71453 -0.25049 0.39371
v 0.73869 -0.38693 -0.39564
v 0.73869 -0.38693 -0.39564
v 0.73869 -0.38693 -0.39564
v 0.73869 -0.38693 -0.39564
v 0.73869 -0.38693 -0.39564
v 0.73869 -0.38693 -0.39564
v 0.73869 -0.38693 -0.39564
v 0.73869 -0.38693 -0.39564
v 0.72413 -0.33422 0.38601
v 0.72413 -0.33422 0.38601
v 0.72413 -0.33422 0.38601
v 0.76980 -0.17774 0.40600
v 0.76980 -0.17774 0.40600
v 0.76980 -0.17774 0.40600
v 0.76980 -0.17774 0.40600
v 0.75204 -0.22669 -0.39576
v 0.75204 -0.22669 -0.39576
v 0.75204 -0.22669 -0.39576
v 0.75204 -0.22669 -0.39576
v 0.74249 -0.32478 0.26883
v 0.74249 -0.32478 0.26883
v 0.74249 -0.32478 0.26883
v 0.74249 -0.32478 0.26883
v 0.74249 -0.32478 0.26883
v 0.74249 -0.32478 0.26883
v 0.74249 -0.32478 0.26883
v 0.74249 -0.32478 0.26883
v 0.77269 -0.20945 0.28293
v 0.77269 -0.20945 0.28293
v 0.77269 -0.20945 0.28293
v 0.77269 -0.20945 0.28293
v 0.77269 -0.20945 0.28293
v 0.72088 -0.32864 -0.31066
v 0.72088 -0.32864 -0.31066
v 0.72088 -0.32864 -0.31066
v 0.72088 -0.32864 -0.31066
v 0.72088 -0.32864 -0.31066
v 0.73827 -0.38717 0.31213
v 0.73827 -0.38717 0.31213
v 0.73827 -0.38717 0.31213
v 0.74201 -0.13381 -0.41107
v 0.74201 -0.13381 -0.41107
v 0.74201 -0.13381 -0.41107
v 0.74201 -0.13381 -0.41107
v 0.74201 -0.13381 -0.41107
v 0.72005 -0.32919 0.30969
v 0.72005 -0.32919 0.30969
v 0.72005 -0.32919 0.30969
v 0.72005 -0.32919 0.30969
v 0.72005 -0.32919 0.30969
v 0.71959 -0.29169 0.31131
v 0.71959 -0.29169 0.31131
v 0.71958 -0.29170 -0.31313
v 0.71958 -0.29170 -0.31313
v 0.71958 -0.29170 -0.31313
v 0.71958 -0.29170 -0.31313
v 0.74038 -0.27593 -0.31460
v 0.74038 -0.27593 -0.31460
v 0.74038 -0.27593 -0.31460
v 0.74038 -0.27593 -0.31460
v 0.75207 -0.22648 -0.30834
v 0.75207 -0.22648 -0.30834
v 0.75207 -0.22648 -0.30834
v 0.75207 -0.22648 -0.30834
v 0.75207 -0.22648 -0.30834
v 0.75207 -0.22648 -0.30834
v 0.75207 -0.22648 -0.30834
v 0.72837 -0.33485 0.31083
v 0.72837 -0.33485 0.31083
v 0.72837 -0.33485 0.31083
v 0.72837 -0.33485 0.31083
v 0.72483 -0.29301 -0.28494
v 0.72483 -0.29301 -0.28494
v 0.72483 -0.29301 -0.28494
v 0.72483 -0.29301 -0.28494
v 0.72483 -0.29301 -0.28494
v 0.72483 -0.29301 -0.28494
v 0.75365 -0.37911 -0.30931
v 0.75365 -0.37911 -0.30931
v 0.75365 -0.37911 -0.30931
v 0.75365 -0.37911 -0.30931
v 0.75365 -0.37911 -0.30931
v 0.75365 -0.37911 -0.30931
v 0.75365 -0.37911 -0.30931
v 0.72486 -0.29317 0.28305
v 0.72486 -0.29317 0.28305
v 0.72486 -0.29317 0.28305
v 0.72486 -0.29317 0.28305
v 0.72486 -0.29317 0.28305
v 0.72549 -0.32615 -0.28430
v 0.72549 -0.32615 -0.28430
v 0.72549 -0.32615 -0.28430
v 0.72549 -0.32615 -0.28430
v 0.72549 -0.32615 -0.28430
v 0.72549 -0.32615 -0.28430
v 0.72649 -0.28787 0.31053
v 0.72649 -0.28787 0.31053
v 0.72649 -0.28787 0.31053
v 0.72568 -0.32596 0.28262
v 0.72568 -0.32596 0.28262
v 0.72568 -0.32596 0.28262
v 0.72568 -0.32596 0.28262
v 0.72568 -0.32596 0.28262
v 0.72568 -0.32596 0.28262
v 0.72568 -0.32596 0.28262
v 0.72568 -0.32596 0.28262
v 0.72568 -0.32596 0.28262
v 0.72568 -0.32596 0.28262
v 0.73305 -0.33787 -0.31184
v 0.73305 -0.33787 -0.31184
v 0.73305 -0.33787 -0.31184
v 0.73305 -0.33787 -0.31184
v 0.73270 -0.28393 -0.31297
v 0.73270 -0.28393 -0.31297
v 0.73270 -0.28393 -0.31297
v 0.73270 -0.28393 -0.31297
v 0.75335 -0.28645 -0.38596
v 0.75335 -0.28645 -0.38596
v 0.75335 -0.28645 -0.38596
v 0.73481 -0.29954 0.26903
v 0.73481 -0.29954 0.26903
v 0.73481 -0.29954 0.26903
v 0.77409 -0.20915 -0.28421
v 0.77409 -0.20915 -0.28421
v 0.77409 -0.20915 -0.28421
v 0.77409 -0.20915 -0.28421
v 0.77409 -0.20915 -0.28421
v 0.73478 -0.31900 -0.27065
v 0.73478 -0.31900 -0.27065
v 0.73478 -0.31900 -0.27065
v 0.73874 -0.34211 -0.31219
v 0.73874 -0.34211 -0.31219
v 0.73874 -0.34211 -0.31219
v 0.74397 -0.34241 -0.31055
v 0.74397 -0.34241 -0.31055
v 0.74397 -0.34241 -0.31055
v 0.74397 -0.34241 -0.31055
v 0.79052 -0.19106 -0.40793
v 0.79052 -0.19106 -0.40793
v 0.79052 -0.19106 -0.40793
v 0.79052 -0.19106 -0.40793
v 0.73822 -0.30080 0.27218
v 0.73822 -0.30080 0.27218
v 0.73822 -0.30080 0.27218
v 0.73822 -0.30080 0.27218
v 0.75076 -0.34726 0.38700
v 0.75076 -0.34726 0.38700
v 0.75076 -0.34726 0.38700
v 0.75076 -0.34726 0.38700
v 0.75076 -0.34726 0.38700
v 0.73289 -0.28257 0.31179
v 0.73289 -0.28257 0.31179
v 0.73974 -0.29927 -0.27415
v 0.73974 -0.29927 -0.27415
v 0.73974 -0.29927 -0.27415
v 0.73974 -0.29927 -0.27415
v 0.73974 -0.29927 -0.27415
v 0.73974 -0.29927 -0.27415
v 0.73855 -0.31895 -0.27444
v 0.73855 -0.31895 -0.27444
v 0.73855 -0.31895 -0.27444
v 0.73855 -0.31895 -0.27444
v 0.73855 -0.31895 -0.27444
v 0.73855 -0.31895 -0.27444
v 0.73855 -0.31895 -0.27444
v 0.73855 -0.31895 -0.27444
v 0.73821 -0.31784 0.27227
v 0.73821 -0.31784 0.27227
v 0.75001 -0.35032 0.31033
v 0.75001 -0.35032 0.31033
v 0.75001 -0.35032 0.31033
v 0.75001 -0.35032 0.31033
v 0.75001 -0.35032 0.31033
v 0.75001 -0.35032 0.31033
v 0.75219 -0.37763 0.31091
v 0.75219 -0.37763 0.31091
v 0.75219 -0.37763 0.31091
v 0.75219 -0.37763 0.31091
v 0.75219 -0.37763 0.31091
v 0.74143 -0.27702 0.31343
v 0.74143 -0.27702 0.31343
v 0.74143 -0.27702 0.31343
v 0.74143 -0.27702 0.31343
v 0.74143 -0.27702 0.31343
v 0.73077 -0.39908 -0.28388
v 0.73077 -0.39908 -0.28388
v 0.73077 -0.39908 -0.28388
v 0.73077 -0.39908 -0.28388
v 0.75825 -0.37402 -0.39373
v 0.75825 -0.37402 -0.39373
v 0.75825 -0.37402 -0.39373
v 0.73894 -0.39175 0.30531
v 0.73894 -0.39175 0.30531
v 0.73894 -0.39175 0.30531
v 0.73894 -0.39175 0.30531
v 0.73894 -0.39175 0.30531
v 0.73894 -0.39175 0.30531
v 0.73894 -0.39175 0.30531
v 0.86473 -0.01743 -0.41168
v 0.86473 -0.01743 -0.41168
v 0.86473 -0.01743 -0.41168
v 0.86473 -0.01743 -0.41168
v 0.86473 -0.01743 -0.41168
v 0.86473 -0.01743 -0.41168
v 0.75311 -0.31415 -0.37732
v 0.75311 -0.31415 -0.37732
v 0.75311 -0.31415 -0.37732
v 0.75153 -0.27818 0.28484
v 0.75153 -0.27818 0.28484
v 0.75153 -0.27818 0.28484
v 0.75153 -0.27818 0.28484
v 0.75153 -0.27818 0.28484
v 0.75153 -0.27818 0.28484
v 0.73859 -0.34022 0.30932
v 0.73859 -0.34022 0.30932
v 0.73859 -0.34022 0.30932
v 0.73859 -0.34022 0.30932
v 0.74982 -0.41843 0.28245
v 0.74982 -0.41843 0.28245
v 0.74982 -0.41843 0.28245
v 0.74982 -0.41843 0.28245
v 0.73996 -0.38762 0.30690
v 0.73996 -0.38762 0.30690
v 0.73996 -0.38762 0.30690
v 0.73996 -0.38762 0.30690
v 0.73996 -0.38762 0.30690
v 0.75560 -0.34773 -0.38930
v 0.75560 -0.34773 -0.38930
v 0.75560 -0.34773 -0.38930
v 0.75560 -0.34773 -0.38930
v 0.75560 -0.34773 -0.38930
v 0.73889 -0.39172 -0.30545
v 0.73889 -0.39172 -0.30545
v 0.73889 -0.39172 -0.30545
v 0.73889 -0.39172 -0.30545
v 0.73971 -0.38978 -0.39665
v 0.73971 -0.38978 -0.39665
v 0.73971 -0.38978 -0.39665
v 0.73971 -0.38978 -0.39665
v 0.73856 -0.38707 -0.30801
v 0.73856 -0.38707 -0.30801
v 0.73856 -0.38707 -0.30801
v 0.73856 -0.38707 -0.30801
v 0.73856 -0.38707 -0.30801
v 0.76990 -0.17794 0.28307
v 0.76990 -0.17794 0.28307
v 0.76990 -0.17794 0.28307
v 0.76990 -0.17794 0.28307
v 0.76990 -0.17794 0.28307
v 0.80568 -0.12950 -0.27303
v 0.80568 -0.12950 -0.27303
v 0.80568 -0.12950 -0.27303
v 0.80568 -0.12950 -0.27303
v 0.80568 -0.12950 -0.27303
v 0.80568 -0.12950 -0.27303
v 0.75269 -0.28983 0.26888
v 0.75269 -0.28983 0.26888
v 0.75269 -0.28983 0.26888
v 0.75269 -0.28983 0.26888
v 0.75269 -0.28983 0.26888
v 0.75364 -0.32284 0.37725
v 0.75364 -0.32284 0.37725
v 0.74720 -0.30630 0.37743
v 0.75240 -0.27911 -0.28388
v 0.75240 -0.27911 -0.28388
v 0.75240 -0.27911 -0.28388
v 0.73735 -0.30146 -0.27296
v 0.73735 -0.30146 -0.27296
v 0.73735 -0.30146 -0.27296
v 0.74379 -0.33660 0.28327
v 0.74379 -0.33660 0.28327
v 0.77140 -0.17823 -0.28493
v 0.77140 -0.17823 -0.28493
v 0.77140 -0.17823 -0.28493
v 0.77140 -0.17823 -0.28493
v 0.77140 -0.17823 -0.28493
v 0.77140 -0.17823 -0.28493
v 0.75372 -0.34110 -0.28377
v 0.75372 -0.34110 -0.28377
v 0.75372 -0.34110 -0.28377
v 0.75372 -0.34110 -0.28377
v 0.75372 -0.34110 -0.28377
v 0.73892 -0.39177 0.39705
v 0.73892 -0.39177 0.39705
v 0.73892 -0.39177 0.39705
v 0.73892 -0.39177 0.39705
v 0.74195 -0.32122 0.27226
v 0.74195 -0.32122 0.27226
v 0.74195 -0.32122 0.27226
v 0.75409 -0.37966 0.39338
v 0.75409 -0.37966 0.39338
v 0.75409 -0.37966 0.39338
v 0.75409 -0.37966 0.39338
v 0.75409 -0.37966 0.39338
v 0.74832 -0.27219 0.31286
v 0.74832 -0.27219 0.31286
v 0.74832 -0.27219 0.31286
v 0.74832 -0.27219 0.31286
v 0.74832 -0.27219 0.31286
v 0.75340 -0.38126 0.28232
v 0.75340 -0.38126 0.28232
v 0.75340 -0.38126 0.28232
v 0.75340 -0.38126 0.28232
v 0.75340 -0.38126 0.28232
v 0.76117 -0.37512 -0.40792
v 0.76117 -0.37512 -0.40792
v 0.76117 -0.37512 -0.40792
v 0.76117 -0.37512 -0.40792
v 0.75015 -0.22668 0.39407
v 0.75015 -0.22668 0.39407
v 0.75015 -0.22668 0.39407
v 0.75015 -0.22668 0.39407
v 0.75219 -0.27430 -0.31249
v 0.75219 -0.27430 -0.31249
v 0.75219 -0.27430 -0.31249
v 0.75219 -0.27430 -0.31249
v 0.75219 -0.27430 -0.31249
v 0.75219 -0.27430 -0.31249
v 0.74976 -0.31628 0.37603
v 0.74995 -0.29346 -0.27366
v 0.74995 -0.29346 -0.27366
v 0.74995 -0.29346 -0.27366
v 0.74995 -0.29346 -0.27366
v 0.74215 -0.29742 0.27169
v 0.74215 -0.29742 0.27169
v 0.74215 -0.29742 0.27169
v 0.74541 -0.38511 0.30723
v 0.74541 -0.38511 0.30723
v 0.74541 -0.38511 0.30723
v 0.75034 -0.32170 -0.37915
v 0.75034 -0.32170 -0.37915
v 0.75034 -0.32170 -0.37915
v 0.77235 -0.40153 -0.28397
v 0.77235 -0.40153 -0.28397
v 0.77235 -0.40153 -0.28397
v 0.75572 -0.34097 0.28295
v 0.75572 -0.34097 0.28295
v 0.75572 -0.34097 0.28295
v 0.75572 -0.34097 0.28295
v 0.75572 -0.34097 0.28295
v 0.75572 -0.34097 0.28295
v 0.75572 -0.34097 0.28295
v 0.75572 -0.34097 0.28295
v 0.74408 -0.27824 0.31058
v 0.74408 -0.27824 0.31058
v 0.74408 -0.27824 0.31058
v 0.81269 -0.32943 0.26783
v 0.81269 -0.32943 0.26783
v 0.81269 -0.32943 0.26783
v 0.81269 -0.32943 0.26783
v 0.81269 -0.32943 0.26783
v 0.74999 -0.38356 -0.30672
v 0.74999 -0.38356 -0.30672
v 0.74999 -0.38356 -0.30672
v 0.74999 -0.38356 -0.30672
v 0.75410 -0.32694 0.27235
v 0.75410 -0.32694 0.27235
v 0.75410 -0.32694 0.27235
v 0.75410 -0.32694 0.27235
v 0.74651 -0.32424 -0.27464
v 0.74651 -0.32424 -0.27464
v 0.75603 -0.34844 -0.31135
v 0.75603 -0.34844 -0.31135
v 0.75603 -0.34844 -0.31135
v 0.75603 -0.34844 -0.31135
v 0.77490 -0.36329 0.39104
v 0.77490 -0.36329 0.39104
v 0.77490 -0.36329 0.39104
v 0.75417 -0.34674 0.30772
v 0.75417 -0.34674 0.30772
v 0.75417 -0.34674 0.30772
v 0.75417 -0.34674 0.30772
v 0.75417 -0.34674 0.30772
v 0.75485 -0.41506 0.40595
v 0.75485 -0.41506 0.40595
v 0.75485 -0.41506 0.40595
v 0.75485 -0.41506 0.40595
v 0.75155 -0.38114 -0.39539
v 0.75155 -0.38114 -0.39539
v 0.75155 -0.38114 -0.39539
v 0.75155 -0.38114 -0.39539
v 0.75155 -0.38114 -0.39539
v 0.75157 -0.30936 -0.37788
v 0.75157 -0.30936 -0.37788
v 0.75157 -0.30936 -0.37788
v 0.75173 -0.38137 0.30878
v 0.75173 -0.38137 0.30878
v 0.75173 -0.38137 0.30878
v 0.75173 -0.38137 0.30878
v 0.75173 -0.38137 0.30878
v 0.75225 -0.29366 0.27234
v 0.75225 -0.29366 0.27234
v 0.75225 -0.29366 0.27234
v 0.75225 -0.29366 0.27234
v 0.75225 -0.29366 0.27234
v 0.75804 -0.28324 0.38538
v 0.75928 -0.37703 -0.28392
v 0.75928 -0.37703 -0.28392
v 0.75445 -0.31630 0.37595
v 0.75186 -0.27417 0.30951
v 0.75186 -0.27417 0.30951
v 0.75186 -0.27417 0.30951
v 0.75186 -0.27417 0.30951
v 0.75186 -0.27417 0.30951
v 0.75186 -0.27417 0.30951
v 0.76197 -0.37373 -0.30894
v 0.76197 -0.37373 -0.30894
v 0.76197 -0.37373 -0.30894
v 0.75605 -0.27211 -0.31442
v 0.75605 -0.27211 -0.31442
v 0.76180 -0.27587 0.31340
v 0.76180 -0.27587 0.31340
v 0.76180 -0.27587 0.31340
v 0.76180 -0.27587 0.31340
v 0.76180 -0.27587 0.31340
v 0.75239 -0.32794 -0.27488
v 0.75239 -0.32794 -0.27488
v 0.75239 -0.32794 -0.27488
v 0.75420 -0.27439 0.31100
v 0.75420 -0.27439 0.31100
v 0.78174 -0.36083 0.28199
v 0.78174 -0.36083 0.28199
v 0.78174 -0.36083 0.28199
v 0.78174 -0.36083 0.28199
v 0.78174 -0.36083 0.28199
v 0.78174 -0.36083 0.28199
v 0.76711 -0.36914 0.30929
v 0.76711 -0.36914 0.30929
v 0.76711 -0.36914 0.30929
v 0.76711 -0.36914 0.30929
v 0.76711 -0.36914 0.30929
v 0.76711 -0.36914 0.30929
v 0.76037 -0.27824 -0.31259
v 0.76037 -0.27824 -0.31259
v 0.76037 -0.27824 -0.31259
v 0.75603 -0.37751 0.30990
v 0.75603 -0.37751 0.30990
v 0.75603 -0.37751 0.30990
v 0.75825 -0.29385 -0.27451
v 0.75825 -0.29385 -0.27451
v 0.75825 -0.29385 -0.27451
v 0.78219 -0.39390 0.28204
v 0.78219 -0.39390 0.28204
v 0.78219 -0.39390 0.28204
v 0.78219 -0.39390 0.28204
v 0.78219 -0.39390 0.28204
v 0.78219 -0.39390 0.28204
v 0.76056 -0.29731 0.27188
v 0.76056 -0.29731 0.27188
v 0.76056 -0.29731 0.27188
v 0.76056 -0.29731 0.27188
v 0.76959 -0.29963 0.26901
v 0.76959 -0.29963 0.26901
v 0.76959 -0.29963 0.26901
v 0.76959 -0.29963 0.26901
v 0.76959 -0.29963 0.26901
v 0.76959 -0.29963 0.26901
v 0.76388 -0.32667 -0.27046
v 0.76388 -0.32667 -0.27046
v 0.76388 -0.32667 -0.27046
v 0.76388 -0.32667 -0.27046
v 0.76388 -0.32667 -0.27046
v 0.76019 -0.32486 -0.27449
v 0.76019 -0.32486 -0.27449
v 0.76019 -0.32486 -0.27449
v 0.76019 -0.32486 -0.27449
v 0.76019 -0.32486 -0.27449
v 0.77158 -0.29950 -0.27053
v 0.77158 -0.29950 -0.27053
v 0.77158 -0.29950 -0.27053
v 0.77158 -0.29950 -0.27053
v 0.77158 -0.29950 -0.27053
v 0.77158 -0.29950 -0.27053
v 0.76840 -0.36683 -0.39294
v 0.76840 -0.36683 -0.39294
v 0.79026 -0.25017 -0.39542
v 0.79026 -0.25017 -0.39542
v 0.79026 -0.25017 -0.39542
v 0.79026 -0.25017 -0.39542
v 0.77515 -0.33106 -0.38606
v 0.77515 -0.33106 -0.38606
v 0.77515 -0.33106 -0.38606
v 0.75998 -0.37566 0.39349
v 0.77801 -0.29172 0.28327
v 0.77801 -0.29172 0.28327
v 0.77801 -0.29172 0.28327
v 0.77801 -0.29172 0.28327
v 0.77801 -0.29172 0.28327
v 0.78226 -0.32611 -0.28611
v 0.78226 -0.32611 -0.28611
v 0.78226 -0.32611 -0.28611
v 0.78226 -0.32611 -0.28611
v 0.78226 -0.32611 -0.28611
v 0.76395 -0.27591 -0.31459
v 0.76395 -0.27591 -0.31459
v 0.76395 -0.27591 -0.31459
v 0.76395 -0.27591 -0.31459
v 0.76395 -0.27591 -0.31459
v 0.78167 -0.35863 -0.39306
v 0.78167 -0.35863 -0.39306
v 0.78167 -0.35863 -0.39306
v 0.76836 -0.34070 0.30907
v 0.76836 -0.34070 0.30907
v 0.76836 -0.34070 0.30907
v 0.76026 -0.27810 0.31092
v 0.76026 -0.27810 0.31092
v 0.76026 -0.27810 0.31092
v 0.83152 -0.12964 0.40934
v 0.83152 -0.12964 0.40934
v 0.83152 -0.12964 0.40934
v 0.83152 -0.12964 0.40934
v 0.83152 -0.12964 0.40934
v 0.76596 -0.32099 0.27239
v 0.76596 -0.32099 0.27239
v 0.76596 -0.32099 0.27239
v 0.76596 -0.32099 0.27239
v 0.76596 -0.32099 0.27239
v 0.77522 -0.29714 -0.38618
v 0.77522 -0.29714 -0.38618
v 0.77522 -0.29714 -0.38618
v 0.77614 -0.33479 -0.31011
v 0.79870 -0.25556 0.39372
v 0.79870 -0.25556 0.39372
v 0.79870 -0.25556 0.39372
v 0.76921 -0.36957 0.30536
v 0.76921 -0.36957 0.30536
v 0.76921 -0.36957 0.30536
v 0.76921 -0.36957 0.30536
v 0.77603 -0.29762 0.38434
v 0.77603 -0.29762 0.38434
v 0.76684 -0.37112 0.40592
v 0.76684 -0.37112 0.40592
v 0.76684 -0.37112 0.40592
v 0.77154 -0.36786 0.39415
v 0.77154 -0.36786 0.39415
v 0.77153 -0.31900 0.26905
v 0.77153 -0.31900 0.26905
v 0.77153 -0.31900 0.26905
v 0.77153 -0.31900 0.26905
v 0.77153 -0.31900 0.26905
v 0.77153 -0.36784 -0.39579
v 0.77153 -0.36784 -0.39579
v 0.77153 -0.36784 -0.39579
v 0.77153 -0.36784 -0.39579
v 0.79848 -0.38216 -0.40788
v 0.79848 -0.38216 -0.40788
v 0.76822 -0.28216 -0.31248
v 0.76822 -0.28216 -0.31248
v 0.76822 -0.28216 -0.31248
v 0.77813 -0.36312 -0.40800
v 0.77813 -0.36312 -0.40800
v 0.77813 -0.36312 -0.40800
v 0.77813 -0.36312 -0.40800
v 0.77813 -0.36312 -0.40800
v 0.76917 -0.31875 0.27272
v 0.76917 -0.31875 0.27272
v 0.76917 -0.31875 0.27272
v 0.76917 -0.31875 0.27272
v 0.76917 -0.31875 0.27272
v 0.76917 -0.31875 0.27272
v 0.76914 -0.31870 -0.27470
v 0.76914 -0.31870 -0.27470
v 0.76914 -0.31870 -0.27470
v 0.76914 -0.31870 -0.27470
v 0.76914 -0.31870 -0.27470
v 0.76914 -0.31870 -0.27470
v 0.76914 -0.31870 -0.27470
v 0.77974 -0.29191 -0.28488
v 0.77974 -0.29191 -0.28488
v 0.77974 -0.29191 -0.28488
v 0.77974 -0.29191 -0.28488
v 0.77974 -0.29191 -0.28488
v 0.77974 -0.29191 -0.28488
v 0.76598 -0.29754 -0.27323
v 0.76598 -0.29754 -0.27323
v 0.76598 -0.29754 -0.27323
v 0.76988 -0.27779 -0.31441
v 0.76988 -0.27779 -0.31441
v 0.76988 -0.27779 -0.31441
v 0.77958 -0.33366 0.38576
v 0.77958 -0.33366 0.38576
v 0.77958 -0.33366 0.38576
v 0.76792 -0.30547 0.27172
v 0.76792 -0.30547 0.27172
v 0.76792 -0.30547 0.27172
v 0.76792 -0.30547 0.27172
v 0.77758 -0.33446 0.30905
v 0.77758 -0.33446 0.30905
v 0.77758 -0.33446 0.30905
v 0.77758 -0.33446 0.30905
v 0.78349 -0.28982 0.31090
v 0.78349 -0.28982 0.31090
v 0.78349 -0.28982 0.31090
v 0.78349 -0.28982 0.31090
v 0.78349 -0.28982 0.31090
v 0.78349 -0.28982 0.31090
v 0.78349 -0.28982 0.31090
v 0.77498 -0.24044 -0.30847
v 0.77498 -0.24044 -0.30847
v 0.77498 -0.24044 -0.30847
v 0.78723 -0.32851 -0.31287
v 0.78723 -0.32851 -0.31287
v 0.78723 -0.32851 -0.31287
v 0.78723 -0.32851 -0.31287
v 0.78723 -0.32851 -0.31287
v 0.78723 -0.32851 -0.31287
v 0.76930 -0.31879 -0.27272
v 0.76930 -0.31879 -0.27272
v 0.76930 -0.31879 -0.27272
v 0.76930 -0.31879 -0.27272
v 0.76931 -0.29973 -0.27234
v 0.76931 -0.29973 -0.27234
v 0.76931 -0.29973 -0.27234
v 0.78133 -0.32461 0.28233
v 0.78133 -0.32461 0.28233
v 0.78133 -0.32461 0.28233
v 0.78133 -0.32461 0.28233
v 0.78133 -0.32461 0.28233
v 0.77461 -0.28286 0.31316
v 0.77461 -0.28286 0.31316
v 0.77749 -0.33856 0.31049
v 0.77749 -0.33856 0.31049
v 0.77749 -0.33856 0.31049
v 0.78559 -0.35196 -0.31120
v 0.78559 -0.35196 -0.31120
v 0.78559 -0.35196 -0.31120
v 0.78559 -0.35196 -0.31120
v 0.78783 -0.32779 0.31032
v 0.78783 -0.32779 0.31032
v 0.78783 -0.32779 0.31032
v 0.78783 -0.32779 0.31032
v 0.77979 -0.35843 0.30833
v 0.77979 -0.35843 0.30833
v 0.77979 -0.35843 0.30833
v 0.77979 -0.35843 0.30833
v 0.77979 -0.35843 0.30833
v 0.77979 -0.35843 0.30833
v 0.78075 -0.36138 -0.28389
v 0.78075 -0.36138 -0.28389
v 0.78075 -0.36138 -0.28389
v 0.78127 -0.36004 -0.30859
v 0.78127 -0.36004 -0.30859
v 0.78415 -0.28941 -0.31220
v 0.78415 -0.28941 -0.31220
v 0.78415 -0.28941 -0.31220
v 0.78415 -0.28941 -0.31220
v 0.78415 -0.28941 -0.31220
v 0.75513 -0.01857 0.40921
v 0.75513 -0.01857 0.40921
v 0.75513 -0.01857 0.40921
v 0.77403 -0.36450 0.30759
v 0.77403 -0.36450 0.30759
v 0.77403 -0.36450 0.30759
v 0.78949 -0.35054 0.30866
v 0.78949 -0.35054 0.30866
v 0.79775 -0.19582 0.40595
v 0.79775 -0.19582 0.40595
v 0.79775 -0.19582 0.40595
v 0.78582 -0.21902 -0.40787
v 0.78582 -0.21902 -0.40787
v 0.78582 -0.21902 -0.40787
v 0.78582 -0.21902 -0.40787
v 0.82085 -0.26826 0.39348
v 0.82085 -0.26826 0.39348
v 0.82085 -0.26826 0.39348
v 0.78741 -0.28771 -0.31374
v 0.78741 -0.28771 -0.31374
v 0.78741 -0.28771 -0.31374
v 0.78378 -0.21715 0.40616
v 0.78378 -0.21715 0.40616
v 0.78378 -0.21715 0.40616
v 0.80462 -0.34230 0.39152
v 0.80462 -0.34230 0.39152
v 0.80462 -0.34230 0.39152
v 0.80462 -0.34230 0.39152
v 0.80462 -0.34230 0.39152
v 0.80389 -0.37827 0.40601
v 0.80389 -0.37827 0.40601
v 0.80389 -0.37827 0.40601
v 0.80389 -0.37827 0.40601
v 0.80999 -0.37275 -0.28395
v 0.80999 -0.37275 -0.28395
v 0.80999 -0.37275 -0.28395
v 0.80999 -0.37275 -0.28395
v 0.79335 -0.35050 -0.39332
v 0.79335 -0.35050 -0.39332
v 0.79148 -0.32932 -0.31362
v 0.80276 -0.34424 -0.30859
v 0.80276 -0.34424 -0.30859
v 0.80139 -0.25656 0.30674
v 0.80139 -0.25656 0.30674
v 0.80139 -0.25656 0.30674
v 0.80139 -0.25656 0.30674
v 0.86507 -0.01700 0.22052
v 0.86507 -0.01700 0.22052
v 0.86507 -0.01700 0.22052
v 0.86507 -0.01700 0.22052
v 0.79537 -0.35061 0.40613
v 0.79537 -0.35061 0.40613
v 0.79537 -0.35061 0.40613
v 0.78584 -0.21895 0.28257
v 0.78584 -0.21895 0.28257
v 0.78584 -0.21895 0.28257
v 0.78584 -0.21895 0.28257
v 0.78898 -0.32866 0.31150
v 0.78898 -0.32866 0.31150
v 0.78898 -0.32866 0.31150
v 0.82343 -0.27246 -0.39525
v 0.82343 -0.27246 -0.39525
v 0.82343 -0.27246 -0.39525
v 0.82343 -0.27246 -0.39525
v 0.82343 -0.27246 -0.39525
v 0.82343 -0.27246 -0.39525
v 0.82343 -0.27246 -0.39525
v 0.82343 -0.27246 -0.39525
v 0.79927 -0.34265 -0.39158
v 0.79927 -0.34265 -0.39158
v 0.79927 -0.34265 -0.39158
v 0.79927 -0.34265 -0.39158
v 0.78749 -0.28992 0.31267
v 0.78749 -0.28992 0.31267
v 0.78749 -0.28992 0.31267
v 0.78749 -0.28992 0.31267
v 0.82296 -0.27096 0.39380
v 0.82296 -0.27096 0.39380
v 0.82296 -0.27096 0.39380
v 0.82296 -0.27096 0.39380
v 0.82296 -0.27096 0.39380
v 0.82296 -0.27096 0.39380
v 0.79686 -0.34833 0.30671
v 0.79686 -0.34833 0.30671
v 0.81345 -0.32930 -0.26998
v 0.81345 -0.32930 -0.26998
v 0.81345 -0.32930 -0.26998
v 0.81345 -0.32930 -0.26998
v 0.81429 -0.32906 -0.15202
v 0.81429 -0.32906 -0.15202
v 0.81429 -0.32906 -0.15202
v 0.82299 -0.27025 -0.30812
v 0.82299 -0.27025 -0.30812
v 0.82299 -0.27025 -0.30812
v 0.82299 -0.27025 -0.30812
v 0.83231 -0.25657 -0.40838
v 0.83231 -0.25657 -0.40838
v 0.83231 -0.25657 -0.40838
v 0.83231 -0.25657 -0.40838
v 0.83231 -0.25657 -0.40838
v 0.83231 -0.25657 -0.40838
v 0.85900 -0.12860 -0.34161
v 0.85900 -0.12860 -0.34161
v 0.85900 -0.12860 -0.34161
v 0.85900 -0.12860 -0.34161
v 0.85900 -0.12860 -0.34161
v 0.85900 -0.12860 -0.34161
v 0.83265 -0.21934 -0.40772
v 0.83265 -0.21934 -0.40772
v 0.83265 -0.21934 -0.40772
v 0.80253 -0.34437 -0.39388
v 0.80253 -0.34437 -0.39388
v 0.80253 -0.34437 -0.39388
v 0.80752 -0.34128 0.28263
v 0.80752 -0.34128 0.28263
v 0.80752 -0.34128 0.28263
v 0.85408 -0.34045 -0.35484
v 0.85408 -0.34045 -0.35484
v 0.82004 -0.21099 -0.28430
v 0.82004 -0.21099 -0.28430
v 0.82004 -0.21099 -0.28430
v 0.81400 -0.33422 0.30741
v 0.81400 -0.33422 0.30741
v 0.81400 -0.33422 0.30741
v 0.81400 -0.33422 0.30741
v 0.81960 -0.33206 -0.40784
v 0.81960 -0.33206 -0.40784
v 0.81960 -0.33206 -0.40784
v 0.81960 -0.33206 -0.40784
v 0.81960 -0.33206 -0.40784
v 0.81738 -0.24619 -0.28428
v 0.81738 -0.24619 -0.28428
v 0.81738 -0.24619 -0.28428
v 0.82653 -0.32771 0.28214
v 0.82653 -0.32771 0.28214
v 0.82653 -0.32771 0.28214
v 0.81210 -0.33608 -0.30911
v 0.81210 -0.33608 -0.30911
v 0.81210 -0.33608 -0.30911
v 0.81210 -0.33608 -0.30911
v 0.81210 -0.33608 -0.30911
v 0.82284 -0.26985 0.30650
v 0.82284 -0.26985 0.30650
v 0.82284 -0.26985 0.30650
v 0.82284 -0.26985 0.30650
v 0.82284 -0.26985 0.30650
v 0.82284 -0.26985 0.30650
v 0.82284 -0.26985 0.30650
v 0.80912 -0.23858 0.40612
v 0.80912 -0.23858 0.40612
v 0.83364 -0.22016 0.40610
v 0.83364 -0.22016 0.40610
v 0.85403 -0.12813 0.39041
v 0.85403 -0.12813 0.39041
v 0.85403 -0.12813 0.39041
v 0.85403 -0.12813 0.39041
v 0.83053 -0.25631 0.40621
v 0.83053 -0.25631 0.40621
v 0.83053 -0.25631 0.40621
v 0.83053 -0.25631 0.40621
v 0.83053 -0.25631 0.40621
v 0.83053 -0.25631 0.40621
v 0.82097 -0.32925 0.30572
v 0.82097 -0.32925 0.30572
v 0.82097 -0.32925 0.30572
v 0.82097 -0.32925 0.30572
v 0.82097 -0.32925 0.30572
v 0.82097 -0.32925 0.30572
v 0.82097 -0.32925 0.30572
v 0.86411 -0.24118 -0.28369
v 0.86411 -0.24118 -0.28369
v 0.86411 -0.24118 -0.28369
v 0.86411 -0.24118 -0.28369
v 0.86411 -0.24118 -0.28369
v 0.86411 -0.24118 -0.28369
v 0.81833 -0.33206 0.39332
v 0.81833 -0.33206 0.39332
v 0.81833 -0.33206 0.39332
v 0.81833 -0.33206 0.39332
v 0.81833 -0.33206 0.39332
v 0.81833 -0.33206 0.39332
v 0.81245 -0.24165 0.28202
v 0.81245 -0.24165 0.28202
v 0.81245 -0.24165 0.28202
v 0.83035 -0.25687 0.30648
v 0.83035 -0.25687 0.30648
v 0.83035 -0.25687 0.30648
v 0.83035 -0.25688 -0.31012
v 0.83035 -0.25688 -0.31012
v 0.83035 -0.25688 -0.31012
v 0.82268 -0.26975 -0.39428
v 0.82268 -0.26975 -0.39428
v 0.82268 -0.26975 -0.39428
v 0.82795 -0.35956 -0.40797
v 0.82795 -0.35956 -0.40797
v 0.82795 -0.35956 -0.40797
v 0.84622 -0.22906 0.28207
v 0.84622 -0.22906 0.28207
v 0.84622 -0.22906 0.28207
v 0.82581 -0.32687 0.40608
v 0.82581 -0.32687 0.40608
v 0.82581 -0.32687 0.40608
v 0.82581 -0.32687 0.40608
v 0.82581 -0.32687 0.40608
v 0.85571 -0.12753 0.35403
v 0.85571 -0.12753 0.35403
v 0.83485 -0.29283 -0.27025
v 0.83485 -0.29283 -0.27025
v 0.83485 -0.29283 -0.27025
v 0.83485 -0.29283 -0.27025
v 0.86570 -0.24175 -0.40453
v 0.86570 -0.24175 -0.40453
v 0.86570 -0.24175 -0.40453
v 0.86570 -0.24175 -0.40453
v 0.86570 -0.24175 -0.40453
v 0.86570 -0.24175 -0.40453
v 0.81254 -0.33665 -0.39572
v 0.81254 -0.33665 -0.39572
v 0.82652 -0.32719 -0.28441
v 0.82652 -0.32719 -0.28441
v 0.82652 -0.32719 -0.28441
v 0.82652 -0.32719 -0.28441
v 0.82652 -0.32719 -0.28441
v 0.82313 -0.32742 -0.39640
v 0.82313 -0.32742 -0.39640
v 0.82313 -0.32742 -0.39640
v 0.82313 -0.32742 -0.39640
v 0.82313 -0.32742 -0.39640
v 0.82313 -0.32742 -0.39640
v 0.82408 -0.32857 -0.39896
v 0.82408 -0.32857 -0.39896
v 0.82408 -0.32857 -0.39896
v 0.82408 -0.32857 -0.39896
v 0.82325 -0.32934 -0.30521
v 0.87577 -0.22262 0.26882
v 0.87577 -0.22262 0.26882
v 0.87577 -0.22262 0.26882
v 0.87577 -0.22262 0.26882
v 0.87577 -0.22262 0.26882
v 0.82408 -0.31725 -0.30881
v 0.82408 -0.31725 -0.30881
v 0.82408 -0.31725 -0.30881
v 0.82408 -0.31725 -0.30881
v 0.82408 -0.31725 -0.30881
v 0.82620 -0.32645 0.30472
v 0.82620 -0.32645 0.30472
v 0.82620 -0.32645 0.30472
v 0.82620 -0.32645 0.30472
v 0.84637 -0.12760 0.27110
v 0.84637 -0.12760 0.27110
v 0.82597 -0.32628 -0.30677
v 0.82597 -0.32628 -0.30677
v 0.82597 -0.32628 -0.30677
v 0.82597 -0.32628 -0.30677
v 0.82597 -0.32628 -0.30677
v 0.82396 -0.31496 0.39231
v 0.82396 -0.31496 0.39231
v 0.82396 -0.31496 0.39231
v 0.82396 -0.31496 0.39231
v 0.82396 -0.31496 0.39231
v 0.85596 -0.33771 -0.40788
v 0.85596 -0.33771 -0.40788
v 0.85596 -0.33771 -0.40788
v 0.85596 -0.33771 -0.40788
v 0.85596 -0.33771 -0.40788
v 0.85618 -0.33790 -0.29842
v 0.85618 -0.33790 -0.29842
v 0.85618 -0.33790 -0.29842
v 0.85618 -0.33790 -0.29842
v 0.85618 -0.33790 -0.29842
v 0.83690 -0.35284 -0.28390
v 0.83690 -0.35284 -0.28390
v 0.83690 -0.35284 -0.28390
v 0.83690 -0.35284 -0.28390
v 0.86510 -0.01705 0.36877
v 0.86510 -0.01705 0.36877
v 0.86510 -0.01705 0.36877
v 0.86511 -0.01697 0.08728
v 0.86511 -0.01697 0.08728
v 0.85576 -0.33861 0.40601
v 0.85576 -0.33861 0.40601
v 0.85576 -0.33861 0.40601
v 0.85576 -0.33861 0.40601
v 0.85576 -0.33861 0.40601
v 0.82693 -0.32521 -0.40791
v 0.82693 -0.32521 -0.40791
v 0.82693 -0.32521 -0.40791
v 0.82364 -0.30988 0.30756
v 0.82364 -0.30988 0.30756
v 0.82364 -0.30988 0.30756
v 0.82364 -0.30988 0.30756
v 0.83056 -0.25613 -0.28442
v 0.83056 -0.25613 -0.28442
v 0.83056 -0.25613 -0.28442
v 0.83056 -0.25613 -0.28442
v 0.83056 -0.25613 -0.28442
v 0.83056 -0.25613 -0.28442
v 0.82538 -0.29953 -0.39322
v 0.82538 -0.29953 -0.39322
v 0.82538 -0.29953 -0.39322
v 0.82538 -0.29953 -0.39322
v 0.82451 -0.31444 -0.39390
v 0.82451 -0.31444 -0.39390
v 0.82451 -0.31444 -0.39390
v 0.82451 -0.31444 -0.39390
v 0.82451 -0.31444 -0.39390
v 0.82451 -0.31444 -0.39390
v 0.82590 -0.32112 0.39458
v 0.82590 -0.32112 0.39458
v 0.82590 -0.32112 0.39458
v 0.82474 -0.31300 -0.32003
v 0.82474 -0.31300 -0.32003
v 0.82474 -0.31300 -0.32003
v 0.82475 -0.30996 -0.38080
v 0.82475 -0.30996 -0.38080
v 0.82475 -0.30996 -0.38080
v 0.82455 -0.31273 0.33159
v 0.82455 -0.31273 0.33159
v 0.82455 -0.31273 0.33159
v 0.82418 -0.30830 0.37997
v 0.82418 -0.30830 0.37997
v 0.82418 -0.30830 0.37997
v 0.82418 -0.30830 0.37997
v 0.82540 -0.31353 0.30812
v 0.82540 -0.31353 0.30812
v 0.82540 -0.31353 0.30812
v 0.82540 -0.31353 0.30812
v 0.82460 -0.31691 -0.35413
v 0.82460 -0.31691 -0.35413
v 0.82460 -0.31691 -0.35413
v 0.82650 -0.30347 -0.39448
v 0.82650 -0.30347 -0.39448
v 0.82650 -0.30347 -0.39448
v 0.82650 -0.30347 -0.39448
v 0.82603 -0.31143 -0.39465
v 0.82603 -0.31143 -0.39465
v 0.83065 -0.25604 0.28249
v 0.83065 -0.25604 0.28249
v 0.83065 -0.25604 0.28249
v 0.83065 -0.25604 0.28249
v 0.86585 -0.24161 0.33259
v 0.86585 -0.24161 0.33259
v 0.86585 -0.24161 0.33259
v 0.86585 -0.24161 0.33259
v 0.86585 -0.24161 0.33259
v 0.82663 -0.30356 0.36573
v 0.82663 -0.30356 0.36573
v 0.82663 -0.30356 0.36573
v 0.82663 -0.30356 0.36573
v 0.82663 -0.30356 0.36573
v 0.82672 -0.32493 -0.39897
v 0.82672 -0.32493 -0.39897
v 0.82672 -0.32493 -0.39897
v 0.82672 -0.32493 -0.39897
v 0.82860 -0.30351 -0.39512
v 0.82860 -0.30351 -0.39512
v 0.82860 -0.30351 -0.39512
v 0.82778 -0.30402 -0.39122
v 0.82778 -0.30402 -0.39122
v 0.82778 -0.30402 -0.39122
v 0.82778 -0.30402 -0.39122
v 0.82778 -0.30402 -0.39122
v 0.82859 -0.30314 0.30377
v 0.82859 -0.30314 0.30377
v 0.85567 -0.33884 0.28397
v 0.85567 -0.33884 0.28397
v 0.85567 -0.33884 0.28397
v 0.82857 -0.30142 0.39092
v 0.82857 -0.30142 0.39092
v 0.82857 -0.30142 0.39092
v 0.82857 -0.30142 0.39092
v 0.82845 -0.30283 -0.30674
v 0.82845 -0.30283 -0.30674
v 0.82845 -0.30283 -0.30674
v 0.82845 -0.30283 -0.30674
v 0.82845 -0.30283 -0.30674
v 0.85857 -0.32462 0.40613
v 0.85857 -0.32462 0.40613
v 0.86324 -0.24114 -0.40829
v 0.86324 -0.24114 -0.40829
v 0.86324 -0.24114 -0.40829
v 0.83056 -0.28099 -0.40793
v 0.83056 -0.28099 -0.40793
v 0.83056 -0.28099 -0.40793
v 0.83105 -0.27593 -0.28428
v 0.83105 -0.27593 -0.28428
v 0.83105 -0.27593 -0.28428
v 0.83108 -0.27769 0.28228
v 0.83108 -0.27769 0.28228
v 0.83108 -0.27769 0.28228
v 0.83108 -0.27769 0.28228
v 0.83108 -0.27769 0.28228
v 0.83055 -0.27636 0.40469
v 0.83055 -0.27636 0.40469
v 0.83055 -0.27636 0.40469
v 0.85860 -0.32274 0.28245
v 0.85860 -0.32274 0.28245
v 0.85860 -0.32274 0.28245
v 0.85860 -0.32274 0.28245
v 0.85860 -0.32274 0.28245
v 0.89272 -0.19298 -0.25222
v 0.89272 -0.19298 -0.25222
v 0.89272 -0.19298 -0.25222
v 0.86085 -0.30509 -0.40789
v 0.86085 -0.30509 -0.40789
v 0.86085 -0.30509 -0.40789
v 0.86085 -0.30509 -0.40789
v 0.86085 -0.30509 -0.40789
v 0.86421 -0.25019 0.28197
v 0.86421 -0.25019 0.28197
v 0.86421 -0.25019 0.28197
v 0.85837 -0.32498 -0.28403
v 0.85837 -0.32498 -0.28403
v 0.85837 -0.32498 -0.28403
v 0.89295 -0.19276 -0.27062
v 0.89295 -0.19276 -0.27062
v 0.89295 -0.19276 -0.27062
v 0.87393 -0.22458 -0.27031
v 0.87393 -0.22458 -0.27031
v 0.87393 -0.22458 -0.27031
v 0.85868 -0.25220 -0.26983
v 0.85868 -0.25220 -0.26983
v 0.85459 -0.33937 -0.28390
v 0.85459 -0.33937 -0.28390
v 0.85459 -0.33937 -0.28390
v 0.86633 -0.01783 0.40981
v 0.86633 -0.01783 0.40981
v 0.86633 -0.01783 0.40981
v 0.84265 -0.15751 0.27678
v 0.84265 -0.15751 0.27678
v 0.84265 -0.15751 0.27678
v 0.84265 -0.15751 0.27678
v 0.84265 -0.15751 0.27678
v 0.84265 -0.15751 0.27678
v 0.84978 -0.17993 0.27720
v 0.84978 -0.17993 0.27720
v 0.84978 -0.17993 0.27720
v 0.84978 -0.17993 0.27720
v 0.84211 -0.15798 0.32776
v 0.84211 -0.15798 0.32776
v 0.84286 -0.15689 -0.40971
v 0.84286 -0.15689 -0.40971
v 0.84286 -0.15689 -0.40971
v 0.84286 -0.15689 -0.40971
v 0.84286 -0.15689 -0.40971
v 0.84306 -0.15804 -0.27791
v 0.84306 -0.15804 -0.27791
v 0.84306 -0.15804 -0.27791
v 0.84306 -0.15804 -0.27791
v 0.84306 -0.15804 -0.27791
v 0.84306 -0.15804 -0.27791
v 0.84306 -0.15804 -0.27791
v 0.85974 -0.13001 -0.31126
v 0.85974 -0.13001 -0.31126
v 0.90390 -0.16954 0.08597
v 0.84211 -0.15801 0.37874
v 0.84211 -0.15801 0.37874
v 0.84211 -0.15801 0.37874
v 0.84211 -0.15801 0.37874
v 0.84211 -0.15801 0.37874
v 0.84211 -0.15801 0.37874
v 0.84277 -0.15731 0.40788
v 0.84277 -0.15731 0.40788
v 0.84277 -0.15731 0.40788
v 0.84277 -0.15731 0.40788
v 0.84277 -0.15731 0.40788
v 0.84277 -0.15731 0.40788
v 0.85785 -0.13031 0.38908
v 0.85785 -0.13031 0.38908
v 0.85785 -0.13031 0.38908
v 0.85785 -0.13031 0.38908
v 0.84537 -0.16656 0.40781
v 0.84537 -0.16656 0.40781
v 0.84537 -0.16656 0.40781
v 0.85559 -0.19661 -0.40946
v 0.85559 -0.19661 -0.40946
v 0.85559 -0.19661 -0.40946
v 0.85559 -0.19661 -0.40946
v 0.86146 -0.12744 -0.29573
v 0.86146 -0.12744 -0.29573
v 0.86146 -0.12744 -0.29573
v 0.86146 -0.12744 -0.29573
v 0.86551 -0.24238 0.40563
v 0.86551 -0.24238 0.40563
v 0.86551 -0.24238 0.40563
v 0.85530 -0.19579 0.40754
v 0.85530 -0.19579 0.40754
v 0.85530 -0.19579 0.40754
v 0.85530 -0.19579 0.40754
v 0.85530 -0.19579 0.40754
v 0.86444 -0.25259 0.40611
v 0.86444 -0.25259 0.40611
v 0.86444 -0.25259 0.40611
v 0.86444 -0.25259 0.40611
v 0.85568 -0.12880 -0.39304
v 0.85568 -0.12880 -0.39304
v 0.85568 -0.12880 -0.39304
v 0.85568 -0.12880 -0.39304
v 0.85568 -0.12880 -0.39304
v 0.94799 -0.12267 -0.41146
v 0.94799 -0.12267 -0.41146
v 0.94799 -0.12267 -0.41146
v 0.94799 -0.12267 -0.41146
v 0.85979 -0.12845 0.29753
v 0.85979 -0.12845 0.29753
v 0.85979 -0.12845 0.29753
v 0.85979 -0.12845 0.29753
v 0.85979 -0.12845 0.29753
v 0.85775 -0.13121 -0.36507
v 0.85775 -0.13121 -0.36507
v 0.85775 -0.13121 -0.36507
v 0.85909 -0.12897 0.34975
v 0.85909 -0.12897 0.34975
v 0.85909 -0.12897 0.34975
v 0.85909 -0.12897 0.34975
v 0.85909 -0.12897 0.34975
v 0.93585 -0.23987 0.40524
v 0.93585 -0.23987 0.40524
v 0.93585 -0.23987 0.40524
v 0.93585 -0.23987 0.40524
v 0.93585 -0.23987 0.40524
v 0.86058 -0.13129 0.29523
v 0.86058 -0.13129 0.29523
v 0.86058 -0.13129 0.29523
v 0.86058 -0.13129 0.29523
v 0.86058 -0.13129 0.29523
v 0.85698 -0.13223 -0.39090
v 0.85698 -0.13223 -0.39090
v 0.85698 -0.13223 -0.39090
v 0.85698 -0.13223 -0.39090
v 0.85698 -0.13223 -0.39090
v 0.85903 -0.13325 -0.29603
v 0.85903 -0.13325 -0.29603
v 0.85903 -0.13325 -0.29603
v 0.87100 -0.23929 -0.27956
v 0.87100 -0.23929 -0.27956
v 0.87100 -0.23929 -0.27956
v 0.87100 -0.23929 -0.27956
v 0.87100 -0.23929 -0.27956
v 0.85742 -0.33198 -0.40660
v 0.85742 -0.33198 -0.40660
v 0.85742 -0.33198 -0.40660
v 0.89544 -0.12566 0.29096
v 0.89544 -0.12566 0.29096
v 0.89544 -0.12566 0.29096
v 0.89544 -0.12566 0.29096
v 0.89544 -0.12566 0.29096
v 0.89544 -0.12566 0.29096
v 0.86362 -0.12760 0.29390
v 0.86362 -0.12760 0.29390
v 0.86362 -0.12760 0.29390
v 0.86362 -0.12760 0.29390
v 0.87075 -0.23846 0.40651
v 0.87075 -0.23846 0.40651
v 0.87075 -0.23846 0.40651
v 0.87075 -0.23846 0.40651
v 0.87868 -0.03434 0.41005
v 0.87868 -0.03434 0.41005
v 0.87868 -0.03434 0.41005
v 0.87868 -0.03434 0.41005
v 0.86397 -0.12753 -0.39229
v 0.86397 -0.12753 -0.39229
v 0.89706 -0.12559 -0.27307
v 0.89706 -0.12559 -0.27307
v 0.89706 -0.12559 -0.27307
v 0.86689 -0.13170 0.38928
v 0.86689 -0.13170 0.38928
v 0.86535 -0.24217 0.28499
v 0.86535 -0.24217 0.28499
v 0.86535 -0.24217 0.28499
v 0.87247 -0.23965 -0.40901
v 0.87247 -0.23965 -0.40901
v 0.87247 -0.23965 -0.40901
v 0.86480 -0.24690 -0.40799
v 0.86480 -0.24690 -0.40799
v 0.86480 -0.24690 -0.40799
v 0.86930 -0.23365 -0.26922
v 0.86930 -0.23365 -0.26922
v 0.87099 -0.23947 0.27778
v 0.87099 -0.23947 0.27778
v 0.87099 -0.23947 0.27778
v 0.87099 -0.23947 0.27778
v 0.87929 -0.13044 -0.29493
v 0.87929 -0.13044 -0.29493
v 0.87929 -0.13044 -0.29493
v 0.87929 -0.13044 -0.29493
v 0.89559 -0.12562 -0.29277
v 0.89559 -0.12562 -0.29277
v 0.89559 -0.12562 -0.29277
v 0.89559 -0.12562 -0.29277
v 0.89559 -0.12562 -0.29277
v 0.88854 -0.05176 -0.19612
v 0.88854 -0.05176 -0.19612
v 0.88906 -0.04878 0.26669
v 0.88906 -0.04878 0.26669
v 0.88906 -0.04878 0.26669
v 0.88906 -0.04878 0.26669
v 0.88906 -0.04878 0.26669
v 0.88298 -0.13044 -0.39181
v 0.88298 -0.13044 -0.39181
v 0.93133 -0.12533 0.26924
v 0.93133 -0.12533 0.26924
v 0.93133 -0.12533 0.26924
v 0.93133 -0.12533 0.26924
v 0.93133 -0.12533 0.26924
v 0.93133 -0.12533 0.26924
v 0.88064 -0.12953 0.29380
v 0.88064 -0.12953 0.29380
v 0.88064 -0.12953 0.29380
v 0.88064 -0.12953 0.29380
v 0.93262 -0.15608 0.27750
v 0.93262 -0.15608 0.27750
v 0.93262 -0.15608 0.27750
v 0.93262 -0.15608 0.27750
v 0.87928 -0.12819 -0.29438
v 0.91006 -0.12785 0.39024
v 0.91006 -0.12785 0.39024
v 0.91006 -0.12785 0.39024
v 0.91006 -0.12785 0.39024
v 0.91006 -0.12785 0.39024
v 0.91006 -0.12785 0.39024
v 0.91006 -0.12785 0.39024
v 0.94796 -0.12270 0.40949
v 0.94796 -0.12270 0.40949
v 0.94796 -0.12270 0.40949
v 0.94796 -0.12270 0.40949
v 0.94796 -0.12270 0.40949
v 0.90517 -0.15551 -0.40817
v 0.90517 -0.15551 -0.40817
v 0.90517 -0.15551 -0.40817
v 0.89887 -0.05888 0.40975
v 0.89887 -0.05888 0.40975
v 0.89887 -0.05888 0.40975
v 0.93349 -0.15682 -0.27931
v 0.93349 -0.15682 -0.27931
v 0.93349 -0.15682 -0.27931
v 0.92944 -0.12939 -0.27023
v 0.92944 -0.12939 -0.27023
v 0.92944 -0.12939 -0.27023
v 0.92944 -0.12939 -0.27023
v 0.92944 -0.12939 -0.27023
v 0.92944 -0.12939 -0.27023
v 0.91407 -0.12628 -0.39499
v 0.91407 -0.12628 -0.39499
v 0.91407 -0.12628 -0.39499
v 0.91407 -0.12628 -0.39499
v 0.91407 -0.12628 -0.39499
v 0.91407 -0.12628 -0.39499
v 0.90860 -0.12554 0.39311
v 0.90860 -0.12554 0.39311
v 0.90860 -0.12554 0.39311
v 0.90985 -0.12844 0.29295
v 0.90985 -0.12844 0.29295
v 0.90985 -0.12844 0.29295
v 0.90985 -0.12844 0.29295
v 0.90985 -0.12844 0.29295
v 0.90985 -0.12844 0.29295
v 0.90985 -0.12844 0.29295
v 0.90985 -0.12844 0.29295
v 0.91176 -0.16033 0.26808
v 0.91176 -0.16033 0.26808
v 0.91176 -0.16033 0.26808
v 0.91176 -0.16033 0.26808
v 0.92980 -0.09927 0.27445
v 0.92980 -0.09927 0.27445
v 0.92980 -0.09927 0.27445
v 0.92980 -0.09927 0.27445
v 0.90633 -0.12826 -0.29490
v 0.90633 -0.12826 -0.29490
v 0.90633 -0.12826 -0.29490
v 0.90633 -0.12826 -0.29490
v 0.90633 -0.12826 -0.29490
v 0.93589 -0.23975 -0.40704
v 0.93589 -0.23975 -0.40704
v 0.93589 -0.23975 -0.40704
v 0.93589 -0.23975 -0.40704
v 0.93163 -0.11920 -0.04446
v 0.93163 -0.11920 -0.04446
v 0.93163 -0.11920 -0.04446
v 0.93163 -0.11920 -0.04446
v 0.91329 -0.15680 -0.27058
v 0.91329 -0.15680 -0.27058
v 0.91329 -0.15680 -0.27058
v 0.94453 -0.24001 0.29390
v 0.94453 -0.24001 0.29390
v 0.94453 -0.24001 0.29390
v 0.90297 -0.06474 -0.27120
v 0.90297 -0.06474 -0.27120
v 0.90297 -0.06474 -0.27120
v 0.93060 -0.11467 -0.20849
v 0.93060 -0.11467 -0.20849
v 0.93060 -0.11467 -0.20849
v 0.93060 -0.11467 -0.20849
v 0.92974 -0.12247 0.19901
v 0.92974 -0.12247 0.19901
v 0.92974 -0.12247 0.19901
v 0.92974 -0.12247 0.19901
v 0.91394 -0.12478 0.29373
v 0.91394 -0.12478 0.29373
v 0.91394 -0.12478 0.29373
v 0.91394 -0.12478 0.29373
v 0.91394 -0.12478 0.29373
v 0.91394 -0.12478 0.29373
v 0.91394 -0.12478 0.29373
v 0.91394 -0.12478 0.29373
v 0.94744 -0.12117 -0.27189
v 0.94744 -0.12117 -0.27189
v 0.94744 -0.12117 -0.27189
v 0.94744 -0.12117 -0.27189
v 0.94744 -0.12117 -0.27189
v 0.91410 -0.12461 -0.29171
v 0.91410 -0.12461 -0.29171
v 0.91157 -0.12631 -0.29599
v 0.91157 -0.12631 -0.29599
v 0.91157 -0.12631 -0.29599
v 0.91157 -0.12631 -0.29599
v 0.91157 -0.12631 -0.29599
v 0.93547 -0.15637 0.40543
v 0.93547 -0.15637 0.40543
v 0.93547 -0.15637 0.40543
v 0.93547 -0.15637 0.40543
v 0.91365 -0.13066 -0.39253
v 0.91365 -0.13066 -0.39253
v 0.91365 -0.13066 -0.39253
v 0.91365 -0.13066 -0.39253
v 0.91365 -0.13066 -0.39253
v 0.93440 -0.23982 0.27821
v 0.93440 -0.23982 0.27821
v 0.93440 -0.23982 0.27821
v 0.93098 -0.12368 -0.27414
v 0.93098 -0.12368 -0.27414
v 0.93098 -0.12368 -0.27414
v 0.93440 -0.23985 -0.28016
v 0.93440 -0.23985 -0.28016
v 0.93440 -0.23985 -0.28016
v 0.93440 -0.23985 -0.28016
v 0.92513 -0.12311 0.03336
v 0.92513 -0.12311 0.03336
v 0.93040 -0.12374 0.27116
v 0.93040 -0.12374 0.27116
v 0.93040 -0.12374 0.27116
v 0.94813 -0.12188 0.27448
v 0.94813 -0.12188 0.27448
v 0.94813 -0.12188 0.27448
v 0.94813 -0.12188 0.27448
v 0.94813 -0.12188 0.27448
v 0.91772 -0.13740 -0.29037
v 0.91772 -0.13740 -0.29037
v 0.91772 -0.13740 -0.29037
v 0.91772 -0.13740 -0.29037
v 0.91772 -0.13740 -0.29037
v 0.91150 -0.12858 -0.29594
v 0.91150 -0.12858 -0.29594
v 0.91150 -0.12858 -0.29594
v 0.91565 -0.08513 0.26893
v 0.91223 -0.12703 0.30357
v 0.91223 -0.12703 0.30357
v 0.91223 -0.12703 0.30357
v 0.94673 -0.24004 -0.35406
v 0.94673 -0.24004 -0.35406
v 0.94673 -0.24004 -0.35406
v 0.94673 -0.24004 -0.35406
v 0.91601 -0.12477 0.34995
v 0.91601 -0.12477 0.34995
v 0.91601 -0.12477 0.34995
v 0.91601 -0.12477 0.34995
v 0.91601 -0.12477 0.34995
v 0.91601 -0.12477 0.34995
v 0.91406 -0.12771 0.31793
v 0.91406 -0.12771 0.31793
v 0.91406 -0.12771 0.31793
v 0.91406 -0.12771 0.31793
v 0.91406 -0.12771 0.31793
v 0.91406 -0.12771 0.31793
v 0.92020 -0.10078 -0.01289
v 0.92020 -0.10078 -0.01289
v 0.92020 -0.10078 -0.01289
v 0.91247 -0.12608 -0.34559
v 0.91247 -0.12608 -0.34559
v 0.91247 -0.12608 -0.34559
v 0.91321 -0.12771 -0.34633
v 0.91321 -0.12771 -0.34633
v 0.91321 -0.12771 -0.34633
v 0.93338 -0.12002 -0.19011
v 0.93338 -0.12002 -0.19011
v 0.93338 -0.12002 -0.19011
v 0.91553 -0.12730 -0.38913
v 0.91553 -0.12730 -0.38913
v 0.91553 -0.12730 -0.38913
v 0.91502 -0.12575 -0.38849
v 0.91502 -0.12575 -0.38849
v 0.91502 -0.12575 -0.38849
v 0.91502 -0.12575 -0.38849
v 0.91502 -0.12575 -0.38849
v 0.91502 -0.12575 -0.38849
v 0.91534 -0.13057 -0.38909
v 0.91534 -0.13057 -0.38909
v 0.91534 -0.13057 -0.38909
v 0.91534 -0.13057 -0.38909
v 0.91534 -0.13057 -0.38909
v 0.91534 -0.13057 -0.38909
v 0.91988 -0.13539 -0.30874
v 0.91988 -0.13539 -0.30874
v 0.92541 -0.11042 0.03837
v 0.92541 -0.11042 0.03837
v 0.92541 -0.11042 0.03837
v 0.92488 -0.14381 0.28888
v 0.92488 -0.14381 0.28888
v 0.91925 -0.08943 -0.26920
v 0.91925 -0.08943 -0.26920
v 0.93569 -0.15677 -0.40724
v 0.93569 -0.15677 -0.40724
v 0.93569 -0.15677 -0.40724
v 0.93569 -0.15677 -0.40724
v 0.92723 -0.10318 -0.26692
v 0.92723 -0.10318 -0.26692
v 0.94759 -0.15512 -0.39187
v 0.94759 -0.15512 -0.39187
v 0.94759 -0.15512 -0.39187
v 0.94759 -0.15512 -0.39187
v 0.94759 -0.15512 -0.39187
v 0.94759 -0.15512 -0.39187
v 0.93121 -0.11850 -0.00094
v 0.93121 -0.11850 -0.00094
v 0.92924 -0.11065 0.21161
v 0.92924 -0.11065 0.21161
v 0.92770 -0.10951 0.17459
v 0.92770 -0.10951 0.17459
v 0.92770 -0.10951 0.17459
v 0.94530 -0.15629 -0.29660
v 0.94530 -0.15629 -0.29660
v 0.94530 -0.15629 -0.29660
v 0.94537 -0.15625 0.29470
v 0.94537 -0.15625 0.29470
v 0.94537 -0.15625 0.29470
v 0.94537 -0.15625 0.29470
v 0.93718 -0.12244 -0.26938
v 0.93718 -0.12244 -0.26938
v 0.93718 -0.12244 -0.26938
v 0.93718 -0.12244 -0.26938
v 0.93718 -0.12244 -0.26938
v 0.93718 -0.12244 -0.26938
v 0.94765 -0.15469 0.39044
v 0.94765 -0.15469 0.39044
v 0.94765 -0.15469 0.39044
v 0.94765 -0.15469 0.39044
v 0.93758 -0.11990 0.26619
v 0.93758 -0.11990 0.26619
v 0.93758 -0.11990 0.26619
v 0.93758 -0.11990 0.26619
v 0.93758 -0.11990 0.26619
v 0.93715 -0.12234 0.26752
v 0.93715 -0.12234 0.26752
v 0.93715 -0.12234 0.26752
v 0.93715 -0.12234 0.26752
v 0.93715 -0.12234 0.26752
v 0.93305 -0.12534 0.26637
v 0.93305 -0.12534 0.26637
v 0.93305 -0.12534 0.26637
v 0.93305 -0.12534 0.26637
v 0.93305 -0.12534 0.26637
v 0.93937 -0.12007 -0.26987
v 0.93937 -0.12007 -0.26987
v 0.93368 -0.11773 0.22516
v 0.93368 -0.11773 0.22516
v 0.94641 -0.12239 0.27161
v 0.94641 -0.12239 0.27161
v 0.94641 -0.12239 0.27161
v 0.94390 -0.23979 -0.29456
v 0.94390 -0.23979 -0.29456
v 0.94390 -0.23979 -0.29456
v 0.94390 -0.23979 -0.29456
v 0.94764 -0.23979 -0.39245
v 0.94764 -0.23979 -0.39245
v 0.94764 -0.23979 -0.39245
v 0.94764 -0.23979 -0.39245
v 0.94764 -0.23979 -0.39245
v 0.94819 -0.23984 0.38839
v 0.94819 -0.23984 0.38839
v 0.94819 -0.23984 0.38839
v 0.94819 -0.23984 0.38839
v 0.94715 -0.23978 0.35288
v 0.94715 -0.23978 0.35288
v 0.94715 -0.23978 0.35288
v 0.02368 -0.31226 -0.27907
v 0.02368 -0.31226 -0.27907
v 0.02368 -0.31226 -0.27907
v 0.02368 -0.31226 -0.27907
v 0.02368 -0.31226 -0.27907
v 0.02368 -0.31226 -0.27907
vt 0.287545 0.984156
vt 0.575828 0.915925
vt 0.212909 0.001553
vt 0.654486 0.860023
vt 0.287474 0.976938
vt 0.213603 0.009394
vt 0.287474 0.976938
vt 0.293844 0.981931
vt 0.583758 0.918197
vt 0.293844 0.981931
vt 0.583758 0.918197
vt 0.293844 0.981931
vt 0.524040 0.501578
vt 0.254449 0.001244
vt 0.524040 0.501578
vt 0.654486 0.823053
vt 0.254449 0.001244
vt 0.524040 0.501578
vt 0.540103 0.469157
vt 0.255123 0.032957
vt 0.255123 0.032957
vt 0.540103 0.469157
vt 0.651999 0.001244
vt 0.654386 0.913028
vt 0.001317 0.001809
vt 0.637557 0.007753
vt 0.640347 0.917510
vt 0.042880 0.001673
vt 0.233547 0.987480
vt 0.042880 0.001673
vt 0.256677 0.933673
vt 0.654386 0.876118
vt 0.805315 0.945884
vt 0.232961 0.988062
vt 0.257162 0.934348
vt 0.839305 0.915783
vt 0.839305 0.915783
vt 0.797883 0.941148
vt 0.966665 0.211188
vt 0.256677 0.941494
vt 0.603606 0.988068
vt 0.797883 0.941148
vt 0.837187 0.923561
vt 0.620481 0.016126
vt 0.623791 0.923264
vt 0.623791 0.923264
vt 0.802456 0.410544
vt 0.802456 0.410544
vt 0.233547 0.997749
vt 0.639374 0.880746
vt 0.843532 0.932882
vt 0.639374 0.880746
vt 0.001244 0.014057
vt 0.658328 0.009599
vt 0.001244 0.014057
vt 0.572953 0.847471
vt 0.584351 0.918863
vt 0.584351 0.918863
vt 0.650273 0.864905
vt 0.984324 0.322194
vt 0.584351 0.918863
vt 0.584351 0.918863
vt 0.805315 0.922584
vt 0.041969 0.022091
vt 0.805315 0.922584
vt 0.041969 0.022091
vt 0.041969 0.022091
vt 0.643799 0.863459
vt 0.569445 0.852816
vt 0.643799 0.863459
vt 0.968127 0.209553
vt 0.968127 0.209553
vt 0.602405 0.989897
vt 0.996669 0.504910
vt 0.993707 0.500930
vt 0.996743 0.725309
vt 0.874056 0.400164
vt 0.967655 0.201731
vt 0.993201 0.498856
vt 0.996124 0.723296
vt 0.967655 0.201731
vt 0.837265 0.932274
vt 0.837265 0.932274
vt 0.837265 0.932274
vt 0.996124 0.732646
vt 0.603606 0.994389
vt 0.868967 0.409792
vt 0.993201 0.509747
vt 0.872514 0.380997
vt 0.966665 0.179992
vt 0.075280 0.011026
vt 0.872514 0.380997
vt 0.961915 0.318754
vt 0.966665 0.179992
vt 0.893341 0.293049
vt 0.796352 0.938137
vt 0.970045 0.210957
vt 0.970045 0.210957
vt 0.970045 0.210957
vt 0.623791 0.866826
vt 0.623791 0.866826
vt 0.849374 0.001504
vt 0.849374 0.001504
vt 0.810852 0.002096
vt 0.492253 0.481090
vt 0.623831 0.832890
vt 0.179832 0.013227
vt 0.739324 0.978009
vt 0.181533 0.017654
vt 0.952624 0.737048
vt 0.984324 0.355839
vt 0.174243 0.010824
vt 0.575828 0.955687
vt 0.867077 0.293340
vt 0.428464 0.705099
vt 0.867077 0.293340
vt 0.737702 0.983897
vt 0.737702 0.983897
vt 0.976547 0.325119
vt 0.572607 0.856504
vt 0.428464 0.667070
vt 0.572607 0.856504
vt 0.598736 0.984837
vt 0.425835 0.009500
vt 0.839075 0.949422
vt 0.425835 0.009500
vt 0.839075 0.949422
vt 0.856400 0.414938
vt 0.793822 0.930694
vt 0.977894 0.211152
vt 0.793822 0.930694
vt 0.599672 0.987013
vt 0.261246 0.001244
vt 0.426270 0.667746
vt 0.856400 0.264956
vt 0.183371 0.016005
vt 0.582994 0.948019
vt 0.739370 0.973491
vt 0.954143 0.740114
vt 0.739370 0.973491
vt 0.667965 0.022372
vt 0.001452 0.032445
vt 0.667965 0.022372
vt 0.001452 0.032445
vt 0.845086 0.940167
vt 0.845086 0.940167
vt 0.633318 0.882697
vt 0.591165 0.920344
vt 0.591165 0.920344
vt 0.591165 0.920344
vt 0.591165 0.920344
vt 0.214978 0.025447
vt 0.214978 0.025447
vt 0.287474 0.962304
vt 0.214978 0.025447
vt 0.654861 0.495784
vt 0.591016 0.943924
vt 0.737702 0.964645
vt 0.591016 0.943924
vt 0.980651 0.208530
vt 0.980651 0.208530
vt 0.505670 0.976622
vt 0.692258 0.985092
vt 0.980651 0.208530
vt 0.692258 0.985092
vt 0.980651 0.208530
vt 0.989903 0.996303
vt 0.980651 0.208530
vt 0.975543 0.184849
vt 0.960004 0.309256
vt 0.975543 0.184849
vt 0.961915 0.304910
vt 0.979182 0.188147
vt 0.979182 0.188147
vt 0.979182 0.188147
vt 0.479744 0.960250
vt 0.479744 0.960250
vt 0.596497 0.923135
vt 0.596497 0.923135
vt 0.987415 0.996440
vt 0.596497 0.923135
vt 0.987415 0.996440
vt 0.957084 0.312076
vt 0.973578 0.181979
vt 0.926391 0.941698
vt 0.971226 0.506529
vt 0.957084 0.312076
vt 0.926391 0.949153
vt 0.949724 0.308908
vt 0.195052 0.986473
vt 0.703004 0.959875
vt 0.891732 0.306993
vt 0.926391 0.949153
vt 0.624308 0.869514
vt 0.624308 0.869514
vt 0.852530 0.001244
vt 0.514596 0.982366
vt 0.514596 0.982366
vt 0.798356 0.918567
vt 0.514596 0.982366
vt 0.922288 0.979361
vt 0.975125 0.503464
vt 0.925438 0.945617
vt 0.699784 0.960237
vt 0.594196 0.919969
vt 0.297643 0.975094
vt 0.594196 0.919969
vt 0.072703 0.033257
vt 0.072703 0.033257
vt 0.195052 0.995222
vt 0.381357 0.928410
vt 0.524561 0.957413
vt 0.893341 0.315664
vt 0.981832 0.301543
vt 0.695013 0.963351
vt 0.922288 0.984321
vt 0.979649 0.183858
vt 0.975125 0.509162
vt 0.959508 0.772435
vt 0.261286 0.010311
vt 0.525316 0.934662
vt 0.572953 0.870621
vt 0.598736 0.997947
vt 0.630755 0.873630
vt 0.597432 0.920935
vt 0.597432 0.920935
vt 0.597432 0.920935
vt 0.692975 0.964986
vt 0.692975 0.964986
vt 0.979721 0.185727
vt 0.792365 0.925738
vt 0.982929 0.210816
vt 0.792365 0.925738
vt 0.505787 0.979747
vt 0.322504 0.009736
vt 0.322504 0.009736
vt 0.322504 0.009736
vt 0.590622 0.946581
vt 0.946744 0.739930
vt 0.946744 0.739930
vt 0.590622 0.946581
vt 0.760451 0.409757
vt 0.847656 0.951203
vt 0.623985 0.885632
vt 0.760451 0.409757
vt 0.183035 0.024027
vt 0.247566 0.996949
vt 0.489707 0.985212
vt 0.945950 0.730611
vt 0.993339 0.807038
vt 0.993619 0.172004
vt 0.183035 0.024027
vt 0.247566 0.996949
vt 0.298823 0.971494
vt 0.599158 0.920936
vt 0.522380 0.889994
vt 0.298823 0.971494
vt 0.292776 0.963130
vt 0.292776 0.963130
vt 0.521873 0.880031
vt 0.521873 0.880031
vt 0.750790 0.386305
vt 0.521873 0.880031
vt 0.659775 0.494086
vt 0.697887 0.961680
vt 0.697887 0.961680
vt 0.922598 0.981324
vt 0.697887 0.961680
vt 0.793160 0.925538
vt 0.793160 0.925538
vt 0.793160 0.925538
vt 0.482942 0.983279
vt 0.946967 0.737367
vt 0.482942 0.983279
vt 0.946967 0.737367
vt 0.623862 0.870601
vt 0.852790 0.003113
vt 0.954041 0.776428
vt 0.852790 0.003113
vt 0.852790 0.003113
vt 0.591482 0.946042
vt 0.480733 0.981260
vt 0.945950 0.739638
vt 0.480733 0.981260
vt 0.591482 0.946042
vt 0.701050 0.962257
vt 0.701050 0.962257
vt 0.923656 0.947218
vt 0.068455 0.962444
vt 0.459063 0.985524
vt 0.499515 0.982691
vt 0.459063 0.985524
vt 0.499515 0.982691
vt 0.496196 0.963611
vt 0.995268 0.956539
vt 0.496196 0.963611
vt 0.496196 0.963611
vt 0.499515 0.960758
vt 0.068455 0.937703
vt 0.987415 0.976625
vt 0.068455 0.937703
vt 0.499515 0.960758
vt 0.987415 0.976625
vt 0.499515 0.960758
vt 0.370686 0.930184
vt 0.711904 0.962279
vt 0.992667 0.301543
vt 0.989903 0.976625
vt 0.711904 0.984236
vt 0.371795 0.954903
vt 0.989903 0.976625
vt 0.989903 0.976625
vt 0.711904 0.984236
vt 0.708776 0.981482
vt 0.994713 0.531054
vt 0.998146 0.404982
vt 0.998146 0.404982
vt 0.696771 0.962955
vt 0.696771 0.962955
vt 0.696771 0.962955
vt 0.696771 0.962955
vt 0.990539 0.316585
vt 0.708573 0.965307
vt 0.708573 0.965307
vt 0.994713 0.512802
vt 0.496238 0.979471
vt 0.995268 0.974137
vt 0.998675 0.594420
vt 0.496238 0.979471
vt 0.995268 0.974137
vt 0.998675 0.594420
vt 0.488376 0.983041
vt 0.488376 0.983041
vt 0.488376 0.983041
vt 0.488376 0.983041
vt 0.993310 0.529301
vt 0.708267 0.980576
vt 0.996591 0.405623
vt 0.707629 0.967801
vt 0.707629 0.967801
vt 0.992992 0.514724
vt 0.298269 0.970360
vt 0.522336 0.888857
vt 0.298269 0.970360
vt 0.522336 0.888857
vt 0.294784 0.965550
vt 0.521575 0.883229
vt 0.521575 0.883229
vt 0.294784 0.965550
vt 0.994210 0.683536
vt 0.994210 0.683536
vt 0.994210 0.683536
vt 0.998675 0.607260
vt 0.483422 0.978810
vt 0.228283 0.977700
vt 0.695839 0.967388
vt 0.695839 0.967388
vt 0.228283 0.977700
vt 0.695839 0.967388
vt 0.695839 0.967388
vt 0.487699 0.983683
vt 0.487699 0.983683
vt 0.487699 0.983683
vt 0.992409 0.808841
vt 0.696543 0.981526
vt 0.228283 0.993710
vt 0.998146 0.417253
vt 0.998146 0.417253
vt 0.696543 0.981526
vt 0.228283 0.993710
vt 0.988401 0.308504
vt 0.191962 0.988973
vt 0.704731 0.963839
vt 0.988401 0.308504
vt 0.988401 0.308504
vt 0.483638 0.964753
vt 0.483638 0.964753
vt 0.483638 0.964753
vt 0.483638 0.964753
vt 0.994210 0.667698
vt 0.704927 0.976810
vt 0.704927 0.976810
vt 0.702309 0.975736
vt 0.702309 0.975736
vt 0.705257 0.970848
vt 0.705257 0.970848
vt 0.705257 0.970848
vt 0.492536 0.969060
vt 0.492536 0.969060
vt 0.492536 0.969060
vt 0.284706 0.989822
vt 0.492918 0.975120
vt 0.492918 0.975120
vt 0.492918 0.975120
vt 0.283330 0.979615
vt 0.489985 0.966969
vt 0.524561 0.985083
vt 0.805234 0.910622
vt 0.041174 0.032651
vt 0.524561 0.985083
vt 0.524561 0.985083
vt 0.041174 0.032651
vt 0.041174 0.032651
vt 0.230210 0.991584
vt 0.696636 0.980555
vt 0.229618 0.992930
vt 0.696886 0.981466
vt 0.996709 0.417024
vt 0.484369 0.967248
vt 0.996045 0.669549
vt 0.484369 0.967248
vt 0.996045 0.669549
vt 0.484283 0.978227
vt 0.484283 0.978227
vt 0.995980 0.681952
vt 0.492768 0.965794
vt 0.492768 0.965794
vt 0.492768 0.965794
vt 0.495526 0.964773
vt 0.994086 0.957268
vt 0.495526 0.964773
vt 0.494768 0.979416
vt 0.993881 0.973428
vt 0.997283 0.595965
vt 0.509740 0.978450
vt 0.992519 0.992473
vt 0.509740 0.978450
vt 0.491049 0.984731
vt 0.992409 0.804965
vt 0.459063 0.994348
vt 0.994433 0.174083
vt 0.707687 0.966464
vt 0.707687 0.966464
vt 0.707687 0.966464
vt 0.283330 0.994258
vt 0.492680 0.979641
vt 0.997388 0.598048
vt 0.492680 0.979641
vt 0.997388 0.598048
vt 0.997388 0.598048
vt 0.996297 0.408785
vt 0.705133 0.981325
vt 0.996297 0.408785
vt 0.705133 0.981325
vt 0.996297 0.408785
vt 0.696733 0.969518
vt 0.696733 0.969518
vt 0.696733 0.969518
vt 0.230149 0.979114
vt 0.696733 0.969518
vt 0.495225 0.966084
vt 0.993647 0.958515
vt 0.993647 0.958515
vt 0.484429 0.979220
vt 0.995381 0.683379
vt 0.997453 0.606310
vt 0.984867 0.993669
vt 0.984867 0.993669
vt 0.984867 0.993669
vt 0.379231 0.929918
vt 0.984096 0.302781
vt 0.379231 0.929918
vt 0.705609 0.968244
vt 0.705609 0.968244
vt 0.705609 0.968244
vt 0.230108 0.987878
vt 0.696548 0.977234
vt 0.230108 0.987878
vt 0.524757 0.887148
vt 0.599859 0.923645
vt 0.983869 0.993843
vt 0.524757 0.887148
vt 0.983869 0.993843
vt 0.703117 0.968956
vt 0.703117 0.968956
vt 0.703117 0.968956
vt 0.703117 0.968956
vt 0.703117 0.968956
vt 0.513358 0.979019
vt 0.513358 0.979019
vt 0.513358 0.979019
vt 0.993399 0.988936
vt 0.993399 0.988936
vt 0.521285 0.983759
vt 0.521285 0.983759
vt 0.802962 0.913213
vt 0.521285 0.983759
vt 0.802962 0.913213
vt 0.076931 0.937707
vt 0.756535 0.379395
vt 0.979095 0.978767
vt 0.979095 0.978767
vt 0.076931 0.937707
vt 0.507036 0.978540
vt 0.507036 0.978540
vt 0.507036 0.978540
vt 0.507036 0.978540
vt 0.983559 0.209049
vt 0.507036 0.978540
vt 0.077362 0.962630
vt 0.247094 0.988927
vt 0.464419 0.989112
vt 0.077362 0.962630
vt 0.811037 0.011149
vt 0.493104 0.472072
vt 0.522828 0.915730
vt 0.811037 0.011149
vt 0.509662 0.981024
vt 0.509662 0.981024
vt 0.794836 0.922305
vt 0.794836 0.922305
vt 0.750790 0.355290
vt 0.079053 0.962691
vt 0.184865 0.032946
vt 0.750790 0.355290
vt 0.247566 0.987480
vt 0.750790 0.355290
vt 0.654861 0.465295
vt 0.485531 0.976994
vt 0.485531 0.976994
vt 0.792629 0.924771
vt 0.506507 0.980116
vt 0.792629 0.924771
vt 0.697931 0.978415
vt 0.697931 0.978415
vt 0.697931 0.978415
vt 0.522529 0.886312
vt 0.523760 0.979488
vt 0.995750 0.978679
vt 0.380291 0.954516
vt 0.523760 0.979488
vt 0.250223 0.032933
vt 0.250223 0.032933
vt 0.250223 0.032933
vt 0.849939 0.011184
vt 0.849939 0.011184
vt 0.522243 0.950284
vt 0.849939 0.011184
vt 0.312805 0.448834
vt 0.246828 0.991180
vt 0.993619 0.177456
vt 0.462518 0.990745
vt 0.525338 0.883897
vt 0.982779 0.990786
vt 0.522617 0.883708
vt 0.522617 0.883708
vt 0.980797 0.986043
vt 0.525338 0.878976
vt 0.980797 0.986043
vt 0.763146 0.418912
vt 0.762196 0.001244
vt 0.763146 0.418912
vt 0.763146 0.418912
vt 0.763146 0.418912
vt 0.516337 0.982523
vt 0.516337 0.982523
vt 0.525316 0.940363
vt 0.853912 0.013490
vt 0.959508 0.779908
vt 0.612513 0.991845
vt 0.518291 0.979833
vt 0.518291 0.979833
vt 0.518291 0.979833
vt 0.518291 0.979833
vt 0.109179 0.967138
vt 0.428502 0.019414
vt 0.759552 0.423886
vt 0.759552 0.423886
vt 0.759552 0.423886
vt 0.837187 0.960771
vt 0.978181 0.979791
vt 0.524848 0.872569
vt 0.755652 0.380509
vt 0.755652 0.380509
vt 0.521877 0.876339
vt 0.753798 0.384935
vt 0.753798 0.384935
vt 0.621448 0.021960
vt 0.602347 0.920069
vt 0.802338 0.418913
vt 0.602347 0.920069
vt 0.621448 0.021960
vt 0.621448 0.021960
vt 0.802338 0.418913
vt 0.621448 0.021960
vt 0.621448 0.021960
vt 0.621448 0.021960
vt 0.261177 0.014056
vt 0.261177 0.014056
vt 0.525614 0.937444
vt 0.613205 0.988068
vt 0.261177 0.014056
vt 0.381157 0.954903
vt 0.523519 0.980257
vt 0.381157 0.954903
vt 0.523519 0.980257
vt 0.763143 0.002672
vt 0.763143 0.002672
vt 0.763143 0.002672
vt 0.602347 0.953831
vt 0.763143 0.002672
vt 0.602347 0.953831
vt 0.763610 0.420299
vt 0.612891 0.993769
vt 0.612891 0.993769
vt 0.853298 0.015381
vt 0.853298 0.015381
vt 0.762988 0.422125
vt 0.761770 0.004429
vt 0.762988 0.422125
vt 0.761770 0.004429
vt 0.762988 0.422125
vt 0.300188 0.454745
vt 0.509844 0.953522
vt 0.300188 0.454745
vt 0.509844 0.953522
vt 0.509844 0.953522
vt 0.850403 0.017926
vt 0.850403 0.017926
vt 0.850403 0.017926
vt 0.678363 0.046160
vt 0.001568 0.066942
vt 0.678363 0.046160
vt 0.760957 0.425755
vt 0.111247 0.966422
vt 0.760957 0.425755
vt 0.978449 0.774336
vt 0.356982 0.449414
vt 0.356982 0.449414
vt 0.618657 0.937244
vt 0.356982 0.449414
vt 0.618657 0.937244
vt 0.618657 0.937244
vt 0.759553 0.012629
vt 0.763794 0.430642
vt 0.980302 0.117770
vt 0.759553 0.012629
vt 0.980302 0.117770
vt 0.683261 0.501578
vt 0.852867 0.016798
vt 0.259739 0.020664
vt 0.613205 0.995160
vt 0.852867 0.016798
vt 0.570289 0.924453
vt 0.313727 0.456837
vt 0.570289 0.924453
vt 0.849248 0.022099
vt 0.313727 0.456837
vt 0.570289 0.924453
vt 0.849248 0.022099
vt 0.604634 0.919572
vt 0.619116 0.023351
vt 0.762976 0.426275
vt 0.505670 0.920814
vt 0.384658 0.448834
vt 0.475389 0.462026
vt 0.505670 0.920814
vt 0.936534 0.001244
vt 0.557766 0.961382
vt 0.936534 0.001244
vt 0.481165 0.458583
vt 0.557766 0.961382
vt 0.936534 0.001244
vt 0.811086 0.022009
vt 0.494332 0.461227
vt 0.811086 0.022009
vt 0.494332 0.461227
vt 0.571198 0.961382
vt 0.811086 0.022009
vt 0.111247 0.969003
vt 0.981913 0.774336
vt 0.428705 0.023246
vt 0.990667 0.930610
vt 0.428705 0.023246
vt 0.255190 0.051225
vt 0.545509 0.450705
vt 0.255190 0.051225
vt 0.545509 0.450705
vt 0.260008 0.022683
vt 0.682121 0.499631
vt 0.682121 0.499631
vt 0.260008 0.022683
vt 0.260008 0.022683
vt 0.852076 0.021306
vt 0.684770 0.496967
vt 0.852076 0.021306
vt 0.684770 0.496967
vt 0.381278 0.448834
vt 0.604954 0.029326
vt 0.618568 0.915925
vt 0.802163 0.430353
vt 0.622270 0.029952
vt 0.802163 0.430353
vt 0.802163 0.430353
vt 0.979947 0.080683
vt 0.622270 0.029952
vt 0.802163 0.430353
vt 0.618177 0.949632
vt 0.777941 0.013792
vt 0.342951 0.449525
vt 0.777941 0.013792
vt 0.850647 0.022381
vt 0.571489 0.922941
vt 0.850647 0.022381
vt 0.850647 0.022381
vt 0.850647 0.022381
vt 0.850647 0.022381
vt 0.071372 0.756734
vt 0.761634 0.433416
vt 0.980177 0.769544
vt 0.996370 0.927610
vt 0.071372 0.756734
vt 0.761634 0.433416
vt 0.761634 0.433416
vt 0.761634 0.433416
vt 0.761634 0.433416
vt 0.048018 0.774421
vt 0.428502 0.051271
vt 0.048018 0.774421
vt 0.048018 0.774421
vt 0.428502 0.051271
vt 0.996370 0.951832
vt 0.772700 0.017434
vt 0.849510 0.450215
vt 0.849510 0.450215
vt 0.966302 0.117770
vt 0.849510 0.450215
vt 0.966787 0.080661
vt 0.609422 0.032173
vt 0.609422 0.032173
vt 0.811092 0.449598
vt 0.966787 0.080661
vt 0.423077 0.448869
vt 0.505670 0.954925
vt 0.295921 0.456910
vt 0.300985 0.459484
vt 0.557127 0.924139
vt 0.300985 0.459484
vt 0.898176 0.001817
vt 0.602628 0.030941
vt 0.381350 0.451197
vt 0.602628 0.030941
vt 0.686150 0.494101
vt 0.686150 0.494101
vt 0.686150 0.494101
vt 0.851890 0.024129
vt 0.802283 0.438720
vt 0.627837 0.035534
vt 0.802283 0.438720
vt 0.627837 0.035534
vt 0.261200 0.042086
vt 0.261200 0.042086
vt 0.668772 0.480839
vt 0.683933 0.481823
vt 0.683933 0.481823
vt 0.683933 0.481823
vt 0.683933 0.481823
vt 0.683933 0.481823
vt 0.630187 0.038311
vt 0.802245 0.442770
vt 0.802245 0.442770
vt 0.288439 0.464548
vt 0.288439 0.464548
vt 0.423225 0.459740
vt 0.423225 0.459740
vt 0.423225 0.459740
vt 0.288439 0.464548
vt 0.783908 0.443770
vt 0.783908 0.443770
vt 0.783908 0.443770
vt 0.261249 0.050737
vt 0.459063 0.955927
vt 0.619578 0.462807
vt 0.659877 0.766390
vt 0.662860 0.472406
vt 0.748413 0.457837
vt 0.691222 0.349045
vt 0.261249 0.050737
vt 0.662860 0.472406
vt 0.804944 0.753887
vt 0.013605 0.101865
vt 0.013605 0.101865
vt 0.810721 0.027865
vt 0.498377 0.455213
vt 0.810721 0.027865
vt 0.498377 0.455213
vt 0.636703 0.045926
vt 0.802124 0.453859
vt 0.851158 0.028159
vt 0.688071 0.489962
vt 0.851158 0.028159
vt 0.688071 0.489962
vt 0.851158 0.028159
vt 0.849750 0.035334
vt 0.849750 0.035334
vt 0.343297 0.483338
vt 0.343297 0.483338
vt 0.797726 0.049479
vt 0.343297 0.483338
vt 0.797726 0.049479
vt 0.343297 0.483338
vt 0.343297 0.483338
vt 0.343074 0.462485
vt 0.785497 0.027469
vt 0.785497 0.027469
vt 0.343074 0.462485
vt 0.850476 0.031703
vt 0.850476 0.031703
vt 0.597059 0.036427
vt 0.381470 0.459150
vt 0.381470 0.459150
vt 0.597059 0.036427
vt 0.384779 0.465420
vt 0.463509 0.445979
vt 0.468693 0.441070
vt 0.936419 0.019471
vt 0.468693 0.441070
vt 0.847586 0.050709
vt 0.847586 0.050709
vt 0.847586 0.050709
vt 0.847586 0.050709
vt 0.072422 0.757362
vt 0.762081 0.434850
vt 0.762081 0.434850
vt 0.603480 0.038052
vt 0.603480 0.038052
vt 0.811103 0.458090
vt 0.074492 0.761526
vt 0.762372 0.441305
vt 0.074492 0.761526
vt 0.810599 0.045944
vt 0.508308 0.436847
vt 0.763130 0.443116
vt 0.763130 0.443116
vt 0.076042 0.762171
vt 0.763130 0.443116
vt 0.764699 0.444765
vt 0.764699 0.444765
vt 0.897960 0.011205
vt 0.294644 0.465922
vt 0.294644 0.465922
vt 0.780542 0.032578
vt 0.849490 0.464719
vt 0.780542 0.032578
vt 0.849490 0.464719
vt 0.850454 0.034351
vt 0.850454 0.034351
vt 0.547790 0.442796
vt 0.255203 0.059059
vt 0.547790 0.442796
vt 0.693410 0.478452
vt 0.850493 0.039511
vt 0.693410 0.478452
vt 0.850493 0.039511
vt 0.850493 0.039511
vt 0.797837 0.454730
vt 0.797837 0.454730
vt 0.797837 0.454730
vt 0.797837 0.454730
vt 0.797837 0.454730
vt 0.590913 0.042388
vt 0.381606 0.467796
vt 0.590913 0.042388
vt 0.381606 0.467796
vt 0.597316 0.044430
vt 0.810989 0.467438
vt 0.810989 0.467438
vt 0.078326 0.766003
vt 0.762467 0.448096
vt 0.762467 0.448096
vt 0.762467 0.448096
vt 0.078326 0.766003
vt 0.288539 0.472649
vt 0.897920 0.020835
vt 0.897920 0.020835
vt 0.288539 0.472649
vt 0.381819 0.480754
vt 0.581656 0.051318
vt 0.581656 0.051318
vt 0.381819 0.480754
vt 0.581656 0.051318
vt 0.062888 0.769533
vt 0.062888 0.769533
vt 0.278033 0.484185
vt 0.897826 0.037375
vt 0.851045 0.044894
vt 0.695835 0.473091
vt 0.280838 0.472085
vt 0.423367 0.470452
vt 0.423367 0.470452
vt 0.280838 0.472085
vt 0.384938 0.480417
vt 0.384938 0.480417
vt 0.452563 0.431482
vt 0.384938 0.480417
vt 0.255346 0.081874
vt 0.554641 0.419741
vt 0.554641 0.419741
vt 0.255346 0.081874
vt 0.080187 0.769380
vt 0.761710 0.452294
vt 0.081787 0.772813
vt 0.081787 0.772813
vt 0.761078 0.456691
vt 0.082177 0.772145
vt 0.761713 0.456409
vt 0.697445 0.469316
vt 0.697445 0.469316
vt 0.851560 0.048700
vt 0.851560 0.048700
vt 0.698180 0.465910
vt 0.698180 0.465910
vt 0.698180 0.465910
vt 0.385141 0.500099
vt 0.438314 0.412451
vt 0.385141 0.500099
vt 0.849264 0.491395
vt 0.794371 0.060359
vt 0.794371 0.060359
vt 0.849264 0.491395
vt 0.849264 0.491395
vt 0.056129 0.097630
vt 0.056129 0.097630
vt 0.268683 0.484222
vt 0.268683 0.484222
vt 0.423581 0.487690
vt 0.423581 0.487690
vt 0.084034 0.774987
vt 0.761246 0.460136
vt 0.761246 0.460136
vt 0.698837 0.466922
vt 0.851492 0.051062
vt 0.851492 0.051062
vt 0.698837 0.466922
vt 0.459746 0.428165
vt 0.936494 0.032873
vt 0.936494 0.032873
vt 0.083670 0.778239
vt 0.760359 0.463904
vt 0.760359 0.463904
vt 0.760359 0.463904
vt 0.583005 0.059588
vt 0.810766 0.489604
vt 0.810766 0.489604
vt 0.202690 0.099070
vt 0.202690 0.099070
vt 0.202690 0.099070
vt 0.139720 0.092461
vt 0.139720 0.092461
vt 0.136110 0.948982
vt 0.662365 0.978552
vt 0.505927 0.870081
vt 0.505927 0.870081
vt 0.505927 0.870081
vt 0.525338 0.856349
vt 0.525338 0.856349
vt 0.662366 0.954783
vt 0.947114 0.322282
vt 0.947114 0.322282
vt 0.686516 0.979575
vt 0.135880 0.976144
vt 0.686516 0.979575
vt 0.135880 0.976144
vt 0.528129 0.898107
vt 0.528129 0.898107
vt 0.972549 0.368957
vt 0.620992 0.833599
vt 0.956102 0.665210
vt 0.620992 0.833599
vt 0.956102 0.665210
vt 0.057833 0.895441
vt 0.057833 0.895441
vt 0.920029 0.368885
vt 0.980248 0.641261
vt 0.057833 0.895441
vt 0.972549 0.395808
vt 0.979789 0.665091
vt 0.041583 0.912852
vt 0.041583 0.912852
vt 0.947287 0.368895
vt 0.947287 0.368895
vt 0.600323 0.819896
vt 0.600323 0.819896
vt 0.947287 0.368895
vt 0.956102 0.640418
vt 0.636841 0.089429
vt 0.802083 0.516977
vt 0.636841 0.089429
vt 0.802083 0.516977
vt 0.545594 0.880510
vt 0.686377 0.954783
vt 0.545594 0.880510
vt 0.545594 0.880510
vt 0.920029 0.322194
vt 0.599122 0.831369
vt 0.599122 0.831369
vt 0.538654 0.900252
vt 0.623791 0.982111
vt 0.699538 0.987580
vt 0.538654 0.900252
vt 0.979343 0.811808
vt 0.623791 0.982111
vt 0.054785 0.916271
vt 0.054785 0.916271
vt 0.559854 0.881266
vt 0.920076 0.337385
vt 0.559854 0.881266
vt 0.448512 0.411301
vt 0.936054 0.050423
vt 0.936054 0.050423
vt 0.448512 0.411301
vt 0.936054 0.050423
vt 0.936054 0.050423
vt 0.566999 0.065469
vt 0.382055 0.501184
vt 0.566999 0.065469
vt 0.382055 0.501184
vt 0.064694 0.895445
vt 0.064694 0.895445
vt 0.064694 0.895445
vt 0.920029 0.376081
vt 0.920029 0.376081
vt 0.609820 0.838443
vt 0.609820 0.838443
vt 0.609820 0.838443
vt 0.609820 0.838443
vt 0.609820 0.838443
vt 0.699205 0.449367
vt 0.699205 0.449367
vt 0.699205 0.449367
vt 0.852177 0.068776
vt 0.699205 0.449367
vt 0.259797 0.493197
vt 0.259797 0.493197
vt 0.423432 0.500119
vt 0.259797 0.493197
vt 0.423432 0.500119
vt 0.423432 0.500119
vt 0.958667 0.368885
vt 0.958667 0.368885
vt 0.620888 0.849920
vt 0.958667 0.368885
vt 0.958667 0.368885
vt 0.061092 0.908957
vt 0.120386 0.949101
vt 0.488412 0.863470
vt 0.120386 0.949101
vt 0.120386 0.949101
vt 0.488412 0.863470
vt 0.488412 0.863470
vt 0.078232 0.895851
vt 0.920162 0.390541
vt 0.920162 0.390541
vt 0.078232 0.895851
vt 0.510842 0.850087
vt 0.510842 0.850087
vt 0.510842 0.850087
vt 0.272769 0.489959
vt 0.897803 0.045627
vt 0.897803 0.045627
vt 0.548616 0.890263
vt 0.623791 0.968001
vt 0.577212 0.065687
vt 0.810572 0.498632
vt 0.810572 0.498632
vt 0.810572 0.498632
vt 0.810572 0.498632
vt 0.810570 0.063151
vt 0.508557 0.419716
vt 0.810570 0.063151
vt 0.810570 0.063151
vt 0.508557 0.419716
vt 0.041816 0.927157
vt 0.041816 0.927157
vt 0.957648 0.396081
vt 0.041816 0.927157
vt 0.947386 0.390520
vt 0.576693 0.830484
vt 0.947386 0.390520
vt 0.665114 0.445954
vt 0.533130 0.987262
vt 0.665114 0.445954
vt 0.665114 0.445954
vt 0.671765 0.445176
vt 0.671765 0.445176
vt 0.671765 0.445176
vt 0.868890 0.990932
vt 0.001827 0.094722
vt 0.686864 0.065437
vt 0.686864 0.065437
vt 0.067439 0.910453
vt 0.969450 0.006223
vt 0.067439 0.910453
vt 0.067439 0.910453
vt 0.402959 0.986689
vt 0.532166 0.919707
vt 0.402959 0.986689
vt 0.532166 0.919707
vt 0.402959 0.986689
vt 0.532166 0.919707
vt 0.402959 0.986689
vt 0.903488 0.050441
vt 0.903488 0.050441
vt 0.255343 0.093346
vt 0.558034 0.408158
vt 0.255343 0.093346
vt 0.503641 0.854515
vt 0.503641 0.854515
vt 0.503641 0.854515
vt 0.503641 0.854515
vt 0.503641 0.854515
vt 0.950513 0.377236
vt 0.972417 0.234729
vt 0.897765 0.050895
vt 0.269809 0.493620
vt 0.897765 0.050895
vt 0.269809 0.493620
vt 0.897765 0.050895
vt 0.798151 0.068539
vt 0.849228 0.499271
vt 0.798151 0.068539
vt 0.849228 0.499271
vt 0.849228 0.499271
vt 0.528414 0.907326
vt 0.126110 0.976155
vt 0.528414 0.907326
vt 0.991156 0.254387
vt 0.308775 0.994984
vt 0.608724 0.838743
vt 0.608724 0.838743
vt 0.599231 0.832437
vt 0.308775 0.983591
vt 0.981832 0.278154
vt 0.599231 0.832437
vt 0.308775 0.983591
vt 0.624799 0.969370
vt 0.624799 0.969370
vt 0.624799 0.969370
vt 0.847308 0.963260
vt 0.551909 0.891202
vt 0.551909 0.891202
vt 0.625760 0.966127
vt 0.625760 0.966127
vt 0.058548 0.792130
vt 0.298823 0.986644
vt 0.723310 0.988217
vt 0.723310 0.988217
vt 0.631770 0.987341
vt 0.993201 0.476446
vt 0.050679 0.792016
vt 0.724029 0.996103
vt 0.993201 0.476446
vt 0.343550 0.501424
vt 0.808082 0.068538
vt 0.343550 0.501424
vt 0.091112 0.990890
vt 0.115072 0.973928
vt 0.986044 0.078072
vt 0.115072 0.973928
vt 0.529486 0.995097
vt 0.539373 0.908013
vt 0.699538 0.993565
vt 0.756979 0.501470
vt 0.699538 0.993565
vt 0.627722 0.980363
vt 0.983049 0.813164
vt 0.627722 0.980363
vt 0.983049 0.813164
vt 0.625357 0.968041
vt 0.847652 0.965160
vt 0.847652 0.965160
vt 0.301504 0.993855
vt 0.721442 0.487172
vt 0.301504 0.993855
vt 0.721442 0.487172
vt 0.981832 0.256356
vt 0.979689 0.813722
vt 0.700582 0.988276
vt 0.700582 0.988276
vt 0.979689 0.813722
vt 0.991005 0.280203
vt 0.301592 0.983945
vt 0.717096 0.478258
vt 0.991005 0.280203
vt 0.608690 0.843416
vt 0.991096 0.258359
vt 0.991096 0.258359
vt 0.608690 0.843416
vt 0.595851 0.834263
vt 0.595851 0.834263
vt 0.982026 0.281494
vt 0.595851 0.834263
vt 0.982026 0.281494
vt 0.838965 0.964886
vt 0.838965 0.964886
vt 0.632995 0.969744
vt 0.632995 0.969744
vt 0.838965 0.964886
vt 0.632995 0.969744
vt 0.838965 0.964886
vt 0.632995 0.969744
vt 0.608941 0.849591
vt 0.608941 0.849591
vt 0.991032 0.263448
vt 0.633375 0.979745
vt 0.633375 0.979745
vt 0.988778 0.814488
vt 0.988778 0.814488
vt 0.633375 0.979745
vt 0.674736 0.439574
vt 0.674736 0.439574
vt 0.674736 0.439574
vt 0.851998 0.990932
vt 0.674736 0.439574
vt 0.834628 0.973676
vt 0.523616 0.830957
vt 0.523616 0.830957
vt 0.712971 0.481655
vt 0.712971 0.481655
vt 0.631067 0.989056
vt 0.712971 0.481655
vt 0.724849 0.988494
vt 0.712971 0.481655
vt 0.710421 0.478039
vt 0.710421 0.478039
vt 0.991182 0.286023
vt 0.637485 0.977086
vt 0.666353 0.444964
vt 0.637485 0.977086
vt 0.666353 0.444964
vt 0.053545 0.923783
vt 0.969398 0.025487
vt 0.053545 0.923783
vt 0.053545 0.923783
vt 0.626442 0.966755
vt 0.847656 0.967565
vt 0.847656 0.967565
vt 0.700688 0.991320
vt 0.700688 0.991320
vt 0.979685 0.817988
vt 0.589005 0.838705
vt 0.982443 0.288889
vt 0.982443 0.288889
vt 0.589005 0.838705
vt 0.982443 0.288889
vt 0.589005 0.838705
vt 0.415504 0.989551
vt 0.504517 0.845616
vt 0.504517 0.845616
vt 0.966803 0.015523
vt 0.062351 0.918423
vt 0.966803 0.015523
vt 0.062351 0.918423
vt 0.966803 0.015523
vt 0.524703 0.830343
vt 0.947340 0.343658
vt 0.947340 0.343658
vt 0.620992 0.859555
vt 0.911168 0.443518
vt 0.950541 0.369023
vt 0.972569 0.227475
vt 0.620992 0.859555
vt 0.911168 0.443518
vt 0.533130 0.993271
vt 0.533130 0.993271
vt 0.662365 0.440044
vt 0.807430 0.731261
vt 0.715865 0.495883
vt 0.982360 0.265416
vt 0.982360 0.265416
vt 0.982360 0.265416
vt 0.982360 0.265416
vt 0.715865 0.495883
vt 0.982360 0.265416
vt 0.593491 0.835614
vt 0.593491 0.835614
vt 0.588961 0.837947
vt 0.588961 0.837947
vt 0.588961 0.837947
vt 0.414907 0.989021
vt 0.717202 0.486859
vt 0.717202 0.486859
vt 0.725528 0.995050
vt 0.994547 0.477385
vt 0.725528 0.995050
vt 0.565653 0.881503
vt 0.920175 0.343406
vt 0.920175 0.343406
vt 0.565653 0.881503
vt 0.637829 0.971743
vt 0.671685 0.444483
vt 0.869485 0.991638
vt 0.637829 0.971743
vt 0.638798 0.978930
vt 0.531974 0.990875
vt 0.664403 0.442268
vt 0.638798 0.978930
vt 0.638798 0.978930
vt 0.835153 0.971539
vt 0.673035 0.441727
vt 0.639346 0.970291
vt 0.835153 0.971539
vt 0.868890 0.994328
vt 0.561077 0.886545
vt 0.475713 0.935164
vt 0.475713 0.935164
vt 0.988036 0.823313
vt 0.636964 0.984853
vt 0.988036 0.823313
vt 0.636964 0.984853
vt 0.724155 0.988824
vt 0.194205 0.101204
vt 0.194205 0.101204
vt 0.804944 0.409757
vt 0.194205 0.101204
vt 0.983564 0.621955
vt 0.042404 0.935215
vt 0.961379 0.446891
vt 0.977731 0.954911
vt 0.042404 0.935215
vt 0.715839 0.489115
vt 0.994500 0.479634
vt 0.715839 0.489115
vt 0.626901 0.964834
vt 0.553912 0.891542
vt 0.626901 0.964834
vt 0.628143 0.964823
vt 0.847595 0.971202
vt 0.628143 0.964823
vt 0.092092 0.993279
vt 0.114081 0.976318
vt 0.528656 0.918631
vt 0.528656 0.918631
vt 0.528656 0.918631
vt 0.041949 0.934601
vt 0.972569 0.251778
vt 0.949874 0.396229
vt 0.972569 0.251778
vt 0.978425 0.954033
vt 0.978425 0.954033
vt 0.495629 0.851712
vt 0.495629 0.851712
vt 0.495629 0.851712
vt 0.804991 0.444162
vt 0.154945 0.100340
vt 0.154945 0.100340
vt 0.555664 0.891529
vt 0.627703 0.963499
vt 0.824943 0.988225
vt 0.511611 0.840037
vt 0.511611 0.840037
vt 0.511611 0.840037
vt 0.909280 0.054812
vt 0.909280 0.054812
vt 0.905604 0.056147
vt 0.905604 0.056147
vt 0.091112 0.993772
vt 0.528129 0.997308
vt 0.528129 0.919675
vt 0.905604 0.056147
vt 0.905604 0.056147
vt 0.927388 0.054595
vt 0.984703 0.060590
vt 0.971728 0.228103
vt 0.477246 0.920391
vt 0.840922 0.504484
vt 0.879142 0.992248
vt 0.840922 0.504484
vt 0.971728 0.228103
vt 0.818046 0.503477
vt 0.818046 0.503477
vt 0.818046 0.503477
vt 0.818046 0.503477
vt 0.980222 0.698020
vt 0.818046 0.503477
vt 0.838895 0.972847
vt 0.838895 0.972847
vt 0.115664 0.954731
vt 0.986533 0.060801
vt 0.115664 0.954731
vt 0.115664 0.954731
vt 0.481691 0.860597
vt 0.481691 0.860597
vt 0.490780 0.992922
vt 0.481691 0.860597
vt 0.490780 0.992922
vt 0.114081 0.949113
vt 0.481691 0.860597
vt 0.577000 0.070578
vt 0.577000 0.070578
vt 0.577000 0.070578
vt 0.810578 0.505723
vt 0.810578 0.505723
vt 0.996778 0.540104
vt 0.714336 0.491246
vt 0.048749 0.794939
vt 0.114208 0.964844
vt 0.985864 0.070422
vt 0.114208 0.964844
vt 0.048075 0.805845
vt 0.701693 0.498301
vt 0.996778 0.554580
vt 0.048075 0.805845
vt 0.048075 0.805845
vt 0.428705 0.097142
vt 0.993201 0.496368
vt 0.048075 0.805845
vt 0.631554 0.991656
vt 0.631554 0.991656
vt 0.725528 0.986642
vt 0.359866 0.988564
vt 0.708694 0.481208
vt 0.708694 0.481208
vt 0.630350 0.992810
vt 0.630350 0.992810
vt 0.525316 0.942850
vt 0.058125 0.799334
vt 0.058125 0.799334
vt 0.298823 0.996981
vt 0.990479 0.265250
vt 0.990479 0.265250
vt 0.607873 0.851111
vt 0.990479 0.265250
vt 0.804944 0.509890
vt 0.080841 0.100413
vt 0.804944 0.509890
vt 0.080841 0.100413
vt 0.804944 0.509890
vt 0.063866 0.917014
vt 0.966938 0.013450
vt 0.063866 0.917014
vt 0.966938 0.013450
vt 0.234044 0.749887
vt 0.460821 0.929801
vt 0.835608 0.973728
vt 0.852968 0.991609
vt 0.835608 0.973728
vt 0.835608 0.973728
vt 0.540096 0.909303
vt 0.979343 0.822973
vt 0.808033 0.922223
vt 0.979343 0.822973
vt 0.540096 0.909303
vt 0.700524 0.994760
vt 0.756396 0.499076
vt 0.501757 0.846724
vt 0.501757 0.846724
vt 0.501757 0.846724
vt 0.492330 0.993372
vt 0.932985 0.055761
vt 0.480463 0.861583
vt 0.932985 0.055761
vt 0.708003 0.477980
vt 0.990943 0.288176
vt 0.990943 0.288176
vt 0.708003 0.477980
vt 0.629359 0.963940
vt 0.824095 0.990147
vt 0.847182 0.973076
vt 0.847182 0.973076
vt 0.555752 0.892383
vt 0.984703 0.071769
vt 0.915652 0.056254
vt 0.528129 0.987262
vt 0.470222 0.935108
vt 0.531990 0.993360
vt 0.639898 0.979972
vt 0.492330 0.991304
vt 0.492330 0.991304
vt 0.930913 0.056253
vt 0.930913 0.056253
vt 0.059773 0.795966
vt 0.631770 0.993352
vt 0.297330 0.992547
vt 0.631770 0.993352
vt 0.839051 0.506867
vt 0.839051 0.506867
vt 0.839051 0.506867
vt 0.879142 0.994687
vt 0.908732 0.446080
vt 0.849211 0.542206
vt 0.793271 0.110952
vt 0.849211 0.542206
vt 0.793271 0.110952
vt 0.849211 0.542206
vt 0.849211 0.542206
vt 0.911168 0.445679
vt 0.972073 0.229398
vt 0.476497 0.919101
vt 0.114193 0.951637
vt 0.491009 0.990748
vt 0.114193 0.951637
vt 0.542696 0.910635
vt 0.807803 0.925824
vt 0.542696 0.910635
vt 0.756979 0.495373
vt 0.606576 0.852552
vt 0.606576 0.852552
vt 0.606576 0.852552
vt 0.991156 0.267260
vt 0.606576 0.852552
vt 0.991156 0.267260
vt 0.971921 0.244824
vt 0.822021 0.504385
vt 0.822021 0.504385
vt 0.971921 0.244824
vt 0.905737 0.057444
vt 0.905737 0.057444
vt 0.714754 0.935821
vt 0.905737 0.057444
vt 0.528750 0.920453
vt 0.528750 0.920453
vt 0.269778 0.515018
vt 0.897774 0.081942
vt 0.269778 0.515018
vt 0.897774 0.081942
vt 0.984803 0.065666
vt 0.922514 0.056218
vt 0.984803 0.065666
vt 0.984803 0.065666
vt 0.984803 0.065666
vt 0.114680 0.955400
vt 0.926358 0.055256
vt 0.985152 0.061818
vt 0.492049 0.987700
vt 0.985152 0.061818
vt 0.479744 0.859812
vt 0.714720 0.961653
vt 0.479744 0.859812
vt 0.932478 0.057679
vt 0.932478 0.057679
vt 0.878761 0.992696
vt 0.910419 0.444518
vt 0.476497 0.920481
vt 0.910419 0.444518
vt 0.910419 0.444518
vt 0.815042 0.505089
vt 0.977706 0.953861
vt 0.980222 0.694584
vt 0.815042 0.505089
vt 0.816675 0.504449
vt 0.972126 0.249596
vt 0.980015 0.696316
vt 0.976858 0.952326
vt 0.203333 0.128488
vt 0.203333 0.128488
vt 0.459063 0.926333
vt 0.838231 0.974170
vt 0.838231 0.974170
vt 0.838231 0.974170
vt 0.838231 0.974170
vt 0.824943 0.994377
vt 0.558086 0.894973
vt 0.558086 0.894973
vt 0.715333 0.935393
vt 0.529272 0.920039
vt 0.405543 0.986739
vt 0.529272 0.920039
vt 0.891830 0.264956
vt 0.962238 0.446291
vt 0.815003 0.506469
vt 0.815003 0.506469
vt 0.976858 0.954948
vt 0.841644 0.505860
vt 0.909714 0.443476
vt 0.547266 0.990807
vt 0.620374 0.860882
vt 0.909714 0.443476
vt 0.064052 0.101466
vt 0.806104 0.525270
vt 0.064052 0.101466
vt 0.064052 0.101466
vt 0.469898 0.933470
vt 0.532102 0.995309
vt 0.469898 0.933470
vt 0.532102 0.995309
vt 0.048584 0.797527
vt 0.048584 0.797527
vt 0.997944 0.542518
vt 0.492260 0.842215
vt 0.492260 0.842215
vt 0.492260 0.842215
vt 0.502242 0.834581
vt 0.502242 0.834581
vt 0.502242 0.834581
vt 0.159314 0.989671
vt 0.705641 0.495000
vt 0.982200 0.274161
vt 0.705641 0.495000
vt 0.967219 0.822073
vt 0.159314 0.989671
vt 0.705641 0.495000
vt 0.961379 0.445049
vt 0.892998 0.265850
vt 0.982841 0.620277
vt 0.701693 0.485567
vt 0.159202 0.979540
vt 0.701693 0.485567
vt 0.990739 0.297376
vt 0.159202 0.979540
vt 0.701693 0.485567
vt 0.990739 0.297376
vt 0.990739 0.297376
vt 0.057995 0.797032
vt 0.525598 0.946356
vt 0.631364 0.995438
vt 0.987811 0.831841
vt 0.474052 0.927654
vt 0.026718 0.992629
vt 0.480074 0.859037
vt 0.715333 0.961627
vt 0.405243 0.959582
vt 0.715333 0.961627
vt 0.405243 0.959582
vt 0.919959 0.057577
vt 0.919959 0.057577
vt 0.714573 0.949567
vt 0.714573 0.949567
vt 0.982638 0.594689
vt 0.546357 0.990708
vt 0.618986 0.861068
vt 0.892998 0.290561
vt 0.069978 0.916443
vt 0.974099 0.008465
vt 0.974099 0.008465
vt 0.974099 0.008465
vt 0.891892 0.287723
vt 0.838506 0.506352
vt 0.546357 0.993851
vt 0.838506 0.506352
vt 0.831966 0.505940
vt 0.891732 0.281510
vt 0.891732 0.281510
vt 0.963806 0.060590
vt 0.920029 0.366328
vt 0.963806 0.060590
vt 0.566749 0.902436
vt 0.566749 0.902436
vt 0.920029 0.366328
vt 0.995553 0.777763
vt 0.060517 0.115658
vt 0.060517 0.115658
vt 0.233725 0.752289
vt 0.672321 0.437218
vt 0.851998 0.993738
vt 0.464744 0.929026
vt 0.464744 0.929026
vt 0.690243 0.385652
vt 0.234044 0.753902
vt 0.464744 0.929026
vt 0.671030 0.435624
vt 0.414907 0.994980
vt 0.587203 0.843783
vt 0.587203 0.843783
vt 0.587203 0.843783
vt 0.947245 0.412986
vt 0.575828 0.856257
vt 0.575828 0.856257
vt 0.963766 0.146449
vt 0.575828 0.856257
vt 0.947245 0.412986
vt 0.963766 0.146449
vt 0.050659 0.797481
vt 0.710088 0.491203
vt 0.450618 0.991418
vt 0.847447 0.978607
vt 0.557115 0.896768
vt 0.847447 0.978607
vt 0.057246 0.798379
vt 0.525316 0.948090
vt 0.968602 0.812169
vt 0.057246 0.798379
vt 0.361062 0.992821
vt 0.066920 0.102130
vt 0.807438 0.523045
vt 0.066920 0.102130
vt 0.549398 0.909572
vt 0.979526 0.833426
vt 0.034244 0.994032
vt 0.742948 0.967626
vt 0.995023 0.652492
vt 0.846418 0.983509
vt 0.846418 0.983509
vt 0.994637 0.640902
vt 0.846418 0.983509
vt 0.846418 0.983509
vt 0.033841 0.982521
vt 0.846418 0.983509
vt 0.141645 0.101588
vt 0.807463 0.456549
vt 0.141645 0.101588
vt 0.807395 0.500080
vt 0.092542 0.101590
vt 0.092542 0.101590
vt 0.807395 0.500080
vt 0.062450 0.923976
vt 0.973415 0.019141
vt 0.973415 0.019141
vt 0.973415 0.019141
vt 0.189765 0.101408
vt 0.807568 0.413807
vt 0.189765 0.101408
vt 0.050707 0.800056
vt 0.050707 0.800056
vt 0.050707 0.800056
vt 0.050707 0.800056
vt 0.450618 0.994134
vt 0.195721 0.103709
vt 0.195721 0.103709
vt 0.532737 0.997488
vt 0.659137 0.803067
vt 0.804944 0.727838
vt 0.532737 0.997488
vt 0.518438 0.827549
vt 0.947250 0.349676
vt 0.947250 0.349676
vt 0.447199 0.355175
vt 0.447199 0.355175
vt 0.936454 0.106842
vt 0.359866 0.993334
vt 0.967219 0.812211
vt 0.967219 0.812211
vt 0.705593 0.485492
vt 0.603240 0.853972
vt 0.603240 0.853972
vt 0.990994 0.270260
vt 0.671658 0.434379
vt 0.691222 0.386974
vt 0.755216 0.430798
vt 0.671658 0.434379
vt 0.469254 0.930896
vt 0.659877 0.803562
vt 0.469254 0.930896
vt 0.469254 0.930896
vt 0.469254 0.930896
vt 0.531975 0.997974
vt 0.544916 0.911341
vt 0.808033 0.928882
vt 0.544916 0.911341
vt 0.451458 0.992814
vt 0.051376 0.798513
vt 0.708316 0.491268
vt 0.970089 0.817838
vt 0.607721 0.865576
vt 0.972720 0.594493
vt 0.026718 0.982490
vt 0.026718 0.982490
vt 0.464844 0.923217
vt 0.464844 0.923217
vt 0.838633 0.981621
vt 0.200362 0.918105
vt 0.655634 0.383434
vt 0.697944 0.392598
vt 0.715200 0.965593
vt 0.748413 0.392598
vt 0.953614 0.640418
vt 0.697944 0.392598
vt 0.200362 0.918105
vt 0.053896 0.798277
vt 0.969432 0.815364
vt 0.053896 0.798277
vt 0.053896 0.798277
vt 0.588025 0.846000
vt 0.982105 0.295675
vt 0.600368 0.855056
vt 0.600368 0.855056
vt 0.990712 0.272707
vt 0.391851 0.959571
vt 0.480013 0.842658
vt 0.546557 0.910752
vt 0.546557 0.910752
vt 0.741858 0.964645
vt 0.546557 0.910752
vt 0.597554 0.857612
vt 0.150117 0.991993
vt 0.597554 0.857612
vt 0.970712 0.621653
vt 0.054956 0.935074
vt 0.054956 0.935074
vt 0.970712 0.621653
vt 0.947084 0.366397
vt 0.500700 0.820022
vt 0.500700 0.820022
vt 0.963806 0.086789
vt 0.920180 0.412943
vt 0.079795 0.916501
vt 0.963892 0.120258
vt 0.982327 0.001244
vt 0.558599 0.901624
vt 0.558599 0.901624
vt 0.847656 0.984792
vt 0.988895 0.783414
vt 0.996449 0.640418
vt 0.549032 0.910391
vt 0.741895 0.966931
vt 0.343538 0.528461
vt 0.343538 0.528461
vt 0.804953 0.095236
vt 0.343538 0.528461
vt 0.557417 0.898845
vt 0.557417 0.898845
vt 0.847389 0.981070
vt 0.847389 0.981070
vt 0.151093 0.990719
vt 0.990367 0.275666
vt 0.151093 0.990719
vt 0.151093 0.990719
vt 0.596977 0.856418
vt 0.807744 0.654296
vt 0.759745 0.531607
vt 0.084118 0.825326
vt 0.753929 0.725112
vt 0.084118 0.825326
vt 0.753929 0.725112
vt 0.759745 0.531607
vt 0.587284 0.849461
vt 0.981832 0.299055
vt 0.587284 0.849461
vt 0.150117 0.978961
vt 0.150117 0.978961
vt 0.587284 0.849461
vt 0.587284 0.849461
vt 0.039320 0.118625
vt 0.939022 0.147478
vt 0.596509 0.870582
vt 0.962395 0.594420
vt 0.150757 0.979451
vt 0.150757 0.979451
vt 0.741858 0.968597
vt 0.549875 0.911162
vt 0.996449 0.653344
vt 0.549875 0.911162
vt 0.549875 0.911162
vt 0.988824 0.796302
vt 0.988824 0.796302
vt 0.588289 0.850974
vt 0.588289 0.850974
vt 0.384658 0.959432
vt 0.479744 0.834014
vt 0.939022 0.087968
vt 0.384658 0.959432
vt 0.479744 0.834014
vt 0.939022 0.087968
vt 0.062815 0.935215
vt 0.939022 0.121246
vt 0.982327 0.026483
vt 0.962395 0.621505
vt 0.392308 0.986575
vt 0.542160 0.920188
vt 0.542160 0.920188
vt 0.392308 0.986575
vt 0.506874 0.315385
vt 0.810598 0.168084
vt 0.506874 0.315385
vt 0.810598 0.168084
vt 0.810598 0.168084
vt 0.506874 0.315385
vt 0.053634 0.165586
vt 0.384658 0.986483
vt 0.549602 0.920278
vt 0.995553 0.802477
vt 0.939451 0.061720
vt 0.556700 0.337152
vt 0.255541 0.164749
vt 0.556700 0.337152
vt 0.556700 0.337152
vt 0.054292 0.128469
vt 0.260865 0.165140
vt 0.708220 0.319772
vt 0.260865 0.165140
vt 0.619578 0.349045
vt 0.708220 0.319772
vt 0.708220 0.319772
vt 0.953614 0.684103
vt 0.659877 0.835590
vt 0.200667 0.916785
vt 0.658122 0.390827
vt 0.699205 0.393093
vt 0.747196 0.352802
vt 0.852268 0.125367
vt 0.852268 0.125367
vt 0.714573 0.964141
vt 0.747196 0.352802
vt 0.852268 0.125367
vt 0.686127 0.108612
vt 0.001890 0.157394
vt 0.686127 0.108612
vt 0.001890 0.157394
vt 0.001890 0.157394
vt 0.635089 0.987341
vt 0.048018 0.835302
vt 0.428429 0.139644
vt 0.635089 0.987341
vt 0.717821 0.735057
vt 0.738378 0.996311
vt 0.635089 0.987341
vt 0.048775 0.989629
vt 0.738943 0.986385
vt 0.968956 0.698211
vt 0.057965 0.832420
vt 0.738943 0.986385
vt 0.385132 0.578872
vt 0.436652 0.334152
vt 0.385132 0.578872
vt 0.436652 0.334152
vt 0.385132 0.578872
vt 0.382170 0.616183
vt 0.565710 0.144620
vt 0.382170 0.616183
vt 0.565710 0.144620
vt 0.565710 0.144620
vt 0.431193 0.897697
vt 0.431193 0.897697
vt 0.431193 0.897697
vt 0.969204 0.727852
vt 0.431193 0.897697
vt 0.599917 0.982336
vt 0.525641 0.779720
vt 0.525641 0.779720
vt 0.575828 0.982349
vt 0.969204 0.700713
vt 0.447670 0.880736
vt 0.447670 0.880736
vt 0.447670 0.880736
vt 0.599917 0.958689
vt 0.908481 0.545192
vt 0.208137 0.824098
vt 0.925275 0.976625
vt 0.968994 0.742602
vt 0.593262 0.873070
vt 0.593262 0.873070
vt 0.908481 0.593103
vt 0.593262 0.873070
vt 0.908481 0.593103
vt 0.949319 0.952358
vt 0.949319 0.977140
vt 0.575828 0.890678
vt 0.968856 0.769579
vt 0.920455 0.545298
vt 0.589334 0.958490
vt 0.920455 0.545298
vt 0.188048 0.810919
vt 0.188048 0.810919
vt 0.925103 0.952605
vt 0.935590 0.592819
vt 0.935636 0.545293
vt 0.505466 0.766390
vt 0.575853 0.958175
vt 0.505466 0.766390
vt 0.182209 0.813362
vt 0.182209 0.813362
vt 0.935598 0.597989
vt 0.233605 0.804498
vt 0.503994 0.779121
vt 0.503994 0.779121
vt 0.503994 0.779121
vt 0.836451 0.994950
vt 0.431193 0.920537
vt 0.814608 0.563561
vt 0.945950 0.728039
vt 0.997035 0.491948
vt 0.585862 0.891981
vt 0.892259 0.984429
vt 0.585862 0.891981
vt 0.892259 0.984429
vt 0.585862 0.891981
vt 0.186898 0.826399
vt 0.186898 0.826399
vt 0.186898 0.826399
vt 0.186898 0.826399
vt 0.442009 0.901461
vt 0.442009 0.901461
vt 0.442009 0.901461
vt 0.513546 0.783703
vt 0.513546 0.783703
vt 0.888738 0.939912
vt 0.495707 0.770414
vt 0.935666 0.553926
vt 0.495707 0.770414
vt 0.596283 0.882535
vt 0.596283 0.882535
vt 0.892259 0.970314
vt 0.993648 0.404982
vt 0.993648 0.404982
vt 0.513693 0.786635
vt 0.888580 0.942297
vt 0.888580 0.942297
vt 0.888580 0.942297
vt 0.450746 0.894415
vt 0.450746 0.894415
vt 0.208137 0.851576
vt 0.454689 0.992358
vt 0.572234 0.890528
vt 0.945643 0.742602
vt 0.208137 0.851576
vt 0.920050 0.941698
vt 0.932786 0.115321
vt 0.945643 0.742602
vt 0.195288 0.831589
vt 0.195288 0.831589
vt 0.195288 0.831589
vt 0.908527 0.608414
vt 0.607538 0.873866
vt 0.607538 0.873866
vt 0.908527 0.608414
vt 0.946355 0.700989
vt 0.253392 0.996611
vt 0.525641 0.806685
vt 0.984773 0.691395
vt 0.525641 0.806685
vt 0.946355 0.700989
vt 0.984773 0.691395
vt 0.259739 0.543879
vt 0.259739 0.543879
vt 0.423483 0.573690
vt 0.259739 0.543879
vt 0.423483 0.573690
vt 0.576197 0.911590
vt 0.576197 0.911590
vt 0.946896 0.769947
vt 0.576197 0.911590
vt 0.921168 0.965429
vt 0.576197 0.911590
vt 0.194199 0.841258
vt 0.194199 0.841258
vt 0.194199 0.841258
vt 0.572234 0.873109
vt 0.974518 0.446975
vt 0.060393 0.836008
vt 0.968956 0.694584
vt 0.163683 0.821861
vt 0.163683 0.821861
vt 0.935738 0.615021
vt 0.935738 0.615021
vt 0.935738 0.615021
vt 0.462382 0.881165
vt 0.462382 0.881165
vt 0.908549 0.560661
vt 0.051263 0.989629
vt 0.993746 0.412334
vt 0.601337 0.884608
vt 0.601337 0.884608
vt 0.993746 0.412334
vt 0.737702 0.993508
vt 0.050742 0.832703
vt 0.737702 0.993508
vt 0.737702 0.993508
vt 0.586985 0.901935
vt 0.897317 0.989983
vt 0.586985 0.901935
vt 0.897317 0.989983
vt 0.893018 0.979939
vt 0.893018 0.979939
vt 0.431261 0.911404
vt 0.431261 0.911404
vt 0.955212 0.727931
vt 0.832094 0.563582
vt 0.832094 0.563582
vt 0.997035 0.476446
vt 0.169202 0.993439
vt 0.997035 0.476446
vt 0.513496 0.785408
vt 0.327659 0.994755
vt 0.513496 0.785408
vt 0.888244 0.941326
vt 0.893442 0.983598
vt 0.893442 0.983598
vt 0.893442 0.983598
vt 0.986676 0.207968
vt 0.986676 0.207968
vt 0.481045 0.777140
vt 0.481045 0.777140
vt 0.935736 0.567474
vt 0.481045 0.777140
vt 0.935736 0.567474
vt 0.481045 0.777140
vt 0.234123 0.804834
vt 0.327659 0.983591
vt 0.331766 0.970589
vt 0.503982 0.779570
vt 0.234022 0.722096
vt 0.902176 0.982402
vt 0.902176 0.982402
vt 0.995484 0.209869
vt 0.902176 0.982402
vt 0.902176 0.982402
vt 0.879349 0.943400
vt 0.320771 0.993781
vt 0.078680 0.981494
vt 0.320771 0.993781
vt 0.078680 0.981494
vt 0.078680 0.981494
vt 0.879349 0.943400
vt 0.269748 0.539358
vt 0.897791 0.117249
vt 0.269748 0.539358
vt 0.993809 0.406221
vt 0.596930 0.883237
vt 0.051263 0.993516
vt 0.749777 0.501460
vt 0.901134 0.972942
vt 0.984800 0.407183
vt 0.289478 0.986644
vt 0.901134 0.972942
vt 0.993516 0.409851
vt 0.993516 0.409851
vt 0.052028 0.991553
vt 0.320984 0.984105
vt 0.340014 0.972131
vt 0.078559 0.971789
vt 0.078559 0.971789
vt 0.790208 0.138036
vt 0.849302 0.569608
vt 0.849302 0.569608
vt 0.849302 0.569608
vt 0.456344 0.895016
vt 0.460794 0.963309
vt 0.169593 0.989351
vt 0.254202 0.991738
vt 0.836191 0.563274
vt 0.984773 0.696865
vt 0.254202 0.991738
vt 0.204478 0.157210
vt 0.494192 0.784127
vt 0.234022 0.711298
vt 0.233605 0.813988
vt 0.331215 0.979742
vt 0.494192 0.784127
vt 0.288028 0.991953
vt 0.288028 0.991953
vt 0.906128 0.974159
vt 0.888738 0.947722
vt 0.513967 0.793196
vt 0.888738 0.947722
vt 0.513695 0.791007
vt 0.199239 0.951051
vt 0.906386 0.979616
vt 0.199239 0.951051
vt 0.906386 0.979616
vt 0.074006 0.973725
vt 0.047886 0.990551
vt 0.074006 0.973725
vt 0.740074 0.987266
vt 0.074006 0.973725
vt 0.186252 0.835000
vt 0.186252 0.835000
vt 0.186252 0.835000
vt 0.186252 0.835000
vt 0.659877 0.806050
vt 0.938287 0.670443
vt 0.200667 0.951923
vt 0.200667 0.951923
vt 0.575828 0.912872
vt 0.920050 0.965818
vt 0.905470 0.115085
vt 0.905470 0.115085
vt 0.905470 0.115085
vt 0.208043 0.845912
vt 0.569445 0.886791
vt 0.208043 0.845912
vt 0.513007 0.795083
vt 0.887929 0.949749
vt 0.513007 0.795083
vt 0.340256 0.980353
vt 0.340256 0.980353
vt 0.070004 0.967639
vt 0.340256 0.980353
vt 0.340256 0.980353
vt 0.070004 0.967639
vt 0.340256 0.980353
vt 0.070004 0.967639
vt 0.070004 0.967639
vt 0.908563 0.567032
vt 0.908563 0.567032
vt 0.468324 0.881445
vt 0.198253 0.945638
vt 0.198253 0.945638
vt 0.287474 0.992130
vt 0.198253 0.945638
vt 0.906623 0.974109
vt 0.198253 0.945638
vt 0.074429 0.978635
vt 0.074429 0.978635
vt 0.739147 0.992106
vt 0.193325 0.944442
vt 0.289478 0.996295
vt 0.163600 0.989351
vt 0.193325 0.944442
vt 0.289478 0.996295
vt 0.593150 0.883578
vt 0.753909 0.495373
vt 0.593150 0.883578
vt 0.459063 0.973183
vt 0.459063 0.973183
vt 0.451716 0.904401
vt 0.459063 0.973183
vt 0.636578 0.987641
vt 0.071618 0.981687
vt 0.740074 0.995128
vt 0.071618 0.981687
vt 0.071618 0.981687
vt 0.073403 0.980384
vt 0.739398 0.993837
vt 0.739398 0.993837
vt 0.073403 0.980384
vt 0.604111 0.885358
vt 0.604111 0.885358
vt 0.908588 0.614628
vt 0.908588 0.614628
vt 0.613398 0.874167
vt 0.908588 0.614628
vt 0.233725 0.713037
vt 0.331357 0.978424
vt 0.331357 0.978424
vt 0.187508 0.836387
vt 0.187508 0.836387
vt 0.187508 0.836387
vt 0.974518 0.445049
vt 0.048775 0.993288
vt 0.071025 0.972514
vt 0.071025 0.972514
vt 0.970118 0.695990
vt 0.193713 0.943176
vt 0.193713 0.943176
vt 0.193713 0.943176
vt 0.193713 0.943176
vt 0.714573 0.989569
vt 0.193713 0.943176
vt 0.443640 0.908849
vt 0.461538 0.982031
vt 0.443640 0.908849
vt 0.879924 0.952040
vt 0.879924 0.952040
vt 0.070520 0.987202
vt 0.879924 0.952040
vt 0.070520 0.987202
vt 0.748413 0.495373
vt 0.597556 0.881875
vt 0.984930 0.415167
vt 0.163725 0.827508
vt 0.163725 0.827508
vt 0.935704 0.619839
vt 0.163725 0.827508
vt 0.163725 0.827508
vt 0.935704 0.619839
vt 0.986581 0.216015
vt 0.587193 0.899491
vt 0.986581 0.216015
vt 0.896957 0.988188
vt 0.196116 0.953991
vt 0.585733 0.890072
vt 0.658670 0.810785
vt 0.908084 0.981858
vt 0.710719 0.344171
vt 0.584322 0.896156
vt 0.995174 0.218383
vt 0.995174 0.218383
vt 0.905706 0.987262
vt 0.584322 0.896156
vt 0.432744 0.920486
vt 0.432744 0.920486
vt 0.039053 0.901371
vt 0.159310 0.976473
vt 0.432744 0.920486
vt 0.834628 0.995238
vt 0.253392 0.987480
vt 0.169828 0.994268
vt 0.253392 0.987480
vt 0.946561 0.711370
vt 0.997823 0.476871
vt 0.997978 0.484903
vt 0.946541 0.720411
vt 0.997978 0.484903
vt 0.177875 0.831502
vt 0.177875 0.831502
vt 0.177875 0.831502
vt 0.453932 0.902244
vt 0.459109 0.970088
vt 0.512637 0.797791
vt 0.888009 0.952253
vt 0.888009 0.952253
vt 0.986046 0.219717
vt 0.588324 0.902620
vt 0.986046 0.219717
vt 0.588324 0.902620
vt 0.169828 0.992718
vt 0.254110 0.988884
vt 0.169828 0.992718
vt 0.840328 0.988454
vt 0.840619 0.565007
vt 0.840328 0.988454
vt 0.982934 0.692480
vt 0.840328 0.988454
vt 0.840619 0.565007
vt 0.798719 0.150065
vt 0.343582 0.583973
vt 0.798719 0.150065
vt 0.343582 0.583973
vt 0.069833 0.971667
vt 0.069833 0.971667
vt 0.974035 0.446074
vt 0.059503 0.835009
vt 0.453946 0.994205
vt 0.930906 0.114686
vt 0.804944 0.815443
vt 0.208018 0.852914
vt 0.453946 0.991418
vt 0.804944 0.815443
vt 0.933019 0.116503
vt 0.933019 0.116503
vt 0.810632 0.622489
vt 0.810632 0.622489
vt 0.997972 0.219701
vt 0.575659 0.151075
vt 0.810632 0.622489
vt 0.810632 0.622489
vt 0.511284 0.799362
vt 0.511284 0.799362
vt 0.888731 0.954403
vt 0.253998 0.957704
vt 0.206237 0.852451
vt 0.206237 0.852451
vt 0.806529 0.815097
vt 0.159082 0.948982
vt 0.523306 0.807992
vt 0.838939 0.987280
vt 0.523306 0.807992
vt 0.838939 0.987280
vt 0.636569 0.989668
vt 0.069651 0.982386
vt 0.636569 0.989668
vt 0.048804 0.835728
vt 0.069651 0.982386
vt 0.993658 0.416698
vt 0.993658 0.416698
vt 0.993658 0.416698
vt 0.603844 0.886174
vt 0.993658 0.416698
vt 0.176315 0.840475
vt 0.176315 0.840475
vt 0.635831 0.990729
vt 0.635831 0.990729
vt 0.066757 0.973376
vt 0.057944 0.837158
vt 0.066757 0.973376
vt 0.057944 0.837158
vt 0.066757 0.973376
vt 0.511420 0.798521
vt 0.888049 0.953538
vt 0.589069 0.891680
vt 0.711784 0.339095
vt 0.711784 0.339095
vt 0.589069 0.891680
vt 0.988826 0.697821
vt 0.254189 0.984824
vt 0.805698 0.789076
vt 0.905807 0.116413
vt 0.576905 0.913437
vt 0.493414 0.787347
vt 0.331295 0.982891
vt 0.908570 0.573149
vt 0.468713 0.887051
vt 0.908570 0.573149
vt 0.904020 0.116955
vt 0.904020 0.116955
vt 0.804944 0.787254
vt 0.904020 0.116955
vt 0.804944 0.787254
vt 0.904020 0.116955
vt 0.442210 0.984418
vt 0.598984 0.889258
vt 0.985158 0.424193
vt 0.598984 0.889258
vt 0.985158 0.424193
vt 0.057406 0.839506
vt 0.057406 0.839506
vt 0.057406 0.839506
vt 0.804944 0.686904
vt 0.057406 0.839506
vt 0.057406 0.839506
vt 0.524420 0.808332
vt 0.839952 0.987480
vt 0.982715 0.691457
vt 0.190984 0.946119
vt 0.593435 0.885750
vt 0.162919 0.991904
vt 0.190984 0.946119
vt 0.458305 0.902646
vt 0.465132 0.966995
vt 0.458305 0.902646
vt 0.465132 0.966995
vt 0.465132 0.966995
vt 0.594948 0.887536
vt 0.594948 0.887536
vt 0.163600 0.994256
vt 0.594948 0.887536
vt 0.247590 0.984992
vt 0.583384 0.913032
vt 0.583384 0.913032
vt 0.908481 0.584311
vt 0.469417 0.897184
vt 0.469417 0.897184
vt 0.908481 0.584311
vt 0.441128 0.920729
vt 0.150677 0.976165
vt 0.150677 0.976165
vt 0.441128 0.920729
vt 0.921218 0.116468
vt 0.805172 0.804014
vt 0.805172 0.804014
vt 0.253763 0.971258
vt 0.806133 0.801999
vt 0.253763 0.971258
vt 0.806133 0.801999
vt 0.836550 0.565169
vt 0.839903 0.992405
vt 0.836550 0.565169
vt 0.839903 0.992405
vt 0.039053 0.919149
vt 0.832424 0.564595
vt 0.160024 0.958405
vt 0.838939 0.996178
vt 0.158920 0.951831
vt 0.839266 0.990109
vt 0.050179 0.838931
vt 0.635336 0.993160
vt 0.050179 0.838931
vt 0.635336 0.993160
vt 0.635336 0.993160
vt 0.713043 0.337392
vt 0.987261 0.696682
vt 0.713043 0.337392
vt 0.987261 0.696682
vt 0.658122 0.426360
vt 0.805610 0.810522
vt 0.254189 0.962572
vt 0.254189 0.962572
vt 0.805610 0.810522
vt 0.254189 0.962572
vt 0.254189 0.962572
vt 0.254189 0.962572
vt 0.822315 0.565216
vt 0.038479 0.909223
vt 0.822315 0.565216
vt 0.834628 0.987279
vt 0.050715 0.837781
vt 0.066515 0.980630
vt 0.949874 0.398717
vt 0.502095 0.803792
vt 0.502095 0.803792
vt 0.888605 0.963141
vt 0.949874 0.398717
vt 0.502095 0.803792
vt 0.451426 0.910726
vt 0.466437 0.977510
vt 0.451426 0.910726
vt 0.466437 0.977510
vt 0.466437 0.977510
vt 0.186197 0.845289
vt 0.186197 0.845289
vt 0.659528 0.421201
vt 0.988070 0.691395
vt 0.188891 0.947081
vt 0.188891 0.947081
vt 0.065320 0.974665
vt 0.056727 0.838202
vt 0.056727 0.838202
vt 0.065320 0.974665
vt 0.061420 0.972103
vt 0.061420 0.972103
vt 0.340256 0.989301
vt 0.961680 0.408196
vt 0.061420 0.972103
vt 0.961680 0.408196
vt 0.961680 0.408196
vt 0.340256 0.989301
vt 0.340256 0.989301
vt 0.233725 0.734901
vt 0.593692 0.903704
vt 0.986093 0.226237
vt 0.593692 0.903704
vt 0.155221 0.949144
vt 0.519373 0.810008
vt 0.605080 0.893704
vt 0.448130 0.989613
vt 0.605080 0.893704
vt 0.605080 0.893704
vt 0.993809 0.425762
vt 0.491621 0.793205
vt 0.330841 0.988881
vt 0.491621 0.793205
vt 0.491621 0.793205
vt 0.614187 0.883801
vt 0.908496 0.625444
vt 0.908496 0.625444
vt 0.614187 0.883801
vt 0.614187 0.883801
vt 0.445914 0.293710
vt 0.936487 0.168665
vt 0.061420 0.982394
vt 0.879713 0.960839
vt 0.951499 0.407843
vt 0.061420 0.982394
vt 0.951499 0.407843
vt 0.193277 0.858092
vt 0.242207 0.957707
vt 0.592102 0.896878
vt 0.592102 0.896878
vt 0.233725 0.724584
vt 0.592102 0.896878
vt 0.558516 0.995314
vt 0.592102 0.896878
vt 0.995484 0.227234
vt 0.189604 0.947576
vt 0.988826 0.691934
vt 0.593345 0.887424
vt 0.593345 0.887424
vt 0.988826 0.691934
vt 0.492483 0.794101
vt 0.331348 0.989136
vt 0.331348 0.989136
vt 0.331348 0.989136
vt 0.052045 0.838601
vt 0.065251 0.979363
vt 0.955061 0.412110
vt 0.065251 0.979363
vt 0.480370 0.791362
vt 0.935670 0.579969
vt 0.480370 0.791362
vt 0.590690 0.890545
vt 0.590690 0.890545
vt 0.590690 0.890545
vt 0.590690 0.890545
vt 0.988752 0.695994
vt 0.988752 0.695994
vt 0.050745 0.840311
vt 0.720544 0.740069
vt 0.807744 0.693003
vt 0.635089 0.994980
vt 0.050745 0.840311
vt 0.720544 0.740069
vt 0.505034 0.801571
vt 0.887850 0.959573
vt 0.887850 0.959573
vt 0.505034 0.801571
vt 0.887850 0.959573
vt 0.606051 0.893776
vt 0.606051 0.893776
vt 0.558516 0.985907
vt 0.234063 0.734678
vt 0.594081 0.903473
vt 0.555629 0.987382
vt 0.596887 0.902429
vt 0.596887 0.902429
vt 0.332299 0.990769
vt 0.962122 0.400101
vt 0.332299 0.990769
vt 0.717846 0.777172
vt 0.717846 0.777172
vt 0.717846 0.777172
vt 0.428342 0.200740
vt 0.717846 0.777172
vt 0.111471 0.865918
vt 0.614925 0.895082
vt 0.614925 0.895082
vt 0.649325 0.963499
vt 0.908481 0.637824
vt 0.331008 0.991255
vt 0.491927 0.796202
vt 0.491927 0.796202
vt 0.962434 0.398717
vt 0.491927 0.796202
vt 0.445933 0.987890
vt 0.990745 0.425195
vt 0.556146 0.986216
vt 0.596513 0.903310
vt 0.442210 0.996431
vt 0.599810 0.901036
vt 0.442210 0.996431
vt 0.599810 0.901036
vt 0.599810 0.901036
vt 0.599810 0.901036
vt 0.598077 0.903952
vt 0.598077 0.903952
vt 0.553919 0.986440
vt 0.598077 0.903952
vt 0.598077 0.903952
vt 0.642575 0.982080
vt 0.856669 0.001244
vt 0.897829 0.160908
vt 0.269797 0.569465
vt 0.625722 0.820565
vt 0.856669 0.001244
vt 0.897829 0.160908
vt 0.995155 0.301543
vt 0.897829 0.160908
vt 0.984354 0.401043
vt 0.897829 0.160908
vt 0.495018 0.798380
vt 0.958708 0.399048
vt 0.495018 0.798380
vt 0.469756 0.902707
vt 0.876861 0.939912
vt 0.876861 0.939912
vt 0.908525 0.590253
vt 0.474652 0.958415
vt 0.493574 0.798933
vt 0.493574 0.798933
vt 0.493574 0.798933
vt 0.493574 0.798933
vt 0.591411 0.913265
vt 0.239209 0.984690
vt 0.591411 0.913265
vt 0.086606 0.892818
vt 0.183300 0.861944
vt 0.233545 0.957724
vt 0.183300 0.861944
vt 0.852609 0.940495
vt 0.452816 0.920607
vt 0.138810 0.976019
vt 0.474652 0.983036
vt 0.110836 0.892037
vt 0.162919 0.848099
vt 0.935431 0.637930
vt 0.110836 0.892037
vt 0.935431 0.637930
vt 0.086606 0.866867
vt 0.232961 0.984489
vt 0.232961 0.984489
vt 0.649325 0.988731
vt 0.597466 0.913340
vt 0.479744 0.803107
vt 0.935548 0.590331
vt 0.876861 0.966047
vt 0.851998 0.966657
vt 0.138598 0.948982
vt 0.851998 0.966657
vt 0.500475 0.817534
vt 0.138598 0.948982
vt 0.500475 0.817534
vt 0.225299 0.230342
vt 0.225299 0.230342
vt 0.225299 0.230342
vt 0.849286 0.606750
vt 0.849286 0.606750
vt 0.785952 0.174724
vt 0.849286 0.606750
vt 0.849286 0.606750
vt 0.849286 0.606750
vt 0.849286 0.606750
vt 0.259836 0.567523
vt 0.259836 0.567523
vt 0.423597 0.608113
vt 0.259836 0.567523
vt 0.755308 0.799361
vt 0.760978 0.640719
vt 0.760978 0.640719
vt 0.385154 0.664684
vt 0.434942 0.248857
vt 0.434942 0.248857
vt 0.935704 0.449713
vt 0.285220 0.760002
vt 0.935704 0.449713
vt 0.259739 0.952310
vt 0.285220 0.760002
vt 0.285220 0.760002
vt 0.908482 0.449598
vt 0.283873 0.953047
vt 0.827825 0.873153
vt 0.810570 0.889946
vt 0.810570 0.889946
vt 0.024230 0.972075
vt 0.283928 0.977127
vt 0.810570 0.889946
vt 0.283928 0.977127
vt 0.024230 0.944792
vt 0.305711 0.773558
vt 0.024230 0.944792
vt 0.259739 0.976872
vt 0.305711 0.773558
vt 0.305711 0.773558
vt 0.806979 0.948745
vt 0.573340 0.779511
vt 0.573340 0.779511
vt 0.573340 0.779511
vt 0.806979 0.948745
vt 0.301504 0.981048
vt 0.232391 0.864463
vt 0.232391 0.864463
vt 0.553185 0.766390
vt 0.301516 0.957009
vt 0.553185 0.766390
vt 0.232391 0.864463
vt 0.301516 0.957009
vt 0.553185 0.766390
vt 0.325578 0.981103
vt 0.806979 0.975928
vt 0.325578 0.981103
vt 0.623791 0.803896
vt 0.205295 0.864432
vt 0.624286 0.779564
vt 0.325578 0.956759
vt 0.510281 0.994853
vt 0.633438 0.785630
vt 0.742752 0.986549
vt 0.919484 0.970314
vt 0.742752 0.986549
vt 0.284101 0.773031
vt 0.233575 0.843239
vt 0.284101 0.773031
vt 0.284101 0.773031
vt 0.830427 0.885743
vt 0.830427 0.885743
vt 0.830427 0.885743
vt 0.830427 0.885743
vt 0.634063 0.814438
vt 0.791707 0.976005
vt 0.634063 0.814438
vt 0.791707 0.976005
vt 0.634063 0.814438
vt 0.205370 0.875160
vt 0.631942 0.772810
vt 0.631942 0.772810
vt 0.810717 0.902096
vt 0.011519 0.972046
vt 0.011519 0.972046
vt 0.810717 0.902096
vt 0.835935 0.873491
vt 0.908577 0.457958
vt 0.908577 0.457958
vt 0.835935 0.873491
vt 0.294174 0.779680
vt 0.294174 0.779680
vt 0.294174 0.779680
vt 0.822239 0.894266
vt 0.822239 0.894266
vt 0.822239 0.894266
vt 0.981612 0.567239
vt 0.427587 0.989021
vt 0.633082 0.798291
vt 0.755004 0.989776
vt 0.559780 0.787518
vt 0.559780 0.787518
vt 0.575387 0.163991
vt 0.575387 0.163991
vt 0.575387 0.163991
vt 0.810570 0.641297
vt 0.810570 0.641297
vt 0.929268 0.897455
vt 0.638936 0.819163
vt 0.638936 0.819163
vt 0.784484 0.976026
vt 0.428626 0.847817
vt 0.905520 0.171933
vt 0.232399 0.871020
vt 0.232399 0.871020
vt 0.545600 0.769391
vt 0.543686 0.784781
vt 0.543686 0.784781
vt 0.543686 0.784781
vt 0.543686 0.784781
vt 0.233575 0.852728
vt 0.273542 0.777516
vt 0.273542 0.777516
vt 0.273542 0.777516
vt 0.550923 0.780192
vt 0.550923 0.780192
vt 0.082406 0.211118
vt 0.976780 0.860662
vt 0.426947 0.830585
vt 0.924957 0.171896
vt 0.924957 0.171896
vt 0.009017 0.944977
vt 0.305528 0.791393
vt 0.305528 0.791393
vt 0.305528 0.791393
vt 0.305528 0.791393
vt 0.293681 0.784179
vt 0.293681 0.784179
vt 0.188794 0.982070
vt 0.823970 0.900997
vt 0.823970 0.900997
vt 0.268369 0.767275
vt 0.935705 0.464904
vt 0.205462 0.885656
vt 0.205462 0.885656
vt 0.639440 0.766391
vt 0.639440 0.766391
vt 0.205462 0.885656
vt 0.293999 0.783174
vt 0.293999 0.783174
vt 0.509620 0.990966
vt 0.637445 0.782727
vt 0.509620 0.990966
vt 0.637445 0.782727
vt 0.754453 0.988295
vt 0.982737 0.567817
vt 0.982737 0.567817
vt 0.754453 0.988295
vt 0.754453 0.988295
vt 0.292861 0.779700
vt 0.994814 0.322194
vt 0.292861 0.779700
vt 0.437880 0.995548
vt 0.437880 0.984418
vt 0.988289 0.735174
vt 0.283524 0.773634
vt 0.234141 0.843987
vt 0.283524 0.773634
vt 0.437880 0.984418
vt 0.988289 0.735174
vt 0.283524 0.773634
vt 0.836834 0.886960
vt 0.836834 0.886960
vt 0.836834 0.886960
vt 0.188365 0.963121
vt 0.836834 0.886960
vt 0.918080 0.971230
vt 0.918080 0.971230
vt 0.743828 0.985125
vt 0.918080 0.971230
vt 0.743828 0.985125
vt 0.981847 0.569481
vt 0.428275 0.990264
vt 0.510751 0.993458
vt 0.919273 0.972696
vt 0.919273 0.972696
vt 0.510751 0.993458
vt 0.293116 0.781179
vt 0.293116 0.781179
vt 0.994953 0.323322
vt 0.293116 0.781179
vt 0.994953 0.323322
vt 0.746232 0.978235
vt 0.910572 0.972623
vt 0.746232 0.978235
vt 0.746232 0.978235
vt 0.225693 0.746905
vt 0.755999 0.980626
vt 0.994210 0.686024
vt 0.755999 0.980626
vt 0.755999 0.980626
vt 0.990448 0.569878
vt 0.981834 0.571527
vt 0.428555 0.991575
vt 0.042097 0.989629
vt 0.428555 0.991575
vt 0.635850 0.800250
vt 0.981834 0.571527
vt 0.981834 0.571527
vt 0.838219 0.620526
vt 0.997269 0.449598
vt 0.646691 0.994193
vt 0.001594 0.948548
vt 0.838219 0.620526
vt 0.214340 0.997577
vt 0.985507 0.021106
vt 0.431524 0.995053
vt 0.986812 0.323763
vt 0.431524 0.995053
vt 0.730641 0.986642
vt 0.985507 0.021106
vt 0.986812 0.323763
vt 0.919232 0.974999
vt 0.510656 0.991739
vt 0.919232 0.974999
vt 0.919232 0.974999
vt 0.573138 0.804890
vt 0.428626 0.823391
vt 0.573138 0.804890
vt 0.976780 0.852873
vt 0.976780 0.852873
vt 0.428626 0.823391
vt 0.573138 0.804890
vt 0.785241 0.948841
vt 0.996625 0.736617
vt 0.994282 0.016372
vt 0.431193 0.985088
vt 0.994282 0.016372
vt 0.996625 0.736617
vt 0.833016 0.895959
vt 0.186501 0.972042
vt 0.833016 0.895959
vt 0.550535 0.789850
vt 0.550535 0.789850
vt 0.550535 0.789850
vt 0.550535 0.789850
vt 0.528991 0.776874
vt 0.232638 0.886135
vt 0.232638 0.886135
vt 0.395898 0.989227
vt 0.220673 0.997333
vt 0.989944 0.578648
vt 0.225693 0.752967
vt 0.989944 0.578648
vt 0.989944 0.578648
vt 0.966173 0.852873
vt 0.994705 0.886756
vt 0.172316 0.994036
vt 0.497883 0.987881
vt 0.715030 0.280418
vt 0.497883 0.987881
vt 0.966173 0.852873
vt 0.001244 0.967235
vt 0.997269 0.466328
vt 0.391524 0.989227
vt 0.819532 0.620856
vt 0.819532 0.620856
vt 0.810878 0.911552
vt 0.810878 0.911552
vt 0.001250 0.972332
vt 0.392285 0.993724
vt 0.810878 0.911552
vt 0.392285 0.993724
vt 0.810878 0.911552
vt 0.218711 0.977700
vt 0.218711 0.977700
vt 0.742752 0.973297
vt 0.910572 0.980665
vt 0.742752 0.973297
vt 0.260948 0.773379
vt 0.260948 0.773379
vt 0.935726 0.474064
vt 0.260948 0.773379
vt 0.935726 0.474064
vt 0.981117 0.410979
vt 0.708837 0.289753
vt 0.958891 0.446431
vt 0.996604 0.691540
vt 0.996604 0.691540
vt 0.708837 0.289753
vt 0.994705 0.894718
vt 0.293125 0.788566
vt 0.995146 0.329592
vt 0.293125 0.788566
vt 0.293125 0.788566
vt 0.637488 0.802872
vt 0.427587 0.993919
vt 0.637488 0.802872
vt 0.637488 0.802872
vt 0.278190 0.776276
vt 0.987921 0.740322
vt 0.472714 0.920604
vt 0.509353 0.988559
vt 0.639510 0.781009
vt 0.919779 0.978683
vt 0.639510 0.781009
vt 0.094580 0.993519
vt 0.990228 0.013043
vt 0.990228 0.013043
vt 0.990228 0.013043
vt 0.750326 0.974135
vt 0.962802 0.857559
vt 0.750326 0.974135
vt 0.962802 0.857559
vt 0.957755 0.445049
vt 0.754533 0.975340
vt 0.966173 0.860338
vt 0.992853 0.893728
vt 0.274139 0.778810
vt 0.988400 0.744593
vt 0.988400 0.744593
vt 0.488292 0.987701
vt 0.094580 0.990890
vt 0.991291 0.009730
vt 0.488292 0.987701
vt 0.849321 0.633972
vt 0.849321 0.633972
vt 0.782905 0.201624
vt 0.849321 0.633972
vt 0.849321 0.633972
vt 0.849321 0.633972
vt 0.935747 0.471354
vt 0.261328 0.770440
vt 0.935747 0.471354
vt 0.935747 0.471354
vt 0.935747 0.471354
vt 0.551701 0.791923
vt 0.551701 0.791923
vt 0.551701 0.791923
vt 0.985496 0.015853
vt 0.728204 0.991518
vt 0.985496 0.015853
vt 0.997972 0.207968
vt 0.822494 0.619867
vt 0.260757 0.200684
vt 0.260757 0.200684
vt 0.706431 0.284474
vt 0.994543 0.696611
vt 0.706431 0.284474
vt 0.706431 0.284474
vt 0.561334 0.797727
vt 0.561334 0.797727
vt 0.186303 0.974622
vt 0.830652 0.897180
vt 0.256755 0.988324
vt 0.638250 0.802638
vt 0.041583 0.992091
vt 0.510592 0.989134
vt 0.919154 0.978583
vt 0.305135 0.800252
vt 0.646691 0.991219
vt 0.001298 0.945049
vt 0.305135 0.800252
vt 0.305135 0.800252
vt 0.962198 0.856071
vt 0.749067 0.973227
vt 0.749067 0.973227
vt 0.962198 0.856071
vt 0.957755 0.446977
vt 0.995220 0.692085
vt 0.995220 0.692085
vt 0.755931 0.975021
vt 0.981576 0.417621
vt 0.181333 0.217825
vt 0.981576 0.417621
vt 0.981576 0.417621
vt 0.293240 0.790765
vt 0.995310 0.331410
vt 0.293240 0.790765
vt 0.995310 0.331410
vt 0.293240 0.790765
vt 0.981765 0.578379
vt 0.042097 0.994224
vt 0.101285 0.994054
vt 0.257250 0.991883
vt 0.703176 0.987580
vt 0.713321 0.232630
vt 0.713321 0.232630
vt 0.713321 0.232630
vt 0.102275 0.993008
vt 0.641968 0.804469
vt 0.256755 0.993318
vt 0.641968 0.804469
vt 0.981146 0.579765
vt 0.034722 0.225437
vt 0.641109 0.819405
vt 0.427957 0.878122
vt 0.428555 0.986533
vt 0.641109 0.819405
vt 0.641109 0.819405
vt 0.975037 0.387906
vt 0.995155 0.317624
vt 0.428555 0.986533
vt 0.428555 0.986533
vt 0.641109 0.819405
vt 0.848420 0.874390
vt 0.848420 0.874390
vt 0.908515 0.471442
vt 0.908515 0.471442
vt 0.472714 0.919101
vt 0.640337 0.779720
vt 0.640337 0.779720
vt 0.918838 0.980530
vt 0.918838 0.980530
vt 0.510751 0.987571
vt 0.918838 0.980530
vt 0.395898 0.993256
vt 0.707925 0.286178
vt 0.231237 0.750313
vt 0.356318 0.988564
vt 0.994210 0.694344
vt 0.216828 0.992130
vt 0.994210 0.694344
vt 0.994210 0.694344
vt 0.205295 0.992605
vt 0.205295 0.992605
vt 0.986984 0.332782
vt 0.486895 0.989204
vt 0.486895 0.989204
vt 0.990845 0.008805
vt 0.990845 0.008805
vt 0.223643 0.532786
vt 0.080755 0.213379
vt 0.288054 0.794686
vt 0.995622 0.337588
vt 0.288054 0.794686
vt 0.288054 0.794686
vt 0.288054 0.794686
vt 0.994282 0.007221
vt 0.996728 0.744605
vt 0.996728 0.744605
vt 0.994282 0.007221
vt 0.095622 0.992422
vt 0.487370 0.987745
vt 0.989936 0.010767
vt 0.391524 0.992202
vt 0.391524 0.992202
vt 0.816166 0.620830
vt 0.149487 0.944005
vt 0.998756 0.214023
vt 0.075367 0.990112
vt 0.841146 0.622614
vt 0.841146 0.622614
vt 0.305131 0.802275
vt 0.305711 0.800687
vt 0.305711 0.800687
vt 0.646000 0.991617
vt 0.841383 0.620924
vt 0.962688 0.853600
vt 0.172316 0.989351
vt 0.216828 0.982615
vt 0.748275 0.971094
vt 0.487889 0.988996
vt 0.095774 0.991193
vt 0.487889 0.988996
vt 0.980810 0.414518
vt 0.980810 0.414518
vt 0.292312 0.791674
vt 0.994556 0.332599
vt 0.994556 0.332599
vt 0.994556 0.332599
vt 0.075708 0.217930
vt 0.075708 0.217930
vt 0.223030 0.539365
vt 0.075708 0.217930
vt 0.929248 0.172617
vt 0.975725 0.856442
vt 0.929248 0.172617
vt 0.640860 0.781122
vt 0.640860 0.781122
vt 0.919406 0.981058
vt 0.474009 0.919972
vt 0.996452 0.461973
vt 0.824585 0.621110
vt 0.913374 0.171770
vt 0.427933 0.840786
vt 0.913374 0.171770
vt 0.427933 0.840786
vt 0.932765 0.173582
vt 0.974482 0.853010
vt 0.573340 0.807725
vt 0.751105 0.388873
vt 0.932765 0.173582
vt 0.932765 0.173582
vt 0.205433 0.887565
vt 0.640720 0.767013
vt 0.205433 0.887565
vt 0.640720 0.767013
vt 0.640720 0.767013
vt 0.205433 0.887565
vt 0.205433 0.887565
vt 0.640720 0.767013
vt 0.816370 0.623016
vt 0.149487 0.946200
vt 0.807803 0.933366
vt 0.816370 0.623016
vt 0.816370 0.623016
vt 0.487797 0.990347
vt 0.487797 0.990347
vt 0.487797 0.990347
vt 0.989170 0.008197
vt 0.989170 0.008197
vt 0.639660 0.820465
vt 0.639660 0.820465
vt 0.996155 0.315825
vt 0.192773 0.967070
vt 0.838567 0.894969
vt 0.192773 0.967070
vt 0.838567 0.894969
vt 0.995014 0.336151
vt 0.995014 0.336151
vt 0.394773 0.992750
vt 0.217803 0.992441
vt 0.223736 0.535181
vt 0.079027 0.215243
vt 0.428555 0.959494
vt 0.427957 0.904340
vt 0.571745 0.808172
vt 0.750790 0.390075
vt 0.151297 0.944435
vt 0.151297 0.944435
vt 0.391524 0.994042
vt 0.810570 0.912387
vt 0.304425 0.802300
vt 0.696140 0.987580
vt 0.304425 0.802300
vt 0.986822 0.150123
vt 0.074900 0.989690
vt 0.304425 0.802300
vt 0.910671 0.983886
vt 0.221034 0.979069
vt 0.221034 0.979069
vt 0.221034 0.979069
vt 0.356281 0.991190
vt 0.218622 0.991433
vt 0.356281 0.991190
vt 0.172661 0.991036
vt 0.218129 0.983494
vt 0.542811 0.795895
vt 0.542811 0.795895
vt 0.542811 0.795895
vt 0.542811 0.795895
vt 0.644676 0.783647
vt 0.644676 0.783647
vt 0.644676 0.783647
vt 0.982621 0.150087
vt 0.299362 0.804015
vt 0.982621 0.150087
vt 0.299362 0.804015
vt 0.299362 0.804015
vt 0.556361 0.814559
vt 0.556361 0.814559
vt 0.414858 0.959716
vt 0.271817 0.785818
vt 0.271817 0.785818
vt 0.271817 0.785818
vt 0.551253 0.800355
vt 0.551253 0.800355
vt 0.193738 0.978749
vt 0.193738 0.978749
vt 0.830653 0.903666
vt 0.151374 0.946094
vt 0.808069 0.931370
vt 0.811969 0.912691
vt 0.994922 0.254387
vt 0.986822 0.177305
vt 0.256677 0.931185
vt 0.931856 0.174556
vt 0.426947 0.903661
vt 0.751677 0.390075
vt 0.931856 0.174556
vt 0.980802 0.416601
vt 0.980802 0.416601
vt 0.273306 0.782583
vt 0.273306 0.782583
vt 0.988033 0.748301
vt 0.273306 0.782583
vt 0.101285 0.991748
vt 0.981871 0.581380
vt 0.981871 0.581380
vt 0.232390 0.900592
vt 0.528434 0.793356
vt 0.232390 0.900592
vt 0.967046 0.733936
vt 0.985889 0.006143
vt 0.488292 0.993764
vt 0.985889 0.006143
vt 0.986812 0.341586
vt 0.205417 0.982279
vt 0.986812 0.341586
vt 0.205417 0.982279
vt 0.933463 0.991025
vt 0.357378 0.993516
vt 0.708420 0.281338
vt 0.708420 0.281338
vt 0.497883 0.994283
vt 0.357378 0.993516
vt 0.708420 0.281338
vt 0.834477 0.622981
vt 0.178625 0.990321
vt 0.834477 0.622981
vt 0.993725 0.273879
vt 0.822592 0.623618
vt 0.256677 0.923061
vt 0.822592 0.623618
vt 0.993644 0.262206
vt 0.644987 0.802200
vt 0.644987 0.802200
vt 0.644987 0.802200
vt 0.981096 0.584046
vt 0.981096 0.584046
vt 0.644987 0.802200
vt 0.696140 0.995975
vt 0.179687 0.989351
vt 0.986626 0.158511
vt 0.986626 0.158511
vt 0.994922 0.272571
vt 0.074900 0.993818
vt 0.179687 0.993161
vt 0.697050 0.991604
vt 0.837667 0.623975
vt 0.837667 0.623975
vt 0.819905 0.622920
vt 0.257199 0.925788
vt 0.808069 0.936868
vt 0.819905 0.622920
vt 0.816434 0.625123
vt 0.816434 0.625123
vt 0.816434 0.625123
vt 0.885661 0.015143
vt 0.926842 0.174763
vt 0.984354 0.368885
vt 0.426954 0.898752
vt 0.804944 0.600652
vt 0.926842 0.174763
vt 0.173040 0.992838
vt 0.219538 0.984729
vt 0.499005 0.987700
vt 0.931909 0.176513
vt 0.931909 0.176513
vt 0.225795 0.992083
vt 0.225795 0.992083
vt 0.990448 0.586963
vt 0.225795 0.992083
vt 0.964922 0.410485
vt 0.979964 0.177111
vt 0.818571 0.913049
vt 0.818571 0.913049
vt 0.848929 0.886431
vt 0.908483 0.484555
vt 0.848929 0.886431
vt 0.908483 0.484555
vt 0.285994 0.795435
vt 0.285994 0.795435
vt 0.995535 0.339334
vt 0.220218 0.990099
vt 0.220218 0.990099
vt 0.498989 0.993092
vt 0.220218 0.990099
vt 0.356192 0.993516
vt 0.498989 0.993092
vt 0.924232 0.175455
vt 0.807640 0.600831
vt 0.075883 0.218727
vt 0.201926 0.983985
vt 0.831967 0.913295
vt 0.893526 0.941722
vt 0.893526 0.941722
vt 0.966281 0.176967
vt 0.377051 0.995409
vt 0.987772 0.001728
vt 0.996734 0.752659
vt 0.444766 0.237710
vt 0.444766 0.237710
vt 0.804944 0.651808
vt 0.895278 0.065381
vt 0.444766 0.237710
vt 0.895278 0.065381
vt 0.936534 0.224987
vt 0.646000 0.800139
vt 0.981801 0.586214
vt 0.646000 0.800139
vt 0.343669 0.720067
vt 0.783356 0.284478
vt 0.343669 0.720067
vt 0.783356 0.284478
vt 0.981312 0.421306
vt 0.184138 0.221223
vt 0.184138 0.221223
vt 0.187185 0.223016
vt 0.187185 0.223016
vt 0.187185 0.223016
vt 0.062096 0.233643
vt 0.062096 0.233643
vt 0.062096 0.233643
vt 0.071117 0.223796
vt 0.071117 0.223796
vt 0.214340 0.977700
vt 0.256677 0.920573
vt 0.986270 0.001244
vt 0.934330 0.981127
vt 0.375754 0.995409
vt 0.969107 0.738802
vt 0.224793 0.982153
vt 0.910607 0.989293
vt 0.965315 0.400583
vt 0.224793 0.982153
vt 0.910607 0.989293
vt 0.645873 0.784962
vt 0.645873 0.784962
vt 0.919371 0.988574
vt 0.191399 0.227938
vt 0.191399 0.227938
vt 0.257019 0.912951
vt 0.376480 0.987438
vt 0.989145 0.755160
vt 0.281128 0.798553
vt 0.281128 0.798553
vt 0.281128 0.798553
vt 0.281128 0.798553
vt 0.195348 0.232481
vt 0.195348 0.232481
vt 0.195348 0.232481
vt 0.982312 0.433746
vt 0.068430 0.225740
vt 0.271855 0.790183
vt 0.256677 0.911615
vt 0.271855 0.790183
vt 0.987921 0.755575
vt 0.271855 0.790183
vt 0.925103 0.979628
vt 0.271855 0.790183
vt 0.918339 0.990564
vt 0.646440 0.786489
vt 0.918339 0.990564
vt 0.972437 0.400331
vt 0.918339 0.990564
vt 0.185961 0.223053
vt 0.185961 0.223053
vt 0.647620 0.798239
vt 0.982155 0.588899
vt 0.647620 0.798239
vt 0.972437 0.412110
vt 0.647620 0.798239
vt 0.972437 0.412110
vt 0.982155 0.588899
vt 0.232301 0.909591
vt 0.962335 0.889798
vt 0.528129 0.803649
vt 0.962335 0.889798
vt 0.232301 0.909591
vt 0.647689 0.800243
vt 0.647689 0.800243
vt 0.647689 0.800243
vt 0.647689 0.800243
vt 0.188536 0.225921
vt 0.188536 0.225921
vt 0.188536 0.225921
vt 0.434220 0.214286
vt 0.385165 0.699466
vt 0.385165 0.699466
vt 0.434220 0.214286
vt 0.434220 0.214286
vt 0.647886 0.786295
vt 0.647886 0.786295
vt 0.995698 0.811808
vt 0.647886 0.786295
vt 0.647886 0.786295
vt 0.919488 0.991444
vt 0.281584 0.797178
vt 0.925103 0.991472
vt 0.281584 0.797178
vt 0.925103 0.991472
vt 0.995045 0.343155
vt 0.655475 0.805729
vt 0.655475 0.805729
vt 0.937911 0.864725
vt 0.937911 0.864725
vt 0.408106 0.986512
vt 0.995698 0.831858
vt 0.966030 0.149966
vt 0.892259 0.967826
vt 0.966030 0.149966
vt 0.280538 0.811541
vt 0.966030 0.149966
vt 0.648955 0.799094
vt 0.991266 0.823731
vt 0.205295 0.909602
vt 0.962808 0.863585
vt 0.655475 0.780428
vt 0.269718 0.599372
vt 0.856595 0.044658
vt 0.856595 0.044658
vt 0.856595 0.044658
vt 0.935539 0.488468
vt 0.260171 0.789767
vt 0.908482 0.494674
vt 0.201926 0.959615
vt 0.849118 0.895939
vt 0.908482 0.494674
vt 0.917562 0.941698
vt 0.908482 0.494674
vt 0.054516 0.991330
vt 0.056238 0.242266
vt 0.233575 0.756734
vt 0.233725 0.681403
vt 0.056238 0.242266
vt 0.222137 0.567884
vt 0.054516 0.991330
vt 0.190864 0.228445
vt 0.981595 0.429231
vt 0.064474 0.231099
vt 0.064474 0.231099
vt 0.408031 0.959432
vt 0.548571 0.817714
vt 0.408031 0.959432
vt 0.548571 0.817714
vt 0.937911 0.890976
vt 0.548571 0.817714
vt 0.981564 0.432663
vt 0.917562 0.956277
vt 0.917562 0.956277
vt 0.923575 0.494767
vt 0.060163 0.237172
vt 0.060163 0.237172
vt 0.222772 0.562048
vt 0.222772 0.562048
vt 0.259739 0.797025
vt 0.917238 0.967781
vt 0.935488 0.494890
vt 0.503067 0.148217
vt 0.503067 0.148217
vt 0.810923 0.336290
vt 0.025448 0.263767
vt 0.025448 0.263767
vt 0.225832 0.565694
vt 0.199973 0.238250
vt 0.382161 0.674361
vt 0.565038 0.184711
vt 0.382161 0.674361
vt 0.382161 0.674361
vt 0.002105 0.293934
vt 0.684564 0.202729
vt 0.201794 0.238839
vt 0.201794 0.238839
vt 0.229191 0.597210
vt 0.222525 0.598361
vt 0.223376 0.566118
vt 0.223376 0.566118
vt 0.055194 0.989629
vt 0.229114 0.601411
vt 0.203025 0.242927
vt 0.229114 0.601411
vt 0.203025 0.242927
vt 0.229114 0.601411
vt 0.228524 0.598964
vt 0.201834 0.240587
vt 0.634766 0.210279
vt 0.802119 0.692410
vt 0.634766 0.210279
vt 0.802119 0.692410
vt 0.055014 0.991992
vt 0.055014 0.991992
vt 0.222359 0.568120
vt 0.166714 0.994066
vt 0.229479 0.608527
vt 0.205359 0.249833
vt 0.229479 0.608527
vt 0.222586 0.605750
vt 0.222884 0.569350
vt 0.055194 0.993654
vt 0.222884 0.569350
vt 0.222884 0.569350
vt 0.205551 0.252118
vt 0.229642 0.610817
vt 0.229642 0.610817
vt 0.229642 0.610817
vt 0.166088 0.989351
vt 0.228864 0.603948
vt 0.228864 0.603948
vt 0.228864 0.603948
vt 0.234088 0.737389
vt 0.222497 0.571688
vt 0.222497 0.571688
vt 0.166088 0.994359
vt 0.228894 0.608912
vt 0.658578 0.861293
vt 0.658578 0.861293
vt 0.815922 0.679085
vt 0.658578 0.861293
vt 0.955591 0.546076
vt 0.145054 0.760260
vt 0.145054 0.760260
vt 0.145054 0.760260
vt 0.143031 0.757974
vt 0.956850 0.543139
vt 0.956850 0.543139
vt 0.956850 0.543139
vt 0.149083 0.762627
vt 0.149083 0.762627
vt 0.954458 0.550731
vt 0.205304 0.974869
vt 0.963814 0.090494
vt 0.963814 0.090494
vt 0.205304 0.974869
vt 0.208839 0.770156
vt 0.229471 0.950726
vt 0.318963 0.867390
vt 0.908481 0.497414
vt 0.318963 0.867390
vt 0.301504 0.884553
vt 0.301504 0.884553
vt 0.229471 0.975212
vt 0.301504 0.884553
vt 0.963411 0.117734
vt 0.955312 0.543132
vt 0.142386 0.758961
vt 0.955312 0.543132
vt 0.142386 0.758961
vt 0.160431 0.770878
vt 0.160431 0.770878
vt 0.954653 0.564751
vt 0.963739 0.030613
vt 0.160431 0.770878
vt 0.160431 0.770878
vt 0.963739 0.030613
vt 0.950666 0.415491
vt 0.950666 0.415491
vt 0.140238 0.756735
vt 0.950666 0.415491
vt 0.954620 0.540104
vt 0.140238 0.756735
vt 0.140238 0.756735
vt 0.963739 0.057790
vt 0.259772 0.884592
vt 0.978781 0.564751
vt 0.949952 0.442510
vt 0.978491 0.540168
vt 0.978491 0.540168
vt 0.277332 0.867390
vt 0.978491 0.540168
vt 0.205295 0.950327
vt 0.935701 0.497378
vt 0.188282 0.756734
vt 0.188282 0.756734
vt 0.188282 0.756734
vt 0.143715 0.761813
vt 0.143715 0.761813
vt 0.143715 0.761813
vt 0.208179 0.259751
vt 0.208179 0.259751
vt 0.230361 0.618682
vt 0.229716 0.578675
vt 0.259739 0.894818
vt 0.259739 0.894818
vt 0.953060 0.057912
vt 0.259739 0.894818
vt 0.953060 0.057912
vt 0.259739 0.894818
vt 0.270408 0.886859
vt 0.723930 0.493746
vt 0.222511 0.619510
vt 0.525537 0.906075
vt 0.475127 0.997114
vt 0.428492 0.253475
vt 0.525537 0.906075
vt 0.717928 0.813359
vt 0.717928 0.813359
vt 0.717928 0.813359
vt 0.475127 0.997114
vt 0.479744 0.987700
vt 0.233725 0.743828
vt 0.221966 0.576715
vt 0.234072 0.691872
vt 0.234088 0.747400
vt 0.234135 0.767967
vt 0.051114 0.256747
vt 0.222371 0.579127
vt 0.233725 0.695229
vt 0.196765 0.776424
vt 0.196765 0.776424
vt 0.196765 0.776424
vt 0.659084 0.994729
vt 0.990265 0.512802
vt 0.182020 0.759526
vt 0.935652 0.503077
vt 0.935652 0.503077
vt 0.935652 0.503077
vt 0.282351 0.867860
vt 0.282351 0.867860
vt 0.955426 0.442561
vt 0.282351 0.867860
vt 0.301525 0.891976
vt 0.955726 0.117636
vt 0.301525 0.891976
vt 0.301525 0.891976
vt 0.955726 0.117636
vt 0.187582 0.769044
vt 0.187582 0.769044
vt 0.321905 0.882938
vt 0.139279 0.771471
vt 0.139279 0.771471
vt 0.139279 0.771471
vt 0.048648 0.262140
vt 0.048648 0.262140
vt 0.048648 0.262140
vt 0.048648 0.262140
vt 0.233575 0.772664
vt 0.255953 0.372746
vt 0.255953 0.372746
vt 0.255953 0.372746
vt 0.255953 0.372746
vt 0.255953 0.372746
vt 0.552175 0.130358
vt 0.255953 0.372746
vt 0.255953 0.372746
vt 0.334190 0.868454
vt 0.334190 0.868454
vt 0.908513 0.513827
vt 0.229453 0.618209
vt 0.707307 0.233561
vt 0.707307 0.233561
vt 0.312832 0.888388
vt 0.312832 0.888388
vt 0.312832 0.888388
vt 0.122250 0.764071
vt 0.658496 0.895138
vt 0.966889 0.415474
vt 0.947375 0.415474
vt 0.129479 0.774807
vt 0.129479 0.774807
vt 0.229428 0.585499
vt 0.280105 0.877621
vt 0.280105 0.877621
vt 0.723930 0.480355
vt 0.280105 0.877621
vt 0.159845 0.781778
vt 0.159845 0.781778
vt 0.954383 0.030754
vt 0.148298 0.777525
vt 0.148298 0.777525
vt 0.148298 0.777525
vt 0.148298 0.777525
vt 0.270730 0.897351
vt 0.270730 0.897351
vt 0.728728 0.500411
vt 0.270730 0.897351
vt 0.270730 0.897351
vt 0.948265 0.090456
vt 0.208769 0.788372
vt 0.948265 0.090456
vt 0.948265 0.090456
vt 0.990329 0.514636
vt 0.990329 0.514636
vt 0.196697 0.778529
vt 0.990329 0.514636
vt 0.196697 0.778529
vt 0.993808 0.533542
vt 0.283460 0.878667
vt 0.858351 0.992759
vt 0.298130 0.869646
vt 0.298130 0.869646
vt 0.920378 0.421771
vt 0.920378 0.421771
vt 0.298130 0.869646
vt 0.658496 0.922839
vt 0.298130 0.869646
vt 0.920378 0.421771
vt 0.972789 0.442561
vt 0.208567 0.263124
vt 0.208567 0.263124
vt 0.230189 0.622082
vt 0.658592 0.845524
vt 0.658592 0.845524
vt 0.658592 0.845524
vt 0.833866 0.679405
vt 0.260504 0.257688
vt 0.703712 0.227848
vt 0.260504 0.257688
vt 0.703712 0.227848
vt 0.815550 0.988225
vt 0.260504 0.257688
vt 0.160431 0.797870
vt 0.994534 0.080661
vt 0.892053 0.070583
vt 0.892053 0.070583
vt 0.953902 0.445049
vt 0.883882 0.071319
vt 0.883882 0.071319
vt 0.502222 0.985305
vt 0.883882 0.071319
vt 0.994775 0.088259
vt 0.994775 0.088259
vt 0.164385 0.767755
vt 0.935721 0.519416
vt 0.935721 0.519416
vt 0.164385 0.767755
vt 0.935721 0.519416
vt 0.279288 0.878668
vt 0.993687 0.449598
vt 0.724542 0.481648
vt 0.186973 0.770225
vt 0.982896 0.640418
vt 0.186973 0.770225
vt 0.659084 0.983138
vt 0.221929 0.585460
vt 0.048600 0.265619
vt 0.221929 0.585460
vt 0.146925 0.788093
vt 0.146925 0.788093
vt 0.146925 0.788093
vt 0.146925 0.788093
vt 0.159129 0.796526
vt 0.159129 0.796526
vt 0.951414 0.445791
vt 0.996354 0.081080
vt 0.159129 0.796526
vt 0.941776 0.030866
vt 0.941776 0.030866
vt 0.724320 0.493292
vt 0.982729 0.667698
vt 0.982729 0.667698
vt 0.995742 0.120258
vt 0.995816 0.087265
vt 0.940984 0.037434
vt 0.995816 0.087265
vt 0.998325 0.278154
vt 0.940984 0.037434
vt 0.651812 0.993279
vt 0.058932 0.981940
vt 0.651812 0.993279
vt 0.981123 0.514560
vt 0.058932 0.981940
vt 0.981123 0.514560
vt 0.981123 0.514560
vt 0.849327 0.678555
vt 0.849327 0.678555
vt 0.777840 0.245668
vt 0.849327 0.678555
vt 0.176820 0.774350
vt 0.176820 0.774350
vt 0.982736 0.649364
vt 0.176820 0.774350
vt 0.859178 0.993850
vt 0.281824 0.878846
vt 0.993964 0.452058
vt 0.058932 0.972149
vt 0.652000 0.983490
vt 0.991875 0.641965
vt 0.058932 0.972149
vt 0.991875 0.641965
vt 0.991684 0.669523
vt 0.733187 0.492277
vt 0.733187 0.492277
vt 0.991684 0.669523
vt 0.895216 0.125269
vt 0.443543 0.178169
vt 0.443543 0.178169
vt 0.895216 0.125269
vt 0.443543 0.178169
vt 0.732976 0.482373
vt 0.732976 0.482373
vt 0.985056 0.451383
vt 0.732976 0.482373
vt 0.985056 0.451383
vt 0.997757 0.956539
vt 0.229972 0.627564
vt 0.229972 0.627564
vt 0.229972 0.627564
vt 0.182544 0.772371
vt 0.182544 0.772371
vt 0.182544 0.772371
vt 0.982958 0.644599
vt 0.314200 0.895774
vt 0.314200 0.895774
vt 0.270896 0.891116
vt 0.726245 0.496176
vt 0.982715 0.672266
vt 0.139469 0.781602
vt 0.139469 0.781602
vt 0.712217 0.231972
vt 0.712217 0.231972
vt 0.712217 0.231972
vt 0.737783 0.485410
vt 0.712217 0.231972
vt 0.327149 0.883776
vt 0.327149 0.883776
vt 0.327149 0.883776
vt 0.327149 0.883776
vt 0.474238 0.987273
vt 0.474238 0.987273
vt 0.727818 0.812261
vt 0.990322 0.678772
vt 0.990322 0.678772
vt 0.990322 0.678772
vt 0.990322 0.678772
vt 0.990322 0.678772
vt 0.990322 0.678772
vt 0.990322 0.678772
vt 0.322154 0.890730
vt 0.966380 0.134548
vt 0.322154 0.890730
vt 0.998730 0.958953
vt 0.211163 0.270675
vt 0.230881 0.629862
vt 0.998730 0.958953
vt 0.211163 0.270675
vt 0.056214 0.970737
vt 0.056214 0.970737
vt 0.992149 0.644660
vt 0.056214 0.970737
vt 0.992019 0.649842
vt 0.992019 0.649842
vt 0.051079 0.967639
vt 0.051079 0.967639
vt 0.990005 0.519207
vt 0.990005 0.519207
vt 0.401371 0.989227
vt 0.990005 0.519207
vt 0.993713 0.456055
vt 0.083567 0.993450
vt 0.993713 0.456055
vt 0.993713 0.456055
vt 0.992992 0.536386
vt 0.083567 0.993450
vt 0.859178 0.990931
vt 0.707133 0.231724
vt 0.707133 0.231724
vt 0.738042 0.490471
vt 0.707133 0.231724
vt 0.738042 0.490471
vt 0.941008 0.057012
vt 0.941008 0.057012
vt 0.995742 0.137627
vt 0.048066 0.268693
vt 0.222202 0.587356
vt 0.048066 0.268693
vt 0.048066 0.268693
vt 0.222202 0.587356
vt 0.301882 0.906027
vt 0.659877 0.862720
vt 0.940501 0.117770
vt 0.301882 0.906027
vt 0.208713 0.793669
vt 0.943719 0.090489
vt 0.943719 0.090489
vt 0.054295 0.979402
vt 0.476148 0.993267
vt 0.476148 0.993267
vt 0.054295 0.979402
vt 0.054295 0.979402
vt 0.713281 0.230889
vt 0.738218 0.484276
vt 0.713281 0.230889
vt 0.713281 0.230889
vt 0.738218 0.484276
vt 0.713281 0.230889
vt 0.738218 0.484276
vt 0.286212 0.879408
vt 0.286212 0.879408
vt 0.082510 0.993089
vt 0.993808 0.536853
vt 0.196483 0.787057
vt 0.402137 0.992432
vt 0.990265 0.521994
vt 0.196483 0.787057
vt 0.990265 0.521994
vt 0.659711 0.846206
vt 0.940929 0.099241
vt 0.659711 0.846206
vt 0.940929 0.099241
vt 0.049964 0.987141
vt 0.981796 0.523629
vt 0.981796 0.523629
vt 0.049964 0.987141
vt 0.981796 0.523629
vt 0.708495 0.232631
vt 0.708495 0.232631
vt 0.708495 0.232631
vt 0.072412 0.989690
vt 0.475419 0.985949
vt 0.728994 0.813800
vt 0.728994 0.813800
vt 0.271106 0.893141
vt 0.982737 0.674573
vt 0.703616 0.990023
vt 0.703616 0.990023
vt 0.714281 0.230073
vt 0.054610 0.974562
vt 0.475636 0.988450
vt 0.054610 0.974562
vt 0.053227 0.973243
vt 0.053227 0.973243
vt 0.053227 0.973243
vt 0.476137 0.987087
vt 0.994750 0.140115
vt 0.659268 0.922732
vt 0.920305 0.420994
vt 0.339476 0.869091
vt 0.339476 0.869091
vt 0.908579 0.519746
vt 0.994404 0.132804
vt 0.502222 0.998348
vt 0.870840 0.071244
vt 0.998325 0.292205
vt 0.870840 0.071244
vt 0.940814 0.051492
vt 0.052398 0.981154
vt 0.477167 0.994948
vt 0.481087 0.989739
vt 0.481087 0.989739
vt 0.116094 0.766598
vt 0.947464 0.421039
vt 0.116094 0.766598
vt 0.947464 0.421039
vt 0.852049 0.282957
vt 0.739824 0.196252
vt 0.739824 0.196252
vt 0.852049 0.282957
vt 0.739824 0.196252
vt 0.852049 0.282957
vt 0.715393 0.225322
vt 0.875386 0.992248
vt 0.703176 0.994746
vt 0.703176 0.994746
vt 0.715393 0.225322
vt 0.104763 0.991748
vt 0.703176 0.994746
vt 0.715393 0.225322
vt 0.287220 0.879151
vt 0.082283 0.992016
vt 0.287220 0.879151
vt 0.422029 0.989021
vt 0.082283 0.992016
vt 0.730228 0.816284
vt 0.072412 0.993240
vt 0.479744 0.994060
vt 0.521575 0.901105
vt 0.619007 0.911257
vt 0.479744 0.994060
vt 0.137172 0.781361
vt 0.137172 0.781361
vt 0.269711 0.635191
vt 0.856541 0.096620
vt 0.856541 0.096620
vt 0.990504 0.525649
vt 0.194513 0.790079
vt 0.990504 0.525649
vt 0.994404 0.143102
vt 0.050360 0.971537
vt 0.994404 0.143102
vt 0.050360 0.971537
vt 0.050360 0.971537
vt 0.260202 0.907911
vt 0.864402 0.073032
vt 0.939022 0.057927
vt 0.864402 0.073032
vt 0.338847 0.835355
vt 0.338847 0.835355
vt 0.338847 0.835355
vt 0.864402 0.073032
vt 0.864402 0.073032
vt 0.949319 0.930243
vt 0.658496 0.863842
vt 0.813326 0.679618
vt 0.855456 0.990932
vt 0.050083 0.982338
vt 0.050083 0.982338
vt 0.050083 0.982338
vt 0.617413 0.913034
vt 0.481117 0.992064
vt 0.324744 0.889450
vt 0.967230 0.131743
vt 0.324744 0.889450
vt 0.967230 0.131743
vt 0.046534 0.274040
vt 0.880943 0.264956
vt 0.046534 0.274040
vt 0.046534 0.274040
vt 0.984766 0.460053
vt 0.737494 0.477980
vt 0.984766 0.460053
vt 0.982215 0.060590
vt 0.984766 0.460053
vt 0.977503 0.061814
vt 0.704171 0.994160
vt 0.740530 0.482614
vt 0.991116 0.857805
vt 0.977503 0.061814
vt 0.714614 0.225864
vt 0.876273 0.992585
vt 0.071708 0.992264
vt 0.477167 0.985524
vt 0.729218 0.815116
vt 0.995177 0.142788
vt 0.995177 0.142788
vt 0.271812 0.896513
vt 0.982955 0.678958
vt 0.982955 0.678958
vt 0.271812 0.896513
vt 0.989304 0.523902
vt 0.989304 0.523902
vt 0.989304 0.523902
vt 0.401371 0.994282
vt 0.989304 0.523902
vt 0.737178 0.496981
vt 0.737178 0.496981
vt 0.991722 0.678735
vt 0.966294 0.071011
vt 0.991722 0.678735
vt 0.966294 0.071011
vt 0.814885 0.988968
vt 0.704681 0.226981
vt 0.740394 0.492608
vt 0.968684 0.066513
vt 0.814885 0.988968
vt 0.177039 0.775325
vt 0.177039 0.775325
vt 0.983108 0.650033
vt 0.983108 0.650033
vt 0.177039 0.775325
vt 0.886604 0.268304
vt 0.227459 0.593693
vt 0.260052 0.906084
vt 0.940880 0.058102
vt 0.997498 0.287062
vt 0.503145 0.993222
vt 0.994534 0.094832
vt 0.230546 0.633142
vt 0.997886 0.962162
vt 0.993773 0.459742
vt 0.083567 0.990890
vt 0.287913 0.880080
vt 0.421335 0.991407
vt 0.993773 0.459742
vt 0.993773 0.459742
vt 0.714743 0.227635
vt 0.703792 0.992414
vt 0.703792 0.992414
vt 0.842430 0.679733
vt 0.842430 0.679733
vt 0.658496 0.838078
vt 0.940337 0.090456
vt 0.208839 0.797725
vt 0.208839 0.797725
vt 0.208839 0.797725
vt 0.940337 0.090456
vt 0.046556 0.276933
vt 0.222134 0.592508
vt 0.881412 0.266967
vt 0.949952 0.447021
vt 0.955134 0.447021
vt 0.995152 0.082961
vt 0.995152 0.082961
vt 0.995152 0.082961
vt 0.940569 0.091606
vt 0.658950 0.839653
vt 0.840567 0.679563
vt 0.940569 0.091606
vt 0.260933 0.907530
vt 0.260933 0.907530
vt 0.339525 0.835010
vt 0.987013 0.057902
vt 0.259974 0.647730
vt 0.423782 0.724664
vt 0.267028 0.907592
vt 0.980831 0.057858
vt 0.267028 0.907592
vt 0.267028 0.907592
vt 0.159475 0.798762
vt 0.955267 0.445049
vt 0.159475 0.798762
vt 0.949952 0.445049
vt 0.422029 0.994507
vt 0.289827 0.881912
vt 0.289827 0.881912
vt 0.289827 0.881912
vt 0.922598 0.986809
vt 0.048599 0.981743
vt 0.048599 0.981743
vt 0.617681 0.911737
vt 0.339914 0.879990
vt 0.908523 0.531605
vt 0.138547 0.787610
vt 0.138547 0.787610
vt 0.138547 0.787610
vt 0.659030 0.863013
vt 0.855863 0.991894
vt 0.057682 0.993741
vt 0.301504 0.906894
vt 0.659030 0.863013
vt 0.974155 0.925122
vt 0.993933 0.461621
vt 0.288437 0.881512
vt 0.993933 0.461621
vt 0.288437 0.881512
vt 0.158847 0.799869
vt 0.338847 0.861749
vt 0.891671 0.073183
vt 0.158847 0.799869
vt 0.158847 0.799869
vt 0.891671 0.073183
vt 0.891671 0.073183
vt 0.208210 0.798795
vt 0.841175 0.681119
vt 0.972914 0.898301
vt 0.841175 0.681119
vt 0.939022 0.090975
vt 0.176372 0.778528
vt 0.983282 0.653117
vt 0.983282 0.653117
vt 0.425729 0.910446
vt 0.425729 0.910446
vt 0.425729 0.910446
vt 0.425729 0.910446
vt 0.727809 0.851679
vt 0.321222 0.898110
vt 0.973933 0.139974
vt 0.321222 0.898110
vt 0.973933 0.139974
vt 0.973933 0.139974
vt 0.138165 0.796085
vt 0.138165 0.796085
vt 0.138165 0.796085
vt 0.138165 0.796085
vt 0.727041 0.818012
vt 0.727041 0.818012
vt 0.046004 0.973831
vt 0.794261 0.991511
vt 0.995177 0.147407
vt 0.727041 0.818012
vt 0.981874 0.067574
vt 0.591748 0.984837
vt 0.981874 0.067574
vt 0.985262 0.468027
vt 0.981874 0.067574
vt 0.058317 0.990995
vt 0.855456 0.994685
vt 0.483605 0.987701
vt 0.947937 0.933740
vt 0.222394 0.639569
vt 0.991557 0.859700
vt 0.105714 0.993697
vt 0.875386 0.994557
vt 0.795578 0.987256
vt 0.795578 0.987256
vt 0.042055 0.971558
vt 0.992149 0.658967
vt 0.795578 0.987256
vt 0.795578 0.987256
vt 0.963745 0.897619
vt 0.963745 0.897619
vt 0.963745 0.897619
vt 0.963745 0.897619
vt 0.197578 0.802942
vt 0.963745 0.897619
vt 0.197578 0.802942
vt 0.963745 0.897619
vt 0.841055 0.683921
vt 0.841055 0.683921
vt 0.841055 0.683921
vt 0.929268 0.949870
vt 0.841055 0.683921
vt 0.706750 0.222151
vt 0.710553 0.994269
vt 0.815550 0.993739
vt 0.706750 0.222151
vt 0.710553 0.994269
vt 0.814559 0.990902
vt 0.814559 0.990902
vt 0.970393 0.067315
vt 0.340111 0.861282
vt 0.157166 0.799685
vt 0.986434 0.030633
vt 0.163384 0.787399
vt 0.935644 0.536780
vt 0.163384 0.787399
vt 0.935644 0.536780
vt 0.935644 0.536780
vt 0.839059 0.682301
vt 0.839059 0.682301
vt 0.971725 0.900413
vt 0.339931 0.846328
vt 0.986573 0.046092
vt 0.483605 0.995398
vt 0.972883 0.915226
vt 0.972883 0.915226
vt 0.941296 0.937808
vt 0.824252 0.681104
vt 0.835042 0.681416
vt 0.972601 0.904435
vt 0.972601 0.904435
vt 0.835042 0.681416
vt 0.835042 0.681416
vt 0.830877 0.681622
vt 0.936209 0.942079
vt 0.971611 0.922030
vt 0.057682 0.989629
vt 0.484407 0.988359
vt 0.971611 0.922030
vt 0.982715 0.683624
vt 0.275538 0.897654
vt 0.339730 0.836654
vt 0.986902 0.056161
vt 0.973359 0.073743
vt 0.991511 0.687208
vt 0.991511 0.687208
vt 0.945643 0.772435
vt 0.973359 0.073743
vt 0.973359 0.073743
vt 0.922598 0.990087
vt 0.045401 0.979656
vt 0.788442 0.991507
vt 0.788442 0.991507
vt 0.711904 0.988196
vt 0.711904 0.988196
vt 0.977217 0.064638
vt 0.992058 0.860803
vt 0.977217 0.064638
vt 0.992058 0.860803
vt 0.184875 0.794060
vt 0.784484 0.978514
vt 0.990271 0.534190
vt 0.784484 0.978514
vt 0.184875 0.794060
vt 0.981101 0.030670
vt 0.150977 0.801839
vt 0.981101 0.030670
vt 0.521924 0.897567
vt 0.788341 0.991900
vt 0.922312 0.989747
vt 0.617413 0.909046
vt 0.721063 0.818528
vt 0.521924 0.897567
vt 0.710988 0.987580
vt 0.991116 0.860967
vt 0.104763 0.994102
vt 0.713391 0.222999
vt 0.713391 0.222999
vt 0.727228 0.819797
vt 0.525537 0.892482
vt 0.727228 0.819797
vt 0.727228 0.819797
vt 0.184443 0.795324
vt 0.184443 0.795324
vt 0.184443 0.795324
vt 0.331232 0.889770
vt 0.974810 0.126924
vt 0.331232 0.889770
vt 0.974810 0.126924
vt 0.814344 0.993036
vt 0.711904 0.994555
vt 0.971941 0.068288
vt 0.983861 0.657309
vt 0.175957 0.783242
vt 0.983861 0.657309
vt 0.175319 0.784816
vt 0.983293 0.659082
vt 0.983293 0.659082
vt 0.175319 0.784816
vt 0.968926 0.924632
vt 0.306471 0.907520
vt 0.968926 0.924632
vt 0.785610 0.987868
vt 0.041583 0.981668
vt 0.981123 0.532012
vt 0.785610 0.987868
vt 0.785610 0.987868
vt 0.596248 0.991262
vt 0.289261 0.888732
vt 0.993964 0.470082
vt 0.277832 0.898710
vt 0.277832 0.898710
vt 0.791584 0.991658
vt 0.724351 0.818286
vt 0.791584 0.991658
vt 0.280766 0.897055
vt 0.983341 0.688907
vt 0.280766 0.897055
vt 0.945643 0.780114
vt 0.992178 0.026338
vt 0.114501 0.786565
vt 0.947075 0.438609
vt 0.947075 0.438609
vt 0.972248 0.057767
vt 0.275284 0.907911
vt 0.275284 0.907911
vt 0.569445 0.844983
vt 0.972248 0.057767
vt 0.972248 0.057767
vt 0.972248 0.057767
vt 0.995339 0.077576
vt 0.126921 0.786653
vt 0.126921 0.786653
vt 0.997757 0.969292
vt 0.230078 0.640263
vt 0.230078 0.640263
vt 0.701543 0.182039
vt 0.260769 0.303851
vt 0.701543 0.182039
vt 0.260769 0.303851
vt 0.322903 0.907836
vt 0.982485 0.145015
vt 0.322903 0.907836
vt 0.939775 0.180486
vt 0.951807 0.924555
vt 0.982485 0.145015
vt 0.880265 0.277222
vt 0.880265 0.277222
vt 0.047374 0.290988
vt 0.880265 0.277222
vt 0.280035 0.898269
vt 0.993112 0.027703
vt 0.280035 0.898269
vt 0.175598 0.786876
vt 0.796142 0.978824
vt 0.983879 0.660622
vt 0.175598 0.786876
vt 0.289837 0.889183
vt 0.289837 0.889183
vt 0.289837 0.889183
vt 0.951553 0.779954
vt 0.285831 0.893545
vt 0.591748 0.995090
vt 0.982215 0.077746
vt 0.285831 0.893545
vt 0.222322 0.646717
vt 0.174231 0.787137
vt 0.174231 0.787137
vt 0.177498 0.788485
vt 0.793654 0.978514
vt 0.177498 0.788485
vt 0.770934 0.305000
vt 0.849244 0.738631
vt 0.770934 0.305000
vt 0.770934 0.305000
vt 0.849244 0.738631
vt 0.849244 0.738631
vt 0.211635 0.286582
vt 0.211635 0.286582
vt 0.231173 0.645721
vt 0.211635 0.286582
vt 0.427834 0.306868
vt 0.717821 0.850591
vt 0.942340 0.996235
vt 0.427834 0.306868
vt 0.425729 0.920729
vt 0.427834 0.306868
vt 0.942340 0.996235
vt 0.717821 0.850591
vt 0.964823 0.505333
vt 0.284187 0.896096
vt 0.989501 0.063768
vt 0.284187 0.896096
vt 0.993112 0.023594
vt 0.298706 0.884405
vt 0.920098 0.438079
vt 0.920098 0.438079
vt 0.880022 0.274629
vt 0.046584 0.288057
vt 0.342951 0.956080
vt 0.133931 0.808017
vt 0.966227 0.030613
vt 0.966227 0.030613
vt 0.048907 0.300726
vt 0.048907 0.300726
vt 0.879226 0.285024
vt 0.998041 0.798550
vt 0.048907 0.300726
vt 0.048907 0.300726
vt 0.367421 0.954662
vt 0.947062 0.444225
vt 0.114081 0.793022
vt 0.367421 0.954662
vt 0.947062 0.444225
vt 0.908481 0.542571
vt 0.908481 0.542571
vt 0.340256 0.890140
vt 0.964177 0.179992
vt 0.982485 0.120258
vt 0.362736 0.928685
vt 0.295582 0.893696
vt 0.569445 0.820202
vt 0.995339 0.052705
vt 0.362736 0.928685
vt 0.184031 0.808431
vt 0.939022 0.206711
vt 0.951807 0.897455
vt 0.184031 0.808431
vt 0.162919 0.794023
vt 0.935610 0.542704
vt 0.162919 0.794023
vt 0.964177 0.206204
vt 0.964177 0.206204
vt 0.162919 0.794023
vt 0.888926 0.281338
vt 0.344283 0.378673
vt 0.344283 0.378673
vt 0.344283 0.378673
vt 0.344283 0.378673
vt 0.299016 0.889917
vt 0.920029 0.444225
vt 0.299016 0.889917
vt 0.367795 0.928410
vt 0.966227 0.057694
vt 0.342951 0.929790
vt 0.572905 0.840052
vt 0.880401 0.279815
vt 0.998621 0.791804
vt 0.879405 0.287350
vt 0.879405 0.287350
vt 0.998482 0.801070
vt 0.998482 0.801070
vt 0.208752 0.299971
vt 0.208752 0.299971
vt 0.231728 0.658700
vt 0.231728 0.658700
vt 0.231344 0.662681
vt 0.207315 0.304128
vt 0.231344 0.662681
vt 0.222177 0.658995
vt 0.888814 0.293698
vt 0.231348 0.665045
vt 0.231348 0.665045
vt 0.231348 0.665045
vt 0.689004 0.954783
vt 0.879406 0.289530
vt 0.879406 0.289530
vt 0.998621 0.803624
vt 0.221950 0.670212
vt 0.477256 0.780087
vt 0.954458 0.537433
vt 0.963542 0.149966
vt 0.477256 0.780087
vt 0.954458 0.537433
vt 0.360629 0.885932
vt 0.360629 0.885932
vt 0.360629 0.885932
vt 0.920029 0.274898
vt 0.978496 0.513664
vt 0.360629 0.885932
vt 0.342951 0.902092
vt 0.342951 0.902092
vt 0.963542 0.177200
vt 0.978635 0.537616
vt 0.342951 0.902092
vt 0.479744 0.889838
vt 0.479744 0.889838
vt 0.781901 0.975902
vt 0.980226 0.692030
vt 0.479744 0.889838
vt 0.781901 0.975902
vt 0.781996 0.948745
vt 0.159561 0.823976
vt 0.781996 0.948745
vt 0.159561 0.823976
vt 0.956102 0.691833
vt 0.956102 0.691833
vt 0.496775 0.872569
vt 0.496775 0.872569
vt 0.979991 0.667778
vt 0.496775 0.872569
vt 0.908482 0.640418
vt 0.935469 0.640542
vt 0.935469 0.640542
vt 0.935469 0.640542
vt 0.139526 0.810505
vt 0.956102 0.667698
vt 0.139526 0.810505
vt 0.947161 0.274977
vt 0.954458 0.512802
vt 0.456776 0.766390
vt 0.947161 0.274977
vt 0.052855 0.314102
vt 0.878701 0.297089
vt 0.353444 0.906124
vt 0.353444 0.906124
vt 0.204817 0.314906
vt 0.204817 0.314906
vt 0.232121 0.673104
vt 0.996743 0.428249
vt 0.689582 0.963301
vt 0.689582 0.963301
vt 0.836632 0.733974
vt 0.836632 0.733974
vt 0.836632 0.733974
vt 0.836632 0.733974
vt 0.152962 0.828096
vt 0.965804 0.366386
vt 0.965804 0.366386
vt 0.346134 0.988565
vt 0.490206 0.891616
vt 0.981832 0.229918
vt 0.231796 0.676768
vt 0.689004 0.967517
vt 0.428626 0.792140
vt 0.939022 0.177504
vt 0.342951 0.924812
vt 0.428626 0.792140
vt 0.939022 0.177504
vt 0.428626 0.794628
vt 0.939022 0.177504
vt 0.426039 0.923217
vt 0.363787 0.986077
vt 0.428626 0.792140
vt 0.733129 0.996677
vt 0.908530 0.649865
vt 0.505894 0.872757
vt 0.505894 0.872757
vt 0.908530 0.649865
vt 0.863054 0.127504
vt 0.863054 0.127504
vt 0.830828 0.988225
vt 0.891757 0.128362
vt 0.891757 0.128362
vt 0.804944 0.817931
vt 0.979342 0.310156
vt 0.891757 0.128362
vt 0.465916 0.785563
vt 0.465916 0.785563
vt 0.465916 0.785563
vt 0.680049 0.994296
vt 0.680049 0.994296
vt 0.147629 0.978961
vt 0.456203 0.778167
vt 0.456203 0.778167
vt 0.456203 0.778167
vt 0.499282 0.882678
vt 0.499282 0.882678
vt 0.499282 0.882678
vt 0.953063 0.366306
vt 0.499282 0.882678
vt 0.953063 0.366306
vt 0.953063 0.366306
vt 0.137759 0.821017
vt 0.137759 0.821017
vt 0.137759 0.821017
vt 0.935662 0.646123
vt 0.133161 0.813036
vt 0.935662 0.646123
vt 0.517144 0.873274
vt 0.908632 0.661765
vt 0.908632 0.661765
vt 0.920115 0.296316
vt 0.381093 0.887491
vt 0.381093 0.887491
vt 0.920115 0.296316
vt 0.887473 0.303033
vt 0.053570 0.315941
vt 0.878802 0.298874
vt 0.760741 0.954916
vt 0.806792 0.823048
vt 0.231959 0.950327
vt 0.760741 0.954916
vt 0.806792 0.823048
vt 0.830828 0.994675
vt 0.994987 0.100380
vt 0.771202 0.948825
vt 0.159355 0.836680
vt 0.771202 0.948825
vt 0.221929 0.678416
vt 0.804944 0.845029
vt 0.479979 0.904980
vt 0.766064 0.976052
vt 0.766064 0.976052
vt 0.363062 0.897798
vt 0.363062 0.897798
vt 0.363062 0.897798
vt 0.363062 0.897798
vt 0.477161 0.787422
vt 0.957303 0.150071
vt 0.477161 0.787422
vt 0.957303 0.150071
vt 0.947220 0.282328
vt 0.448729 0.769939
vt 0.947220 0.282328
vt 0.054204 0.321770
vt 0.054204 0.321770
vt 0.054204 0.321770
vt 0.054204 0.321770
vt 0.346134 0.995058
vt 0.490494 0.899898
vt 0.827431 0.993095
vt 0.328066 0.969880
vt 0.501909 0.093255
vt 0.811101 0.391598
vt 0.811101 0.391598
vt 0.501909 0.093255
vt 0.811101 0.391598
vt 0.445338 0.783333
vt 0.445338 0.783333
vt 0.445338 0.783333
vt 0.368831 0.902218
vt 0.368831 0.902218
vt 0.680049 0.982062
vt 0.986812 0.345643
vt 0.455430 0.779260
vt 0.139041 0.836271
vt 0.139041 0.836271
vt 0.139041 0.836271
vt 0.139041 0.836271
vt 0.703327 0.175646
vt 0.389036 0.989227
vt 0.065988 0.989690
vt 0.543869 0.987262
vt 0.703327 0.175646
vt 0.708065 0.994214
vt 0.149917 0.941517
vt 0.350636 0.917487
vt 0.350636 0.917487
vt 0.807572 0.854759
vt 0.689468 0.969658
vt 0.995361 0.434456
vt 0.232121 0.678915
vt 0.055329 0.321803
vt 0.878584 0.304183
vt 0.055329 0.321803
vt 0.878584 0.304183
vt 0.995052 0.368885
vt 0.953857 0.365379
vt 0.995052 0.368885
vt 0.953857 0.365379
vt 0.995052 0.368885
vt 0.465602 0.790754
vt 0.465602 0.790754
vt 0.147598 0.981830
vt 0.465448 0.788669
vt 0.465448 0.788669
vt 0.995810 0.347213
vt 0.672845 0.982578
vt 0.995810 0.347213
vt 0.672845 0.982578
vt 0.570401 0.967637
vt 0.995810 0.347213
vt 0.570401 0.967637
vt 0.951793 0.364428
vt 0.951793 0.364428
vt 0.995604 0.371859
vt 0.964822 0.364724
vt 0.983299 0.230618
vt 0.964822 0.364724
vt 0.672938 0.992283
vt 0.138598 0.980813
vt 0.571489 0.977278
vt 0.571489 0.977278
vt 0.571489 0.977278
vt 0.138598 0.980813
vt 0.346784 0.991191
vt 0.828340 0.988225
vt 0.981987 0.234121
vt 0.503592 0.882636
vt 0.977006 0.445049
vt 0.503592 0.882636
vt 0.503592 0.882636
vt 0.949828 0.364508
vt 0.503096 0.883160
vt 0.950548 0.364471
vt 0.950548 0.364471
vt 0.714452 0.924999
vt 0.822774 0.735807
vt 0.822774 0.735807
vt 0.735214 0.997027
vt 0.814611 0.736404
vt 0.814611 0.736404
vt 0.814611 0.736404
vt 0.814611 0.736404
vt 0.426039 0.924730
vt 0.573929 0.251229
vt 0.810611 0.767859
vt 0.573929 0.251229
vt 0.453146 0.780517
vt 0.453146 0.780517
vt 0.986974 0.347928
vt 0.517411 0.875545
vt 0.908531 0.664486
vt 0.517411 0.875545
vt 0.908531 0.664486
vt 0.147627 0.987391
vt 0.464813 0.794852
vt 0.147627 0.987391
vt 0.964361 0.357441
vt 0.990603 0.232333
vt 0.958745 0.503931
vt 0.964361 0.357441
vt 0.846578 0.987279
vt 0.964361 0.357441
vt 0.935784 0.657564
vt 0.120276 0.818296
vt 0.935784 0.657564
vt 0.976915 0.927610
vt 0.804944 0.855753
vt 0.986781 0.928751
vt 0.996025 0.437750
vt 0.954385 0.357377
vt 0.954385 0.357377
vt 0.954385 0.357377
vt 0.954385 0.357377
vt 0.986874 0.370521
vt 0.427270 0.916021
vt 0.993350 0.244783
vt 0.427270 0.916021
vt 0.968738 0.503464
vt 0.427270 0.916021
vt 0.704690 0.175741
vt 0.706784 0.992766
vt 0.962155 0.353064
vt 0.962155 0.353064
vt 0.064563 0.989690
vt 0.197698 0.327167
vt 0.197698 0.327167
vt 0.987391 0.932663
vt 0.996743 0.442426
vt 0.987391 0.932663
vt 0.987391 0.932663
vt 0.147465 0.984299
vt 0.147465 0.984299
vt 0.465025 0.791341
vt 0.714297 0.908926
vt 0.477256 0.807231
vt 0.841450 0.736875
vt 0.841450 0.736875
vt 0.428626 0.820903
vt 0.363011 0.958688
vt 0.428626 0.820903
vt 0.474481 0.808323
vt 0.474481 0.808323
vt 0.129884 0.829360
vt 0.129884 0.829360
vt 0.427845 0.914314
vt 0.566623 0.973400
vt 0.427845 0.914314
vt 0.566623 0.973400
vt 0.427845 0.914314
vt 0.566623 0.973400
vt 0.158912 0.850247
vt 0.158912 0.850247
vt 0.231959 0.955146
vt 0.231959 0.955146
vt 0.759552 0.948891
vt 0.145206 0.927448
vt 0.362947 0.909733
vt 0.145206 0.927448
vt 0.362947 0.909733
vt 0.136865 0.834756
vt 0.136865 0.834756
vt 0.136865 0.834756
vt 0.730237 0.855765
vt 0.730237 0.855765
vt 0.427968 0.907370
vt 0.730237 0.855765
vt 0.989921 0.809118
vt 0.730237 0.855765
vt 0.139089 0.990042
vt 0.920503 0.687902
vt 0.562875 0.983419
vt 0.920503 0.687902
vt 0.992936 0.583212
vt 0.562875 0.983419
vt 0.139089 0.990042
vt 0.562875 0.983419
vt 0.057193 0.324201
vt 0.878358 0.307183
vt 0.887919 0.317016
vt 0.950552 0.363241
vt 0.950552 0.363241
vt 0.973514 0.697786
vt 0.977006 0.446911
vt 0.995536 0.374211
vt 0.449938 0.782003
vt 0.986879 0.350937
vt 0.449938 0.782003
vt 0.565938 0.970327
vt 0.565938 0.970327
vt 0.427383 0.911219
vt 0.427383 0.911219
vt 0.709323 0.175095
vt 0.709323 0.175095
vt 0.957513 0.352214
vt 0.709323 0.175095
vt 0.714218 0.922602
vt 0.825875 0.736570
vt 0.714218 0.922602
vt 0.714218 0.922602
vt 0.825875 0.736570
vt 0.504114 0.883339
vt 0.972606 0.697553
vt 0.977359 0.446261
vt 0.566272 0.976427
vt 0.994215 0.245834
vt 0.428705 0.917181
vt 0.708065 0.987580
vt 0.709989 0.175889
vt 0.709989 0.175889
vt 0.709989 0.175889
vt 0.947236 0.296415
vt 0.432967 0.776509
vt 0.947236 0.296415
vt 0.492860 0.902255
vt 0.328066 0.974735
vt 0.492860 0.902255
vt 0.492860 0.902255
vt 0.492860 0.902255
vt 0.057583 0.325645
vt 0.057583 0.325645
vt 0.057583 0.325645
vt 0.003766 0.373012
vt 0.684196 0.258352
vt 0.003766 0.373012
vt 0.003766 0.373012
vt 0.684196 0.258352
vt 0.543801 0.992155
vt 0.700998 0.170911
vt 0.543801 0.992155
vt 0.700998 0.170911
vt 0.260338 0.315012
vt 0.949828 0.353575
vt 0.967085 0.772563
vt 0.986902 0.378488
vt 0.426557 0.909667
vt 0.426557 0.909667
vt 0.989921 0.804965
vt 0.426557 0.909667
vt 0.717931 0.856592
vt 0.968738 0.509883
vt 0.993350 0.251352
vt 0.717931 0.856592
vt 0.717931 0.856592
vt 0.937091 0.988520
vt 0.373258 0.987438
vt 0.507315 0.883024
vt 0.507315 0.883024
vt 0.972606 0.694584
vt 0.157862 0.944005
vt 0.059523 0.326809
vt 0.059523 0.326809
vt 0.877897 0.310664
vt 0.059523 0.326809
vt 0.962143 0.773645
vt 0.607163 0.989391
vt 0.954438 0.350315
vt 0.962143 0.773645
vt 0.404625 0.989227
vt 0.712065 0.170287
vt 0.562020 0.963870
vt 0.562020 0.963870
vt 0.995692 0.355250
vt 0.995692 0.355250
vt 0.995692 0.355250
vt 0.562020 0.963870
vt 0.828201 0.992125
vt 0.981964 0.238437
vt 0.973973 0.696091
vt 0.995445 0.376594
vt 0.158471 0.945944
vt 0.973973 0.696091
vt 0.995445 0.376594
vt 0.713445 0.171623
vt 0.606094 0.988068
vt 0.713445 0.171623
vt 0.713445 0.171623
vt 0.147190 0.990033
vt 0.147190 0.990033
vt 0.147190 0.990033
vt 0.550935 0.993414
vt 0.147190 0.990033
vt 0.065738 0.992182
vt 0.847725 0.994290
vt 0.963572 0.351380
vt 0.388225 0.991529
vt 0.388225 0.991529
vt 0.543691 0.990357
vt 0.389036 0.992538
vt 0.145517 0.841221
vt 0.145517 0.841221
vt 0.145517 0.841221
vt 0.480235 0.910978
vt 0.806090 0.842439
vt 0.480235 0.910978
vt 0.806090 0.842439
vt 0.480235 0.910978
vt 0.759552 0.976177
vt 0.445535 0.784281
vt 0.445535 0.784281
vt 0.986826 0.355260
vt 0.445535 0.784281
vt 0.525587 0.950578
vt 0.562256 0.979105
vt 0.994463 0.250087
vt 0.718182 0.854899
vt 0.476627 0.806278
vt 0.715333 0.908424
vt 0.715333 0.908424
vt 0.428626 0.764783
vt 0.941118 0.150226
vt 0.549754 0.992691
vt 0.929092 0.688727
vt 0.992936 0.591682
vt 0.464147 0.799026
vt 0.464147 0.799026
vt 0.147629 0.991274
vt 0.464147 0.799026
vt 0.159446 0.944005
vt 0.372834 0.989804
vt 0.507700 0.884561
vt 0.995683 0.378989
vt 0.995683 0.378989
vt 0.062183 0.330208
vt 0.877805 0.314932
vt 0.062183 0.330208
vt 0.877805 0.314932
vt 0.062183 0.330208
vt 0.562022 0.968282
vt 0.728986 0.854184
vt 0.513239 0.987571
vt 0.988824 0.807945
vt 0.428660 0.908506
vt 0.866215 0.128306
vt 0.805098 0.840586
vt 0.866215 0.128306
vt 0.805098 0.840586
vt 0.388406 0.994281
vt 0.489818 0.890235
vt 0.542826 0.992133
vt 0.846578 0.996524
vt 0.962335 0.509883
vt 0.367008 0.987438
vt 0.891241 0.130277
vt 0.971728 0.271656
vt 0.891241 0.130277
vt 0.158775 0.852378
vt 0.158775 0.852378
vt 0.891241 0.130277
vt 0.488441 0.894839
vt 0.957245 0.509883
vt 0.990862 0.241010
vt 0.488441 0.894839
vt 0.990862 0.241010
vt 0.480867 0.912433
vt 0.831451 0.985737
vt 0.244340 0.987480
vt 0.480867 0.912433
vt 0.509244 0.885995
vt 0.373258 0.992367
vt 0.509244 0.885995
vt 0.509244 0.885995
vt 0.509244 0.885995
vt 0.509244 0.885995
vt 0.491545 0.900996
vt 0.981927 0.241031
vt 0.328317 0.972354
vt 0.828340 0.994314
vt 0.981927 0.241031
vt 0.425729 0.924312
vt 0.714885 0.932905
vt 0.427044 0.792050
vt 0.814439 0.736921
vt 0.426715 0.784732
vt 0.426715 0.784732
vt 0.715333 0.926037
vt 0.994534 0.098869
vt 0.831660 0.993326
vt 0.979342 0.304910
vt 0.233234 0.952310
vt 0.888192 0.128507
vt 0.233234 0.952310
vt 0.978835 0.306647
vt 0.994987 0.097320
vt 0.427207 0.777422
vt 0.715135 0.919503
vt 0.715135 0.919503
vt 0.715135 0.919503
vt 0.427207 0.777422
vt 0.115431 0.820347
vt 0.935799 0.661931
vt 0.935799 0.661931
vt 0.935799 0.661931
vt 0.935799 0.661931
vt 0.066383 0.334497
vt 0.877790 0.320931
vt 0.877790 0.320931
vt 0.150338 0.920613
vt 0.150338 0.920613
vt 0.369666 0.907773
vt 0.369666 0.907773
vt 0.714462 0.914151
vt 0.714462 0.914151
vt 0.714462 0.914151
vt 0.835066 0.735928
vt 0.976858 0.940000
vt 0.343509 0.745444
vt 0.780312 0.309544
vt 0.780312 0.309544
vt 0.343509 0.745444
vt 0.427191 0.820862
vt 0.476476 0.808369
vt 0.841500 0.738256
vt 0.476476 0.808369
vt 0.841500 0.738256
vt 0.820729 0.736508
vt 0.714807 0.927135
vt 0.714807 0.927135
vt 0.980070 0.509804
vt 0.513976 0.989308
vt 0.728412 0.855519
vt 0.479744 0.912139
vt 0.864299 0.128864
vt 0.804944 0.842541
vt 0.864299 0.128864
vt 0.891196 0.128835
vt 0.233041 0.954818
vt 0.159561 0.851174
vt 0.891196 0.128835
vt 0.586266 0.460258
vt 0.759566 0.810066
vt 0.938226 0.637930
vt 0.084118 0.842799
vt 0.586266 0.460258
vt 0.755308 0.917084
vt 0.938226 0.637930
vt 0.084118 0.842799
vt 0.586266 0.460258
vt 0.755308 0.917084
vt 0.759566 0.810066
vt 0.938226 0.637930
vt 0.938226 0.637930
vt 0.146969 0.992428
vt 0.550935 0.990708
vt 0.994827 0.591085
vt 0.495166 0.902004
vt 0.495166 0.902004
vt 0.981832 0.245736
vt 0.495166 0.902004
vt 0.495166 0.902004
vt 0.404625 0.994077
vt 0.710686 0.165637
vt 0.222010 0.746905
vt 0.606094 0.994291
vt 0.243438 0.987634
vt 0.864304 0.130699
vt 0.480435 0.913242
vt 0.864304 0.130699
vt 0.129326 0.839221
vt 0.129326 0.839221
vt 0.129326 0.839221
vt 0.129326 0.839221
vt 0.444732 0.788663
vt 0.986932 0.359405
vt 0.222010 0.753993
vt 0.543869 0.996924
vt 0.543869 0.996924
vt 0.703469 0.166003
vt 0.222010 0.753993
vt 0.703469 0.166003
vt 0.152148 0.931521
vt 0.362124 0.915918
vt 0.152148 0.931521
vt 0.259847 0.695913
vt 0.423696 0.794464
vt 0.432282 0.786108
vt 0.947216 0.304933
vt 0.947216 0.304933
vt 0.995589 0.381587
vt 0.508051 0.886643
vt 0.995589 0.381587
vt 0.721154 0.857609
vt 0.968130 0.318251
vt 0.525587 0.954659
vt 0.557949 0.976427
vt 0.721154 0.857609
vt 0.720467 0.857154
vt 0.525316 0.953679
vt 0.720467 0.857154
vt 0.157451 0.852399
vt 0.157451 0.852399
vt 0.830922 0.958555
vt 0.972640 0.271554
vt 0.972640 0.271554
vt 0.157451 0.852399
vt 0.382060 0.844096
vt 0.562964 0.301736
vt 0.427843 0.804496
vt 0.735214 0.986642
vt 0.824723 0.738755
vt 0.363471 0.974037
vt 0.363471 0.974037
vt 0.428547 0.806187
vt 0.836701 0.738677
vt 0.836701 0.738677
vt 0.426898 0.816123
vt 0.836701 0.738677
vt 0.836701 0.738677
vt 0.836701 0.738677
vt 0.873277 0.130243
vt 0.244340 0.996378
vt 0.831660 0.976651
vt 0.972282 0.254266
vt 0.831660 0.976651
vt 0.972282 0.254266
vt 0.821578 0.739572
vt 0.821578 0.739572
vt 0.366275 0.991048
vt 0.972116 0.267952
vt 0.972116 0.267952
vt 0.971728 0.261961
vt 0.367008 0.997367
vt 0.881320 0.130660
vt 0.881320 0.130660
vt 0.405543 0.992723
vt 0.821606 0.988225
vt 0.961996 0.776468
vt 0.064514 0.333960
vt 0.064514 0.333960
vt 0.840138 0.738875
vt 0.427155 0.819387
vt 0.840138 0.738875
vt 0.502849 0.888327
vt 0.967085 0.779908
vt 0.986842 0.387179
vt 0.502849 0.888327
vt 0.821606 0.994078
vt 0.967085 0.779908
vt 0.726513 0.857815
vt 0.726513 0.857815
vt 0.973341 0.318687
vt 0.977613 0.507374
vt 0.726513 0.857815
vt 0.443461 0.791542
vt 0.443461 0.791542
vt 0.840650 0.740218
vt 0.840650 0.740218
vt 0.487898 0.912468
vt 0.487898 0.912468
vt 0.824234 0.985642
vt 0.487898 0.912468
vt 0.965276 0.313960
vt 0.553919 0.978846
vt 0.920503 0.696444
vt 0.965276 0.313960
vt 0.987371 0.942581
vt 0.525577 0.915730
vt 0.987371 0.942581
vt 0.987371 0.942581
vt 0.184775 0.341588
vt 0.184775 0.341588
vt 0.525577 0.923475
vt 0.949869 0.515599
vt 0.988179 0.949069
vt 0.996770 0.027833
vt 0.949869 0.515599
vt 0.975871 0.313987
vt 0.513239 0.996719
vt 0.975871 0.313987
vt 0.995553 0.363817
vt 0.553919 0.968169
vt 0.975871 0.313987
vt 0.980070 0.503464
vt 0.727333 0.859226
vt 0.942340 0.979628
vt 0.269722 0.688604
vt 0.856471 0.174095
vt 0.856471 0.174095
vt 0.269722 0.688604
vt 0.929400 0.698221
vt 0.964402 0.304910
vt 0.453154 0.803133
vt 0.929400 0.698221
vt 0.493890 0.890801
vt 0.223205 0.753357
vt 0.493890 0.890801
vt 0.542681 0.996728
vt 0.493890 0.890801
vt 0.820659 0.988729
vt 0.222762 0.747512
vt 0.497393 0.886083
vt 0.405470 0.993641
vt 0.222762 0.747512
vt 0.499339 0.902968
vt 0.499339 0.902968
vt 0.499339 0.902968
vt 0.137874 0.846154
vt 0.137874 0.846154
vt 0.137874 0.846154
vt 0.358411 0.958773
vt 0.469688 0.810642
vt 0.358411 0.958773
vt 0.358411 0.958773
vt 0.358411 0.958773
vt 0.469688 0.810642
vt 0.508487 0.889773
vt 0.995514 0.385331
vt 0.508487 0.889773
vt 0.995514 0.385331
vt 0.720630 0.859516
vt 0.936818 0.983445
vt 0.720630 0.859516
vt 0.936818 0.983445
vt 0.877787 0.322646
vt 0.877787 0.322646
vt 0.069739 0.338384
vt 0.069739 0.338384
vt 0.069739 0.338384
vt 0.877069 0.326034
vt 0.509666 0.892814
vt 0.509666 0.892814
vt 0.995683 0.389484
vt 0.509666 0.892814
vt 0.444121 0.793758
vt 0.987113 0.364043
vt 0.351758 0.925319
vt 0.351758 0.925319
vt 0.354797 0.985859
vt 0.495966 0.896010
vt 0.495966 0.896010
vt 0.495966 0.896010
vt 0.990492 0.249658
vt 0.996770 0.016061
vt 0.976858 0.945161
vt 0.501275 0.901497
vt 0.982130 0.251899
vt 0.501275 0.901497
vt 0.982130 0.251899
vt 0.443505 0.795877
vt 0.986812 0.366213
vt 0.443505 0.795877
vt 0.443505 0.795877
vt 0.976347 0.304910
vt 0.499283 0.902025
vt 0.499283 0.902025
vt 0.888681 0.345843
vt 0.888681 0.345843
vt 0.888681 0.345843
vt 0.888681 0.345843
vt 0.260701 0.356014
vt 0.699057 0.130240
vt 0.260701 0.356014
vt 0.501072 0.903031
vt 0.984973 0.139467
vt 0.501072 0.903031
vt 0.984973 0.139467
vt 0.987900 0.948111
vt 0.997798 0.027436
vt 0.525316 0.922171
vt 0.964315 0.027440
vt 0.947135 0.319706
vt 0.431193 0.802814
vt 0.947135 0.319706
vt 0.764961 0.357180
vt 0.849279 0.791444
vt 0.849279 0.791444
vt 0.764961 0.357180
vt 0.074184 0.342520
vt 0.877138 0.332107
vt 0.074184 0.342520
vt 0.518480 0.889655
vt 0.518480 0.889655
vt 0.908482 0.680183
vt 0.518480 0.889655
vt 0.908482 0.680183
vt 0.717821 0.936298
vt 0.810570 0.985469
vt 0.717821 0.936298
vt 0.810570 0.985469
vt 0.500980 0.912757
vt 0.991916 0.145956
vt 0.525562 0.126836
vt 0.525562 0.126836
vt 0.159972 0.911504
vt 0.920029 0.319566
vt 0.159972 0.911504
vt 0.381357 0.908746
vt 0.426270 0.707587
vt 0.964315 0.001244
vt 0.135706 0.860953
vt 0.811714 0.958390
vt 0.135706 0.860953
vt 0.506570 0.897720
vt 0.506570 0.897720
vt 0.984980 0.131820
vt 0.428553 0.732727
vt 0.342951 0.985189
vt 0.939446 0.002346
vt 0.479744 0.915730
vt 0.479744 0.915730
vt 0.733329 0.078567
vt 0.853912 0.401706
vt 0.853912 0.401706
vt 0.733329 0.078567
vt 0.114081 0.846944
vt 0.114081 0.846944
vt 0.935498 0.685215
vt 0.742496 0.961323
vt 0.075443 0.345530
vt 0.075443 0.345530
vt 0.075443 0.345530
vt 0.385309 0.843406
vt 0.431193 0.071230
vt 0.385309 0.843406
vt 0.385309 0.843406
vt 0.077916 0.346069
vt 0.077916 0.346069
vt 0.877203 0.337257
vt 0.877203 0.337257
vt 0.633821 0.264763
vt 0.802041 0.771403
vt 0.633821 0.264763
vt 0.802041 0.771403
vt 0.633821 0.264763
vt 0.802041 0.771403
vt 0.939653 0.531783
vt 0.939653 0.531783
vt 0.360300 0.925922
vt 0.159972 0.938764
vt 0.345891 0.985713
vt 0.426270 0.734761
vt 0.878570 0.340738
vt 0.878570 0.340738
vt 0.342951 0.958568
vt 0.939022 0.028125
vt 0.452218 0.817607
vt 0.939022 0.028125
vt 0.154980 0.372974
vt 0.154980 0.372974
vt 0.877193 0.338982
vt 0.079152 0.347272
vt 0.877193 0.338982
vt 0.877133 0.342419
vt 0.081598 0.349688
vt 0.877133 0.342419
vt 0.081598 0.349688
vt 0.083847 0.352282
vt 0.876545 0.345830
vt 0.083847 0.352282
vt 0.876545 0.345830
vt 0.080329 0.349774
vt 0.908545 0.685217
vt 0.518840 0.894244
vt 0.743112 0.935170
vt 0.991916 0.120258
vt 0.908545 0.685217
vt 0.742214 0.960603
vt 0.934788 0.685414
vt 0.742214 0.960603
vt 0.934788 0.685414
vt 0.950949 0.531734
vt 0.950949 0.531734
vt 0.950949 0.531734
vt 0.980709 0.920772
vt 0.134519 0.861481
vt 0.717821 0.962157
vt 0.717821 0.962157
vt 0.810570 0.958771
vt 0.087567 0.353968
vt 0.876781 0.349692
vt 0.087026 0.354543
vt 0.087026 0.354543
vt 0.170304 0.355142
vt 0.951970 0.533120
vt 0.170304 0.355142
vt 0.951970 0.533120
vt 0.981964 0.922252
vt 0.950828 0.536068
vt 0.950828 0.536068
vt 0.980709 0.925122
vt 0.888850 0.358375
vt 0.888850 0.358375
vt 0.093678 0.355841
vt 0.876810 0.355415
vt 0.876810 0.355415
vt 0.950889 0.542781
vt 0.950889 0.542781
vt 0.160765 0.356925
vt 0.950889 0.542781
vt 0.939709 0.548994
vt 0.939709 0.548994
vt 0.939709 0.548994
vt 0.099774 0.357587
vt 0.876964 0.361042
vt 0.160563 0.358209
vt 0.951873 0.543323
vt 0.104416 0.360092
vt 0.104416 0.360092
vt 0.154552 0.358750
vt 0.950907 0.549255
vt 0.877023 0.364938
vt 0.103968 0.358825
vt 0.877023 0.364938
vt 0.889057 0.366122
vt 0.950691 0.554192
vt 0.149766 0.359974
vt 0.950691 0.554192
vt 0.950691 0.554192
vt 0.110661 0.360660
vt 0.877113 0.371058
vt 0.110661 0.360660
vt 0.877113 0.371058
vt 0.106540 0.359850
vt 0.106540 0.359850
vt 0.939086 0.556261
vt 0.939086 0.556261
vt 0.881533 0.372625
vt 0.128078 0.993450
vt 0.881533 0.372625
vt 0.943608 0.590331
vt 0.108313 0.361290
vt 0.108313 0.361290
vt 0.145370 0.361792
vt 0.951327 0.558919
vt 0.145370 0.361792
vt 0.948420 0.589873
vt 0.876811 0.373638
vt 0.113252 0.361681
vt 0.113252 0.361681
vt 0.948420 0.589873
vt 0.950575 0.559266
vt 0.950575 0.559266
vt 0.134618 0.993902
vt 0.948608 0.585540
vt 0.948608 0.585540
vt 0.948608 0.585540
vt 0.117862 0.373382
vt 0.117862 0.373382
vt 0.117862 0.373382
vt 0.117862 0.373382
vt 0.117862 0.373382
vt 0.117862 0.373382
vt 0.938224 0.575932
vt 0.134618 0.978806
vt 0.938224 0.575932
vt 0.950494 0.564235
vt 0.950494 0.564235
vt 0.950494 0.564235
vt 0.950494 0.564235
vt 0.939091 0.566548
vt 0.939091 0.566548
vt 0.949021 0.588380
vt 0.115010 0.362442
vt 0.949021 0.588380
vt 0.115010 0.362442
vt 0.951297 0.565487
vt 0.139004 0.363411
vt 0.951297 0.565487
vt 0.139004 0.363411
vt 0.139004 0.363411
vt 0.120063 0.363366
vt 0.949631 0.583748
vt 0.949631 0.583748
vt 0.938597 0.568872
vt 0.321931 0.833865
vt 0.321931 0.833865
vt 0.585269 0.996262
vt 0.615704 0.497894
vt 0.994637 0.660648
vt 0.041583 0.842799
vt 0.428070 0.426385
vt 0.605346 0.496038
vt 0.615704 0.497894
vt 0.605346 0.496038
vt 0.041583 0.842799
vt 0.615704 0.497894
vt 0.717879 0.932682
vt 0.994637 0.660648
vt 0.132214 0.364329
vt 0.950712 0.572275
vt 0.950712 0.572275
vt 0.938491 0.571874
vt 0.950242 0.575516
vt 0.950242 0.575516
vt 0.950242 0.575516
vt 0.129461 0.365425
vt 0.950859 0.575222
vt 0.129461 0.365425
vt 0.950859 0.575222
vt 0.921299 0.227475
vt 0.977368 0.567610
vt 0.921299 0.227475
vt 0.977368 0.567610
vt 0.954458 0.591549
vt 0.972687 0.274898
vt 0.621303 0.779995
vt 0.621303 0.779995
vt 0.954458 0.591549
vt 0.972687 0.274898
vt 0.954458 0.567239
vt 0.947171 0.227639
vt 0.947171 0.227639
vt 0.601146 0.766390
vt 0.384658 0.902014
vt 0.974307 0.954728
vt 0.982278 0.473958
vt 0.384658 0.902014
vt 0.384658 0.902014
vt 0.109402 0.895452
vt 0.284791 0.814029
vt 0.109402 0.895452
vt 0.958237 0.449598
vt 0.284791 0.814029
vt 0.082283 0.895441
vt 0.401562 0.884786
vt 0.982278 0.449823
vt 0.401562 0.884786
vt 0.851998 0.914103
vt 0.972687 0.302108
vt 0.851998 0.914103
vt 0.978608 0.591745
vt 0.304869 0.827461
vt 0.958246 0.473742
vt 0.974370 0.927610
vt 0.974370 0.927610
vt 0.304869 0.827461
vt 0.869273 0.897455
vt 0.920029 0.227507
vt 0.978508 0.567753
vt 0.869273 0.897455
vt 0.404847 0.894792
vt 0.404847 0.894792
vt 0.871973 0.973672
vt 0.404847 0.894792
vt 0.873353 0.897621
vt 0.920069 0.231682
vt 0.873353 0.897621
vt 0.082316 0.900499
vt 0.406415 0.884914
vt 0.406415 0.884914
vt 0.384724 0.907051
vt 0.969016 0.954795
vt 0.384724 0.907051
vt 0.384724 0.907051
vt 0.920048 0.243613
vt 0.884632 0.898317
vt 0.920048 0.243613
vt 0.884632 0.898317
vt 0.920048 0.243613
vt 0.988600 0.835914
vt 0.609587 0.785265
vt 0.609587 0.785265
vt 0.609587 0.785265
vt 0.988600 0.835914
vt 0.395094 0.903615
vt 0.871973 0.986848
vt 0.395094 0.903615
vt 0.871973 0.986848
vt 0.281956 0.827567
vt 0.864169 0.918766
vt 0.864169 0.918766
vt 0.864169 0.918766
vt 0.871866 0.909784
vt 0.871866 0.909784
vt 0.871866 0.909784
vt 0.082327 0.905916
vt 0.411415 0.885220
vt 0.411415 0.885220
vt 0.109421 0.903967
vt 0.109421 0.903967
vt 0.275119 0.817959
vt 0.101198 0.917199
vt 0.101198 0.917199
vt 0.255913 0.378188
vt 0.255913 0.378188
vt 0.553629 0.124876
vt 0.611503 0.500382
vt 0.814528 0.793990
vt 0.851998 0.935791
vt 0.893018 0.366492
vt 0.949724 0.302422
vt 0.851998 0.935791
vt 0.949724 0.302422
vt 0.949724 0.302422
vt 0.984486 0.953048
vt 0.599128 0.779014
vt 0.599128 0.779014
vt 0.599128 0.779014
vt 0.982790 0.080661
vt 0.689685 0.982062
vt 0.599128 0.779014
vt 0.813850 0.792402
vt 0.985704 0.954729
vt 0.813850 0.792402
vt 0.813850 0.792402
vt 0.813850 0.792402
vt 0.573225 0.301161
vt 0.573225 0.301161
vt 0.810645 0.840286
vt 0.573225 0.301161
vt 0.810645 0.840286
vt 0.810645 0.840286
vt 0.810645 0.840286
vt 0.292222 0.834990
vt 0.292222 0.834990
vt 0.292222 0.834990
vt 0.576858 0.776876
vt 0.947284 0.249683
vt 0.576858 0.776876
vt 0.947284 0.249683
vt 0.947284 0.249683
vt 0.621139 0.793136
vt 0.961528 0.275143
vt 0.961528 0.275143
vt 0.621139 0.793136
vt 0.609387 0.792223
vt 0.988628 0.841882
vt 0.609387 0.792223
vt 0.988628 0.841882
vt 0.609387 0.792223
vt 0.873699 0.971075
vt 0.408710 0.895293
vt 0.873699 0.971075
vt 0.596243 0.779855
vt 0.596243 0.779855
vt 0.596243 0.779855
vt 0.596243 0.779855
vt 0.570723 0.893016
vt 0.951807 0.927992
vt 0.304399 0.853765
vt 0.570723 0.893016
vt 0.304399 0.853765
vt 0.951807 0.927992
vt 0.304399 0.853765
vt 0.570723 0.893016
vt 0.873526 0.988313
vt 0.981269 0.542709
vt 0.395448 0.906280
vt 0.395448 0.906280
vt 0.872851 0.974677
vt 0.872851 0.974677
vt 0.994646 0.618022
vt 0.872851 0.974677
vt 0.530858 0.982233
vt 0.866042 0.925313
vt 0.866042 0.925313
vt 0.250054 0.987480
vt 0.708445 0.119105
vt 0.708445 0.119105
vt 0.708445 0.119105
vt 0.608770 0.785653
vt 0.689685 0.993776
vt 0.987577 0.836568
vt 0.872705 0.986413
vt 0.981686 0.540104
vt 0.872705 0.986413
vt 0.872705 0.986413
vt 0.877418 0.185433
vt 0.569510 0.905014
vt 0.877418 0.185433
vt 0.569510 0.905014
vt 0.980057 0.365546
vt 0.986052 0.619364
vt 0.844090 0.987280
vt 0.881099 0.975459
vt 0.881099 0.975459
vt 0.881099 0.975459
vt 0.881099 0.975459
vt 0.986052 0.619364
vt 0.609241 0.793980
vt 0.609241 0.793980
vt 0.609241 0.793980
vt 0.988322 0.843404
vt 0.082473 0.916998
vt 0.082473 0.916998
vt 0.082473 0.916998
vt 0.422051 0.885572
vt 0.686945 0.983101
vt 0.986248 0.081253
vt 0.986248 0.081253
vt 0.686945 0.983101
vt 0.986248 0.081253
vt 0.597278 0.780512
vt 0.983143 0.082895
vt 0.597278 0.780512
vt 0.983143 0.082895
vt 0.608893 0.791436
vt 0.987915 0.841407
vt 0.987915 0.841407
vt 0.735214 0.978316
vt 0.735214 0.978316
vt 0.979343 0.838008
vt 0.683074 0.993488
vt 0.735214 0.978316
vt 0.734446 0.968230
vt 0.991770 0.082296
vt 0.682537 0.983391
vt 0.734446 0.968230
vt 0.734446 0.968230
vt 0.866402 0.990932
vt 0.701811 0.119392
vt 0.701811 0.119392
vt 0.701811 0.119392
vt 0.701811 0.119392
vt 0.070818 0.892953
vt 0.292906 0.995198
vt 0.810570 0.988225
vt 0.070818 0.892953
vt 0.292906 0.995198
vt 0.810570 0.988225
vt 0.070818 0.892953
vt 0.759553 0.404830
vt 0.849359 0.839663
vt 0.612714 0.420586
vt 0.849359 0.839663
vt 0.953555 0.686591
vt 0.873600 0.973019
vt 0.873600 0.973019
vt 0.995116 0.620552
vt 0.995116 0.620552
vt 0.873600 0.973019
vt 0.881104 0.985045
vt 0.990152 0.542008
vt 0.990152 0.542008
vt 0.881104 0.985045
vt 0.282747 0.838043
vt 0.282747 0.838043
vt 0.282747 0.838043
vt 0.589634 0.784283
vt 0.982977 0.090256
vt 0.589634 0.784283
vt 0.982977 0.090256
vt 0.589634 0.784283
vt 0.889747 0.898724
vt 0.920180 0.248973
vt 0.889747 0.898724
vt 0.920180 0.248973
vt 0.920180 0.248973
vt 0.920180 0.248973
vt 0.864310 0.185984
vt 0.384658 0.924448
vt 0.569567 0.916905
vt 0.864310 0.185984
vt 0.569567 0.916905
vt 0.275838 0.834549
vt 0.343822 0.844395
vt 0.953555 0.696689
vt 0.769375 0.407269
vt 0.343822 0.844395
vt 0.612820 0.430706
vt 0.293791 0.994048
vt 0.293791 0.994048
vt 0.293791 0.994048
vt 0.730362 0.976732
vt 0.730362 0.976732
vt 0.989310 0.175043
vt 0.709239 0.110020
vt 0.709239 0.110020
vt 0.250054 0.996539
vt 0.239768 0.987480
vt 0.989310 0.175043
vt 0.985752 0.920973
vt 0.385153 0.923285
vt 0.570723 0.916875
vt 0.951807 0.954948
vt 0.385153 0.923285
vt 0.856561 0.188649
vt 0.658122 0.428848
vt 0.269832 0.698711
vt 0.856561 0.188649
vt 0.658122 0.428848
vt 0.976643 0.924117
vt 0.260275 0.372229
vt 0.183280 0.993078
vt 0.698232 0.114096
vt 0.976643 0.924117
vt 0.353704 0.988564
vt 0.699902 0.117714
vt 0.183280 0.989351
vt 0.699902 0.117714
vt 0.872756 0.920900
vt 0.872756 0.920900
vt 0.528191 0.974351
vt 0.872756 0.920900
vt 0.528191 0.974351
vt 0.962442 0.697621
vt 0.617991 0.894790
vt 0.962442 0.697621
vt 0.971547 0.445049
vt 0.617991 0.894790
vt 0.380726 0.995879
vt 0.568674 0.488326
vt 0.568674 0.488326
vt 0.568674 0.488326
vt 0.291966 0.987427
vt 0.380726 0.987438
vt 0.291966 0.987427
vt 0.380726 0.987438
vt 0.562964 0.490114
vt 0.078291 0.890302
vt 0.701806 0.118541
vt 0.865616 0.991981
vt 0.885683 0.983088
vt 0.293351 0.987928
vt 0.293351 0.987928
vt 0.729895 0.970618
vt 0.981323 0.549506
vt 0.396043 0.912309
vt 0.981323 0.549506
vt 0.707335 0.117984
vt 0.885830 0.977532
vt 0.885830 0.977532
vt 0.707335 0.117984
vt 0.707335 0.117984
vt 0.992046 0.090857
vt 0.725527 0.964645
vt 0.992046 0.090857
vt 0.992046 0.090857
vt 0.398853 0.989227
vt 0.411693 0.895880
vt 0.411693 0.895880
vt 0.875372 0.969186
vt 0.893018 0.342186
vt 0.620584 0.806344
vt 0.620584 0.806344
vt 0.950112 0.275235
vt 0.893018 0.342186
vt 0.891775 0.351878
vt 0.328066 0.967392
vt 0.830898 0.793782
vt 0.891775 0.351878
vt 0.841526 0.794112
vt 0.621303 0.807407
vt 0.328066 0.956759
vt 0.621303 0.807407
vt 0.841526 0.794112
vt 0.891845 0.342603
vt 0.045037 0.757076
vt 0.655538 0.290076
vt 0.959114 0.594420
vt 0.655538 0.290076
vt 0.045037 0.757076
vt 0.234017 0.522371
vt 0.234143 0.524859
vt 0.655538 0.290076
vt 0.655538 0.290076
vt 0.655538 0.290076
vt 0.260483 0.824508
vt 0.109638 0.917344
vt 0.260483 0.824508
vt 0.109638 0.917344
vt 0.729624 0.977697
vt 0.811855 0.988919
vt 0.294359 0.994919
vt 0.995352 0.624312
vt 0.875125 0.970490
vt 0.995352 0.624312
vt 0.801462 0.978514
vt 0.986096 0.627238
vt 0.986096 0.627238
vt 0.975886 0.361388
vt 0.986096 0.627238
vt 0.726777 0.984154
vt 0.979817 0.847019
vt 0.979817 0.847019
vt 0.726777 0.984154
vt 0.979817 0.847019
vt 0.726777 0.984154
vt 0.979817 0.847019
vt 0.530925 0.964843
vt 0.878556 0.913226
vt 0.878556 0.913226
vt 0.873968 0.919533
vt 0.528129 0.972538
vt 0.873968 0.919533
vt 0.303207 0.855572
vt 0.303207 0.855572
vt 0.659348 0.462696
vt 0.183410 0.959617
vt 0.861960 0.990932
vt 0.303207 0.855572
vt 0.708346 0.116669
vt 0.842816 0.993617
vt 0.985752 0.925122
vt 0.886591 0.976415
vt 0.250904 0.989834
vt 0.608550 0.798497
vt 0.608550 0.798497
vt 0.569445 0.898869
vt 0.569445 0.898869
vt 0.884525 0.185789
vt 0.644033 0.290507
vt 0.644033 0.290507
vt 0.866402 0.993983
vt 0.700348 0.116504
vt 0.886749 0.984370
vt 0.182175 0.990453
vt 0.895073 0.232541
vt 0.441710 0.071502
vt 0.895073 0.232541
vt 0.895073 0.232541
vt 0.441710 0.071502
vt 0.441710 0.071502
vt 0.294359 0.986644
vt 0.379539 0.990426
vt 0.727975 0.969551
vt 0.800488 0.997524
vt 0.990456 0.551118
vt 0.654861 0.498272
vt 0.885546 0.989760
vt 0.885546 0.989760
vt 0.885546 0.989760
vt 0.852438 0.936900
vt 0.611619 0.501235
vt 0.659375 0.866330
vt 0.852438 0.936900
vt 0.986072 0.891113
vt 0.291302 0.846365
vt 0.291302 0.846365
vt 0.587129 0.460904
vt 0.587129 0.460904
vt 0.283803 0.840865
vt 0.283803 0.840865
vt 0.283803 0.840865
vt 0.588398 0.783673
vt 0.588398 0.783673
vt 0.988018 0.846997
vt 0.608290 0.797667
vt 0.988018 0.846997
vt 0.608290 0.797667
vt 0.608290 0.797667
vt 0.981805 0.550350
vt 0.981805 0.550350
vt 0.981805 0.550350
vt 0.609651 0.991160
vt 0.413621 0.897968
vt 0.398853 0.993436
vt 0.413621 0.897968
vt 0.413621 0.897968
vt 0.520968 0.988901
vt 0.998673 0.254387
vt 0.569543 0.893188
vt 0.304869 0.855253
vt 0.891371 0.186646
vt 0.863128 0.991033
vt 0.568857 0.499440
vt 0.066488 0.889141
vt 0.568857 0.499440
vt 0.810570 0.993682
vt 0.182430 0.991714
vt 0.657301 0.500754
vt 0.887517 0.984957
vt 0.978220 0.925122
vt 0.182430 0.991714
vt 0.844090 0.996377
vt 0.984452 0.923419
vt 0.991131 0.172004
vt 0.980057 0.358855
vt 0.799367 0.982283
vt 0.725508 0.968533
vt 0.725508 0.968533
vt 0.725508 0.968533
vt 0.379558 0.992796
vt 0.962442 0.694584
vt 0.520043 0.987571
vt 0.876892 0.969145
vt 0.995136 0.627734
vt 0.995136 0.627734
vt 0.398386 0.991547
vt 0.654861 0.501568
vt 0.799204 0.992648
vt 0.977758 0.922621
vt 0.799204 0.992648
vt 0.977758 0.922621
vt 0.726300 0.979420
vt 0.811772 0.992379
vt 0.726300 0.979420
vt 0.811772 0.992379
vt 0.726300 0.979420
vt 0.814762 0.794135
vt 0.985704 0.952869
vt 0.610978 0.501235
vt 0.814800 0.795469
vt 0.658886 0.866694
vt 0.814800 0.795469
vt 0.814800 0.795469
vt 0.985535 0.951907
vt 0.814800 0.795469
vt 0.617090 0.359207
vt 0.109988 0.994175
vt 0.765808 0.809599
vt 0.765808 0.809599
vt 0.996437 0.402039
vt 0.938269 0.631987
vt 0.617090 0.359207
vt 0.765808 0.809599
vt 0.328863 0.961163
vt 0.891732 0.346055
vt 0.589114 0.786054
vt 0.589114 0.786054
vt 0.982985 0.092037
vt 0.397391 0.913625
vt 0.981372 0.552289
vt 0.609888 0.989180
vt 0.619425 0.808226
vt 0.659749 0.892604
vt 0.985923 0.863901
vt 0.659749 0.892604
vt 0.961493 0.696059
vt 0.723751 0.969830
vt 0.723751 0.969830
vt 0.724856 0.978907
vt 0.811856 0.993789
vt 0.567858 0.498252
vt 0.724856 0.978907
vt 0.989544 0.023594
vt 0.981269 0.553401
vt 0.397817 0.914393
vt 0.981269 0.553401
vt 0.397817 0.914393
vt 0.609651 0.988068
vt 0.658711 0.892650
vt 0.620700 0.808429
vt 0.841555 0.795303
vt 0.841555 0.795303
vt 0.183815 0.986863
vt 0.385712 0.924754
vt 0.864130 0.187564
vt 0.659237 0.436392
vt 0.871973 0.994535
vt 0.385712 0.924754
vt 0.274066 0.842725
vt 0.274066 0.842725
vt 0.274066 0.842725
vt 0.274066 0.842725
vt 0.800508 0.983550
vt 0.990879 0.174118
vt 0.800508 0.983550
vt 0.133753 0.422698
vt 0.133753 0.422698
vt 0.133753 0.422698
vt 0.806979 0.983426
vt 0.986052 0.635900
vt 0.806979 0.983426
vt 0.806979 0.983426
vt 0.977015 0.629752
vt 0.606212 0.798604
vt 0.987773 0.848906
vt 0.606212 0.798604
vt 0.987773 0.848906
vt 0.588123 0.787510
vt 0.588123 0.787510
vt 0.617413 0.906558
vt 0.717821 0.979242
vt 0.717821 0.979242
vt 0.717821 0.979242
vt 0.269481 0.990183
vt 0.717821 0.979242
vt 0.979343 0.855545
vt 0.269481 0.990183
vt 0.569781 0.497907
vt 0.988561 0.025337
vt 0.569781 0.497907
vt 0.535175 0.967877
vt 0.879943 0.919541
vt 0.801388 0.983962
vt 0.801388 0.983962
vt 0.801388 0.983962
vt 0.801388 0.983962
vt 0.520043 0.995994
vt 0.995043 0.637806
vt 0.980942 0.215361
vt 0.995043 0.637806
vt 0.997410 0.263533
vt 0.980942 0.215361
vt 0.983275 0.624443
vt 0.352662 0.990920
vt 0.800305 0.992052
vt 0.978220 0.921280
vt 0.658793 0.439045
vt 0.872898 0.992380
vt 0.658793 0.439045
vt 0.658793 0.439045
vt 0.839404 0.795631
vt 0.839404 0.795631
vt 0.658508 0.890496
vt 0.658508 0.890496
vt 0.883205 0.187422
vt 0.658136 0.454951
vt 0.658136 0.454951
vt 0.658624 0.453646
vt 0.658624 0.453646
vt 0.659325 0.456766
vt 0.659325 0.456766
vt 0.659325 0.456766
vt 0.183414 0.965736
vt 0.183414 0.965736
vt 0.658122 0.460525
vt 0.889022 0.187645
vt 0.889022 0.187645
vt 0.861960 0.993302
vt 0.983275 0.637533
vt 0.989888 0.559437
vt 0.806979 0.993478
vt 0.806979 0.993478
vt 0.806979 0.993478
vt 0.806979 0.993478
vt 0.975175 0.227430
vt 0.659637 0.438264
vt 0.182923 0.984675
vt 0.659637 0.438264
vt 0.182923 0.984675
vt 0.182923 0.984675
vt 0.659637 0.438264
vt 0.871973 0.992248
vt 0.658775 0.881870
vt 0.658775 0.881870
vt 0.830485 0.795532
vt 0.830485 0.795532
vt 0.658496 0.877349
vt 0.825770 0.795430
vt 0.658496 0.877349
vt 0.825770 0.795430
vt 0.659749 0.872559
vt 0.985812 0.884581
vt 0.659749 0.872559
vt 0.985812 0.884581
vt 0.985812 0.884581
vt 0.717821 0.969383
vt 0.717821 0.969383
vt 0.269481 0.980407
vt 0.717821 0.969383
vt 0.991926 0.099039
vt 0.269481 0.980407
vt 0.717821 0.969383
vt 0.658266 0.445063
vt 0.658266 0.445063
vt 0.873090 0.187775
vt 0.658714 0.447247
vt 0.658714 0.447247
vt 0.878030 0.187416
vt 0.658186 0.449941
vt 0.878030 0.187416
vt 0.658186 0.449941
vt 0.658186 0.449941
vt 0.819937 0.795652
vt 0.819937 0.795652
vt 0.658604 0.871638
vt 0.658604 0.871638
vt 0.658542 0.869289
vt 0.658542 0.869289
vt 0.817446 0.795429
vt 0.820410 0.797229
vt 0.820410 0.797229
vt 0.820410 0.797229
vt 0.820410 0.797229
vt 0.801301 0.984764
vt 0.990899 0.175867
vt 0.990899 0.175867
vt 0.801301 0.984764
vt 0.701272 0.108665
vt 0.239768 0.995562
vt 0.353704 0.993829
vt 0.239768 0.995562
vt 0.701272 0.108665
vt 0.722528 0.971044
vt 0.960544 0.697210
vt 0.970952 0.446082
vt 0.722528 0.971044
vt 0.260535 0.379874
vt 0.697927 0.106529
vt 0.722460 0.977764
vt 0.521575 0.912907
vt 0.722460 0.977764
vt 0.989690 0.025894
vt 0.289502 0.861368
vt 0.171054 0.959615
vt 0.289502 0.861368
vt 0.283437 0.850668
vt 0.283437 0.850668
vt 0.988368 0.855605
vt 0.599617 0.802140
vt 0.599617 0.802140
vt 0.988368 0.855605
vt 0.988368 0.855605
vt 0.599617 0.802140
vt 0.588488 0.789150
vt 0.588488 0.789150
vt 0.240779 0.990470
vt 0.801944 0.986021
vt 0.801944 0.986021
vt 0.801944 0.986021
vt 0.991131 0.177454
vt 0.109524 0.925388
vt 0.260193 0.833745
vt 0.260193 0.833745
vt 0.109524 0.925388
vt 0.588157 0.792833
vt 0.982977 0.098300
vt 0.588157 0.792833
vt 0.588157 0.792833
vt 0.987542 0.851954
vt 0.987542 0.851954
vt 0.987542 0.851954
vt 0.523711 0.912707
vt 0.571426 0.496574
vt 0.621284 0.902945
vt 0.988561 0.027764
vt 0.523711 0.912707
vt 0.617413 0.897341
vt 0.617413 0.897341
vt 0.971547 0.446850
vt 0.721643 0.971303
vt 0.721643 0.971303
vt 0.395221 0.924770
vt 0.174064 0.986820
vt 0.174064 0.986820
vt 0.395221 0.924770
vt 0.395221 0.924770
vt 0.971786 0.890797
vt 0.866363 0.937424
vt 0.971786 0.890797
vt 0.535821 0.979740
vt 0.871704 0.928151
vt 0.535821 0.979740
vt 0.535821 0.979740
vt 0.352762 0.992800
vt 0.801589 0.991065
vt 0.240950 0.995445
vt 0.801589 0.991065
vt 0.801589 0.991065
vt 0.619882 0.902600
vt 0.522084 0.912183
vt 0.619882 0.902600
vt 0.721480 0.977140
vt 0.947257 0.257908
vt 0.576508 0.786361
vt 0.947257 0.257908
vt 0.521575 0.908563
vt 0.618558 0.899205
vt 0.618558 0.899205
vt 0.618558 0.899205
vt 0.423155 0.906910
vt 0.423155 0.906910
vt 0.065967 0.937703
vt 0.082283 0.940353
vt 0.423155 0.906910
vt 0.620649 0.873070
vt 0.973634 0.863715
vt 0.605628 0.813793
vt 0.973634 0.863715
vt 0.269935 0.728736
vt 0.269935 0.728736
vt 0.856400 0.232330
vt 0.856400 0.232330
vt 0.269935 0.728736
vt 0.106691 0.942841
vt 0.543869 0.960998
vt 0.889771 0.920625
vt 0.920029 0.272239
vt 0.106691 0.942841
vt 0.983053 0.227430
vt 0.405886 0.914392
vt 0.620649 0.892302
vt 0.981323 0.561801
vt 0.983053 0.227430
vt 0.405886 0.914392
vt 0.587604 0.795821
vt 0.587604 0.795821
vt 0.982790 0.101153
vt 0.260062 0.979615
vt 0.587604 0.795821
vt 0.261816 0.991114
vt 0.986892 0.857155
vt 0.261816 0.991114
vt 0.986892 0.857155
vt 0.002103 0.423526
vt 0.692279 0.291878
vt 0.002103 0.423526
vt 0.692279 0.291878
vt 0.260762 0.984849
vt 0.260762 0.984849
vt 0.260762 0.984849
vt 0.260762 0.984849
vt 0.592026 0.798824
vt 0.109497 0.929936
vt 0.109497 0.929936
vt 0.260099 0.839016
vt 0.260278 0.991635
vt 0.597266 0.803180
vt 0.260278 0.991635
vt 0.988340 0.857779
vt 0.947162 0.262644
vt 0.576189 0.791737
vt 0.576189 0.791737
vt 0.947162 0.262644
vt 0.412800 0.908341
vt 0.617413 0.883700
vt 0.982747 0.218247
vt 0.998673 0.266823
vt 0.588392 0.797104
vt 0.588392 0.797104
vt 0.259739 0.981088
vt 0.256880 0.423442
vt 0.560476 0.079401
vt 0.256880 0.423442
vt 0.256880 0.423442
vt 0.256880 0.423442
vt 0.560476 0.079401
vt 0.041583 0.965151
vt 0.162919 0.959642
vt 0.280045 0.864902
vt 0.162919 0.959642
vt 0.280045 0.864902
vt 0.596022 0.817408
vt 0.082283 0.969327
vt 0.082283 0.969327
vt 0.596022 0.817408
vt 0.965296 0.863585
vt 0.596022 0.817408
vt 0.596022 0.817408
vt 0.695559 0.058580
vt 0.996708 0.907015
vt 0.260518 0.428169
vt 0.260518 0.428169
vt 0.996708 0.907015
vt 0.511383 0.084316
vt 0.511383 0.084316
vt 0.469688 0.820095
vt 0.488995 0.957307
vt 0.511383 0.084316
vt 0.511383 0.084316
vt 0.083237 0.943061
vt 0.543869 0.984774
vt 0.872884 0.937406
vt 0.965296 0.890721
vt 0.965296 0.890721
vt 0.106691 0.968997
vt 0.947105 0.272410
vt 0.575828 0.803031
vt 0.947105 0.272410
vt 0.041731 0.938857
vt 0.406168 0.924753
vt 0.162919 0.986728
vt 0.406168 0.924753
vt 0.041731 0.938857
vt 0.065967 0.964019
vt 0.065967 0.964019
vt 0.259739 0.850698
vt 0.109396 0.940100
vt 0.109396 0.940100
vt 0.259739 0.850698
vt 0.259739 0.729775
vt 0.423508 0.843381
vt 0.259739 0.729775
vt 0.423508 0.843381
vt 0.236035 0.987480
vt 0.601994 0.485168
vt 0.585269 0.984837
vt 0.601994 0.485168
vt 0.982759 0.358327
vt 0.601994 0.485168
vt 0.993370 0.229918
vt 0.988560 0.887232
vt 0.993370 0.229918
vt 0.501165 0.957762
vt 0.523932 0.083243
vt 0.523932 0.083243
vt 0.501165 0.957762
vt 0.501165 0.957762
vt 0.523932 0.083243
vt 0.701932 0.393198
vt 0.528891 0.822003
vt 0.643367 0.291801
vt 0.643367 0.291801
vt 0.528891 0.822003
vt 0.643367 0.291801
vt 0.643367 0.291801
vt 0.847614 0.402296
vt 0.330094 0.719889
vt 0.480414 0.921641
vt 0.847614 0.402296
vt 0.644320 0.291084
vt 0.948127 0.596363
vt 0.529112 0.820746
vt 0.644320 0.291084
vt 0.489829 0.957025
vt 0.489829 0.957025
vt 0.512357 0.083598
vt 0.581510 0.438927
vt 0.234143 0.479785
vt 0.581510 0.438927
vt 0.959907 0.636065
vt 0.234143 0.490001
vt 0.234143 0.490001
vt 0.959907 0.626063
vt 0.959907 0.626063
vt 0.233139 0.479861
vt 0.233139 0.479861
vt 0.232928 0.562822
vt 0.582011 0.437638
vt 0.502173 0.916979
vt 0.502173 0.916979
vt 0.502173 0.916979
vt 0.502029 0.915730
vt 0.755847 0.078650
vt 0.755847 0.078650
vt 0.755847 0.078650
vt 0.503182 0.916703
vt 0.757036 0.078491
vt 0.503182 0.916703
vt 0.744467 0.392598
vt 0.495395 0.987700
vt 0.565574 0.820335
vt 0.948744 0.631858
vt 0.948744 0.631858
vt 0.545808 0.820202
vt 0.545808 0.820202
vt 0.948626 0.612686
vt 0.582636 0.444115
vt 0.954667 0.636662
vt 0.582636 0.444115
vt 0.954667 0.636662
vt 0.954667 0.636662
vt 0.001436 0.756734
vt 0.582982 0.438733
vt 0.234143 0.563790
vt 0.582982 0.438733
vt 0.583947 0.451354
vt 0.947369 0.637034
vt 0.491038 0.921094
vt 0.491038 0.921094
vt 0.340463 0.717562
vt 0.491038 0.921094
vt 0.689004 0.979440
vt 0.489129 0.916650
vt 0.489129 0.916650
vt 0.491452 0.928105
vt 0.491452 0.928105
vt 0.689004 0.972146
vt 0.382114 0.853166
vt 0.382114 0.853166
vt 0.569720 0.307829
vt 0.382114 0.853166
vt 0.382114 0.853166
vt 0.620551 0.985361
vt 0.620551 0.985361
vt 0.924693 0.821794
vt 0.951807 0.981970
vt 0.780933 0.908134
vt 0.620551 0.958175
vt 0.780933 0.908134
vt 0.780933 0.908134
vt 0.951807 0.957766
vt 0.780933 0.908134
vt 0.908330 0.804384
vt 0.662365 0.908424
vt 0.908330 0.804384
vt 0.975682 0.981220
vt 0.908330 0.804384
vt 0.873980 0.444607
vt 0.925379 0.781168
vt 0.982353 0.500728
vt 0.873980 0.444607
vt 0.925379 0.781168
vt 0.982353 0.500728
vt 0.925379 0.781168
vt 0.328597 0.910324
vt 0.202807 0.900188
vt 0.958243 0.476446
vt 0.202807 0.900188
vt 0.958243 0.476446
vt 0.301542 0.910324
vt 0.908330 0.763855
vt 0.908330 0.763855
vt 0.982239 0.476446
vt 0.908330 0.763855
vt 0.799881 0.893567
vt 0.975693 0.957436
vt 0.689218 0.908484
vt 0.799881 0.893567
vt 0.183551 0.914297
vt 0.873980 0.417426
vt 0.183551 0.914297
vt 0.183551 0.914297
vt 0.183551 0.914297
vt 0.958237 0.500297
vt 0.332263 0.718521
vt 0.482833 0.921358
vt 0.332263 0.718521
vt 0.482833 0.921358
vt 0.340090 0.718613
vt 0.433114 0.820938
vt 0.340090 0.718613
vt 0.340090 0.718613
vt 0.433114 0.820938
vt 0.689660 0.978626
vt 0.490484 0.921720
vt 0.565216 0.820984
vt 0.565216 0.820984
vt 0.615703 0.349045
vt 0.494818 0.988032
vt 0.565216 0.820984
vt 0.996437 0.391972
vt 0.488799 0.916187
vt 0.742441 0.078854
vt 0.742441 0.078854
vt 0.488799 0.916187
vt 0.908932 0.748884
vt 0.301504 0.925945
vt 0.908932 0.748884
vt 0.301504 0.925945
vt 0.495395 0.995928
vt 0.109988 0.991748
vt 0.940606 0.632629
vt 0.997217 0.399745
vt 0.940606 0.632629
vt 0.938634 0.632867
vt 0.110876 0.993523
vt 0.938634 0.632867
vt 0.662496 0.929831
vt 0.909735 0.783915
vt 0.662496 0.929831
vt 0.662496 0.929831
vt 0.909735 0.783915
vt 0.662496 0.929831
vt 0.909735 0.783915
vt 0.909735 0.783915
vt 0.701893 0.396742
vt 0.524363 0.079697
vt 0.701893 0.396742
vt 0.755841 0.028387
vt 0.755841 0.028387
vt 0.923060 0.760341
vt 0.923060 0.760341
vt 0.923060 0.760341
vt 0.923060 0.760341
vt 0.617090 0.429840
vt 0.950777 0.696120
vt 0.432806 0.976856
vt 0.432806 0.976856
vt 0.926948 0.811764
vt 0.181957 0.901680
vt 0.525349 0.925963
vt 0.192084 0.894823
vt 0.192084 0.894823
vt 0.192084 0.894823
vt 0.633005 0.309534
vt 0.633005 0.309534
vt 0.802027 0.836364
vt 0.802027 0.836364
vt 0.867992 0.417519
vt 0.867992 0.417519
vt 0.176944 0.911907
vt 0.176944 0.911907
vt 0.431193 0.964836
vt 0.431193 0.964836
vt 0.989719 0.897455
vt 0.431193 0.964836
vt 0.918834 0.802761
vt 0.918834 0.802761
vt 0.202581 0.886306
vt 0.328768 0.921366
vt 0.328768 0.921366
vt 0.689494 0.909831
vt 0.799746 0.891918
vt 0.689494 0.909831
vt 0.784664 0.886923
vt 0.784664 0.886923
vt 0.784664 0.886923
vt 0.784664 0.886923
vt 0.611167 0.985421
vt 0.933890 0.822150
vt 0.933890 0.822150
vt 0.611167 0.985421
vt 0.760889 0.901307
vt 0.234143 0.567074
vt 0.602674 0.958473
vt 0.760889 0.901307
vt 0.760889 0.901307
vt 0.760889 0.901307
vt 0.928264 0.770070
vt 0.928264 0.770070
vt 0.928264 0.770070
vt 0.928264 0.770070
vt 0.528659 0.847522
vt 0.528659 0.847522
vt 0.642712 0.309340
vt 0.528659 0.847522
vt 0.500986 0.056463
vt 0.811083 0.428612
vt 0.744822 0.431094
vt 0.757065 0.040178
vt 0.744822 0.431094
vt 0.757065 0.040178
vt 0.757065 0.040178
vt 0.179152 0.900257
vt 0.179152 0.900257
vt 0.525609 0.928813
vt 0.525609 0.928813
vt 0.689571 0.918364
vt 0.689571 0.918364
vt 0.799219 0.881439
vt 0.856399 0.444824
vt 0.427490 0.850723
vt 0.942050 0.781168
vt 0.061420 0.992925
vt 0.427490 0.850723
vt 0.856399 0.444824
vt 0.942050 0.781168
vt 0.910875 0.939210
vt 0.776850 0.895078
vt 0.776850 0.895078
vt 0.776850 0.895078
vt 0.469850 0.847645
vt 0.510807 0.056923
vt 0.510807 0.056923
vt 0.469850 0.847645
vt 0.909419 0.743410
vt 0.301614 0.931806
vt 0.301614 0.931806
vt 0.909419 0.743410
vt 0.996508 0.902678
vt 0.996508 0.902678
vt 0.448130 0.972913
vt 0.697258 0.062769
vt 0.697258 0.062769
vt 0.697258 0.062769
vt 0.996508 0.902678
vt 0.697258 0.062769
vt 0.849483 0.428773
vt 0.329674 0.736823
vt 0.849483 0.428773
vt 0.329674 0.736823
vt 0.849483 0.428773
vt 0.182097 0.900730
vt 0.318283 0.995086
vt 0.997205 0.863585
vt 0.182097 0.900730
vt 0.182097 0.900730
vt 0.234081 0.589640
vt 0.234081 0.589640
vt 0.602920 0.983946
vt 0.045231 0.775224
vt 0.656480 0.302470
vt 0.045231 0.775224
vt 0.656480 0.302470
vt 0.045231 0.775224
vt 0.433910 0.976193
vt 0.433910 0.976193
vt 0.433910 0.976193
vt 0.433910 0.976193
vt 0.986386 0.594420
vt 0.989347 0.898293
vt 0.431867 0.964678
vt 0.191587 0.894184
vt 0.987904 0.700713
vt 0.191587 0.894184
vt 0.318283 0.983591
vt 0.175527 0.989351
vt 0.191673 0.886113
vt 0.191673 0.886113
vt 0.191673 0.886113
vt 0.201652 0.873784
vt 0.328857 0.931789
vt 0.201652 0.873784
vt 0.201652 0.873784
vt 0.328857 0.931789
vt 0.328857 0.931789
vt 0.201652 0.873784
vt 0.986052 0.597043
vt 0.435008 0.977752
vt 0.986052 0.597043
vt 0.435008 0.977752
vt 0.868995 0.972878
vt 0.996660 0.702492
vt 0.311263 0.984140
vt 0.311263 0.984140
vt 0.868995 0.972878
vt 0.996660 0.702492
vt 0.163407 0.902055
vt 0.163407 0.902055
vt 0.163407 0.902055
vt 0.163407 0.902055
vt 0.841529 0.848423
vt 0.163407 0.902055
vt 0.163407 0.902055
vt 0.980463 0.899502
vt 0.440434 0.964085
vt 0.980463 0.899502
vt 0.440434 0.964085
vt 0.440434 0.964085
vt 0.869485 0.983198
vt 0.988934 0.864734
vt 0.311625 0.994448
vt 0.869485 0.983198
vt 0.988934 0.864734
vt 0.869485 0.983198
vt 0.432902 0.963284
vt 0.432902 0.963284
vt 0.989011 0.900396
vt 0.994794 0.596198
vt 0.992207 0.897455
vt 0.442010 0.974177
vt 0.992207 0.897455
vt 0.994794 0.596198
vt 0.257009 0.943982
vt 0.442010 0.974177
vt 0.994794 0.596198
vt 0.442010 0.974177
vt 0.442010 0.974177
vt 0.177562 0.899481
vt 0.525316 0.930397
vt 0.177562 0.899481
vt 0.525316 0.930397
vt 0.191073 0.889475
vt 0.987920 0.704731
vt 0.191073 0.889475
vt 0.191073 0.889475
vt 0.924125 0.755003
vt 0.909484 0.907771
vt 0.924125 0.755003
vt 0.705227 0.064750
vt 0.705227 0.064750
vt 0.705227 0.064750
vt 0.763494 0.837690
vt 0.763494 0.837690
vt 0.589198 0.363208
vt 0.763494 0.837690
vt 0.589198 0.363208
vt 0.589260 0.992017
vt 0.982759 0.366325
vt 0.995177 0.655832
vt 0.175455 0.898876
vt 0.175455 0.898876
vt 0.525609 0.932174
vt 0.174368 0.897596
vt 0.174368 0.897596
vt 0.997008 0.870849
vt 0.997008 0.870849
vt 0.638503 0.313870
vt 0.528548 0.854148
vt 0.638503 0.313870
vt 0.528548 0.854148
vt 0.445623 0.965731
vt 0.704767 0.063608
vt 0.445623 0.965731
vt 0.704767 0.063608
vt 0.768602 0.890950
vt 0.768602 0.890950
vt 0.768602 0.890950
vt 0.768602 0.890950
vt 0.768602 0.890950
vt 0.433246 0.961517
vt 0.989323 0.902362
vt 0.864158 0.975202
vt 0.864158 0.975202
vt 0.864158 0.975202
vt 0.989383 0.888855
vt 0.864158 0.975202
vt 0.989383 0.888855
vt 0.864962 0.981294
vt 0.864962 0.981294
vt 0.996302 0.657054
vt 0.984324 0.366067
vt 0.864962 0.981294
vt 0.990365 0.894919
vt 0.996302 0.657054
vt 0.236035 0.995424
vt 0.446295 0.970996
vt 0.995394 0.901310
vt 0.438844 0.981930
vt 0.936301 0.811695
vt 0.438844 0.981930
vt 0.936301 0.811695
vt 0.408031 0.989021
vt 0.936301 0.811695
vt 0.256764 0.963854
vt 0.942558 0.817507
vt 0.942558 0.817507
vt 0.988240 0.924323
vt 0.069220 0.993627
vt 0.989719 0.904995
vt 0.153862 0.946309
vt 0.919819 0.795734
vt 0.989719 0.904995
vt 0.919819 0.795734
vt 0.849389 0.841473
vt 0.849389 0.841473
vt 0.610778 0.419947
vt 0.849389 0.841473
vt 0.942663 0.775144
vt 0.913053 0.934961
vt 0.942663 0.775144
vt 0.257250 0.969814
vt 0.232659 0.591642
vt 0.232659 0.591642
vt 0.257250 0.969814
vt 0.863692 0.235940
vt 0.863692 0.235940
vt 0.863692 0.235940
vt 0.657593 0.925752
vt 0.001244 0.477108
vt 0.692279 0.328126
vt 0.754327 0.508684
vt 0.754327 0.508684
vt 0.001244 0.477108
vt 0.907286 0.916427
vt 0.931455 0.759835
vt 0.931455 0.759835
vt 0.992356 0.030613
vt 0.980658 0.907699
vt 0.980658 0.907699
vt 0.980658 0.907699
vt 0.992356 0.030613
vt 0.980658 0.907699
vt 0.437091 0.979086
vt 0.986538 0.600258
vt 0.437091 0.979086
vt 0.986538 0.600258
vt 0.264604 0.733884
vt 0.423610 0.849687
vt 0.264604 0.733884
vt 0.264604 0.733884
vt 0.233956 0.591329
vt 0.256677 0.968523
vt 0.069220 0.989690
vt 0.602405 0.985581
vt 0.942064 0.822150
vt 0.911231 0.926817
vt 0.937239 0.768928
vt 0.937239 0.768928
vt 0.937239 0.768928
vt 0.937239 0.768928
vt 0.428376 0.875634
vt 0.162927 0.907980
vt 0.842690 0.843936
vt 0.428376 0.875634
vt 0.062075 0.993543
vt 0.428376 0.850305
vt 0.814274 0.844175
vt 0.814274 0.844175
vt 0.164206 0.907253
vt 0.426947 0.874962
vt 0.856430 0.417517
vt 0.164206 0.907253
vt 0.164206 0.907253
vt 0.339489 0.735942
vt 0.431542 0.847868
vt 0.339489 0.735942
vt 0.339489 0.735942
vt 0.431542 0.847868
vt 0.615704 0.433194
vt 0.002268 0.795216
vt 0.002268 0.795216
vt 0.002268 0.795216
vt 0.308200 0.772459
vt 0.608490 0.433194
vt 0.448130 0.961848
vt 0.707981 0.059074
vt 0.707981 0.059074
vt 0.707981 0.059074
vt 0.707981 0.059074
vt 0.774345 0.885870
vt 0.774345 0.885870
vt 0.779648 0.884329
vt 0.860138 0.969145
vt 0.996909 0.710962
vt 0.996909 0.710962
vt 0.988843 0.889659
vt 0.988843 0.889659
vt 0.237280 0.990113
vt 0.994627 0.601897
vt 0.256677 0.949268
vt 0.566957 0.848331
vt 0.566957 0.848331
vt 0.566957 0.848331
vt 0.588695 0.353545
vt 0.566957 0.848331
vt 0.566957 0.848331
vt 0.861065 0.988444
vt 0.988560 0.873602
vt 0.861065 0.988444
vt 0.861065 0.988444
vt 0.988560 0.873602
vt 0.892282 0.235972
vt 0.232659 0.566278
vt 0.759552 0.902029
vt 0.892282 0.235972
vt 0.995416 0.902492
vt 0.995416 0.902492
vt 0.446963 0.971938
vt 0.759798 0.896090
vt 0.891172 0.240588
vt 0.759798 0.896090
vt 0.891172 0.240588
vt 0.891172 0.240588
vt 0.153862 0.944373
vt 0.919814 0.793752
vt 0.989451 0.907089
vt 0.919814 0.793752
vt 0.989451 0.907089
vt 0.856556 0.240341
vt 0.276176 0.734253
vt 0.856556 0.240341
vt 0.276176 0.734253
vt 0.276176 0.734253
vt 0.581283 0.308453
vt 0.810813 0.850731
vt 0.581283 0.308453
vt 0.810813 0.850731
vt 0.798437 0.868147
vt 0.689770 0.929248
vt 0.798437 0.868147
vt 0.689770 0.929248
vt 0.176137 0.993024
vt 0.189830 0.882830
vt 0.988011 0.710719
vt 0.189830 0.882830
vt 0.988011 0.710719
vt 0.988011 0.710719
vt 0.776727 0.885617
vt 0.990365 0.886756
vt 0.993350 0.232394
vt 0.860860 0.973614
vt 0.860860 0.973614
vt 0.446176 0.964565
vt 0.705763 0.062355
vt 0.976643 0.904743
vt 0.256951 0.967097
vt 0.068778 0.991310
vt 0.256951 0.967097
vt 0.932362 0.762219
vt 0.907455 0.918804
vt 0.932362 0.762219
vt 0.598133 0.422494
vt 0.343332 0.857658
vt 0.598133 0.422494
vt 0.992075 0.050217
vt 0.992207 0.906894
vt 0.994733 0.605637
vt 0.994733 0.605637
vt 0.257009 0.952128
vt 0.992075 0.050217
vt 0.992075 0.050217
vt 0.994733 0.605637
vt 0.988786 0.905787
vt 0.155024 0.945912
vt 0.988786 0.905787
vt 0.260641 0.445729
vt 0.662365 0.722624
vt 0.694767 0.041155
vt 0.260641 0.445729
vt 0.662365 0.722624
vt 0.842321 0.847323
vt 0.162919 0.903731
vt 0.842321 0.847323
vt 0.162919 0.903731
vt 0.995429 0.906310
vt 0.995429 0.906310
vt 0.989501 0.045802
vt 0.995429 0.906310
vt 0.862623 0.983104
vt 0.996287 0.659565
vt 0.170641 0.895763
vt 0.170641 0.895763
vt 0.997166 0.874645
vt 0.997166 0.874645
vt 0.890487 0.246926
vt 0.760007 0.887925
vt 0.890487 0.246926
vt 0.440003 0.980628
vt 0.935793 0.810707
vt 0.987050 0.605149
vt 0.408747 0.990344
vt 0.987050 0.605149
vt 0.385106 0.851259
vt 0.436965 0.063183
vt 0.385106 0.851259
vt 0.436965 0.063183
vt 0.814697 0.847786
vt 0.912604 0.937252
vt 0.062075 0.989690
vt 0.814697 0.847786
vt 0.912604 0.937252
vt 0.907181 0.914950
vt 0.930083 0.759075
vt 0.930083 0.759075
vt 0.864801 0.239833
vt 0.257250 0.965072
vt 0.864801 0.239833
vt 0.864801 0.239833
vt 0.989253 0.925122
vt 0.978835 0.312644
vt 0.976703 0.907861
vt 0.989501 0.035414
vt 0.706779 0.059152
vt 0.706779 0.059152
vt 0.783142 0.877102
vt 0.849448 0.850158
vt 0.601070 0.414371
vt 0.775845 0.884468
vt 0.155374 0.944005
vt 0.988347 0.908154
vt 0.988347 0.908154
vt 0.988347 0.908154
vt 0.988347 0.908154
vt 0.988347 0.908154
vt 0.841664 0.850970
vt 0.163185 0.898975
vt 0.841664 0.850970
vt 0.175527 0.994200
vt 0.189700 0.881511
vt 0.922861 0.792596
vt 0.922861 0.792596
vt 0.989397 0.911322
vt 0.922861 0.792596
vt 0.922861 0.792596
vt 0.860893 0.984378
vt 0.996302 0.661419
vt 0.996302 0.661419
vt 0.920933 0.793714
vt 0.988774 0.908909
vt 0.189474 0.986473
vt 0.282528 0.740062
vt 0.773741 0.979199
vt 0.856511 0.248989
vt 0.282528 0.740062
vt 0.856511 0.248989
vt 0.864997 0.244517
vt 0.942901 0.813720
vt 0.984815 0.027616
vt 0.989253 0.920671
vt 0.942901 0.813720
vt 0.984815 0.027616
vt 0.187329 0.881548
vt 0.187329 0.881548
vt 0.987930 0.713300
vt 0.988947 0.923877
vt 0.865163 0.241140
vt 0.988947 0.923877
vt 0.994014 0.234909
vt 0.858333 0.973906
vt 0.858333 0.973906
vt 0.272234 0.740497
vt 0.272234 0.740497
vt 0.423599 0.859642
vt 0.272234 0.740497
vt 0.272234 0.740497
vt 0.272234 0.740497
vt 0.966468 0.694584
vt 0.991134 0.036676
vt 0.979180 0.315248
vt 0.991134 0.036676
vt 0.704680 0.053991
vt 0.615693 0.988068
vt 0.615693 0.988068
vt 0.704680 0.053991
vt 0.978835 0.318200
vt 0.964929 0.696911
vt 0.146999 0.946491
vt 0.146999 0.946491
vt 0.994763 0.664931
vt 0.611873 0.495879
vt 0.994763 0.664931
vt 0.858401 0.983587
vt 0.858401 0.983587
vt 0.996058 0.663827
vt 0.858401 0.983587
vt 0.145206 0.946491
vt 0.996640 0.238413
vt 0.611811 0.487079
vt 0.996640 0.238413
vt 0.608490 0.486329
vt 0.611811 0.487079
vt 0.288192 0.953037
vt 0.914233 0.932602
vt 0.942842 0.771942
vt 0.301660 0.943920
vt 0.920638 0.743089
vt 0.301660 0.943920
vt 0.920638 0.743089
vt 0.913009 0.921402
vt 0.913009 0.921402
vt 0.937245 0.761851
vt 0.891217 0.242388
vt 0.979708 0.916032
vt 0.662461 0.982238
vt 0.997513 0.035224
vt 0.979708 0.916032
vt 0.997513 0.035224
vt 0.851998 0.984370
vt 0.963319 0.632874
vt 0.988909 0.882434
vt 0.851998 0.984370
vt 0.988909 0.882434
vt 0.187289 0.880273
vt 0.187289 0.880273
vt 0.187289 0.880273
vt 0.187289 0.880273
vt 0.187289 0.880273
vt 0.943155 0.768212
vt 0.916106 0.929890
vt 0.943155 0.768212
vt 0.937017 0.807106
vt 0.408031 0.994701
vt 0.937017 0.807106
vt 0.988640 0.910825
vt 0.922688 0.793714
vt 0.988640 0.910825
vt 0.701749 0.439244
vt 0.701749 0.439244
vt 0.525382 0.037362
vt 0.525382 0.037362
vt 0.701749 0.439244
vt 0.995389 0.909972
vt 0.995389 0.909972
vt 0.992120 0.044131
vt 0.995389 0.909972
vt 0.992120 0.044131
vt 0.912773 0.910838
vt 0.929885 0.754272
vt 0.912773 0.910838
vt 0.996494 0.880820
vt 0.689583 0.944627
vt 0.782185 0.861639
vt 0.689583 0.944627
vt 0.986073 0.027007
vt 0.863768 0.245175
vt 0.189474 0.995171
vt 0.328066 0.977223
vt 0.776231 0.875408
vt 0.776231 0.875408
vt 0.895104 0.244489
vt 0.450578 0.059170
vt 0.895104 0.244489
vt 0.891442 0.245920
vt 0.891442 0.245920
vt 0.698621 0.053686
vt 0.698621 0.053686
vt 0.996420 0.911698
vt 0.615693 0.994107
vt 0.996420 0.911698
vt 0.814617 0.853894
vt 0.915478 0.932869
vt 0.814617 0.853894
vt 0.915478 0.932869
vt 0.381830 0.865690
vt 0.578956 0.316505
vt 0.184888 0.880335
vt 0.184888 0.880335
vt 0.987916 0.715783
vt 0.584958 0.312016
vt 0.810826 0.855907
vt 0.584958 0.312016
vt 0.810826 0.855907
vt 0.584958 0.312016
vt 0.616983 0.993918
vt 0.992911 0.043482
vt 0.992911 0.043482
vt 0.616983 0.993918
vt 0.992911 0.043482
vt 0.995273 0.910962
vt 0.146403 0.944140
vt 0.286416 0.958943
vt 0.424517 0.994786
vt 0.966344 0.637246
vt 0.146403 0.944140
vt 0.855510 0.981858
vt 0.966344 0.637246
vt 0.851998 0.973692
vt 0.973915 0.633055
vt 0.993350 0.242294
vt 0.973915 0.633055
vt 0.996429 0.719586
vt 0.973915 0.633055
vt 0.972996 0.637695
vt 0.286416 0.952310
vt 0.995238 0.237056
vt 0.185712 0.879154
vt 0.185712 0.879154
vt 0.185712 0.879154
vt 0.766599 0.881303
vt 0.766599 0.881303
vt 0.766599 0.881303
vt 0.966468 0.697993
vt 0.616682 0.989776
vt 0.992575 0.039328
vt 0.992575 0.039328
vt 0.986529 0.612376
vt 0.986529 0.612376
vt 0.937174 0.804385
vt 0.937174 0.804385
vt 0.670357 0.982063
vt 0.988231 0.918153
vt 0.670357 0.982063
vt 0.928931 0.793097
vt 0.928931 0.793097
vt 0.928931 0.793097
vt 0.988231 0.918153
vt 0.193916 0.870734
vt 0.328779 0.939050
vt 0.328779 0.939050
vt 0.997205 0.884268
vt 0.169825 0.884338
vt 0.962395 0.624443
vt 0.997205 0.884268
vt 0.169825 0.884338
vt 0.169825 0.884338
vt 0.146865 0.944005
vt 0.286895 0.958985
vt 0.610978 0.493076
vt 0.425099 0.994843
vt 0.287292 0.953057
vt 0.287292 0.953057
vt 0.425099 0.989021
vt 0.997616 0.045510
vt 0.662365 0.992485
vt 0.662365 0.992485
vt 0.994794 0.613530
vt 0.997616 0.045510
vt 0.926379 0.792411
vt 0.926379 0.792411
vt 0.938266 0.805103
vt 0.938266 0.805103
vt 0.938266 0.805103
vt 0.164257 0.889101
vt 0.164257 0.889101
vt 0.164257 0.889101
vt 0.164257 0.889101
vt 0.937615 0.801216
vt 0.986081 0.615534
vt 0.670357 0.993926
vt 0.937615 0.801216
vt 0.328066 0.980560
vt 0.369942 0.996806
vt 0.781964 0.978665
vt 0.942517 0.809641
vt 0.984815 0.023594
vt 0.186303 0.993389
vt 0.593798 0.410469
vt 0.849510 0.856709
vt 0.593798 0.410469
vt 0.162988 0.891620
vt 0.841817 0.856861
vt 0.180113 0.877745
vt 0.180113 0.877745
vt 0.180113 0.877745
vt 0.974527 0.624443
vt 0.987904 0.720808
vt 0.560476 0.060262
vt 0.560476 0.060262
vt 0.257010 0.442662
vt 0.985290 0.025576
vt 0.328328 0.978821
vt 0.985290 0.025576
vt 0.369496 0.993986
vt 0.942458 0.806422
vt 0.469823 0.856516
vt 0.504993 0.048390
vt 0.469823 0.856516
vt 0.629815 0.313007
vt 0.802083 0.841387
vt 0.629815 0.313007
vt 0.802083 0.841387
vt 0.380726 0.984950
vt 0.689474 0.951641
vt 0.774891 0.858580
vt 0.179965 0.876659
vt 0.179965 0.876659
vt 0.179965 0.876659
vt 0.498436 0.052857
vt 0.811134 0.432336
vt 0.811134 0.432336
vt 0.759630 0.876618
vt 0.759630 0.876618
vt 0.890697 0.255997
vt 0.890697 0.255997
vt 0.759630 0.876618
vt 0.384881 0.866343
vt 0.448112 0.047741
vt 0.384881 0.866343
vt 0.448112 0.047741
vt 0.343159 0.869237
vt 0.343159 0.869237
vt 0.343159 0.869237
vt 0.585325 0.415236
vt 0.815444 0.860537
vt 0.917788 0.927216
vt 0.168849 0.883454
vt 0.162919 0.883336
vt 0.841869 0.863414
vt 0.662476 0.945494
vt 0.924079 0.783656
vt 0.662476 0.945494
vt 0.924079 0.783656
vt 0.038415 0.841837
vt 0.198264 0.476967
vt 0.754427 0.699458
vt 0.993043 0.179992
vt 0.456783 0.050184
vt 0.895224 0.253197
vt 0.895224 0.253197
vt 0.326713 0.739659
vt 0.849657 0.432919
vt 0.326713 0.739659
vt 0.849657 0.432919
vt 0.938177 0.801062
vt 0.938177 0.801062
vt 0.018027 0.993416
vt 0.426933 0.927259
vt 0.930766 0.743258
vt 0.210866 0.843239
vt 0.426933 0.927259
vt 0.426933 0.927259
vt 0.426933 0.927259
vt 0.922006 0.902547
vt 0.930766 0.743258
vt 0.918095 0.924705
vt 0.918095 0.924705
vt 0.942721 0.761853
vt 0.918095 0.924705
vt 0.017455 0.981358
vt 0.929882 0.792274
vt 0.929882 0.792274
vt 0.017455 0.981358
vt 0.773819 0.858561
vt 0.379770 0.984918
vt 0.773819 0.858561
vt 0.773819 0.858561
vt 0.379770 0.984918
vt 0.379770 0.984918
vt 0.370346 0.992445
vt 0.781434 0.983887
vt 0.334476 0.828965
vt 0.662365 0.560248
vt 0.428222 0.446118
vt 0.662365 0.560248
vt 0.391465 0.446346
vt 0.391465 0.446346
vt 0.662384 0.595780
vt 0.177550 0.864432
vt 0.328811 0.954271
vt 0.427809 0.953549
vt 0.427809 0.953549
vt 0.617944 0.323055
vt 0.617944 0.323055
vt 0.802456 0.856073
vt 0.617944 0.323055
vt 0.617944 0.323055
vt 0.926780 0.897455
vt 0.023693 0.811741
vt 0.023693 0.811741
vt 0.035638 0.921106
vt 0.035638 0.921106
vt 0.023693 0.811741
vt 0.035638 0.921106
vt 0.528437 0.867522
vt 0.629547 0.323098
vt 0.629547 0.323098
vt 0.815291 0.863343
vt 0.919211 0.925195
vt 0.815291 0.863343
vt 0.288623 0.745548
vt 0.288623 0.745548
vt 0.773914 0.987062
vt 0.365060 0.882798
vt 0.658122 0.366985
vt 0.566952 0.863774
vt 0.575184 0.365753
vt 0.566952 0.863774
vt 0.942744 0.799437
vt 0.022764 0.994948
vt 0.369496 0.987438
vt 0.781638 0.989106
vt 0.810980 0.868551
vt 0.594485 0.320809
vt 0.594485 0.320809
vt 0.913656 0.446210
vt 0.925423 0.921115
vt 0.763727 0.851376
vt 0.577537 0.376500
vt 0.763727 0.851376
vt 0.725934 0.389661
vt 0.292840 0.749384
vt 0.773741 0.992860
vt 0.163224 0.879504
vt 0.163224 0.879504
vt 0.163224 0.879504
vt 0.841735 0.866252
vt 0.841735 0.866252
vt 0.380380 0.958568
vt 0.662365 0.952295
vt 0.024230 0.974820
vt 0.380380 0.958568
vt 0.930331 0.783682
vt 0.993670 0.278154
vt 0.380380 0.958568
vt 0.491597 0.045157
vt 0.811280 0.440346
vt 0.469850 0.867911
vt 0.497180 0.037437
vt 0.139786 0.911544
vt 0.707645 0.446245
vt 0.139786 0.911544
vt 0.707645 0.446245
vt 0.748302 0.355651
vt 0.811365 0.447110
vt 0.485936 0.038646
vt 0.748302 0.355651
vt 0.811365 0.447110
vt 0.485936 0.038646
vt 0.024230 0.993345
vt 0.725416 0.382349
vt 0.781103 0.991226
vt 0.993670 0.296660
vt 0.024230 0.993345
vt 0.781103 0.991226
vt 0.993670 0.296660
vt 0.687520 0.386545
vt 0.687520 0.386545
vt 0.562964 0.376972
vt 0.687520 0.386545
vt 0.566957 0.877769
vt 0.687520 0.386545
vt 0.759552 0.871258
vt 0.891287 0.260179
vt 0.759552 0.871258
vt 0.724574 0.357762
vt 0.759552 0.871258
vt 0.891287 0.260179
vt 0.319636 0.745478
vt 0.319636 0.745478
vt 0.849970 0.441333
vt 0.748057 0.383195
vt 0.842442 0.447003
vt 0.842442 0.447003
vt 0.899338 0.897868
vt 0.771838 0.855471
vt 0.899338 0.897868
vt 0.427809 0.927562
vt 0.930213 0.742602
vt 0.301964 0.954191
vt 0.381728 0.874755
vt 0.381728 0.874755
vt 0.585887 0.322705
vt 0.323555 0.752616
vt 0.323555 0.752616
vt 0.431193 0.872099
vt 0.726276 0.355290
vt 0.463984 0.040596
vt 0.726276 0.355290
vt 0.895278 0.262468
vt 0.463984 0.040596
vt 0.718977 0.446753
vt 0.718977 0.446753
vt 0.672146 0.557964
vt 0.334317 0.816876
vt 0.334317 0.816876
vt 0.672146 0.557964
vt 0.529294 0.878021
vt 0.622480 0.331022
vt 0.687755 0.349961
vt 0.529294 0.878021
vt 0.529294 0.878021
vt 0.687755 0.349961
vt 0.921096 0.922666
vt 0.814742 0.866393
vt 0.849460 0.870665
vt 0.578279 0.401884
vt 0.849460 0.870665
vt 0.892259 0.919887
vt 0.892259 0.919887
vt 0.210866 0.860368
vt 0.922729 0.919662
vt 0.922729 0.919662
vt 0.922729 0.919662
vt 0.210866 0.860368
vt 0.922729 0.919662
vt 0.923585 0.920002
vt 0.923585 0.920002
vt 0.813758 0.869919
vt 0.923585 0.920002
vt 0.842972 0.869666
vt 0.690993 0.716445
vt 0.690993 0.716445
vt 0.727064 0.019951
vt 0.727064 0.019951
vt 0.690993 0.716445
vt 0.165672 0.872997
vt 0.413401 0.954095
vt 0.165672 0.872997
vt 0.165672 0.872997
vt 0.898570 0.916746
vt 0.726342 0.383366
vt 0.726342 0.383366
vt 0.780784 0.992827
vt 0.726342 0.383366
vt 0.744818 0.443814
vt 0.757065 0.027507
vt 0.842495 0.870485
vt 0.163024 0.874175
vt 0.842495 0.870485
vt 0.898353 0.919545
vt 0.163024 0.874175
vt 0.729958 0.358783
vt 0.762761 0.866664
vt 0.366275 0.984950
vt 0.762761 0.866664
vt 0.366275 0.984950
vt 0.381574 0.883366
vt 0.592591 0.328633
vt 0.659063 0.350800
vt 0.592591 0.328633
vt 0.592591 0.328633
vt 0.658534 0.383820
vt 0.658534 0.383820
vt 0.658534 0.383820
vt 0.347465 0.883444
vt 0.658534 0.383820
vt 0.576199 0.410250
vt 0.343029 0.877516
vt 0.576199 0.410250
vt 0.576199 0.410250
vt 0.038665 0.886579
vt 0.038665 0.886579
vt 0.038665 0.886579
vt 0.156742 0.477030
vt 0.754437 0.659241
vt 0.384658 0.882298
vt 0.259739 0.949822
vt 0.460135 0.031402
vt 0.259739 0.949822
vt 0.384658 0.882298
vt 0.926440 0.918896
vt 0.915878 0.446264
vt 0.596589 0.322334
vt 0.368103 0.959333
vt 0.994470 0.290605
vt 0.368103 0.959333
vt 0.994470 0.290605
vt 0.892259 0.897711
vt 0.573934 0.380134
vt 0.892259 0.897711
vt 0.892259 0.897711
vt 0.573934 0.380134
vt 0.763827 0.855534
vt 0.211904 0.851655
vt 0.418552 0.928204
vt 0.211904 0.851655
vt 0.418552 0.928204
vt 0.922131 0.915611
vt 0.211650 0.856302
vt 0.922131 0.915611
vt 0.922131 0.915611
vt 0.922131 0.915611
vt 0.414058 0.928331
vt 0.728060 0.358461
vt 0.760816 0.867292
vt 0.728060 0.358461
vt 0.901732 0.915383
vt 0.414631 0.950583
vt 0.901732 0.915383
vt 0.918508 0.914252
vt 0.415436 0.932186
vt 0.998041 0.786029
vt 0.367102 0.966552
vt 0.367102 0.966552
vt 0.730616 0.375645
vt 0.368331 0.981125
vt 0.368331 0.981125
vt 0.732025 0.362199
vt 0.368331 0.981125
vt 0.730358 0.382259
vt 0.730358 0.382259
vt 0.366876 0.959413
vt 0.995010 0.291734
vt 0.911170 0.916499
vt 0.413379 0.940371
vt 0.998685 0.777763
vt 0.922487 0.912171
vt 0.754165 0.389746
vt 0.922487 0.912171
vt 0.922487 0.912171
vt 0.922533 0.914656
vt 0.922533 0.914656
vt 0.315161 0.749635
vt 0.315161 0.749635
vt 0.748302 0.389867
vt 0.849913 0.447078
vt 0.288751 0.925422
vt 0.446927 0.878248
vt 0.446927 0.878248
vt 0.446927 0.878248
vt 0.446927 0.878248
vt 0.733517 0.366469
vt 0.369670 0.976579
vt 0.733517 0.366469
vt 0.733517 0.366469
vt 0.733517 0.366469
vt 0.923936 0.918838
vt 0.915878 0.443476
vt 0.923936 0.918838
vt 0.923936 0.918838
vt 0.754765 0.390075
vt 0.922967 0.912155
vt 0.922967 0.912155
vt 0.921776 0.912335
vt 0.754765 0.388837
vt 0.921776 0.912335
vt 0.998685 0.789316
vt 0.921776 0.912335
vt 0.733626 0.383879
vt 0.733626 0.383879
vt 0.259739 0.913000
vt 0.289401 0.756165
vt 0.422687 0.882248
vt 0.765285 0.863003
vt 0.734222 0.359777
vt 0.734222 0.359777
vt 0.734222 0.359777
vt 0.898508 0.912210
vt 0.168397 0.869157
vt 0.898508 0.912210
vt 0.898508 0.912210
vt 0.898508 0.912210
vt 0.263832 0.949433
vt 0.464474 0.030432
vt 0.622641 0.329643
vt 0.528129 0.877242
vt 0.622641 0.329643
vt 0.926604 0.905082
vt 0.610348 0.322898
vt 0.926604 0.905082
vt 0.892453 0.903871
vt 0.574643 0.386265
vt 0.892453 0.903871
vt 0.308417 0.749894
vt 0.741562 0.390075
vt 0.308417 0.749894
vt 0.741562 0.390075
vt 0.308417 0.749894
vt 0.742056 0.356154
vt 0.742056 0.356154
vt 0.742056 0.356154
vt 0.264468 0.912075
vt 0.264468 0.912075
vt 0.264468 0.912075
vt 0.294391 0.756294
vt 0.294391 0.756294
vt 0.698981 0.557436
vt 0.698981 0.557436
vt 0.698981 0.557436
vt 0.602735 0.329527
vt 0.602735 0.329527
vt 0.668724 0.350046
vt 0.602735 0.329527
vt 0.668724 0.350046
vt 0.316972 0.756666
vt 0.286262 0.910399
vt 0.316972 0.756666
vt 0.662283 0.387845
vt 0.662283 0.387845
vt 0.568398 0.402579
vt 0.333829 0.783711
vt 0.699032 0.551863
vt 0.333829 0.783711
vt 0.333913 0.794278
vt 0.333913 0.794278
vt 0.690519 0.553902
vt 0.334282 0.803336
vt 0.683050 0.555641
vt 0.342951 0.882957
vt 0.570183 0.406856
vt 0.658122 0.388339
vt 0.559990 0.025795
vt 0.559990 0.025795
vt 0.038422 0.898883
vt 0.431193 0.927621
vt 0.918083 0.703919
vt 0.431193 0.927621
vt 0.472714 0.895307
vt 0.918083 0.703919
vt 0.472714 0.895307
vt 0.925027 0.703171
vt 0.431193 0.934837
vt 0.431193 0.934837
vt 0.925027 0.703171
vt 0.917682 0.718081
vt 0.917682 0.718081
vt 0.026702 0.937773
vt 0.026702 0.937773
vt 0.026702 0.937773
vt 0.528129 0.932166
vt 0.991116 0.835914
vt 0.233265 0.922115
vt 0.026245 0.901371
vt 0.233265 0.922115
vt 0.233265 0.922115
vt 0.026245 0.901371
vt 0.026245 0.901371
vt 0.233265 0.922115
vt 0.035182 0.912832
vt 0.035182 0.912832
vt 0.705425 0.658288
vt 0.917144 0.732165
vt 0.917144 0.732165
vt 0.917144 0.732165
vt 0.917144 0.732165
vt 0.917144 0.732165
vt 0.917144 0.732165
vt 0.142718 0.920691
vt 0.142718 0.920691
vt 0.916608 0.740114
vt 0.142718 0.920691
vt 0.916608 0.740114
vt 0.142718 0.920691
vt 0.138650 0.912220
vt 0.908330 0.732550
vt 0.138650 0.912220
vt 0.708074 0.447447
vt 0.141928 0.923578
vt 0.919479 0.739789
vt 0.919479 0.739789
vt 0.530974 0.944612
vt 0.530974 0.944612
vt 0.014468 0.939758
vt 0.530974 0.944612
vt 0.009396 0.812559
vt 0.228077 0.912555
vt 0.035991 0.908772
vt 0.228077 0.912555
vt 0.288500 0.947505
vt 0.469688 0.878035
vt 0.490054 0.027736
vt 0.138899 0.932694
vt 0.138899 0.932694
vt 0.928537 0.738496
vt 0.928537 0.738496
vt 0.928537 0.738496
vt 0.285451 0.947885
vt 0.285451 0.947885
vt 0.486879 0.028120
vt 0.486879 0.028120
vt 0.039718 0.810641
vt 0.039718 0.810641
vt 0.039718 0.810641
vt 0.035579 0.934849
vt 0.534608 0.923364
vt 0.659202 0.346557
vt 0.045530 0.839349
vt 0.716963 0.504066
vt 0.045530 0.839349
vt 0.736590 0.448009
vt 0.540017 0.987262
vt 0.736590 0.448009
vt 0.736590 0.448009
vt 0.908727 0.706968
vt 0.034827 0.927426
vt 0.034827 0.927426
vt 0.034827 0.927426
vt 0.720321 0.447812
vt 0.908330 0.721497
vt 0.908330 0.721497
vt 0.720321 0.447812
vt 0.720321 0.447812
vt 0.114081 0.946494
vt 0.114081 0.946494
vt 0.114081 0.946494
vt 0.814407 0.916223
vt 0.942581 0.860620
vt 0.620551 0.994702
vt 0.909633 0.706239
vt 0.477086 0.901911
vt 0.909633 0.706239
vt 0.909633 0.706239
vt 0.034523 0.934464
vt 0.996951 0.840244
vt 0.535376 0.924424
vt 0.034523 0.934464
vt 0.535376 0.924424
vt 0.228859 0.914359
vt 0.034153 0.908535
vt 0.228859 0.914359
vt 0.001244 0.906304
vt 0.001244 0.906304
vt 0.186403 0.916785
vt 0.224913 0.947499
vt 0.186403 0.916785
vt 0.594383 0.329211
vt 0.660717 0.351009
vt 0.660717 0.351009
vt 0.540017 0.998528
vt 0.524561 0.992186
vt 0.738630 0.459101
vt 0.384658 0.993828
vt 0.619727 0.988068
vt 0.738630 0.459101
vt 0.539122 0.988632
vt 0.619471 0.994239
vt 0.619471 0.994239
vt 0.908483 0.705407
vt 0.941762 0.736300
vt 0.134202 0.946001
vt 0.941762 0.736300
vt 0.834699 0.915784
vt 0.554767 0.022075
vt 0.032603 0.898311
vt 0.032603 0.898311
vt 0.554767 0.022075
vt 0.536556 0.923011
vt 0.039485 0.813218
vt 0.002364 0.823672
vt 0.326051 0.764328
vt 0.326051 0.764328
vt 0.135846 0.912663
vt 0.135846 0.912663
vt 0.288636 0.911102
vt 0.432091 0.878172
vt 0.319510 0.757514
vt 0.534759 0.958117
vt 0.001244 0.942304
vt 0.186403 0.957127
vt 0.620843 0.330073
vt 0.620843 0.330073
vt 0.686251 0.349045
vt 0.334302 0.797136
vt 0.688042 0.554724
vt 0.431551 0.954102
vt 0.834699 0.955902
vt 0.431551 0.954102
vt 0.943462 0.700713
vt 0.222536 0.913540
vt 0.222536 0.913540
vt 0.222536 0.913540
vt 0.222536 0.913540
vt 0.008502 0.823188
vt 0.008502 0.823188
vt 0.008502 0.823188
vt 0.217398 0.912090
vt 0.217398 0.912090
vt 0.742346 0.572471
vt 0.742346 0.572471
vt 0.743216 0.712064
vt 0.743216 0.712064
vt 0.549776 0.960998
vt 0.743216 0.712064
vt 0.986046 0.191308
vt 0.540748 0.924029
vt 0.540748 0.924029
vt 0.234123 0.825276
vt 0.717188 0.710817
vt 0.745407 0.470277
vt 0.756512 0.001244
vt 0.964726 0.445049
vt 0.967927 0.447026
vt 0.475157 0.907853
vt 0.475157 0.907853
vt 0.523830 0.987571
vt 0.620551 0.990701
vt 0.450130 0.932171
vt 0.034067 0.980002
vt 0.450130 0.932171
vt 0.034067 0.980002
vt 0.222512 0.912840
vt 0.026718 0.944793
vt 0.122435 0.911504
vt 0.997827 0.065355
vt 0.939983 0.824638
vt 0.122435 0.911504
vt 0.707710 0.463701
vt 0.503145 0.960251
vt 0.701693 0.475492
vt 0.526793 0.001244
vt 0.001244 0.894443
vt 0.701693 0.475492
vt 0.001244 0.894443
vt 0.541850 0.932093
vt 0.541850 0.932093
vt 0.991116 0.855317
vt 0.023832 0.897123
vt 0.546992 0.016000
vt 0.023832 0.897123
vt 0.205295 0.921964
vt 0.645351 0.500351
vt 0.645351 0.500351
vt 0.333589 0.762671
vt 0.333589 0.762671
vt 0.333589 0.762671
vt 0.428626 0.762295
vt 0.716078 0.548208
vt 0.333589 0.762671
vt 0.546700 0.922941
vt 0.040378 0.828821
vt 0.040378 0.828821
vt 0.745601 0.965095
vt 0.546700 0.922941
vt 0.546700 0.922941
vt 0.998607 0.066308
vt 0.706803 0.463237
vt 0.706803 0.463237
vt 0.523830 0.996671
vt 0.026718 0.975115
vt 0.385737 0.990322
vt 0.450764 0.923217
vt 0.472714 0.916613
vt 0.506865 0.995469
vt 0.922598 0.976873
vt 0.992207 0.920346
vt 0.745919 0.007880
vt 0.707739 0.712505
vt 0.707739 0.712505
vt 0.707739 0.712505
vt 0.009304 0.854653
vt 0.009304 0.854653
vt 0.551295 0.980042
vt 0.993043 0.205480
vt 0.214151 0.912931
vt 0.214151 0.912931
vt 0.214151 0.912931
vt 0.214151 0.912931
vt 0.214151 0.912931
vt 0.548821 0.958510
vt 0.548821 0.958510
vt 0.166632 0.956731
vt 0.548821 0.958510
vt 0.719044 0.616021
vt 0.719044 0.616021
vt 0.719044 0.616021
vt 0.719044 0.616021
vt 0.333581 0.771818
vt 0.333581 0.771818
vt 0.708728 0.549761
vt 0.450350 0.959029
vt 0.908330 0.859563
vt 0.811770 0.950922
vt 0.737478 0.548916
vt 0.651812 0.961367
vt 0.737478 0.548916
vt 0.657593 0.980650
vt 0.720496 0.566522
vt 0.720496 0.566522
vt 0.720496 0.566522
vt 0.109179 0.963934
vt 0.718162 0.689697
vt 0.718162 0.689697
vt 0.718162 0.689697
vt 0.737766 0.464862
vt 0.997079 0.758063
vt 0.505670 0.994999
vt 0.737766 0.464862
vt 0.234123 0.816476
vt 0.384658 0.989227
vt 0.505670 0.994999
vt 0.737766 0.464862
vt 0.717451 0.546208
vt 0.717451 0.546208
vt 0.994151 0.116762
vt 0.002031 0.839349
vt 0.994151 0.116762
vt 0.008187 0.828953
vt 0.008187 0.828953
vt 0.212559 0.912335
vt 0.009528 0.828167
vt 0.212559 0.912335
vt 0.752014 0.935717
vt 0.009528 0.828167
vt 0.942581 0.835081
vt 0.942581 0.835081
vt 0.114081 0.920473
vt 0.942581 0.835081
vt 0.547170 0.924283
vt 0.989310 0.161494
vt 0.547170 0.924283
vt 0.547170 0.924283
vt 0.547170 0.924283
vt 0.444785 0.957717
vt 0.814936 0.955803
vt 0.444785 0.957717
vt 0.002728 0.834229
vt 0.332404 0.761281
vt 0.002728 0.834229
vt 0.166647 0.917194
vt 0.205295 0.947839
vt 0.619930 0.500195
vt 0.166647 0.917194
vt 0.718260 0.640064
vt 0.718260 0.640064
vt 0.233675 0.824578
vt 0.744798 0.469977
vt 0.968464 0.447026
vt 0.551295 0.988220
vt 0.743758 0.475492
vt 0.743758 0.475492
vt 0.743758 0.475492
vt 0.001244 0.853669
vt 0.210498 0.915828
vt 0.210498 0.915828
vt 0.652373 0.498218
vt 0.748413 0.460325
vt 0.755999 0.935170
vt 0.752696 0.935810
vt 0.212587 0.913040
vt 0.752696 0.935810
vt 0.549690 0.974064
vt 0.506691 0.992077
vt 0.922267 0.973941
vt 0.506691 0.992077
vt 0.620134 0.476940
vt 0.163064 0.940264
vt 0.620134 0.476940
vt 0.163064 0.940264
vt 0.720248 0.465526
vt 0.502003 0.972869
vt 0.720248 0.465526
vt 0.997079 0.774874
vt 0.998607 0.052705
vt 0.720248 0.465526
vt 0.922598 0.970314
vt 0.996232 0.765409
vt 0.028009 0.967325
vt 0.506865 0.987571
vt 0.995948 0.914186
vt 0.503145 0.982817
vt 0.725387 0.626130
vt 0.725387 0.626130
vt 0.725387 0.626130
vt 0.748721 0.950395
vt 0.024984 0.828383
vt 0.748721 0.950395
vt 0.749196 0.950762
vt 0.997951 0.149966
vt 0.749196 0.950762
vt 0.428626 0.737249
vt 0.718689 0.571942
vt 0.718689 0.571942
vt 0.746360 0.963550
vt 0.548339 0.923224
vt 0.746360 0.963550
vt 0.038351 0.829122
vt 0.745912 0.963237
vt 0.745912 0.963237
vt 0.038351 0.829122
vt 0.745912 0.963237
vt 0.745912 0.963237
vt 0.747340 0.963691
vt 0.990381 0.160964
vt 0.990381 0.160964
vt 0.548310 0.924242
vt 0.747340 0.963691
vt 0.990381 0.160964
vt 0.748413 0.466083
vt 0.754283 0.940671
vt 0.722116 0.641354
vt 0.722116 0.641354
vt 0.722116 0.641354
vt 0.031539 0.976420
vt 0.995948 0.925071
vt 0.994151 0.103640
vt 0.728917 0.548669
vt 0.992101 0.169516
vt 0.992101 0.169516
vt 0.548614 0.932661
vt 0.548614 0.932661
vt 0.724217 0.548963
vt 0.995058 0.108548
vt 0.646544 0.465295
vt 0.554639 0.932100
vt 0.754201 0.492885
vt 0.755999 0.968606
vt 0.997951 0.167960
vt 0.997951 0.167960
vt 0.719284 0.629177
vt 0.719284 0.629177
vt 0.721801 0.693353
vt 0.721801 0.693353
vt 0.722247 0.682281
vt 0.722247 0.682281
vt 0.722247 0.682281
vt 0.645042 0.494205
vt 0.645042 0.494205
vt 0.756888 0.463311
vt 0.038029 0.974634
vt 0.038029 0.974634
vt 0.456575 0.933689
vt 0.908418 0.834025
vt 0.996747 0.115029
vt 0.001244 0.836160
vt 0.426269 0.761879
vt 0.334476 0.760002
vt 0.717713 0.547766
vt 0.996747 0.115029
vt 0.937097 0.835070
vt 0.937097 0.835070
vt 0.038667 0.944792
vt 0.937097 0.835070
vt 0.547977 0.985675
vt 0.718452 0.709338
vt 0.109179 0.942841
vt 0.547977 0.985675
vt 0.718452 0.709338
vt 0.547798 0.986431
vt 0.964726 0.446918
vt 0.968050 0.445049
vt 0.547798 0.986431
vt 0.745925 0.472073
vt 0.110558 0.942979
vt 0.546357 0.986681
vt 0.717077 0.709821
vt 0.965439 0.445809
vt 0.717077 0.709821
vt 0.718295 0.547414
vt 0.995763 0.114909
vt 0.719359 0.697215
vt 0.719359 0.697215
vt 0.550326 0.987877
vt 0.744653 0.474960
vt 0.550326 0.987877
vt 0.619578 0.495105
vt 0.163736 0.921712
vt 0.619578 0.495105
vt 0.619578 0.495105
vt 0.620673 0.465295
vt 0.162919 0.952226
vt 0.554639 0.958480
vt 0.620673 0.465295
vt 0.554639 0.958480
vt 0.810570 0.921478
vt 0.936527 0.861097
vt 0.936527 0.861097
vt 0.936527 0.861097
vt 0.810917 0.932542
vt 0.925905 0.860504
vt 0.925905 0.860504
vt 0.730641 0.995821
vt 0.969107 0.730611
vt 0.984815 0.011048
vt 0.213262 0.987553
vt 0.213262 0.987553
vt 0.984815 0.011048
usemtl tank_hull
f 1/1 5/5 8/8
f 3/3 17/17 6/6
f 6/6 14/14 20/20
f 24/24 27/27 32/32
f 31/31 35/35 40/40
f 32/32 46/46 50/50
f 25/25 28/28 53/53
f 2/2 9/9 58/58
f 27/27 46/46 32/32
f 30/30 66/66 53/53
f 23/23 54/54 26/26
f 4/4 59/59 70/70
f 29/29 49/49 34/34
f 74/74 75/75 79/79
f 77/77 87/87 89/89
f 71/71 81/81 99/99
f 16/16 101/101 106/106
f 4/4 70/70 16/16
f 74/74 88/88 75/75
f 76/76 85/85 80/80
f 36/36 51/51 83/83
f 107/107 109/109 112/112
f 60/60 111/111 119/119
f 39/39 72/72 98/98
f 16/16 70/70 101/101
f 37/37 82/82 43/43
f 92/92 128/128 114/114
f 42/42 96/96 129/129
f 41/41 86/86 73/73
f 115/115 134/134 121/121
f 108/108 117/117 140/140
f 55/55 67/67 144/144
f 45/45 147/147 52/52
f 78/78 130/130 97/97
f 56/56 120/120 69/69
f 51/51 145/145 83/83
f 33/33 38/38 63/63
f 87/87 128/128 92/92
f 9/9 148/148 62/62
f 6/6 20/20 155/155
f 116/116 128/128 135/135
f 107/107 136/136 109/109
f 118/118 158/158 138/138
f 78/78 90/90 160/160
f 38/38 129/129 65/65
f 93/93 170/170 172/172
f 61/61 181/181 113/113
f 93/93 183/183 170/170
f 81/81 161/161 130/130
f 57/57 150/150 178/178
f 94/94 175/175 164/164
f 7/7 154/154 8/8
f 93/93 189/189 187/187
f 113/113 178/178 159/159
f 84/84 146/146 127/127
f 70/70 194/194 100/100
f 65/65 131/131 199/199
f 185/185 193/193 203/203
f 11/11 207/207 149/149
f 91/91 112/112 209/209
f 26/26 54/54 143/143
f 186/186 202/202 218/218
f 68/68 224/224 195/195
f 69/69 122/122 222/222
f 148/148 207/207 226/226
f 171/171 230/230 174/174
f 130/130 168/168 232/232
f 151/151 227/227 179/179
f 126/126 237/237 133/133
f 169/169 184/184 217/217
f 137/137 159/159 238/238
f 123/123 132/132 223/223
f 45/45 244/244 147/147
f 110/110 139/139 240/240
f 109/109 246/246 112/112
f 12/12 257/257 206/206
f 8/8 154/154 258/258
f 201/201 267/267 216/216
f 129/129 270/270 199/199
f 205/205 255/255 227/227
f 110/110 273/273 249/249
f 125/125 145/145 243/243
f 110/110 240/240 273/273
f 112/112 246/246 209/209
f 95/95 213/213 192/192
f 103/103 196/196 280/280
f 129/129 231/231 269/269
f 169/169 217/217 230/230
f 157/157 285/285 241/241
f 204/204 286/286 265/265
f 164/164 173/173 230/230
f 293/293 294/294 298/298
f 306/306 313/313 314/314
f 215/215 266/266 320/320
f 306/306 314/314 323/323
f 293/293 326/326 294/294
f 293/293 334/334 326/326
f 239/239 283/283 275/275
f 315/315 336/336 341/341
f 268/268 286/286 321/321
f 8/8 342/342 254/254
f 8/8 346/346 344/344
f 159/159 178/178 281/281
f 329/329 334/334 354/354
f 188/188 288/288 203/203
f 306/306 323/323 360/360
f 306/306 360/360 320/320
f 248/248 272/272 362/362
f 10/10 259/259 349/349
f 163/163 314/314 309/309
f 163/163 365/365 314/314
f 307/307 322/322 375/375
f 282/282 354/354 335/335
f 165/165 229/229 369/369
f 215/215 318/318 360/360
f 176/176 377/377 354/354
f 228/228 359/359 365/365
f 177/177 354/354 284/284
f 274/274 284/284 334/334
f 215/215 356/356 229/229
f 297/297 376/376 304/304
f 177/177 302/302 378/378
f 382/382 384/384 386/386
f 272/272 332/332 363/363
f 390/390 393/393 396/396
f 64/64 403/403 144/144
f 366/366 404/404 406/406
f 350/350 412/412 415/415
f 294/294 417/417 377/377
f 296/296 421/421 417/417
f 389/389 422/422 394/394
f 351/351 380/380 410/410
f 167/167 312/312 426/426
f 286/286 373/373 319/319
f 334/334 428/428 361/361
f 339/339 381/381 385/385
f 323/323 340/340 433/433
f 328/328 353/353 437/437
f 331/331 439/439 424/424
f 368/368 408/408 441/441
f 317/317 367/367 445/445
f 323/323 448/448 357/357
f 250/250 364/364 429/429
f 295/295 330/330 453/453
f 295/295 452/452 420/420
f 315/315 341/341 325/325
f 353/353 456/456 440/440
f 133/133 237/237 220/220
f 182/182 459/459 303/303
f 316/316 443/443 338/338
f 305/305 460/460 310/310
f 340/340 387/387 465/465
f 358/358 466/466 370/370
f 366/366 468/468 404/404
f 352/352 415/415 455/455
f 327/327 423/423 453/453
f 392/392 422/422 436/436
f 416/416 419/419 451/451
f 340/340 463/463 434/434
f 178/178 225/225 470/470
f 324/324 478/478 446/446
f 388/388 451/451 422/422
f 337/337 382/382 340/340
f 323/323 433/433 477/477
f 337/337 442/442 382/382
f 390/390 418/418 451/451
f 308/308 482/482 426/426
f 191/191 373/373 287/287
f 63/63 486/486 398/398
f 291/291 428/428 333/333
f 385/385 474/474 463/463
f 180/180 473/473 459/459
f 432/432 464/464 475/475
f 382/382 444/444 384/384
f 355/355 449/449 468/468
f 390/390 396/396 417/417
f 300/300 457/457 491/491
f 384/384 476/476 387/387
f 379/379 418/418 411/411
f 396/396 411/411 418/418
f 166/166 498/498 232/232
f 195/195 224/224 276/276
f 391/391 435/435 395/395
f 162/162 427/427 494/494
f 226/226 255/255 470/470
f 289/289 299/299 500/500
f 102/102 277/277 504/504
f 199/199 269/269 510/510
f 156/156 518/518 264/264
f 396/396 436/436 520/520
f 256/256 343/343 469/469
f 233/233 521/521 271/271
f 407/407 524/524 442/442
f 438/438 454/454 519/519
f 405/405 525/525 407/407
f 405/405 467/467 525/525
f 447/447 525/525 467/467
f 414/414 519/519 454/454
f 103/103 507/507 104/104
f 411/411 519/519 413/413
f 234/234 495/495 522/522
f 383/383 525/525 478/478
f 450/450 474/474 526/526
f 384/384 444/444 525/525
f 396/396 519/519 409/409
f 345/345 347/347 527/527
f 269/269 523/523 511/511
f 307/307 374/374 461/461
f 301/301 493/493 500/500
f 311/311 529/529 483/483
f 65/65 199/199 488/488
f 152/152 533/533 514/514
f 280/280 538/538 507/507
f 345/345 527/527 469/469
f 290/290 542/542 430/430
f 499/499 508/508 522/522
f 458/458 471/471 544/544
f 348/348 546/546 527/527
f 251/251 431/431 541/541
f 197/197 496/496 479/479
f 200/200 509/509 497/497
f 457/457 544/544 547/547
f 459/459 549/549 492/492
f 425/425 479/479 496/496
f 469/469 527/527 546/546
f 47/47 550/550 242/242
f 200/200 555/555 487/487
f 190/190 210/210 372/372
f 261/261 545/545 348/348
f 310/310 462/462 530/530
f 469/469 548/548 543/543
f 261/261 469/469 546/546
f 219/219 559/559 278/278
f 260/260 548/548 472/472
f 21/21 534/534 153/153
f 292/292 502/502 542/542
f 481/481 528/528 564/564
f 15/15 105/105 505/505
f 198/198 480/480 556/556
f 125/125 243/243 570/570
f 260/260 572/572 548/548
f 480/480 563/563 556/556
f 262/262 512/512 576/576
f 214/214 461/461 371/371
f 48/48 584/584 553/553
f 221/221 590/590 557/557
f 485/485 556/556 563/563
f 263/263 575/575 572/572
f 220/220 235/235 589/589
f 253/253 540/540 501/501
f 531/531 596/596 562/562
f 554/554 580/580 603/603
f 245/245 552/552 567/567
f 462/462 595/595 530/530
f 489/489 513/513 503/503
f 492/492 549/549 571/571
f 279/279 558/558 606/606
f 490/490 574/574 515/515
f 517/517 573/573 577/577
f 209/209 252/252 514/514
f 400/400 484/484 564/564
f 279/279 606/606 536/536
f 211/211 593/593 460/460
f 401/401 561/561 594/594
f 247/247 501/501 516/516
f 551/551 599/599 611/611
f 506/506 537/537 617/617
f 212/212 397/397 594/594
f 26/26 586/586 44/44
f 550/550 610/610 568/568
f 536/536 606/606 620/620
f 560/560 591/591 604/604
f 26/26 141/141 621/621
f 569/569 610/610 626/626
f 581/581 632/632 602/602
f 598/598 634/634 609/609
f 607/607 640/640 618/618
f 539/539 648/648 615/615
f 579/579 651/651 630/630
f 535/535 619/619 647/647
f 612/612 635/635 653/653
f 591/591 642/642 605/605
f 506/506 616/616 657/657
f 608/608 653/653 626/626
f 505/505 661/661 665/665
f 505/505 656/656 661/661
f 565/565 625/625 670/670
f 20/20 677/677 533/533
f 592/592 683/683 641/641
f 618/618 643/643 684/684
f 633/633 651/651 690/690
f 235/235 679/679 588/588
f 26/26 623/623 582/582
f 652/652 692/692 689/689
f 583/583 692/692 652/652
f 600/600 633/633 698/698
f 13/13 505/505 667/667
f 618/618 684/684 702/702
f 126/126 566/566 672/672
f 624/624 653/653 715/715
f 124/124 721/721 235/235
f 620/620 704/704 650/650
f 639/639 680/680 687/687
f 597/597 723/723 637/637
f 635/635 709/709 653/653
f 601/601 699/699 723/723
f 689/689 696/696 730/730
f 614/614 734/734 654/654
f 124/124 674/674 718/718
f 613/613 736/736 735/735
f 627/627 710/710 671/671
f 615/615 645/645 738/738
f 628/628 688/688 741/741
f 686/686 746/746 707/707
f 680/680 744/744 685/685
f 587/587 750/750 692/692
f 649/649 703/703 668/668
f 236/236 752/752 682/682
f 635/635 694/694 716/716
f 646/646 668/668 659/659
f 638/638 728/728 695/695
f 673/673 711/711 722/722
f 680/680 757/757 745/745
f 585/585 759/759 748/748
f 655/655 733/733 764/764
f 697/697 768/768 714/714
f 636/636 726/726 732/732
f 644/644 662/662 737/737
f 235/235 771/771 751/751
f 142/142 402/402 781/781
f 18/18 665/665 786/786
f 689/689 730/730 740/740
f 578/578 623/623 787/787
f 705/705 746/746 791/791
f 664/664 706/706 794/794
f 587/587 787/787 759/759
f 628/628 741/741 799/799
f 629/629 803/803 700/700
f 209/209 782/782 399/399
f 704/704 789/789 808/808
f 706/706 807/807 794/794
f 741/741 811/811 797/797
f 656/656 814/814 817/817
f 681/681 753/753 758/758
f 656/656 815/815 661/661
f 669/669 794/794 820/820
f 713/713 770/770 823/823
f 735/735 738/738 767/767
f 729/729 826/826 742/742
f 742/742 826/826 812/812
f 712/712 822/822 828/828
f 13/13 832/832 19/19
f 822/822 835/835 828/828
f 823/823 837/837 836/836
f 736/736 840/840 762/762
f 701/701 844/844 723/723
f 743/743 757/757 792/792
f 795/795 807/807 846/846
f 532/532 675/675 849/849
f 793/793 846/846 807/807
f 655/655 765/765 813/813
f 15/15 784/784 832/832
f 631/631 801/801 806/806
f 754/754 851/851 790/790
f 823/823 856/856 838/838
f 796/796 810/810 864/864
f 144/144 781/781 622/622
f 789/789 852/852 846/846
f 769/769 857/857 824/824
f 663/663 839/839 739/739
f 693/693 747/747 859/859
f 701/701 805/805 844/844
f 725/725 827/827 731/731
f 22/22 832/832 678/678
f 809/809 825/825 865/865
f 812/812 865/865 863/863
f 829/829 834/834 869/869
f 794/794 847/847 854/854
f 749/749 761/761 858/858
f 763/763 841/841 876/876
f 833/833 838/838 870/870
f 658/658 875/875 839/839
f 801/801 862/862 877/877
f 235/235 721/721 771/771
f 708/708 830/830 882/882
f 727/727 867/867 827/827
f 828/828 868/868 882/882
f 660/660 816/816 885/885
f 676/676 832/832 850/850
f 838/838 856/856 869/869
f 660/660 885/885 874/874
f 755/755 887/887 853/853
f 666/666 820/820 785/785
f 794/794 855/855 820/820
f 760/760 788/788 856/856
f 691/691 857/857 769/769
f 766/766 890/890 893/893
f 783/783 819/819 831/831
f 708/708 882/882 720/720
f 832/832 898/898 848/848
f 872/872 900/900 883/883
f 764/764 895/895 813/813
f 820/820 855/855 886/886
f 753/753 779/779 758/758
f 882/882 900/900 902/902
f 856/856 906/906 871/871
f 870/870 906/906 901/901
f 814/814 894/894 817/817
f 818/818 886/886 909/909
f 763/763 873/873 888/888
f 901/901 906/906 904/904
f 755/755 912/912 887/887
f 889/889 914/914 892/892
f 861/861 865/865 879/879
f 724/724 845/845 866/866
f 804/804 919/919 842/842
f 209/209 514/514 923/923
f 876/876 925/925 891/891
f 856/856 930/930 906/906
f 887/887 913/913 907/907
f 820/820 910/910 932/932
f 815/815 894/894 935/935
f 903/903 905/905 928/928
f 208/208 922/922 781/781
f 908/908 912/912 931/931
f 816/816 937/937 885/885
f 882/882 902/902 938/938
f 903/903 928/928 938/938
f 843/843 943/943 867/867
f 532/532 849/849 946/946
f 800/800 919/919 804/804
f 860/860 939/939 929/929
f 873/873 884/884 924/924
f 514/514 949/949 923/923
f 845/845 920/920 943/943
f 865/865 942/942 878/878
f 889/889 926/926 914/914
f 951/951 957/957 962/962
f 968/968 974/974 977/977
f 970/970 985/985 974/974
f 860/860 987/987 941/941
f 957/957 991/991 960/960
f 849/849 899/899 946/946
f 967/967 995/995 983/983
f 965/965 993/993 1000/1000
f 975/975 1004/1004 978/978
f 959/959 1006/1006 994/994
f 885/885 936/936 1012/1012
f 514/514 946/946 949/949
f 802/802 880/880 1015/1015
f 973/973 980/980 1021/1021
f 969/969 1026/1026 995/995
f 756/756 779/779 911/911
f 820/820 933/933 1031/1031
f 894/894 1008/1008 935/935
f 914/914 927/927 1035/1035
f 966/966 976/976 1039/1039
f 972/972 1019/1019 1044/1044
f 950/950 961/961 1045/1045
f 984/984 1053/1053 1022/1022
f 954/954 1056/1056 955/955
f 884/884 1058/1058 924/924
f 894/894 915/915 1011/1011
f 717/717 882/882 938/938
f 993/993 1061/1061 1000/1000
f 879/879 942/942 1063/1063
f 971/971 1044/1044 1004/1004
f 832/832 1069/1069 898/898
f 979/979 1004/1004 1074/1074
f 981/981 1077/1077 1052/1052
f 779/779 1082/1082 1086/1086
f 881/881 1063/1063 1014/1014
f 622/622 781/781 1088/1088
f 1020/1020 1093/1093 1044/1044
f 965/965 1000/1000 1098/1098
f 924/924 1058/1058 1033/1033
f 885/885 1103/1103 1060/1060
f 917/917 1066/1066 944/944
f 897/897 1072/1072 1105/1105
f 952/952 1109/1109 1056/1056
f 775/775 1086/1086 911/911
f 913/913 1028/1028 934/934
f 976/976 1075/1075 1042/1042
f 1040/1040 1075/1075 1112/1112
f 885/885 1013/1013 1102/1102
f 1033/1033 1058/1058 1115/1115
f 798/798 1119/1119 918/918
f 969/969 1041/1041 1025/1025
f 964/964 1100/1100 1126/1126
f 921/921 1120/1120 1067/1067
f 1018/1018 1051/1051 1093/1093
f 995/995 1129/1129 1134/1134
f 995/995 1024/1024 1129/1129
f 1002/1002 1062/1062 1137/1137
f 990/990 1140/1140 1061/1061
f 896/896 1104/1104 945/945
f 719/719 1144/1144 1150/1150
f 800/800 1154/1154 1121/1121
f 961/961 1157/1157 1047/1047
f 819/819 1071/1071 831/831
f 963/963 1125/1125 1159/1159
f 997/997 1161/1161 1096/1096
f 998/998 1137/1137 1165/1165
f 802/802 1015/1015 1153/1153
f 514/514 533/533 947/947
f 719/719 938/938 1144/1144
f 1062/1062 1169/1169 1136/1136
f 1128/1128 1172/1172 1132/1132
f 1001/1001 1168/1168 1180/1180
f 1135/1135 1174/1174 1182/1182
f 623/623 988/988 787/787
f 1027/1027 1185/1185 1130/1130
f 999/999 1179/1179 1162/1162
f 996/996 1131/1131 1190/1190
f 1059/1059 1102/1102 1118/1118
f 1138/1138 1197/1197 1165/1165
f 1027/1027 1041/1041 1203/1203
f 1167/1167 1196/1196 1206/1206
f 911/911 1211/1211 1032/1032
f 1062/1062 1143/1143 1169/1169
f 1139/1139 1171/1171 1200/1200
f 1133/1133 1181/1181 1193/1193
f 1166/1166 1208/1208 1177/1177
f 956/956 1057/1057 1217/1217
f 1183/1183 1223/1223 1225/1225
f 1199/1199 1229/1229 1205/1205
f 1004/1004 1233/1233 1076/1076
f 1023/1023 1202/1202 1188/1188
f 1142/1142 1235/1235 1169/1169
f 1127/1127 1187/1187 1176/1176
f 1164/1164 1178/1178 1238/1238
f 1170/1170 1236/1236 1198/1198
f 1184/1184 1242/1242 1191/1191
f 953/953 1050/1050 1110/1110
f 1056/1056 1111/1111 1249/1249
f 1004/1004 1044/1044 1253/1253
f 956/956 1217/1217 1255/1255
f 1043/1043 1112/1112 1260/1260
f 1175/1175 1223/1223 1183/1183
f 779/779 1266/1266 1082/1082
f 1180/1180 1207/1207 1240/1240
f 1176/1176 1187/1187 1269/1269
f 995/995 1192/1192 1275/1275
f 982/982 996/996 1279/1279
f 1189/1189 1241/1241 1275/1275
f 1173/1173 1282/1282 1218/1218
f 958/958 1256/1256 1288/1288
f 1199/1199 1293/1293 1227/1227
f 1206/1206 1229/1229 1294/1294
f 788/788 989/989 858/858
f 958/958 1288/1288 1006/1006
f 1201/1201 1301/1301 1290/1290
f 1083/1083 1230/1230 1086/1086
f 992/992 1304/1304 1141/1141
f 1147/1147 1283/1283 1151/1151
f 992/992 1005/1005 1304/1304
f 1209/1209 1297/1297 1310/1310
f 1207/1207 1307/1307 1240/1240
f 1222/1222 1285/1285 1311/1311
f 946/946 1315/1315 949/949
f 1074/1074 1233/1233 1317/1317
f 1175/1175 1321/1321 1281/1281
f 1142/1142 1326/1326 1235/1235
f 1084/1084 1230/1230 1291/1291
f 1147/1147 1311/1311 1283/1283
f 1181/1181 1226/1226 1242/1242
f 1235/1235 1326/1326 1327/1327
f 996/996 1276/1276 1277/1277
f 1080/1080 1296/1296 1228/1228
f 911/911 1086/1086 1211/1211
f 1141/1141 1304/1304 1325/1325
f 1125/1125 1331/1331 1159/1159
f 1073/1073 1320/1320 1335/1335
f 1075/1075 1337/1337 1112/1112
f 1046/1046 1343/1343 1107/1107
f 948/948 1313/1313 1345/1345
f 1324/1324 1348/1348 1329/1329
f 1055/1055 1352/1352 1217/1217
f 1103/1103 1354/1354 1355/1355
f 1012/1012 1362/1362 1103/1103
f 1065/1065 1123/1123 1366/1366
f 1065/1065 1366/1366 1370/1370
f 1057/1057 1248/1248 1351/1351
f 1147/1147 1222/1222 1311/1311
f 1194/1194 1376/1376 1299/1299
f 1152/1152 1284/1284 1322/1322
f 1045/1045 1378/1378 1387/1387
f 1016/1016 1063/1063 1389/1389
f 1175/1175 1395/1395 1323/1323
f 1246/1246 1277/1277 1275/1275
f 1048/1048 1157/1157 1397/1397
f 1304/1304 1347/1347 1325/1325
f 1087/1087 1292/1292 1303/1303
f 1003/1003 1251/1251 1234/1234
f 1100/1100 1334/1334 1124/1124
f 719/719 1150/1150 1404/1404
f 1149/1149 1322/1322 1406/1406
f 1220/1220 1409/1409 1414/1414
f 1195/1195 1236/1236 1376/1376
f 938/938 1418/1418 1144/1144
f 1188/1188 1202/1202 1422/1422
f 1049/1049 1385/1385 1343/1343
f 1007/1007 1289/1289 1304/1304
f 1103/1103 1362/1362 1353/1353
f 923/923 949/949 1425/1425
f 1175/1175 1268/1268 1395/1395
f 1044/1044 1431/1431 1253/1253
f 1081/1081 1265/1265 1295/1295
f 1146/1146 1410/1410 1222/1222
f 948/948 1346/1346 1427/1427
f 1302/1302 1376/1376 1437/1437
f 1321/1321 1395/1395 1401/1401
f 1240/1240 1307/1307 1440/1440
f 1108/1108 1343/1343 1446/1446
f 1064/1064 1371/1371 1392/1392
f 1044/1044 1093/1093 1429/1429
f 1186/1186 1420/1420 1270/1270
f 983/983 1277/1277 1078/1078
f 1041/1041 1262/1262 1203/1203
f 1010/1010 1450/1450 1362/1362
f 1226/1226 1455/1455 1242/1242
f 1237/1237 1328/1328 1459/1459
f 1158/1158 1462/1462 1398/1398
f 1327/1327 1348/1348 1457/1457
f 1265/1265 1466/1466 1295/1295
f 1298/1298 1467/1467 1308/1308
f 1103/1103 1360/1360 1116/1116
f 1111/1111 1447/1447 1249/1249
f 1237/1237 1459/1459 1376/1376
f 1362/1362 1452/1452 1471/1471
f 1148/1148 1473/1473 1409/1409
f 1219/1219 1456/1456 1224/1224
f 1221/1221 1412/1412 1453/1453
f 1122/1122 1485/1485 1477/1477
f 1113/1113 1488/1488 1261/1261
f 1045/1045 1399/1399 1381/1381
f 1122/1122 1478/1478 1366/1366
f 621/621 1090/1090 986/986
f 1378/1378 1492/1492 1387/1387
f 1098/1098 1161/1161 1495/1495
f 1353/1353 1362/1362 1463/1463
f 1204/1204 1502/1502 1421/1421
f 1368/1368 1505/1505 1372/1372
f 1145/1145 1419/1419 1474/1474
f 1085/1085 1300/1300 1212/1212
f 1215/1215 1302/1302 1438/1438
f 1114/1114 1361/1361 1507/1507
f 1114/1114 1508/1508 1516/1516
f 1156/1156 1330/1330 1357/1357
f 1398/1398 1462/1462 1517/1517
f 1379/1379 1398/1398 1520/1520
f 1379/1379 1521/1521 1526/1526
f 1113/1113 1338/1338 1506/1506
f 1012/1012 1531/1531 1450/1450
f 1365/1365 1534/1534 1489/1489
f 1373/1373 1537/1537 1392/1392
f 1163/1163 1445/1445 1496/1496
f 1374/1374 1543/1543 1539/1539
f 1384/1384 1468/1468 1449/1449
f 1336/1336 1542/1542 1503/1503
f 1113/1113 1364/1364 1488/1488
f 1375/1375 1504/1504 1541/1541
f 1353/1353 1463/1463 1356/1356
f 1362/1362 1470/1470 1523/1523
f 1113/1113 1506/1506 1369/1369
f 1362/1362 1518/1518 1463/1463
f 1363/1363 1524/1524 1519/1519
f 1160/1160 1358/1358 1464/1464
f 1263/1263 1487/1487 1535/1535
f 1380/1380 1522/1522 1490/1490
f 1468/1468 1491/1491 1525/1525
f 1386/1386 1491/1491 1469/1469
f 1339/1339 1538/1538 1544/1544
f 946/946 1106/1106 1545/1545
f 1377/1377 1549/1549 1435/1435
f 1349/1349 1552/1552 1458/1458
f 1334/1334 1556/1556 1511/1511
f 1332/1332 1512/1512 1359/1359
f 1393/1393 1540/1540 1562/1562
f 1382/1382 1451/1451 1529/1529
f 1259/1259 1536/1536 1568/1568
f 923/923 1425/1425 1569/1569
f 1121/1121 1154/1154 1484/1484
f 1376/1376 1459/1459 1550/1550
f 1408/1408 1475/1475 1415/1415
f 1306/1306 1465/1465 1575/1575
f 1394/1394 1579/1579 1402/1402
f 1367/1367 1479/1479 1532/1532
f 1480/1480 1565/1565 1533/1533
f 1339/1339 1563/1563 1538/1538
f 1319/1319 1563/1563 1340/1340
f 1304/1304 1554/1554 1347/1347
f 1341/1341 1581/1581 1446/1446
f 1249/1249 1448/1448 1583/1583
f 1249/1249 1583/1583 1350/1350
f 1100/1100 1558/1558 1333/1333
f 1273/1273 1592/1592 1395/1395
f 1318/1318 1593/1593 1560/1560
f 1243/1243 1454/1454 1603/1603
f 1415/1415 1473/1473 1606/1606
f 1305/1305 1573/1573 1608/1608
f 1383/1383 1527/1527 1610/1610
f 1528/1528 1617/1617 1613/1613
f 1258/1258 1567/1567 1621/1621
f 1264/1264 1576/1576 1466/1466
f 1509/1509 1555/1555 1618/1618
f 1092/1092 1625/1625 1432/1432
f 1477/1477 1630/1630 1564/1564
f 1566/1566 1629/1629 1620/1620
f 1622/1622 1627/1627 1632/1632
f 1559/1559 1594/1594 1633/1633
f 1594/1594 1622/1622 1632/1632
f 1555/1555 1611/1611 1618/1618
f 1286/1286 1638/1638 1304/1304
f 922/922 1572/1572 1642/1642
f 1433/1433 1649/1649 1643/1643
f 1213/1213 1436/1436 1645/1645
f 1418/1418 1604/1604 1472/1472
f 1434/1434 1547/1547 1647/1647
f 1247/1247 1652/1652 1280/1280
f 1476/1476 1631/1631 1628/1628
f 1478/1478 1561/1561 1631/1631
f 1254/1254 1430/1430 1626/1626
f 1052/1052 1079/1079 1661/1661
f 1257/1257 1635/1635 1287/1287
f 1396/1396 1663/1663 1578/1578
f 1395/1395 1589/1589 1664/1664
f 1461/1461 1554/1554 1667/1667
f 1418/1418 1672/1672 1604/1604
f 1428/1428 1675/1675 1570/1570
f 1307/1307 1678/1678 1442/1442
f 1476/1476 1483/1483 1562/1562
f 1460/1460 1682/1682 1551/1551
f 1344/1344 1690/1690 1426/1426
f 1426/1426 1690/1690 1695/1695
f 1424/1424 1692/1692 1675/1675
f 1232/1232 1250/1250 1697/1697
f 1314/1314 1701/1701 1344/1344
f 1459/1459 1668/1668 1685/1685
f 1412/1412 1596/1596 1456/1456
f 1344/1344 1701/1701 1690/1690
f 1578/1578 1663/1663 1704/1704
f 1416/1416 1605/1605 1670/1670
f 946/946 1709/1709 1313/1313
f 1265/1265 1710/1710 1574/1574
f 1272/1272 1423/1423 1502/1502
f 1217/1217 1714/1714 1255/1255
f 1095/1095 1612/1612 1557/1557
f 1309/1309 1607/1607 1678/1678
f 1252/1252 1625/1625 1698/1698
f 1009/1009 1719/1719 1530/1530
f 1411/1411 1673/1673 1720/1720
f 1274/1274 1500/1500 1726/1726
f 1644/1644 1651/1651 1730/1730
f 1214/1214 1644/1644 1730/1730
f 1404/1404 1577/1577 1706/1706
f 1576/1576 1713/1713 1736/1736
f 1441/1441 1738/1738 1494/1494
f 1665/1665 1740/1740 1707/1707
f 1413/1413 1723/1723 1601/1601
f 1595/1595 1745/1745 1619/1619
f 1646/1646 1748/1748 1731/1731
f 777/777 1728/1728 1648/1648
f 1029/1029 1212/1212 1753/1753
f 780/780 1712/1712 1267/1267
f 1671/1671 1760/1760 1721/1721
f 772/772 1650/1650 1735/1735
f 1256/1256 1716/1716 1639/1639
f 1244/1244 1763/1763 1653/1653
f 1271/1271 1726/1726 1767/1767
f 1642/1642 1693/1693 1689/1689
f 774/774 1732/1732 1711/1711
f 1547/1547 1748/1748 1646/1646
f 1417/1417 1761/1761 1669/1669
f 1703/1703 1741/1741 1759/1759
f 1418/1418 1705/1705 1762/1762
f 1589/1589 1742/1742 1664/1664
f 1642/1642 1691/1691 1702/1702
f 1262/1262 1621/1621 1744/1744
f 1385/1385 1610/1610 1769/1769
f 1443/1443 1677/1677 1771/1771
f 1210/1210 1727/1727 1757/1757
f 1501/1501 1776/1776 1724/1724
f 1203/1203 1262/1262 1744/1744
f 1721/1721 1760/1760 1743/1743
f 1316/1316 1780/1780 1595/1595
f 1216/1216 1352/1352 1783/1783
f 1312/1312 1708/1708 1702/1702
f 1203/1203 1744/1744 1498/1498
f 1571/1571 1674/1674 1642/1642
f 1278/1278 1654/1654 1658/1658
f 1573/1573 1734/1734 1608/1608
f 1054/1054 1786/1786 1094/1094
f 1036/1036 1117/1117 1513/1513
f 1304/1304 1637/1637 1789/1789
f 1548/1548 1683/1683 1750/1750
f 1099/1099 1768/1768 1614/1614
f 1231/1231 1778/1778 1317/1317
f 1590/1590 1722/1722 1743/1743
f 1587/1587 1598/1598 1723/1723
f 1439/1439 1771/1771 1739/1739
f 1407/1407 1706/1706 1418/1418
f 1446/1446 1581/1581 1583/1583
f 1680/1680 1795/1795 1772/1772
f 1245/1245 1602/1602 1764/1764
f 1017/1017 1796/1796 1155/1155
f 1641/1641 1676/1676 1694/1694
f 1554/1554 1801/1801 1667/1667
f 1725/1725 1774/1774 1765/1765
f 1666/1666 1803/1803 1688/1688
f 1304/1304 1789/1789 1554/1554
f 776/776 1755/1755 1729/1729
f 1271/1271 1767/1767 1805/1805
f 821/821 1031/1031 1068/1068
f 1098/1098 1493/1493 1737/1737
f 938/938 1811/1811 1418/1418
f 1352/1352 1583/1583 1783/1783
f 1269/1269 1805/1805 1588/1588
f 1342/1342 1385/1385 1580/1580
f 1078/1078 1279/1279 1660/1660
f 1231/1231 1696/1696 1779/1779
f 1091/1091 1786/1786 1623/1623
f 1599/1599 1817/1817 1764/1764
f 1766/1766 1776/1776 1808/1808
f 781/781 922/922 1823/1823
f 1553/1553 1790/1790 1800/1800
f 1608/1608 1733/1733 1749/1749
f 1499/1499 1825/1825 1774/1774
f 1510/1510 1616/1616 1514/1514
f 1053/1053 1656/1656 1785/1785
f 1600/1600 1828/1828 1819/1819
f 1217/1217 1782/1782 1714/1714
f 1653/1653 1763/1763 1822/1822
f 1609/1609 1746/1746 1679/1679
f 1098/1098 1737/1737 1770/1770
f 1586/1586 1828/1828 1597/1597
f 1680/1680 1829/1829 1795/1795
f 1686/1686 1802/1802 1791/1791
f 1388/1388 1769/1769 1582/1582
f 1679/1679 1747/1747 1687/1687
f 1531/1531 1719/1719 1616/1616
f 1773/1773 1794/1794 1833/1833
f 1591/1591 1807/1807 1828/1828
f 1806/1806 1820/1820 1827/1827
f 1154/1154 1798/1798 1482/1482
f 1681/1681 1684/1684 1793/1793
f 1775/1775 1820/1820 1804/1804
f 1681/1681 1793/1793 1831/1831
f 1776/1776 1836/1836 1818/1818
f 1655/1655 1816/1816 1660/1660
f 1581/1581 1839/1839 1585/1585
f 1595/1595 1777/1777 1847/1847
f 718/718 1405/1405 778/778
f 1100/1100 1771/1771 1830/1830
f 1097/1097 1838/1838 1768/1768
f 1657/1657 1821/1821 1836/1836
f 946/946 1545/1545 1709/1709
f 1101/1101 1851/1851 1841/1841
f 1072/1072 1854/1854 1105/1105
f 1595/1595 1847/1847 1745/1745
f 1640/1640 1834/1834 1792/1792
f 1497/1497 1744/1744 1825/1825
f 1546/1546 1700/1700 1708/1708
f 1098/1098 1830/1830 1849/1849
f 1635/1635 1715/1715 1781/1781
f 1624/1624 1788/1788 1699/1699
f 1696/1696 1844/1844 1778/1778
f 1699/1699 1788/1788 1846/1846
f 781/781 1823/1823 1858/1858
f 1832/1832 1860/1860 1850/1850
f 940/940 987/987 1810/1810
f 1660/1660 1837/1837 1776/1776
f 1640/1640 1861/1861 1835/1835
f 1393/1393 1562/1562 1483/1483
f 1105/1105 1857/1857 1863/1863
f 1582/1582 1769/1769 1842/1842
f 1584/1584 1842/1842 1783/1783
f 1745/1745 1847/1847 1826/1826
f 1660/1660 1776/1776 1825/1825
f 1841/1841 1848/1848 1859/1859
f 1104/1104 1864/1864 1545/1545
f 923/923 1642/1642 1867/1867
f 1634/1634 1784/1784 1840/1840
f 1659/1659 1845/1845 1787/1787
f 773/773 1871/1871 1752/1752
f 1636/1636 1843/1843 1862/1862
f 1662/1662 1824/1824 1845/1845
f 923/923 1867/1867 1823/1823
f 781/781 1858/1858 1088/1088
f 1030/1030 1753/1753 1878/1878
f 1516/1516 1615/1615 1719/1719
f 1088/1088 1858/1858 1886/1886
f 778/778 1405/1405 1892/1892
f 1404/1404 1418/1418 1900/1900
f 915/915 1903/1903 1008/1008
f 916/916 1038/1038 1904/1904
f 1031/1031 1853/1853 1070/1070
f 1016/1016 1390/1390 1911/1911
f 1917/1917 1920/1920 1925/1925
f 1928/1928 1935/1935 1936/1936
f 1920/1920 1940/1940 1925/1925
f 1928/1928 1944/1944 1935/1935
f 1418/1418 1811/1811 1900/1900
f 1920/1920 1948/1948 1940/1940
f 1932/1932 1945/1945 1952/1952
f 1919/1919 1954/1954 1947/1947
f 1392/1392 1486/1486 1959/1959
f 1933/1933 1964/1964 1937/1937
f 1942/1942 1968/1968 1950/1950
f 1912/1912 1922/1922 1972/1972
f 1919/1919 1975/1975 1955/1955
f 1949/1949 1956/1956 1977/1977
f 1941/1941 1946/1946 1978/1978
f 1930/1930 1981/1981 1966/1966
f 1918/1918 1985/1985 1974/1974
f 1923/1923 1990/1990 1973/1973
f 1929/1929 1938/1938 1998/1998
f 1927/1927 2001/2001 1943/1943
f 1931/1931 2003/2003 1981/1981
f 1915/1915 2006/2006 1921/1921
f 1034/1034 1515/1515 2014/2014
f 1927/1927 1995/1995 2001/2001
f 1938/1938 2020/2020 1994/1994
f 1942/1942 2001/2001 1969/1969
f 1919/1919 2010/2010 1985/1985
f 1995/1995 2026/2026 1999/1999
f 1811/1811 2029/2029 1900/1900
f 988/988 1089/1089 1887/1887
f 1934/1934 1952/1952 2033/2033
f 1926/1926 1939/1939 2038/2038
f 1981/1981 2003/2003 2041/2041
f 1400/1400 1900/1900 2045/2045
f 1937/1937 1962/1962 2050/2050
f 1937/1937 2048/2048 2021/2021
f 1031/1031 1880/1880 1855/1855
f 1963/1963 1982/1982 2052/2052
f 1915/1915 2056/2056 2006/2006
f 1486/1486 2058/2058 1959/1959
f 1976/1976 1987/1987 2065/2065
f 1965/1965 2053/2053 2068/2068
f 1954/1954 1974/1974 2062/2062
f 1954/1954 2074/2074 1979/1979
f 1037/1037 2017/2017 1906/1906
f 1954/1954 2064/2064 2080/2080
f 2052/2052 2083/2083 2067/2067
f 1965/1965 2068/2068 2049/2049
f 2063/2063 2088/2088 2078/2078
f 1515/1515 2096/2096 2014/2014
f 1980/1980 2041/2041 2098/2098
f 2052/2052 2101/2101 2083/2083
f 1982/1982 2101/2101 2052/2052
f 1984/1984 2106/2106 2102/2102
f 1983/1983 2097/2097 2105/2105
f 2078/2078 2090/2090 2108/2108
f 1482/1482 1798/1798 2112/2112
f 1986/1986 2093/2093 2065/2065
f 1922/1922 2116/2116 1989/1989
f 1941/1941 1978/1978 2073/2073
f 1485/1485 2120/2120 2057/2057
f 1951/1951 1968/1968 2032/2032
f 1546/1546 1864/1864 2123/2123
f 1932/1932 2035/2035 2005/2005
f 1954/1954 2128/2128 2072/2072
f 2039/2039 2107/2107 2099/2099
f 2085/2085 2104/2104 2131/2131
f 1985/1985 2133/2133 2135/2135
f 2083/2083 2131/2131 2137/2137
f 2091/2091 2140/2140 2110/2110
f 1970/1970 2000/2000 2145/2145
f 1403/1403 2045/2045 1891/1891
f 1756/1756 1874/1874 2150/2150
f 1514/1514 1719/1719 2155/2155
f 1993/1993 2159/2159 2027/2027
f 1988/1988 2162/2162 2087/2087
f 2111/2111 2144/2144 2166/2166
f 1953/1953 2077/2077 2126/2126
f 1985/1985 2010/2010 2133/2133
f 1941/1941 2073/2073 2173/2173
f 2133/2133 2163/2163 2135/2135
f 1751/1751 2151/2151 2176/2176
f 2138/2138 2181/2181 2151/2151
f 1901/1901 2184/2184 2044/2044
f 2103/2103 2189/2189 2130/2130
f 1972/1972 1989/1989 2195/2195
f 1985/1985 2135/2135 2161/2161
f 2092/2092 2198/2198 2202/2202
f 2092/2092 2182/2182 2142/2142
f 1939/1939 2173/2173 2038/2038
f 2003/2003 2206/2206 2041/2041
f 2002/2002 2034/2034 2211/2211
f 1898/1898 2143/2143 2184/2184
f 2089/2089 2205/2205 2183/2183
f 2081/2081 2212/2212 2125/2125
f 2001/2001 2026/2026 2215/2215
f 1516/1516 2155/2155 2095/2095
f 2144/2144 2221/2221 2166/2166
f 1758/1758 2177/2177 2224/2224
f 2079/2079 2109/2109 2168/2168
f 1913/1913 1971/1971 2229/2229
f 2047/2047 2184/2184 2204/2204
f 2131/2131 2180/2180 2139/2139
f 2079/2079 2164/2164 2213/2213
f 2087/2087 2162/2162 2232/2232
f 2102/2102 2106/2106 2239/2239
f 1897/1897 2219/2219 2141/2141
f 1967/1967 2244/2244 2031/2031
f 2051/2051 2066/2066 2249/2249
f 1895/1895 2046/2046 2203/2203
f 2082/2082 2137/2137 2253/2253
f 2086/2086 2253/2253 2258/2258
f 1899/1899 2030/2030 2222/2222
f 1895/1895 2203/2203 2199/2199
f 1924/1924 2036/2036 2116/2116
f 2136/2136 2152/2152 2250/2250
f 2129/2129 2186/2186 2178/2178
f 1916/1916 2231/2231 2260/2260
f 2011/2011 2056/2056 2269/2269
f 2056/2056 2272/2272 2269/2269
f 2092/2092 2236/2236 2200/2200
f 1968/1968 2276/2276 2240/2240
f 1875/1875 2252/2252 2149/2149
f 2127/2127 2214/2214 2167/2167
f 2179/2179 2185/2185 2226/2226
f 2069/2069 2256/2256 2248/2248
f 1989/1989 2116/2116 2277/2277
f 2100/2100 2237/2237 2191/2191
f 1960/1960 2272/2272 2056/2056
f 1989/1989 2277/2277 2195/2195
f 1914/1914 2261/2261 2055/2055
f 2043/2043 2239/2239 2106/2106
f 2001/2001 2217/2217 2145/2145
f 2134/2134 2280/2280 2162/2162
f 2246/2246 2256/2256 2284/2284
f 2070/2070 2084/2084 2256/2256
f 2060/2060 2118/2118 2288/2288
f 1481/1481 2294/2294 2120/2120
f 1015/1015 1909/1909 1799/1799
f 1798/1798 2297/2297 2112/2112
f 1969/1969 2146/2146 2276/2276
f 2162/2162 2280/2280 2232/2232
f 1485/1485 2114/2114 2290/2290
f 2028/2028 2301/2301 2218/2218
f 1958/1958 2054/2054 2264/2264
f 2050/2050 2247/2247 2283/2283
f 1972/1972 2195/2195 2231/2231
f 2019/2019 2050/2050 2283/2283
f 1719/1719 2304/2304 2156/2156
f 1719/1719 2309/2309 2304/2304
f 1392/1392 1959/1959 2311/2311
f 2010/2010 2317/2317 2133/2133
f 2132/2132 2319/2319 2280/2280
f 2025/2025 2158/2158 2321/2321
f 2010/2010 2327/2327 2318/2318
f 2201/2201 2234/2234 2333/2333
f 1896/1896 2197/2197 2331/2331
f 1991/1991 2322/2322 2160/2160
f 2172/2172 2220/2220 2300/2300
f 2042/2042 2207/2207 2337/2337
f 2040/2040 2338/2338 2239/2239
f 1996/1996 2022/2022 2154/2154
f 2061/2061 2270/2270 2271/2271
f 2007/2007 2266/2266 2119/2119
f 1997/1997 2155/2155 2304/2304
f 2148/2148 2339/2339 2275/2275
f 1890/1890 2331/2331 2341/2341
f 2060/2060 2286/2286 2267/2267
f 1961/1961 2059/2059 2273/2273
f 2122/2122 2268/2268 2287/2287
f 2009/2009 2121/2121 2292/2292
f 1992/1992 2303/2303 2307/2307
f 2171/2171 2299/2299 2345/2345
f 2233/2233 2281/2281 2349/2349
f 1872/1872 2351/2351 2254/2254
f 2279/2279 2318/2318 2348/2348
f 2023/2023 2358/2358 2153/2153
f 1991/1991 2306/2306 2322/2322
f 2127/2127 2165/2165 2360/2360
f 2037/2037 2175/2175 2362/2362
f 2251/2251 2350/2350 2259/2259
f 2157/2157 2357/2357 2369/2369
f 2095/2095 2155/2155 2364/2364
f 2190/2190 2238/2238 2373/2373
f 2029/2029 2344/2344 2302/2302
f 2029/2029 2375/2375 2346/2346
f 2012/2012 2292/2292 2383/2383
f 2008/2008 2381/2381 2325/2325
f 2188/2188 2384/2384 2223/2223
f 1754/1754 2227/2227 1882/1882
f 2196/2196 2278/2278 2391/2391
f 2187/2187 2395/2395 2386/2386
f 1008/1008 1903/1903 1718/1718
f 2239/2239 2334/2334 2374/2374
f 2023/2023 2398/2398 2358/2358
f 2037/2037 2402/2402 2116/2116
f 2229/2229 2404/2404 2264/2264
f 2366/2366 2412/2412 2409/2409
f 2418/2418 2422/2422 2424/2424
f 2329/2329 2429/2429 2342/2342
f 1893/1893 2341/2341 2428/2428
f 1869/1869 2432/2432 2352/2352
f 2147/2147 2216/2216 2339/2339
f 2289/2289 2416/2416 2424/2424
f 2115/2115 2415/2415 2290/2290
f 2305/2305 2410/2410 2435/2435
f 1957/1957 2265/2265 2445/2445
f 2308/2308 2438/2438 2323/2323
f 2332/2332 2446/2446 2427/2427
f 2317/2317 2327/2327 2450/2450
f 2356/2356 2414/2414 2368/2368
f 2262/2262 2419/2419 2443/2443
f 2410/2410 2412/2412 2435/2435
f 2263/2263 2423/2423 2421/2421
f 2291/2291 2424/2424 2326/2326
f 2293/2293 2328/2328 2382/2382
f 2194/2194 2458/2458 2230/2230
f 2193/2193 2391/2391 2455/2455
f 2215/2215 2460/2460 2339/2339
f 2228/2228 2384/2384 2464/2464
f 1959/1959 2442/2442 2311/2311
f 2344/2344 2380/2380 2467/2467
f 2169/2169 2347/2347 2469/2469
f 2115/2115 2311/2311 2442/2442
f 2113/2113 2444/2444 2420/2420
f 2113/2113 2420/2420 2417/2417
f 1797/1797 1907/1907 2296/2296
f 2170/2170 2477/2477 2360/2360
f 2117/2117 2392/2392 2278/2278
f 2116/2116 2401/2401 2390/2390
f 2243/2243 2274/2274 2340/2340
f 2037/2037 2362/2362 2402/2402
f 2355/2355 2397/2397 2413/2413
f 2257/2257 2480/2480 2282/2282
f 2324/2324 2423/2423 2482/2482
f 2207/2207 2486/2486 2337/2337
f 2127/2127 2360/2360 2490/2490
f 2004/2004 2210/2210 2496/2496
f 1719/1719 2499/2499 2309/2309
f 2026/2026 2460/2460 2215/2215
f 2192/2192 2371/2371 2396/2396
f 2234/2234 2500/2500 2330/2330
f 2024/2024 2322/2322 2505/2505
f 1876/1876 2225/2225 2463/2463
f 2343/2343 2465/2465 2470/2470
f 2255/2255 2353/2353 2508/2508
f 2387/2387 2514/2514 2464/2464
f 2076/2076 2124/2124 2489/2489
f 2385/2385 2394/2394 2516/2516
f 2310/2310 2499/2499 2408/2408
f 2360/2360 2471/2471 2521/2521
f 2003/2003 2497/2497 2207/2207
f 2330/2330 2500/2500 2447/2447
f 1813/1813 2376/2376 2029/2029
f 2035/2035 2242/2242 2209/2209
f 2256/2256 2513/2513 2480/2480
f 2425/2425 2446/2446 2523/2523
f 2075/2075 2528/2528 2174/2174
f 2377/2377 2523/2523 2466/2466
f 2433/2433 2462/2462 2515/2515
f 2327/2327 2483/2483 2450/2450
f 2431/2431 2518/2518 2535/2535
f 2379/2379 2536/2536 2523/2523
f 1893/1893 2426/2426 2539/2539
f 2425/2425 2523/2523 2540/2540
f 2353/2353 2530/2530 2512/2512
f 2354/2354 2433/2433 2534/2534
f 2233/2233 2349/2349 2544/2544
f 2318/2318 2542/2542 2348/2348
f 2468/2468 2526/2526 2473/2473
f 2393/2393 2532/2532 2517/2517
f 2371/2371 2531/2531 2394/2394
f 2206/2206 2548/2548 2487/2487
f 2397/2397 2439/2439 2411/2411
f 2478/2478 2509/2509 2550/2550
f 2173/2173 2528/2528 2363/2363
f 1717/1717 1905/1905 2498/2498
f 2511/2511 2552/2552 2549/2549
f 2476/2476 2555/2555 2522/2522
f 1894/1894 2541/2541 2560/2560
f 1809/1809 2538/2538 2378/2378
f 2207/2207 2493/2493 2564/2564
f 2359/2359 2519/2519 2491/2491
f 1877/1877 2461/2461 2434/2434
f 2207/2207 2565/2565 2547/2547
f 2208/2208 2242/2242 2495/2495
f 2071/2071 2492/2492 2572/2572
f 2235/2235 2546/2546 2501/2501
f 2318/2318 2449/2449 2545/2545
f 2335/2335 2574/2574 2372/2372
f 2071/2071 2569/2569 2527/2527
f 2018/2018 2285/2285 2479/2479
f 1814/1814 2562/2562 2537/2537
f 2371/2371 2507/2507 2533/2533
f 2361/2361 2528/2528 2403/2403
f 2520/2520 2557/2557 2568/2568
f 2481/2481 2551/2551 2576/2576
f 2447/2447 2503/2503 2524/2524
f 2475/2475 2525/2525 2502/2502
f 2320/2320 2440/2440 2506/2506
f 2451/2451 2501/2501 2543/2543
f 2229/2229 2454/2454 2407/2407
f 2263/2263 2405/2405 2423/2423
f 2336/2336 2488/2488 2574/2574
f 2491/2491 2519/2519 2569/2569
f 2549/2549 2552/2552 2575/2575
f 2452/2452 2556/2556 2472/2472
f 2370/2370 2573/2573 2577/2577
f 2452/2452 2474/2474 2504/2504
f 2365/2365 2408/2408 2499/2499
f 2371/2371 2581/2581 2512/2512
f 2485/2485 2579/2579 2573/2573
f 2019/2019 2479/2479 2398/2398
f 2552/2552 2585/2585 2575/2575
f 2095/2095 2367/2367 2598/2598
f 2481/2481 2576/2576 2583/2583
f 2406/2406 2482/2482 2423/2423
f 2448/2448 2600/2600 2556/2556
f 2389/2389 2606/2606 2457/2457
f 2484/2484 2548/2548 2581/2581
f 2556/2556 2600/2600 2571/2571
f 2510/2510 2578/2578 2553/2553
f 2388/2388 2402/2402 2602/2602
f 2365/2365 2499/2499 2596/2596
f 2453/2453 2608/2608 2601/2601
f 2554/2554 2582/2582 2587/2587
f 2569/2569 2599/2599 2607/2607
f 2397/2397 2612/2612 2441/2441
f 2548/2548 2584/2584 2580/2580
f 2025/2025 2617/2617 2459/2459
f 1873/1873 1883/1883 2430/2430
f 2399/2399 2586/2586 2611/2611
f 2398/2398 2479/2479 2586/2586
f 2457/2457 2606/2606 2621/2621
f 2245/2245 2626/2626 2494/2494
f 2339/2339 2460/2460 2623/2623
f 2460/2460 2615/2615 2623/2623
f 2407/2407 2456/2456 2619/2619
f 2016/2016 2094/2094 2591/2591
f 778/778 1892/1892 2561/2561
f 2437/2437 2612/2612 2629/2629
f 2547/2547 2565/2565 2586/2586
f 2529/2529 2570/2570 2632/2632
f 2241/2241 2339/2339 2623/2623
f 2024/2024 2505/2505 2615/2615
f 2406/2406 2636/2636 2482/2482
f 2570/2570 2608/2608 2632/2632
f 1864/1864 2642/2642 2123/2123
f 2441/2441 2616/2616 2506/2506
f 2586/2586 2631/2631 2613/2613
f 2400/2400 2528/2528 2605/2605
f 2450/2450 2640/2640 2609/2609
f 2450/2450 2483/2483 2638/2638
f 2436/2436 2628/2628 2616/2616
f 2112/2112 2295/2295 2646/2646
f 2495/2495 2624/2624 2567/2567
f 2406/2406 2620/2620 2639/2639
f 2566/2566 2630/2630 2588/2588
f 2528/2528 2633/2633 2605/2605
f 2610/2610 2640/2640 2632/2632
f 2013/2013 2591/2591 2654/2654
f 2604/2604 2637/2637 2618/2618
f 2603/2603 2634/2634 2635/2635
f 2563/2563 2625/2625 2627/2627
f 2614/2614 2627/2627 2622/2622
f 987/987 2656/2656 1815/1815
f 778/778 2561/2561 1870/1870
f 1905/1905 2659/2659 2498/2498
f 2664/2664 2668/2668 2673/2673
f 2664/2664 2675/2675 2679/2679
f 2687/2687 2694/2694 2698/2698
f 2691/2691 2702/2702 2696/2696
f 2115/2115 2650/2650 2315/2315
f 2699/2699 2701/2701 2704/2704
f 2662/2662 2677/2677 2710/2710
f 2669/2669 2712/2712 2674/2674
f 2686/2686 2697/2697 2717/2717
f 1902/1902 2015/2015 2653/2653
f 2688/2688 2721/2721 2700/2700
f 2672/2672 2726/2726 2678/2678
f 1391/1391 2314/2314 1910/1910
f 2661/2661 2729/2729 2667/2667
f 2681/2681 2734/2734 2708/2708
f 2701/2701 2723/2723 2704/2704
f 2671/2671 2712/2712 2736/2736
f 2699/2699 2740/2740 2720/2720
f 2699/2699 2704/2704 2740/2740
f 2685/2685 2743/2743 2695/2695
f 1908/1908 2314/2314 2746/2746
f 2686/2686 2719/2719 2752/2752
f 2690/2690 2761/2761 2757/2757
f 2670/2670 2736/2736 2724/2724
f 2665/2665 2708/2708 2763/2763
f 2695/2695 2743/2743 2766/2766
f 2692/2692 2766/2766 2758/2758
f 2499/2499 2772/2772 2594/2594
f 2680/2680 2775/2775 2778/2778
f 2724/2724 2735/2735 2782/2782
f 2663/2663 2784/2784 2729/2729
f 2693/2693 2789/2789 2721/2721
f 2704/2704 2722/2722 2787/2787
f 2676/2676 2725/2725 2773/2773
f 2689/2689 2756/2756 2785/2785
f 2680/2680 2790/2790 2734/2734
f 2704/2704 2787/2787 2793/2793
f 2705/2705 2796/2796 2741/2741
f 2732/2732 2801/2801 2809/2809
f 2711/2711 2733/2733 2812/2812
f 2669/2669 2731/2731 2815/2815
f 2707/2707 2820/2820 2796/2796
f 2738/2738 2797/2797 2823/2823
f 2703/2703 2792/2792 2825/2825
f 2733/2733 2791/2791 2829/2829
f 2709/2709 2808/2808 2762/2762
f 2733/2733 2832/2832 2803/2803
f 2799/2799 2822/2822 2836/2836
f 2706/2706 2826/2826 2819/2819
f 2669/2669 2815/2815 2713/2713
f 2800/2800 2834/2834 2839/2839
f 2798/2798 2843/2843 2844/2844
f 2726/2726 2854/2854 2773/2773
f 2804/2804 2860/2860 2805/2805
f 2680/2680 2778/2778 2790/2790
f 2818/2818 2864/2864 2835/2835
f 2682/2682 2752/2752 2875/2875
f 2797/2797 2850/2850 2823/2823
f 2810/2810 2858/2858 2878/2878
f 2715/2715 2883/2883 2737/2737
f 2743/2743 2884/2884 2766/2766
f 2755/2755 2889/2889 2785/2785
f 2802/2802 2833/2833 2863/2863
f 2843/2843 2896/2896 2849/2849
f 2778/2778 2830/2830 2790/2790
f 1872/1872 2901/2901 1879/1879
f 2726/2726 2904/2904 2854/2854
f 2726/2726 2911/2911 2904/2904
f 2794/2794 2865/2865 2828/2828
f 2739/2739 2824/2824 2845/2845
f 2835/2835 2866/2866 2919/2919
f 2662/2662 2924/2924 2783/2783
f 1872/1872 2931/2931 2901/2901
f 2831/2831 2934/2934 2859/2859
f 2666/2666 2765/2765 2924/2924
f 2739/2739 2847/2847 2938/2938
f 2821/2821 2827/2827 2866/2866
f 2763/2763 2807/2807 2941/2941
f 2787/2787 2945/2945 2795/2795
f 2862/2862 2949/2949 2877/2877
f 2842/2842 2954/2954 2957/2957
f 2720/2720 2740/2740 2940/2940
f 2811/2811 2876/2876 2961/2961
f 2806/2806 2961/2961 2942/2942
f 2834/2834 2952/2952 2839/2839
f 2297/2297 2969/2969 2646/2646
f 2714/2714 2813/2813 2881/2881
f 2729/2729 2784/2784 2975/2975
f 2743/2743 2980/2980 2884/2884
f 2857/2857 2983/2983 2950/2950
f 2757/2757 2760/2760 2888/2888
f 2311/2311 2644/2644 2985/2985
f 1868/1868 2561/2561 2987/2987
f 2760/2760 2767/2767 2885/2885
f 2684/2684 2992/2992 2742/2742
f 2778/2778 2935/2935 2830/2830
f 2898/2898 2932/2932 2959/2959
f 2903/2903 2958/2958 2953/2953
f 2737/2737 2883/2883 2995/2995
f 2848/2848 2997/2997 2939/2939
f 2794/2794 2944/2944 2999/2999
f 2773/2773 2854/2854 3003/3003
f 2794/2794 2999/2999 2865/2865
f 2897/2897 2955/2955 3006/3006
f 1873/1873 2988/2988 2927/2927
f 2841/2841 2957/2957 3013/3013
f 2837/2837 3008/3008 2952/2952
f 2774/2774 3020/3020 2778/2778
f 2783/2783 2924/2924 2974/2974
f 2846/2846 3024/3024 2998/2998
f 2844/2844 2893/2893 3023/3023
f 1879/1879 2901/2901 3030/3030
f 2683/2683 2868/2868 2992/2992
f 2716/2716 2939/2939 3032/3032
f 2928/2928 3010/3010 2956/2956
f 2834/2834 2918/2918 3007/3007
f 1858/1858 3036/3036 1889/1889
f 2720/2720 3034/3034 3037/3037
f 2730/2730 2976/2976 3050/3050
f 2788/2788 3053/3053 2947/2947
f 2867/2867 3055/3055 2919/2919
f 2838/2838 3060/3060 2894/2894
f 2743/2743 2993/2993 2978/2978
f 2859/2859 2934/2934 3068/3068
f 2879/2879 2951/2951 3071/3071
f 2840/2840 3012/3012 3064/3064
f 2737/2737 2995/2995 2782/2782
f 2866/2866 3000/3000 3057/3057
f 2777/2777 3075/3075 3022/3022
f 2937/2937 2997/2997 3034/3034
f 2879/2879 3071/3071 3080/3080
f 2948/2948 2964/2964 3084/3084
f 2929/2929 3062/3062 3011/3011
f 2727/2727 2782/2782 2910/2910
f 2949/2949 3086/3086 3072/3072
f 2313/2313 2984/2984 3091/3091
f 2728/2728 3048/3048 2814/2814
f 2779/2779 3020/3020 2936/2936
f 2649/2649 3094/3094 3099/3099
f 2903/2903 3009/3009 3100/3100
f 2964/2964 3105/3105 3084/3084
f 2996/2996 3026/3026 3033/3033
f 3070/3070 3085/3085 3104/3104
f 2763/2763 2941/2941 2960/2960
f 2880/2880 3081/3081 2961/2961
f 2934/2934 3110/3110 3068/3068
f 2499/2499 3117/3117 2771/2771
f 1902/1902 2653/2653 2658/2658
f 2944/2944 3056/3056 2999/2999
f 2943/2943 3051/3051 3123/3123
f 2926/2926 3017/3017 3107/3107
f 2648/2648 3125/3125 2985/2985
f 2718/2718 3046/3046 2751/2751
f 2920/2920 3103/3103 3008/3008
f 2933/2933 3018/3018 3109/3109
f 2930/2930 2989/2989 3065/3065
f 2946/2946 3122/3122 3057/3057
f 2753/2753 3129/3129 2873/2873
f 2499/2499 3135/3135 3119/3119
f 2787/2787 3137/3137 3053/3053
f 2312/2312 3089/3089 3144/3144
f 2907/2907 3089/3089 2985/2985
f 2768/2768 3074/3074 3116/3116
f 3069/3069 3106/3106 3151/3151
f 2645/2645 3099/3099 2851/2851
f 2647/2647 2855/2855 3125/3125
f 2908/2908 2985/2985 3125/3125
f 2786/2786 2889/2889 3136/3136
f 2770/2770 2869/2869 3127/3127
f 2852/2852 2905/2905 3124/3124
f 2592/2592 2751/2751 3154/3154
f 2590/2590 3126/3126 2754/2754
f 2590/2590 2771/2771 3128/3128
f 2872/2872 3118/3118 3131/3131
f 2853/2853 3098/3098 3002/3002
f 2906/2906 2914/2914 3088/3088
f 2963/2963 3149/3149 3106/3106
f 2816/2816 3157/3157 2882/2882
f 3019/3019 3076/3076 3161/3161
f 2891/2891 3058/3058 3163/3163
f 3073/3073 3165/3165 3115/3115
f 3021/3021 3162/3162 3111/3111
f 2750/2750 3040/3040 3155/3155
f 2870/2870 3132/3132 3169/3169
f 2769/2769 3118/3118 2871/2871
f 2912/2912 3173/3173 3087/3087
f 3004/3004 3097/3097 3177/3177
f 3068/3068 3112/3112 3161/3161
f 2919/2919 3057/3057 3181/3181
f 3063/3063 3186/3186 3164/3164
f 3071/3071 3153/3153 3080/3080
f 2916/2916 3189/3189 3102/3102
f 2899/2899 3101/3101 3188/3188
f 2886/2886 2979/2979 3191/3191
f 2760/2760 2887/2887 3191/3191
f 3053/3053 3195/3195 3121/3121
f 2774/2774 3001/3001 3198/3198
f 2776/2776 3201/3201 3078/3078
f 3090/3090 3171/3171 3145/3145
f 2595/2595 3156/3156 3043/3043
f 2870/2870 3202/3202 2992/2992
f 2764/2764 3207/3207 2922/2922
f 2980/2980 2992/2992 3208/3208
f 2892/2892 3164/3164 3186/3186
f 2882/2882 3211/3211 2994/2994
f 2917/2917 3184/3184 3189/3189
f 2909/2909 3215/3215 3174/3174
f 3133/3133 3221/3221 3170/3170
f 3145/3145 3172/3172 3213/3213
f 3095/3095 3180/3180 3096/3096
f 3014/3014 3223/3223 3108/3108
f 2780/2780 2994/2994 3210/3210
f 1812/1812 2655/2655 2559/2559
f 2962/2962 3082/3082 3227/3227
f 3005/3005 3175/3175 3200/3200
f 2893/2893 3231/3231 3023/3023
f 3025/3025 3229/3229 3031/3031
f 2759/2759 3233/3233 2888/2888
f 2890/2890 3232/3232 3142/3142
f 2763/2763 2960/2960 3225/3225
f 2649/2649 2967/2967 3094/3094
f 2966/2966 3237/3237 3150/3150
f 3061/3061 3244/3244 3185/3185
f 2990/2990 3249/3249 3059/3059
f 3216/3216 3253/3253 3257/3257
f 3034/3034 3263/3263 3040/3040
f 3251/3251 3265/3265 3270/3270
f 3218/3218 3255/3255 3275/3275
f 3092/3092 3269/3269 3179/3179
f 3176/3176 3271/3271 3264/3264
f 3148/3148 3274/3274 3280/3280
f 3168/3168 3220/3220 3284/3284
f 2874/2874 3169/3169 3203/3203
f 3146/3146 3214/3214 3276/3276
f 3216/3216 3268/3268 3253/3253
f 3083/3083 3152/3152 3238/3238
f 3038/3038 3168/3168 3284/3284
f 3178/3178 3266/3266 3197/3197
f 2971/2971 3252/3252 3272/3272
f 2972/2972 3273/3273 3093/3093
f 2899/2899 3188/3188 3287/3287
f 2597/2597 3042/3042 3283/3283
f 3219/3219 3290/3290 3286/3286
f 3130/3130 3291/3291 3222/3222
f 2892/2892 3186/3186 3295/3295
f 2915/2915 3299/3299 3215/3215
f 2882/2882 3157/3157 3211/3211
f 2977/2977 3301/3301 3049/3049
f 3068/3068 3161/3161 3306/3306
f 3187/3187 3248/3248 3311/3311
f 3256/3256 3279/3279 3277/3277
f 2815/2815 3047/3047 3300/3300
f 3282/3282 3290/3290 3313/3313
f 3252/3252 3279/3279 3254/3254
f 3054/3054 3122/3122 3181/3181
f 3113/3113 3166/3166 3315/3315
f 3182/3182 3288/3288 3189/3189
f 3186/3186 3310/3310 3293/3293
f 2781/2781 3317/3317 2915/2915
f 3082/3082 3323/3323 3227/3227
f 2316/2316 3147/3147 3278/3278
f 2761/2761 3190/3190 3233/3233
f 2499/2499 3290/3290 3134/3134
f 3035/3035 3231/3231 3261/3261
f 2913/2913 3317/3317 3298/3298
f 2781/2781 3212/3212 3317/3317
f 2893/2893 3261/3261 3230/3230
f 2589/2589 3281/3281 3327/3327
f 3076/3076 3306/3306 3161/3161
f 3080/3080 3238/3238 3322/3322
f 2763/2763 3226/3226 3205/3205
f 2900/2900 3289/3289 3309/3309
f 2895/2895 3332/3332 3262/3262
f 2297/2297 3337/3337 2969/2969
f 3285/3285 3314/3314 3326/3326
f 2643/2643 3339/3339 3015/3015
f 2643/2643 3343/3343 3340/3340
f 3016/3016 3338/3338 3224/3224
f 2499/2499 3330/3330 3290/3290
f 2902/2902 3312/3312 3247/3247
f 3052/3052 3143/3143 3194/3194
f 3113/3113 3315/3315 3347/3347
f 3068/3068 3306/3306 3239/3239
f 3238/3238 3351/3351 3322/3322
f 3039/3039 3204/3204 3167/3167
f 2979/2979 3208/3208 3193/3193
f 3217/3217 3297/3297 3267/3267
f 3183/3183 3355/3355 3288/3288
f 3120/3120 3196/3196 3361/3361
f 3290/3290 3330/3330 3313/3313
f 2641/2641 3363/3363 3343/3343
f 3122/3122 3356/3356 3181/3181
f 3227/3227 3323/3323 3367/3367
f 2901/2901 3246/3246 3030/3030
f 3288/3288 3358/3358 3308/3308
f 2992/2992 3202/3202 3208/3208
f 3079/3079 3368/3368 3304/3304
f 2643/2643 3372/3372 3363/3363
f 3206/3206 3228/3228 3377/3377
f 3122/3122 3362/3362 3386/3386
f 3227/3227 3367/3367 3380/3380
f 2971/2971 3279/3279 3250/3250
f 3339/3339 3343/3343 3390/3390
f 2895/2895 3392/3392 3332/3332
f 2817/2817 3302/3302 3160/3160
f 3292/3292 3307/3307 3358/3358
f 3141/3141 3234/3234 3402/3402
f 2895/2895 3294/3294 3397/3397
f 3260/3260 3331/3331 3406/3406
f 3321/3321 3353/3353 3366/3366
f 3122/3122 3388/3388 3359/3359
f 3342/3342 3363/3363 3407/3407
f 2653/2653 3411/3411 2658/2658
f 3140/3140 3419/3419 3196/3196
f 3305/3305 3369/3369 3423/3423
f 3341/3341 3409/3409 3389/3389
f 3041/3041 3259/3259 3427/3427
f 2991/2991 3029/3029 3245/3245
f 3243/3243 3422/3422 3352/3352
f 3077/3077 3198/3198 3435/3435
f 3196/3196 3416/3416 3360/3360
f 3362/3362 3420/3420 3384/3384
f 3258/3258 3405/3405 3426/3426
f 3296/3296 3357/3357 3394/3394
f 3241/3241 3306/3306 3425/3425
f 3357/3357 3387/3387 3396/3396
f 3331/3331 3437/3437 3404/3404
f 3139/3139 3441/3441 3416/3416
f 3350/3350 3378/3378 3365/3365
f 3114/3114 3348/3348 3376/3376
f 3403/3403 3437/3437 3426/3426
f 3352/3352 3424/3424 3382/3382
f 2315/2315 3278/3278 2748/2748
f 3385/3385 3415/3415 3391/3391
f 3333/3333 3395/3395 3437/3437
f 2591/2591 3442/3442 2652/2652
f 3199/3199 3267/3267 3432/3432
f 3205/3205 3383/3383 3447/3447
f 2921/2921 3205/3205 3447/3447
f 3077/3077 3435/3435 3371/3371
f 2925/2925 3453/3453 2977/2977
f 2973/2973 3448/3448 3303/3303
f 3371/3371 3379/3379 3421/3421
f 3393/3393 3418/3418 3437/3437
f 3158/3158 3302/3302 3450/3450
f 3138/3138 3398/3398 3439/3439
f 3036/3036 3345/3345 3455/3455
f 3364/3364 3461/3461 3408/3408
f 3370/3370 3435/3435 3379/3379
f 2748/2748 3279/3279 2971/2971
f 3347/3347 3464/3464 3376/3376
f 3190/3190 3400/3400 3233/3233
f 3159/3159 3449/3449 3211/3211
f 3364/3364 3373/3373 3461/3461
f 3346/3346 3376/3376 3464/3464
f 3190/3190 3466/3466 3400/3400
f 3267/3267 3297/3297 3434/3434
f 3375/3375 3471/3471 3462/3462
f 2923/2923 3446/3446 3474/3474
f 3192/3192 3209/3209 3470/3470
f 3211/3211 3449/3449 3316/3316
f 3297/3297 3320/3320 3436/3436
f 3381/3381 3479/3479 3447/3447
f 1852/1852 3483/3483 1865/1865
f 1856/1856 1881/1881 3484/3484
f 2925/2925 3474/3474 3451/3451
f 3417/3417 3431/3431 3438/3438
f 3036/3036 3455/3455 3485/3485
f 3045/3045 3430/3430 3465/3465
f 3346/3346 3463/3463 3476/3476
f 3044/3044 3467/3467 3204/3204
f 3446/3446 3481/3481 3474/3474
f 3416/3416 3441/3441 3426/3426
f 1911/1911 2744/2744 3490/3490
f 3202/3202 3468/3468 3208/3208
f 3344/3344 3475/3475 3458/3458
f 3383/3383 3435/3435 3479/3479
f 988/988 1885/1885 3494/3494
f 3373/3373 3495/3495 3488/3488
f 3319/3319 3452/3452 3473/3473
f 1888/1888 3036/3036 3493/3493
f 3318/3318 3472/3472 3433/3433
f 3433/3433 3473/3473 3480/3480
f 3399/3399 3429/3429 3440/3440
f 3401/3401 3469/3469 3428/3428
f 2498/2498 2660/2660 3328/3328
f 2643/2643 3496/3496 3374/3374
f 2660/2660 3410/3410 3324/3324
f 3477/3477 3487/3487 3499/3499
f 2641/2641 3503/3503 3496/3496
f 3497/3497 3506/3506 3507/3507
f 3488/3488 3496/3496 3508/3508
f 989/989 3512/3512 2657/2657
f 3459/3459 3478/3478 3500/3500
f 3498/3498 3507/3507 3504/3504
f 3454/3454 3501/3501 3514/3514
f 2643/2643 3518/3518 3505/3505
f 3487/3487 3524/3524 3499/3499
f 3500/3500 3523/3523 3515/3515
f 3460/3460 3513/3513 3522/3522
f 2643/2643 3525/3525 3518/3518
f 3506/3506 3519/3519 3530/3530
f 3487/3487 3534/3534 3521/3521
f 3502/3502 3531/3531 3520/3520
f 3459/3459 3523/3523 3534/3534
f 2593/2593 3329/3329 3445/3445
f 3520/3520 3532/3532 3537/3537
f 2748/2748 2968/2968 3540/3540
f 3516/3516 3536/3536 3529/3529
f 3517/3517 3528/3528 3537/3537
f 3544/3544 3546/3546 3550/3550
f 3553/3553 3558/3558 3564/3564
f 3542/3542 3569/3569 3548/3548
f 3547/3547 3573/3573 3552/3552
f 3549/3549 3567/3567 3582/3582
f 3573/3573 3592/3592 3587/3587
f 3547/3547 3589/3589 3573/3573
f 3556/3556 3593/3593 3558/3558
f 3549/3549 3582/3582 3590/3590
f 3551/3551 3575/3575 3598/3598
f 3543/3543 3551/3551 3598/3598
f 3545/3545 3600/3600 3568/3568
f 2643/2643 3601/3601 3525/3525
f 3570/3570 3598/3598 3580/3580
f 3574/3574 3585/3585 3607/3607
f 3586/3586 3591/3591 3611/3611
f 2561/2561 3616/3616 2987/2987
f 3459/3459 3534/3534 3624/3624
f 3533/3533 3626/3626 3623/3623
f 3557/3557 3632/3632 3596/3596
f 3560/3560 3594/3594 3639/3639
f 3526/3526 3613/3613 3537/3537
f 3581/3581 3642/3642 3588/3588
f 3535/3535 3604/3604 3629/3629
f 3555/3555 3566/3566 3648/3648
f 3595/3595 3649/3649 3636/3636
f 3586/3586 3611/3611 3606/3606
f 3559/3559 3651/3651 3562/3562
f 3580/3580 3599/3599 3654/3654
f 3457/3457 3625/3625 3630/3630
f 3455/3455 3657/3657 3485/3485
f 1864/1864 3663/3663 2643/2643
f 3560/3560 3638/3638 3670/3670
f 3526/3526 3671/3671 3613/3613
f 3456/3456 3627/3627 3659/3659
f 3597/3597 3633/3633 3649/3649
f 2991/2991 3672/3672 3029/3029
f 3563/3563 3674/3674 3646/3646
f 3583/3583 3682/3682 3677/3677
f 3591/3591 3687/3687 3611/3611
f 3577/3577 3607/3607 3690/3690
f 3527/3527 3603/3603 3671/3671
f 3036/3036 3486/3486 3493/3493
f 3572/3572 3654/3654 3598/3598
f 3571/3571 3692/3692 3652/3652
f 3565/3565 3651/3651 3674/3674
f 3608/3608 3611/3611 3698/3698
f 2558/2558 2655/2655 3620/3620
f 3557/3557 3701/3701 3708/3708
f 3591/3591 3643/3643 3710/3710
f 3579/3579 3720/3720 3642/3642
f 3591/3591 3710/3710 3685/3685
f 3557/3557 3708/3708 3631/3631
f 3603/3603 3723/3723 3671/3671
f 2971/2971 3727/3727 3540/3540
f 2991/2991 3731/3731 3672/3672
f 3329/3329 3737/3737 3740/3740
f 3636/3636 3649/3649 3748/3748
f 3584/3584 3653/3653 3682/3682
f 3612/3612 3686/3686 3752/3752
f 3633/3633 3755/3755 3649/3649
f 3628/3628 3758/3758 3657/3657
f 3575/3575 3689/3689 3762/3762
f 3607/3607 3769/3769 3690/3690
f 2643/2643 3722/3722 3602/3602
f 3612/3612 3752/3752 3771/3771
f 988/988 3494/3494 3509/3509
f 3576/3576 3762/3762 3691/3691
f 3607/3607 3776/3776 3770/3770
f 3634/3634 3780/3780 3756/3756
f 3613/3613 3671/3671 3723/3723
f 3629/3629 3683/3683 3759/3759
f 2969/2969 3337/3337 3789/3789
f 3649/3649 3792/3792 3748/3748
f 3684/3684 3710/3710 3796/3796
f 3684/3684 3796/3796 3750/3750
f 3756/3756 3782/3782 3799/3799
f 3752/3752 3804/3804 3771/3771
f 3325/3325 3413/3413 3808/3808
f 3637/3637 3746/3746 3670/3670
f 3752/3752 3815/3815 3804/3804
f 3613/3613 3723/3723 3818/3818
f 3649/3649 3753/3753 3821/3821
f 3635/3635 3705/3705 3786/3786
f 3647/3647 3674/3674 3826/3826
f 3554/3554 3648/3648 3700/3700
f 3754/3754 3802/3802 3824/3824
f 3612/3612 3771/3771 3828/3828
f 3654/3654 3694/3694 3831/3831
f 3805/3805 3815/3815 3835/3835
f 3327/3327 3739/3739 3445/3445
f 3751/3751 3797/3797 3814/3814
f 3688/3688 3765/3765 3762/3762
f 3561/3561 3669/3669 3839/3839
f 3559/3559 3838/3838 3651/3651
f 2655/2655 3843/3843 3618/3618
f 3612/3612 3828/3828 3697/3697
f 3578/3578 3679/3679 3720/3720
f 3772/3772 3848/3848 3829/3829
f 3651/3651 3853/3853 3675/3675
f 2643/2643 3855/3855 3721/3721
f 3800/3800 3861/3861 3863/3863
f 3704/3704 3868/3868 3783/3783
f 3773/3773 3803/3803 3847/3847
f 3797/3797 3871/3871 3814/3814
f 3804/3804 3835/3835 3880/3880
f 3607/3607 3883/3883 3779/3779
f 3683/3683 3890/3890 3757/3757
f 3644/3644 3826/3826 3894/3894
f 3701/3701 3895/3895 3708/3708
f 3784/3784 3902/3902 3801/3801
f 3813/3813 3907/3907 3835/3835
f 3711/3711 3877/3877 3795/3795
f 3641/3641 3911/3911 3710/3710
f 2970/2970 3790/3790 3727/3727
f 3706/3706 3895/3895 3914/3914
f 3648/3648 3920/3920 3703/3703
f 3802/3802 3864/3864 3824/3824
f 3785/3785 3867/3867 3924/3924
f 3707/3707 3916/3916 3870/3870
f 3030/3030 3673/3673 3833/3833
f 3672/3672 3930/3930 3836/3836
f 2655/2655 3934/3934 3843/3843
f 3829/3829 3845/3845 3936/3936
f 3693/3693 3763/3763 3830/3830
f 3696/3696 3827/3827 3935/3935
f 3723/3723 3856/3856 3820/3820
f 3672/3672 3879/3879 3928/3928
f 3028/3028 3832/3832 3906/3906
f 3030/3030 3908/3908 3939/3939
f 3621/3621 3841/3841 3899/3899
f 3841/3841 3941/3941 3899/3899
f 3834/3834 3929/3929 3881/3881
f 3801/3801 3940/3940 3943/3943
f 3798/3798 3898/3898 3942/3942
f 1907/1907 3489/3489 2298/2298
f 3678/3678 3948/3948 3717/3717
f 3670/3670 3749/3749 3952/3952
f 3444/3444 3742/3742 3957/3957
f 3709/3709 3913/3913 3875/3875
f 3655/3655 3758/3758 3889/3889
f 3781/3781 3959/3959 3901/3901
f 3680/3680 3964/3964 3949/3949
f 3798/3798 3944/3944 3862/3862
f 1884/1884 3970/3970 3484/3484
f 1883/1883 3030/3030 3980/3980
f 3641/3641 3981/3981 3910/3910
f 2655/2655 3986/3986 3933/3933
f 3650/3650 3823/3823 3794/3794
f 3842/3842 3946/3946 3941/3941
f 3615/3615 3900/3900 3960/3960
f 3622/3622 3962/3962 3988/3988
f 3653/3653 3992/3992 3682/3682
f 2651/2651 3442/3442 3994/3994
f 3895/3895 3998/3998 3917/3917
f 3645/3645 3893/3893 3920/3920
f 3027/3027 3937/3937 3976/3976
f 3842/3842 3932/3932 3946/3946
f 3859/3859 4001/4001 3865/3865
f 3668/3668 3951/3951 3839/3839
f 3445/3445 3955/3955 4013/4013
f 3860/3860 3945/3945 4003/4003
f 2748/2748 3540/3540 4016/4016
f 3784/3784 3923/3923 4018/4018
f 3784/3784 4020/4020 3959/3959
f 3651/3651 4025/4025 3853/3853
f 3651/3651 3840/3840 4023/4023
f 3872/3872 3912/3912 3982/3982
f 3658/3658 3888/3888 4029/4029
f 3812/3812 4032/4032 3909/3909
f 3904/3904 4032/4032 4038/4038
f 3672/3672 3729/3729 3881/3881
f 3932/3932 4044/4044 3946/3946
f 3702/3702 3920/3920 3897/3897
f 3696/3696 3935/3935 4051/4051
f 3870/3870 4053/4053 3924/3924
f 3485/3485 3656/3656 4030/4030
f 3816/3816 3873/3873 4035/4035
f 3654/3654 3830/3830 3993/3993
f 3806/3806 4059/4059 3844/3844
f 3880/3880 4065/4065 4057/4057
f 3805/3805 3882/3882 4058/4058
f 3869/3869 3915/3915 4055/4055
f 3640/3640 3716/3716 3983/3983
f 3791/3791 3822/3822 4072/4072
f 3961/3961 4022/4022 3991/3991
f 3609/3609 4076/4076 3884/3884
f 3676/3676 3851/3851 3826/3826
f 3741/3741 4078/4078 3954/3954
f 3845/3845 4050/4050 3936/3936
f 3817/3817 3857/3857 4081/4081
f 3876/3876 3985/3985 4083/4083
f 3731/3731 4064/4064 3878/3878
f 3938/3938 4090/4090 3979/3979
f 3905/3905 4088/4088 3939/3939
f 3903/3903 4041/4041 4088/4088
f 3947/3947 4046/4046 4000/4000
f 3677/3677 3682/3682 3965/3965
f 3727/3727 3787/3787 4091/4091
f 3824/3824 3864/3864 4070/4070
f 3874/3874 4087/4087 4033/4033
f 3895/3895 4095/4095 3998/3998
f 3931/3931 3987/3987 4043/4043
f 3887/3887 4074/4074 4100/4100
f 3767/3767 3777/3777 4104/4104
f 3896/3896 4110/4110 4094/4094
f 3608/3608 4112/4112 4075/4075
f 3778/3778 3956/3956 4077/4077
f 3918/3918 3999/3999 4052/4052
f 3886/3886 4099/4099 4030/4030
f 3896/3896 3922/3922 4107/4107
f 2653/2653 4116/4116 3412/3412
f 3605/3605 3696/3696 4117/4117
f 3766/3766 4102/4102 4124/4124
f 3539/3539 3921/3921 3892/3892
f 3984/3984 4125/4125 4085/4085
f 3923/3923 4130/4130 4019/4019
f 4005/4005 4075/4075 4112/4112
f 3838/3838 3950/3950 4133/4133
f 3726/3726 4093/4093 4108/4108
f 3719/3719 3949/3949 3966/3966
f 3831/3831 4137/4137 3992/3992
f 3538/3538 4142/4142 4015/4015
f 3738/3738 4122/4122 4103/4103
f 3743/3743 3775/3775 4079/4079
f 3541/3541 3892/3892 4138/4138
f 3735/3735 4106/4106 3744/3744
f 3774/3774 3885/3885 3953/3953
f 3884/3884 4076/4076 4007/4007
f 3884/3884 4007/4007 3958/3958
f 3743/3743 4105/4105 3775/3775
f 3539/3539 3725/3725 3919/3919
f 3724/3724 4108/4108 3919/3919
f 3610/3610 4120/4120 4111/4111
f 4084/4084 4126/4126 4145/4145
f 3990/3990 4021/4021 4132/4132
f 3975/3975 4089/4089 4037/4037
f 3327/3327 4154/4154 3736/3736
f 3734/3734 4152/4152 4121/4121
f 3761/3761 4135/4135 3831/3831
f 3765/3765 4123/4123 4148/4148
f 4092/4092 4158/4158 4109/4109
f 4098/4098 4110/4110 4159/4159
f 3794/3794 4069/4069 4160/4160
f 2655/2655 4167/4167 3986/3986
f 3825/3825 4170/4170 3891/3891
f 3762/3762 3765/3765 4173/4173
f 3986/3986 4178/4178 4045/4045
f 4034/4034 4185/4185 4040/4040
f 4017/4017 4139/4139 4189/4189
f 4031/4031 4082/4082 4186/4186
f 3974/3974 4042/4042 4195/4195
f 3866/3866 4004/4004 4198/4198
f 3747/3747 4134/4134 3952/3952
f 4097/4097 4155/4155 4206/4206
f 3760/3760 4176/4176 4136/4136
f 4091/4091 4211/4211 4156/4156
f 2643/2643 3663/3663 3855/3855
f 3732/3732 4217/4217 4067/4067
f 4063/4063 4217/4217 4221/4221
f 3765/3765 4151/4151 4224/4224
f 3745/3745 3792/3792 4226/4226
f 4158/4158 4214/4214 4231/4231
f 3852/3852 4024/4024 4169/4169
f 4010/4010 4234/4234 4149/4149
f 4240/4240 4244/4244 4246/4246
f 4190/4190 4250/4250 4236/4236
f 2749/2749 4191/4191 4239/4239
f 3713/3713 4127/4127 3981/3981
f 3696/3696 4048/4048 4253/4253
f 3819/3819 4080/4080 4192/4192
f 4140/4140 4249/4249 4188/4188
f 3826/3826 3851/3851 4168/4168
f 4149/4149 4234/4234 4223/4223
f 4011/4011 4254/4254 4234/4234
f 4086/4086 4144/4144 4186/4186
f 3850/3850 4061/4061 4258/4258
f 2749/2749 4014/4014 4191/4191
f 3926/3926 4263/4263 4131/4131
f 4036/4036 4183/4183 4270/4270
f 4039/4039 4271/4271 4193/4193
f 4002/4002 4047/4047 4181/4181
f 2749/2749 4239/4239 4247/4247
f 4210/4210 4241/4241 4232/4232
f 3927/3927 4056/4056 4274/4274
f 4225/4225 4235/4235 4279/4279
f 3990/3990 4132/4132 4283/4283
f 4003/4003 4179/4179 4198/4198
f 4009/4009 4113/4113 4254/4254
f 4114/4114 4118/4118 4255/4255
f 3788/3788 4214/4214 4092/4092
f 3978/3978 4194/4194 4288/4288
f 3986/3986 4294/4294 4182/4182
f 4062/4062 4066/4066 4222/4222
f 4129/4129 4262/4262 4282/4282
f 3998/3998 4097/4097 4295/4295
f 3837/3837 4300/4300 4023/4023
f 4060/4060 4222/4222 4304/4304
f 3864/3864 4199/4199 4070/4070
f 4207/4207 4242/4242 4237/4237
f 4157/4157 4233/4233 4205/4205
f 4209/4209 4233/4233 4243/4243
f 4203/4203 4238/4238 4248/4248
f 3329/3329 3810/3810 4150/4150
f 4161/4161 4307/4307 4309/4309
f 4068/4068 4306/4306 4160/4160
f 4217/4217 4302/4302 4220/4220
f 3617/3617 3989/3989 4280/4280
f 4212/4212 4246/4246 4245/4245
f 3997/3997 4274/4274 4054/4054
f 4193/4193 4269/4269 4287/4287
f 4143/4143 4312/4312 4251/4251
f 3925/3925 4274/4274 4317/4317
f 3849/3849 4252/4252 4049/4049
f 4071/4071 4199/4199 4305/4305
f 4126/4126 4321/4321 4147/4147
f 3695/3695 4253/4253 4323/4323
f 3768/3768 4224/4224 4278/4278
f 3793/3793 4162/4162 4310/4310
f 4177/4177 4291/4291 4326/4326
f 4219/4219 4286/4286 4267/4267
f 3846/3846 4329/4329 4252/4252
f 4060/4060 4304/4304 4256/4256
f 3681/3681 4333/4333 3963/3963
f 3792/3792 4311/4311 4228/4228
f 4180/4180 4327/4327 4265/4265
f 4264/4264 4325/4325 4281/4281
f 4284/4284 4326/4326 4293/4293
f 4096/4096 4208/4208 4295/4295
f 4216/4216 4266/4266 4303/4303
f 3614/3614 4285/4285 4292/4292
f 4146/4146 4322/4322 4186/4186
f 3986/3986 4167/4167 4294/4294
f 4261/4261 4304/4304 4268/4268
f 3894/3894 4313/4313 4141/4141
f 4026/4026 4301/4301 4172/4172
f 4235/4235 4255/4255 4342/4342
f 3681/3681 3993/3993 4345/4345
f 4080/4080 4348/4348 4192/4192
f 3699/3699 4338/4338 4119/4119
f 2654/2654 3994/3994 4115/4115
f 3845/3845 4257/4257 4329/4329
f 4187/4187 4261/4261 4268/4268
f 1866/1866 3482/3482 3665/3665
f 3923/3923 4316/4316 4263/4263
f 4180/4180 4264/4264 4319/4319
f 4215/4215 4351/4351 4289/4289
f 3854/3854 4346/4346 4081/4081
f 3993/3993 4136/4136 4344/4344
f 3714/3714 3966/3966 4334/4334
f 4248/4248 4314/4314 4357/4357
f 4235/4235 4336/4336 4277/4277
f 4118/4118 4341/4341 4255/4255
f 3764/3764 4278/4278 4174/4174
f 4204/4204 4248/4248 4357/4357
f 3969/3969 4290/4290 4349/4349
f 4180/4180 4315/4315 4197/4197
f 3971/3971 3977/3977 4289/4289
f 1883/1883 3973/3973 3969/3969
f 4253/4253 4330/4330 4323/4323
f 4028/4028 4101/4101 4360/4360
f 4323/4323 4328/4328 4365/4365
f 4073/4073 4362/4362 4101/4101
f 3747/3747 4229/4229 4134/4134
f 4307/4307 4368/4368 4309/4309
f 4126/4126 4372/4372 4321/4321
f 3695/3695 4324/4324 4338/4338
f 3837/3837 4133/4133 4298/4298
f 3731/3731 4351/4351 4218/4218
f 4199/4199 4368/4368 4305/4305
f 3712/3712 4372/4372 4128/4128
f 4136/4136 4175/4175 4344/4344
f 4184/4184 4320/4320 4375/4375
f 3891/3891 4170/4170 4353/4353
f 3998/3998 4295/4295 4276/4276
f 4185/4185 4376/4376 4260/4260
f 4323/4323 4365/4365 4338/4338
f 4196/4196 4318/4318 4273/4273
f 3891/3891 4355/4355 4313/4313
f 4308/4308 4366/4366 4379/4379
f 4259/4259 4373/4373 4331/4331
f 4200/4200 4382/4382 4367/4367
f 3790/3790 4388/4388 4214/4214
f 4201/4201 4275/4275 4382/4382
f 4369/4369 4383/4383 4380/4380
f 4321/4321 4372/4372 4374/4374
f 3856/3856 4392/4392 4347/4347
f 2986/2986 4399/4399 3728/3728
f 4226/4226 4308/4308 4379/4379
f 4272/4272 4379/4379 4381/4381
f 4330/4330 4377/4377 4403/4403
f 3718/3718 4407/4407 4370/4370
f 3485/3485 4030/4030 4411/4411
f 4272/4272 4295/4295 4379/4379
f 4176/4176 4278/4278 4413/4413
f 4332/4332 4406/4406 4364/4364
f 3618/3618 4294/4294 4167/4167
f 4027/4027 4361/4361 4411/4411
f 4347/4347 4392/4392 4378/4378
f 3485/3485 4411/4411 4416/4416
f 3810/3810 4008/4008 4153/4153
f 3681/3681 4345/4345 4424/4424
f 4134/4134 4230/4230 4428/4428
f 3681/3681 4424/4424 4333/4333
f 4175/4175 4413/4413 4344/4344
f 3662/3662 4391/4391 3858/3858
f 4337/4337 4363/4363 4403/4403
f 4372/4372 4433/4433 4377/4377
f 3715/3715 4423/4423 4409/4409
f 4377/4377 4433/4433 4405/4405
f 4208/4208 4437/4437 4295/4295
f 4133/4133 4429/4429 4298/4298
f 4344/4344 4413/4413 4424/4424
f 4296/4296 4440/4440 4443/4443
f 3719/3719 4335/4335 4423/4423
f 2749/2749 4247/4247 4213/4213
f 4202/4202 4357/4357 4439/4439
f 3733/3733 4450/4450 4350/4350
f 4297/4297 4446/4446 4379/4379
f 4343/4343 4404/4404 4435/4435
f 4171/4171 4299/4299 4358/4358
f 4408/4408 4426/4426 4453/4453
f 2296/2296 3491/3491 3336/3336
f 4228/4228 4379/4379 4441/4441
f 2986/2986 3616/3616 4399/4399
f 4299/4299 4431/4431 4354/4354
f 3443/3443 4012/4012 3996/3996
f 4371/4371 4407/4407 4452/4452
f 4339/4339 4434/4434 4458/4458
f 4227/4227 4442/4442 4427/4427
f 4371/4371 4454/4454 4433/4433
f 3730/3730 4394/4394 4450/4450
f 4359/4359 4447/4447 4459/4459
f 4360/4360 4418/4418 4410/4410
f 3619/3619 4167/4167 4401/4401
f 2748/2748 4211/4211 4388/4388
f 4447/4447 4462/4462 4459/4459
f 4279/4279 4340/4340 4415/4415
f 4336/4336 4456/4456 4414/4414
f 4422/4422 4457/4457 4432/4432
f 4362/4362 4459/4459 4418/4418
f 4425/4425 4436/4436 4455/4455
f 4412/4412 4457/4457 4422/4422
f 3810/3810 3995/3995 4006/4006
f 4356/4356 4430/4430 4445/4445
f 4356/4356 4444/4444 4438/4438
f 4419/4419 4460/4460 4464/4464
f 4393/4393 4466/4466 4470/4470
f 4392/4392 4469/4469 4472/4472
f 3664/3664 4465/4465 4390/4390
f 4467/4467 4475/4475 4471/4471
f 4419/4419 4463/4463 4480/4480
f 4469/4469 4474/4474 4472/4472
f 4461/4461 4473/4473 4479/4479
f 4483/4483 4491/4491 4496/4496
f 4501/4501 4508/4508 4512/4512
f 4509/4509 4519/4519 4512/4512
f 4486/4486 4522/4522 4491/4491
f 4418/4418 4479/4479 4526/4526
f 4489/4489 4528/4528 4497/4497
f 4468/4468 4531/4531 4476/4476
f 2748/2748 4388/4388 4535/4535
f 4507/4507 4539/4539 4518/4518
f 4473/4473 4526/4526 4478/4478
f 3666/3666 4530/4530 4465/4465
f 4499/4499 4513/4513 4543/4543
f 4477/4477 4533/4533 4546/4546
f 4484/4484 4495/4495 4548/4548
f 4514/4514 4517/4517 4561/4561
f 3810/3810 4563/4563 3995/3995
f 3810/3810 4569/4569 4563/4563
f 4485/4485 4571/4571 4523/4523
f 4523/4523 4572/4572 4576/4576
f 4476/4476 4545/4545 4481/4481
f 4510/4510 4560/4560 4579/4579
f 4518/4518 4539/4539 4587/4587
f 4516/4516 4591/4591 4594/4594
f 4490/4490 4524/4524 4598/4598
f 4526/4526 4599/4599 4601/4601
f 4506/4506 4605/4605 4611/4611
f 4500/4500 4605/4605 4504/4504
f 4515/4515 4594/4594 4558/4558
f 4503/4503 4615/4615 4602/4602
f 4488/4488 4619/4619 4528/4528
f 4484/4484 4553/4553 4624/4624
f 4511/4511 4581/4581 4543/4543
f 4482/4482 4623/4623 4571/4571
f 4521/4521 4627/4627 4598/4598
f 4525/4525 4600/4600 4629/4629
f 4502/4502 4543/4543 4633/4633
f 4498/4498 4633/4633 4614/4614
f 3484/3484 3972/3972 4638/4638
f 4523/4523 4643/4643 4626/4626
f 4487/4487 4645/4645 4618/4618
f 4420/4420 4525/4525 4629/4629
f 4570/4570 4648/4648 4576/4576
f 4539/4539 4652/4652 4587/4587
f 4505/4505 4610/4610 4539/4539
f 3969/3969 4349/4349 4657/4657
f 4494/4494 4527/4527 4661/4661
f 4534/4534 4663/4663 4546/4546
f 4599/4599 4667/4667 4601/4601
f 4523/4523 4576/4576 4642/4642
f 4541/4541 4582/4582 4671/4671
f 4600/4600 4666/4666 4629/4629
f 4571/4571 4676/4676 4679/4679
f 4574/4574 4683/4683 4646/4646
f 4584/4584 4687/4687 4671/4671
f 4540/4540 4673/4673 4690/4690
f 4575/4575 4677/4677 4698/4698
f 4571/4571 4623/4623 4675/4675
f 4544/4544 4691/4691 4701/4701
f 4583/4583 4702/4702 4707/4707
f 4573/4573 4693/4693 4681/4681
f 4545/4545 4665/4665 4612/4612
f 2747/2747 4536/4536 4711/4711
f 2748/2748 4717/4717 4720/4720
f 4492/4492 4596/4596 4645/4645
f 4647/4647 4685/4685 4724/4724
f 4560/4560 4725/4725 4579/4579
f 4623/4623 4730/4730 4675/4675
f 3337/3337 4386/4386 3789/3789
f 4673/4673 4735/4735 4692/4692
f 4589/4589 4738/4738 4594/4594
f 4532/4532 4744/4744 4664/4664
f 4585/4585 4708/4708 4688/4688
f 4520/4520 4586/4586 4590/4590
f 4578/4578 4648/4648 4722/4722
f 4673/4673 4745/4745 4735/4735
f 4166/4166 4752/4752 4398/4398
f 4732/4732 4747/4747 4758/4758
f 4532/4532 4763/4763 4744/4744
f 4691/4691 4733/4733 4701/4701
f 4677/4677 4766/4766 4694/4694
f 4542/4542 4699/4699 4632/4632
f 4580/4580 4725/4725 4705/4705
f 4389/4389 4772/4772 4538/4538
f 4621/4621 4777/4777 4730/4730
f 4590/4590 4779/4779 4739/4739
f 4684/4684 4696/4696 4783/4783
f 4613/4613 4662/4662 4742/4742
f 4675/4675 4768/4768 4678/4678
f 4602/4602 4790/4790 4609/4609
f 4528/4528 4619/4619 4794/4794
f 4588/4588 4651/4651 4797/4797
f 2655/2655 4801/4801 4167/4167
f 4694/4694 4766/4766 4804/4804
f 4586/4586 4779/4779 4590/4590
f 4631/4631 4668/4668 4812/4812
f 4669/4669 4814/4814 4813/4813
f 4688/4688 4709/4709 4816/4816
f 4577/4577 4723/4723 4822/4822
f 4684/4684 4781/4781 4824/4824
f 4746/4746 4829/4829 4757/4757
f 2748/2748 4712/4712 4717/4717
f 4682/4682 4821/4821 4724/4724
f 4536/4536 4832/4832 4711/4711
f 4703/4703 4838/4838 4818/4818
f 4706/4706 4815/4815 4708/4708
f 4695/4695 4839/4839 4785/4785
f 3969/3969 4657/4657 4843/4843
f 4598/4598 4625/4625 4846/4846
f 4672/4672 4689/4689 4819/4819
f 4614/4614 4633/4633 4851/4851
f 4629/4629 4812/4812 4855/4855
f 4658/4658 4756/4756 4842/4842
f 4675/4675 4730/4730 4768/4768
f 4421/4421 4628/4628 4859/4859
f 4349/4349 4865/4865 4653/4653
f 4670/4670 4869/4869 4749/4749
f 3666/3666 4760/4760 4529/4529
f 4586/4586 4797/4797 4779/4779
f 4165/4165 4870/4870 4826/4826
f 4755/4755 4830/4830 4845/4845
f 4164/4164 4784/4784 4750/4750
f 4163/4163 4826/4826 4780/4780
f 4402/4402 4753/4753 4875/4875
f 4704/4704 4882/4882 4836/4836
f 4702/4702 4725/4725 4881/4881
f 4813/4813 4814/4814 4887/4887
f 4812/4812 4886/4886 4855/4855
f 4166/4166 4800/4800 4871/4871
f 4578/4578 4822/4822 4641/4641
f 4746/4746 4891/4891 4829/4829
f 4686/4686 4823/4823 4896/4896
f 4701/4701 4733/4733 4902/4902
f 4697/4697 4811/4811 4839/4839
f 4670/4670 4819/4819 4904/4904
f 3969/3969 4843/4843 4908/4908
f 4626/4626 4642/4642 4847/4847
f 4634/4634 4700/4700 4901/4901
f 4751/4751 4840/4840 4876/4876
f 4817/4817 4837/4837 4903/4903
f 4729/4729 4913/4913 4766/4766
f 4737/4737 4757/4757 4919/4919
f 4655/4655 4917/4917 4759/4759
f 4656/4656 4862/4862 4922/4922
f 4539/4539 4610/4610 4926/4926
f 4527/4527 4792/4792 4660/4660
f 4559/4559 4592/4592 4727/4727
f 4493/4493 4661/4661 4549/4549
f 4605/4605 4616/4616 4932/4932
f 4741/4741 4743/4743 4762/4762
f 4680/4680 4935/4935 4821/4821
f 4806/4806 4938/4938 4839/4839
f 4654/4654 4923/4923 4920/4920
f 4827/4827 4911/4911 4844/4844
f 4539/4539 4924/4924 4649/4649
f 4623/4623 4941/4941 4776/4776
f 4730/4730 4777/4777 4952/4952
f 4884/4884 4953/4953 4905/4905
f 4837/4837 4883/4883 4906/4906
f 4551/4551 4945/4945 4622/4622
f 4814/4814 4959/4959 4887/4887
f 4614/4614 4849/4849 4929/4929
f 4802/4802 4966/4966 4872/4872
f 4748/4748 4867/4867 4891/4891
f 4641/4641 4820/4820 4934/4934
f 4828/4828 4894/4894 4911/4911
f 4767/4767 4912/4912 4804/4804
f 4610/4610 4786/4786 4926/4926
f 4562/4562 4565/4565 4968/4968
f 4674/4674 4904/4904 4869/4869
f 4736/4736 4918/4918 4975/4975
f 4921/4921 4923/4923 4972/4972
f 3807/3807 4980/4980 4569/4569
f 4733/4733 4986/4986 4902/4902
f 4823/4823 4963/4963 4895/4895
f 4856/4856 4885/4885 4859/4859
f 4862/4862 4974/4974 4922/4922
f 4840/4840 4939/4939 4876/4876
f 4630/4630 4854/4854 4857/4857
f 4685/4685 4899/4899 4935/4935
f 4851/4851 4989/4989 4927/4927
f 4725/4725 4998/4998 4882/4882
f 4634/4634 4901/4901 5002/5002
f 4635/4635 5001/5001 4850/4850
f 4880/4880 4994/4994 4954/4954
f 4547/4547 5006/5006 5009/5009
f 4567/4567 4606/4606 4969/4969
f 4564/4564 5012/5012 4607/4607
f 4604/4604 5014/5014 4789/4789
f 4608/4608 5011/5011 5018/5018
f 4734/4734 4976/4976 4985/4985
f 4550/4550 5023/5023 4944/4944
f 4603/4603 4930/4930 4971/4971
f 4594/4594 4740/4740 5025/5025
f 4869/4869 4907/4907 4957/4957
f 4814/4814 5030/5030 4961/4961
f 4902/4902 4986/4986 5003/5003
f 4620/4620 5034/5034 4794/4794
f 4731/4731 4951/4951 4914/4914
f 4942/4942 5020/5020 5036/5036
f 4556/4556 5008/5008 5019/5019
f 4352/4352 4449/4449 4866/4866
f 3335/3335 5043/5043 4384/4384
f 4568/4568 5017/5017 5013/5013
f 4388/4388 5049/5049 4771/4771
f 4831/4831 5021/5021 5010/5010
f 4710/4710 4833/4833 5010/5010
f 5005/5005 5052/5052 5010/5010
f 4710/4710 5010/5010 5051/5051
f 4769/4769 4943/4943 5038/5038
f 4715/4715 5050/5050 5007/5007
f 4801/4801 5055/5055 4964/4964
f 4617/4617 4645/4645 5035/5035
f 4931/4931 4992/4992 5056/5056
f 4563/4563 4970/4970 5057/5057
f 4566/4566 5060/5060 5015/5015
f 4535/4535 4771/4771 5039/5039
f 4712/4712 5050/5050 4716/4716
f 4537/4537 5039/5039 4835/4835
f 4770/4770 5046/5046 4941/4941
f 4928/4928 5058/5058 4971/4971
f 4788/4788 5016/5016 5061/5061
f 4834/4834 5037/5037 5022/5022
f 2657/2657 3512/3512 5074/5074
f 4915/4915 4946/4946 5078/5078
f 4851/4851 4999/4999 5081/5081
f 4890/4890 5088/5088 4909/4909
f 4992/4992 5091/5091 5056/5056
f 4776/4776 4941/4941 5048/5048
f 4554/4554 4718/4718 5004/5004
f 4563/4563 5059/5059 5092/5092
f 4778/4778 4796/4796 5096/5096
f 4988/4988 5082/5082 5000/5000
f 4810/4810 4916/4916 5077/5077
f 4739/4739 4779/4779 5024/5024
f 4897/4897 5098/5098 4935/4935
f 4864/4864 5101/5101 4974/4974
f 4569/4569 4983/4983 5063/5063
f 4787/4787 5062/5062 4981/4981
f 4659/4659 4791/4791 5105/5105
f 3994/3994 5108/5108 4115/4115
f 4593/4593 5026/5026 4726/4726
f 4642/4642 5110/5110 4847/4847
f 4869/4869 4956/4956 5113/5113
f 4955/4955 4996/4996 5114/5114
f 4937/4937 5118/5118 5122/5122
f 4786/4786 4982/4982 5125/5125
f 4878/4878 4940/4940 5121/5121
f 3485/3485 4417/4417 4859/4859
f 4808/4808 5079/5079 4948/4948
f 2746/2746 5131/5131 3490/3490
f 5132/5132 5137/5137 5140/5140
f 4991/4991 5145/5145 5089/5089
f 4557/4557 5133/5133 4713/4713
f 4714/4714 5134/5134 5151/5151
f 4977/4977 5156/5156 5152/5152
f 4893/4893 5159/5159 5085/5085
f 4958/4958 5029/5029 5162/5162
f 4775/4775 5165/5165 5140/5140
f 4773/4773 5045/5045 5165/5165
f 5147/5147 5153/5153 5155/5155
f 4868/4868 5168/5168 4892/4892
f 4552/4552 5137/5137 5132/5132
f 4799/4799 5174/5174 5055/5055
f 4933/4933 5097/5097 5178/5178
f 5090/5090 5144/5144 5157/5157
f 5134/5134 5139/5139 5151/5151
f 4642/4642 4936/4936 5179/5179
f 5047/5047 5181/5181 5166/5166
f 5141/5141 5164/5164 5181/5181
f 4990/4990 5184/5184 5146/5146
f 5128/5128 5154/5154 5149/5149
f 4979/4979 5153/5153 5127/5127
f 4809/4809 5187/5187 4938/4938
f 2655/2655 5069/5069 4801/4801
f 4765/4765 5192/5192 5040/5040
f 3968/3968 4910/4910 5086/5086
f 4775/4775 5140/5140 5137/5137
f 3660/3660 5195/5195 4761/4761
f 4852/4852 5182/5182 4989/4989
f 3486/3486 4859/4859 3493/3493
f 4965/4965 5054/5054 5202/5202
f 4889/4889 5172/5172 5161/5161
f 5053/5053 5176/5176 5207/5207
f 4798/4798 5208/5208 5177/5177
f 4779/4779 5094/5094 5024/5024
f 4803/4803 5069/5069 5208/5208
f 3995/3995 4563/4563 5211/5211
f 4563/4563 5092/5092 5212/5212
f 4859/4859 4888/4888 4962/4962
f 4385/4385 5181/5181 5047/5047
f 4805/4805 4947/4947 5217/5217
f 4974/4974 5100/5100 5221/5221
f 4786/4786 5129/5129 4926/4926
f 5085/5085 5159/5159 5226/5226
f 4973/4973 5222/5222 4987/4987
f 4900/4900 4963/4963 5205/5205
f 4874/4874 5123/5123 5116/5116
f 4860/4860 4960/4960 5163/5163
f 4938/4938 5187/5187 5119/5119
f 4642/4642 5179/5179 5110/5110
f 4807/4807 5214/5214 5188/5188
f 5126/5126 5148/5148 5184/5184
f 4849/4849 5228/5228 5185/5185
f 4650/4650 4925/4925 5231/5231
f 4776/4776 5235/5235 4950/4950
f 5160/5160 5171/5171 5223/5223
f 4764/4764 5198/5198 5193/5193
f 4995/4995 5242/5242 5114/5114
f 4869/4869 5115/5115 5243/5243
f 4877/4877 5120/5120 5246/5246
f 5120/5120 5174/5174 5244/5244
f 5170/5170 5218/5218 5225/5225
f 4853/4853 5080/5080 5230/5230
f 4774/4774 5135/5135 5238/5238
f 4651/4651 5233/5233 4797/4797
f 5031/5031 5249/5249 5253/5253
f 5029/5029 5252/5252 5162/5162
f 5103/5103 5224/5224 5219/5219
f 5087/5087 5227/5227 5099/5099
f 5173/5173 5208/5208 5244/5244
f 5117/5117 5203/5203 5175/5175
f 4995/4995 5254/5254 5240/5240
f 4869/4869 5241/5241 5169/5169
f 4898/4898 5259/5259 5098/5098
f 4555/4555 5262/5262 5136/5136
f 4984/4984 5220/5220 5264/5264
f 4598/4598 4848/4848 5112/5112
f 5167/5167 5263/5263 5218/5218
f 4400/4400 4879/4879 5245/5245
f 4986/4986 5272/5272 5082/5082
f 4716/4716 5150/5150 4720/4720
f 4898/4898 5274/5274 5259/5259
f 5083/5083 5269/5269 5279/5279
f 4793/4793 5033/5033 5107/5107
f 5097/5097 5258/5258 5178/5178
f 4863/4863 5285/5285 5102/5102
f 5030/5030 5280/5280 5248/5248
f 5169/5169 5241/5241 5256/5256
f 5135/5135 5262/5262 5236/5236
f 4720/4720 5151/5151 5142/5142
f 4986/4986 5266/5266 5270/5270
f 3994/3994 5213/5213 5108/5108
f 4859/4859 5163/5163 5250/5250
f 5183/5183 5228/5228 5289/5289
f 4396/4396 5247/5247 5209/5209
f 5117/5117 5186/5186 5201/5201
f 4897/4897 5204/5204 5274/5274
f 5084/5084 5278/5278 5230/5230
f 4795/4795 5232/5232 5095/5095
f 5191/5191 5196/5196 5293/5293
f 5190/5190 5291/5291 5268/5268
f 4549/4549 4661/4661 5260/5260
f 5178/5178 5258/5258 5276/5276
f 5189/5189 5277/5277 5206/5206
f 5110/5110 5179/5179 5275/5275
f 4595/4595 5111/5111 5295/5295
f 4388/4388 5300/5300 5181/5181
f 5086/5086 5104/5104 5285/5285
f 4926/4926 5124/5124 5231/5231
f 5249/5249 5303/5303 5253/5253
f 4661/4661 5106/5106 5260/5260
f 4727/4727 5305/5305 4993/4993
f 5126/5126 5184/5184 5311/5311
f 5249/5249 5283/5283 5303/5303
f 5170/5170 5271/5271 5265/5265
f 4728/4728 5028/5028 5307/5307
f 5229/5229 5279/5279 5287/5287
f 4997/4997 5308/5308 5257/5257
f 3483/3483 5316/5316 3665/3665
f 5189/5189 5215/5215 5277/5277
f 4449/4449 5284/5284 4866/4866
f 5170/5170 5257/5257 5269/5269
f 5199/5199 5267/5267 5292/5292
f 4395/4395 5208/5208 5073/5073
f 4949/4949 5239/5239 5216/5216
f 4645/4645 5321/5321 5035/5035
f 5093/5093 5233/5233 5326/5326
f 5092/5092 5158/5158 5211/5211
f 5269/5269 5287/5287 5279/5279
f 5257/5257 5328/5328 5269/5269
f 4859/4859 5251/5251 5302/5302
f 4387/4387 5043/5043 5301/5301
f 5237/5237 5262/5262 5331/5331
f 5269/5269 5328/5328 5287/5287
f 5110/5110 5273/5273 5296/5296
f 5143/5143 5180/5180 5300/5300
f 3967/3967 5336/5336 4638/4638
f 5024/5024 5094/5094 5340/5340
f 4860/4860 5304/5304 5345/5345
f 3969/3969 5086/5086 5285/5285
f 3411/3411 4116/4116 5346/5346
f 4597/4597 5321/5321 4644/4644
f 4720/4720 5138/5138 5300/5300
f 5032/5032 5320/5320 5105/5105
f 5282/5282 5352/5352 5303/5303
f 5302/5302 5350/5350 5343/5343
f 5124/5124 5324/5324 5231/5231
f 4595/4595 5297/5297 5319/5319
f 3494/3494 5356/5356 3511/3511
f 5183/5183 5287/5287 5314/5314
f 2745/2745 4719/4719 5131/5131
f 5106/5106 5362/5362 5261/5261
f 5281/5281 5367/5367 5352/5352
f 5216/5216 5239/5239 5370/5370
f 5126/5126 5313/5313 5325/5325
f 3667/3667 5373/5373 5194/5194
f 5353/5353 5367/5367 5376/5376
f 5105/5105 5318/5318 5363/5363
f 5366/5366 5377/5377 5374/5374
f 5282/5282 5382/5382 5367/5367
f 5351/5351 5375/5375 5385/5385
f 5255/5255 5387/5387 5327/5327
f 5343/5343 5350/5350 5385/5385
f 5257/5257 5306/5306 5387/5387
f 5375/5375 5380/5380 5385/5385
f 4859/4859 5344/5344 5385/5385
f 5025/5025 5394/5394 5390/5390
f 5262/5262 5364/5364 5331/5331
f 5026/5026 5341/5341 5392/5392
f 5234/5234 5331/5331 5368/5368
f 5027/5027 5386/5386 5309/5309
f 5093/5093 5326/5326 5339/5339
f 5200/5200 5397/5397 5360/5360
f 5288/5288 5389/5389 5315/5315
f 5216/5216 5370/5370 5273/5273
f 5290/5290 5329/5329 5389/5389
f 5367/5367 5382/5382 5379/5379
f 5378/5378 5381/5381 5385/5385
f 5322/5322 5330/5330 5365/5365
f 5311/5311 5402/5402 5325/5325
f 5273/5273 5370/5370 5296/5296
f 4859/4859 5385/5385 5381/5381
f 5294/5294 5369/5369 5323/5323
f 5323/5323 5371/5371 5332/5332
f 5342/5342 5400/5400 5391/5391
f 5324/5324 5399/5399 5339/5339
f 5310/5310 5391/5391 5401/5401
f 5312/5312 5388/5388 5393/5393
f 5383/5383 5403/5403 5405/5405
f 5197/5197 5410/5410 5395/5395
f 5361/5361 5396/5396 5413/5413
f 5194/5194 5372/5372 5407/5407
f 5384/5384 5415/5415 5404/5404
f 5398/5398 5411/5411 5414/5414
f 5403/5403 5417/5417 5405/5405
f 4859/4859 5383/5383 5406/5406
f 5361/5361 5421/5421 5425/5425
f 5404/5404 5416/5416 5418/5418
f 5361/5361 5413/5413 5423/5423
f 5408/5408 5423/5423 5412/5412
f 3483/3483 4639/4639 5316/5316
f 5416/5416 5428/5428 5419/5419
f 5409/5409 5429/5429 5422/5422
f 5405/5405 5417/5417 5432/5432
f 5417/5417 5427/5427 5432/5432
f 4859/4859 5406/5406 5431/5431
f 5420/5420 5434/5434 5424/5424
f 5416/5416 5435/5435 5428/5428
f 5373/5373 5429/5429 5409/5409
f 5427/5427 5436/5436 5431/5431
f 5422/5422 5429/5429 5433/5433
f 5426/5426 5434/5434 5439/5439
f 5429/5429 5440/5440 5433/5433
f 5436/5436 5445/5445 5447/5447
f 5424/5424 5442/5442 5450/5450
f 5431/5431 5436/5436 5447/5447
f 5437/5437 5438/5438 5453/5453
f 3510/3510 5359/5359 5065/5065
f 5437/5437 5453/5453 5446/5446
f 3334/3334 3491/3491 5044/5044
f 5443/5443 5455/5455 5447/5447
f 5432/5432 5448/5448 5455/5455
f 5430/5430 5458/5458 5441/5441
f 5444/5444 5451/5451 5461/5461
f 5441/5441 5458/5458 5465/5465
f 5454/5454 5470/5470 5460/5460
f 5445/5445 5462/5462 5456/5456
f 5431/5431 5455/5455 5473/5473
f 5441/5441 5465/5465 5450/5450
f 5452/5452 5478/5478 5467/5467
f 5450/5450 5465/5465 5483/5483
f 5449/5449 5481/5481 5485/5485
f 5462/5462 5487/5487 5474/5474
f 5455/5455 5463/5463 5476/5476
f 5464/5464 5468/5468 5486/5486
f 5466/5466 5492/5492 5482/5482
f 5458/5458 5490/5490 5465/5465
f 4859/4859 5431/5431 5475/5475
f 5373/5373 5459/5459 5429/5429
f 5469/5469 5496/5496 5488/5488
f 5373/5373 5493/5493 5457/5457
f 5480/5480 5498/5498 5484/5484
f 4395/4395 5073/5073 5511/5511
f 5482/5482 5492/5492 5515/5515
f 5481/5481 5516/5516 5498/5498
f 5479/5479 5516/5516 5480/5480
f 5469/5469 5477/5477 5518/5518
f 5469/5469 5518/5518 5496/5496
f 5479/5479 5480/5480 5517/5517
f 5515/5515 5521/5521 5518/5518
f 5480/5480 5514/5514 5517/5517
f 5491/5491 5522/5522 5513/5513
f 5525/5525 5528/5528 5534/5534
f 5540/5540 5546/5546 5550/5550
f 5527/5527 5555/5555 5532/5532
f 5540/5540 5557/5557 5546/5546
f 5527/5527 5563/5563 5555/5555
f 3494/3494 4858/4858 5356/5356
f 5497/5497 5519/5519 5523/5523
f 5542/5542 5549/5549 5565/5565
f 5471/5471 5489/5489 5495/5495
f 5526/5526 5570/5570 5562/5562
f 5545/5545 5572/5572 5548/5548
f 5539/5539 5576/5576 5558/5558
f 5551/5551 5574/5574 5566/5566
f 5372/5372 5520/5520 5494/5494
f 5526/5526 5581/5581 5570/5570
f 5531/5531 5587/5587 5537/5537
f 5538/5538 5565/5565 5591/5591
f 4983/4983 5212/5212 5158/5158
f 5524/5524 5536/5536 5583/5583
f 5473/5473 5495/5495 5520/5520
f 4116/4116 5109/5109 5348/5348
f 5547/5547 5560/5560 5593/5593
f 5541/5541 5589/5589 5577/5577
f 5554/5554 5564/5564 5594/5594
f 5561/5561 5598/5598 5594/5594
f 5373/5373 5473/5473 5520/5520
f 5543/5543 5600/5600 5572/5572
f 5545/5545 5603/5603 5606/5606
f 3665/3665 5316/5316 5610/5610
f 5533/5533 5553/5553 5617/5617
f 5537/5537 5587/5587 5621/5621
f 4720/4720 5626/5626 5635/5635
f 5561/5561 5571/5571 5597/5597
f 5556/5556 5639/5639 5593/5593
f 5535/5535 5645/5645 5579/5579
f 5529/5529 5618/5618 5647/5647
f 5530/5530 5652/5652 5586/5586
f 5530/5530 5649/5649 5650/5650
f 4720/4720 5300/5300 5626/5626
f 5545/5545 5606/5606 5600/5600
f 4397/4397 5505/5505 4451/4451
f 5568/5568 5573/5573 5656/5656
f 5573/5573 5601/5601 5656/5656
f 5537/5537 5620/5620 5661/5661
f 5544/5544 5593/5593 5605/5605
f 5559/5559 5576/5576 5663/5663
f 5577/5577 5589/5589 5672/5672
f 5537/5537 5661/5661 5643/5643
f 5567/5567 5677/5677 5592/5592
f 5552/5552 5594/5594 5680/5680
f 5552/5552 5680/5680 5616/5616
f 3968/3968 5285/5285 5682/5682
f 5585/5585 5685/5685 5622/5622
f 5592/5592 5675/5675 5688/5688
f 5590/5590 5688/5688 5670/5670
f 4983/4983 5694/5694 5211/5211
f 5569/5569 5580/5580 5597/5597
f 5674/5674 5699/5699 5691/5691
f 5646/5646 5706/5706 5654/5654
f 5602/5602 5711/5711 5656/5656
f 5623/5623 5713/5713 5718/5718
f 5624/5624 5686/5686 5712/5712
f 5687/5687 5722/5722 5726/5726
f 5625/5625 5717/5717 5658/5658
f 5686/5686 5731/5731 5715/5715
f 5588/5588 5722/5722 5687/5687
f 5285/5285 5738/5738 5682/5682
f 5067/5067 5745/5745 5509/5509
f 5042/5042 5746/5746 5298/5298
f 5567/5567 5655/5655 5752/5752
f 5686/5686 5727/5727 5731/5731
f 5690/5690 5701/5701 5756/5756
f 5567/5567 5755/5755 5675/5675
f 5593/5593 5639/5639 5760/5760
f 5714/5714 5730/5730 5766/5766
f 5676/5676 5753/5753 5703/5703
f 5582/5582 5768/5768 5597/5597
f 5600/5600 5606/5606 5708/5708
f 5212/5212 5692/5692 5777/5777
f 5593/5593 5779/5779 5605/5605
f 5043/5043 5782/5782 5746/5746
f 5728/5728 5788/5788 5733/5733
f 5671/5671 5689/5689 5758/5758
f 3969/3969 5684/5684 5791/5791
f 5576/5576 5799/5799 5667/5667
f 5211/5211 5774/5774 5804/5804
f 5285/5285 5809/5809 5814/5814
f 5285/5285 5812/5812 5737/5737
f 5596/5596 5599/5599 5818/5818
f 5584/5584 5651/5651 5723/5723
f 5068/5068 5828/5828 5833/5833
f 3414/3414 5347/5347 3809/3809
f 5716/5716 5766/5766 5720/5720
f 5071/5071 5834/5834 5739/5739
f 5700/5700 5837/5837 5756/5756
f 5732/5732 5789/5789 5840/5840
f 5671/5671 5758/5758 5843/5843
f 5556/5556 5668/5668 5640/5640
f 5702/5702 5846/5846 5837/5837
f 5730/5730 5852/5852 5764/5764
f 5656/5656 5711/5711 5855/5855
f 5615/5615 5860/5860 5648/5648
f 5299/5299 5866/5866 5864/5864
f 5740/5740 5829/5829 5786/5786
f 4858/4858 5880/5880 5354/5354
f 5604/5604 5883/5883 5607/5607
f 5605/5605 5779/5779 5884/5884
f 4450/4450 5807/5807 5286/5286
f 5724/5724 5886/5886 5788/5788
f 5754/5754 5889/5889 5894/5894
f 5722/5722 5901/5901 5726/5726
f 5657/5657 5890/5890 5751/5751
f 5735/5735 5835/5835 5844/5844
f 5682/5682 5737/5737 5848/5848
f 5658/5658 5719/5719 5767/5767
f 5597/5597 5768/5768 5906/5906
f 5595/5595 5815/5815 5680/5680
f 5598/5598 5905/5905 5907/5907
f 5657/5657 5856/5856 5890/5890
f 5638/5638 5666/5666 5911/5911
f 5787/5787 5831/5831 5839/5839
f 5699/5699 5919/5919 5845/5845
f 5646/5646 5922/5922 5706/5706
f 4978/4978 5925/5925 5694/5694
f 5358/5358 5873/5873 5926/5926
f 5725/5725 5897/5897 5886/5886
f 5646/5646 5858/5858 5922/5922
f 5736/5736 5814/5814 5929/5929
f 5729/5729 5840/5840 5850/5850
f 5683/5683 5847/5847 5916/5916
f 5734/5734 5928/5928 5836/5836
f 5653/5653 5707/5707 5723/5723
f 3811/3811 5347/5347 5933/5933
f 5840/5840 5940/5940 5850/5850
f 5599/5599 5909/5909 5816/5816
f 5578/5578 5673/5673 5842/5842
f 5759/5759 5837/5837 5944/5944
f 5697/5697 5754/5754 5894/5894
f 5681/5681 5920/5920 5793/5793
f 5831/5831 5938/5938 5838/5838
f 5613/5613 5680/5680 5950/5950
f 5575/5575 5842/5842 5800/5800
f 5640/5640 5911/5911 5953/5953
f 5072/5072 5954/5954 5827/5827
f 5593/5593 5760/5760 5779/5779
f 5640/5640 5957/5957 5761/5761
f 5659/5659 5765/5765 5959/5959
f 5704/5704 5965/5965 5721/5721
f 5757/5757 5942/5942 5967/5967
f 5758/5758 5966/5966 5843/5843
f 5722/5722 5961/5961 5901/5901
f 5711/5711 5973/5973 5854/5854
f 5299/5299 5864/5864 5628/5628
f 4978/4978 5978/5978 5925/5925
f 5837/5837 5930/5930 5946/5946
f 5504/5504 5742/5742 5981/5981
f 3810/3810 5978/5978 4983/4983
f 5579/5579 5644/5644 5773/5773
f 5808/5808 5984/5984 5813/5813
f 5813/5813 5988/5988 5931/5931
f 5641/5641 5660/5660 5959/5959
f 5796/5796 5918/5918 5990/5990
f 5832/5832 5997/5997 5939/5939
f 5850/5850 5940/5940 5994/5994
f 5891/5891 6001/6001 5893/5893
f 5108/5108 5210/5210 5803/5803
f 5698/5698 5989/5989 5917/5917
f 5930/5930 5986/5986 5945/5945
f 5856/5856 6000/6000 5890/5890
f 5640/5640 5953/5953 5957/5957
f 3492/3492 5780/5780 5041/5041
f 5696/5696 5895/5895 5992/5992
f 5705/5705 5921/5921 5962/5962
f 5825/5825 5997/5997 5830/5830
f 5806/5806 6008/6008 5987/5987
f 5744/5744 6012/6012 5983/5983
f 5741/5741 5887/5887 6010/6010
f 5630/5630 6014/6014 6020/6020
f 5629/5629 6019/6019 5635/5635
f 5612/5612 5628/5628 5864/5864
f 5074/5074 5357/5357 6025/6025
f 5863/5863 5868/5868 6031/6031
f 5853/5853 5971/5971 6003/6003
f 5943/5943 5985/5985 6004/6004
f 5886/5886 5900/5900 6011/6011
f 5766/5766 5851/5851 6035/6035
f 5763/5763 6033/6033 5960/5960
f 5619/5619 6015/6015 5627/5627
f 5841/5841 5968/5968 6037/6037
f 5665/5665 5695/5695 5924/5924
f 5665/5665 5798/5798 5776/5776
f 5669/5669 5778/5778 5693/5693
f 5614/5614 5862/5862 5861/5861
f 5859/5859 6039/6039 5922/5922
f 5662/5662 5923/5923 5976/5976
f 5858/5858 5867/5867 6039/6039
f 5857/5857 5865/5865 6032/6032
f 5861/5861 6032/6032 5871/5871
f 5822/5822 6043/6043 5998/5998
f 5983/5983 6010/6010 6047/6047
f 5842/5842 6036/6036 6052/6052
f 5300/5300 6058/6058 5870/5870
f 5775/5775 5797/5797 6065/6065
f 5664/5664 5977/5977 5915/5915
f 5760/5760 6068/6068 5779/5779
f 5790/5790 5991/5991 6071/6071
f 5372/5372 6073/6073 5472/5472
f 5892/5892 6078/6078 5993/5993
f 5922/5922 6081/6081 5964/5964
f 5969/5969 6055/6055 6038/6038
f 5959/5959 6034/6034 6085/6085
f 6013/6013 6090/6090 6046/6046
f 5980/5980 6048/6048 6097/6097
f 5774/5774 6062/6062 5804/5804
f 5619/5619 6021/6021 6015/6015
f 5611/5611 5948/5948 6016/6016
f 5869/5869 6057/6057 6039/6039
f 5819/5819 5908/5908 6098/6098
f 5902/5902 6089/6089 6009/6009
f 5800/5800 5842/5842 6054/6054
f 5993/5993 6102/6102 6072/6072
f 3662/3662 6073/6073 5372/5372
f 5896/5896 6002/6002 6107/6107
f 5810/5810 6113/6113 6006/6006
f 5802/5802 6063/6063 6117/6117
f 6042/6042 6056/6056 6120/6120
f 5942/5942 6053/6053 5967/5967
f 6124/6124 6126/6126 6127/6127
f 5914/5914 5979/5979 6135/6135
f 6005/6005 6112/6112 6139/6139
f 6124/6124 6127/6127 6132/6132
f 6064/6064 6149/6149 6115/6115
f 6040/6040 6121/6121 6151/6151
f 6150/6150 6154/6154 6158/6158
f 5850/5850 5996/5996 6163/6163
f 5993/5993 6078/6078 6100/6100
f 6145/6145 6174/6174 6170/6170
f 6126/6126 6174/6174 6127/6127
f 6126/6126 6178/6178 6174/6174
f 6156/6156 6182/6182 6160/6160
f 6123/6123 6176/6176 6125/6125
f 6018/6018 6158/6158 6184/6184
f 6158/6158 6183/6183 6185/6185
f 6129/6129 6173/6173 6148/6148
f 5949/5949 6158/6158 6018/6018
f 6170/6170 6174/6174 6179/6179
f 6155/6155 6188/6188 6180/6180
f 6181/6181 6187/6187 6186/6186
f 3661/3661 5608/5608 6075/6075
f 6116/6116 6143/6143 6171/6171
f 5790/5790 6071/6071 6193/6193
f 5811/5811 6197/6197 6111/6111
f 6070/6070 6101/6101 6191/6191
f 5820/5820 6201/6201 6043/6043
f 5974/5974 6104/6104 5999/5999
f 4450/4450 6204/6204 5807/5807
f 5912/5912 6132/6132 6128/6128
f 5762/5762 5958/5958 6069/6069
f 6050/6050 6209/6209 6096/6096
f 5941/5941 6007/6007 6138/6138
f 5910/5910 6210/6210 5953/5953
f 5952/5952 6213/6213 5956/5956
f 5921/5921 6217/6217 6083/6083
f 6045/6045 6200/6200 6164/6164
f 6034/6034 6222/6222 6085/6085
f 6022/6022 6186/6186 6190/6190
f 5934/5934 6133/6133 5978/5978
f 6103/6103 6226/6226 6194/6194
f 5300/5300 5747/5747 6058/6058
f 5995/5995 6044/6044 6169/6169
f 5899/5899 5963/5963 6084/6084
f 5643/5643 5959/5959 6086/6086
f 5934/5934 6122/6122 6134/6134
f 5805/5805 6114/6114 6170/6170
f 5779/5779 6229/6229 5882/5882
f 5770/5770 6099/6099 5905/5905
f 5904/5904 6098/6098 5908/5908
f 3969/3969 5791/5791 5338/5338
f 5851/5851 6233/6233 6035/6035
f 6034/6034 6235/6235 6222/6222
f 5896/5896 6105/6105 6077/6077
f 5795/5795 6192/6192 6227/6227
f 6082/6082 6219/6219 6236/6236
f 6096/6096 6209/6209 6242/6242
f 5823/5823 6246/6246 6202/6202
f 5982/5982 6095/6095 6240/6240
f 5797/5797 6052/6052 6249/6249
f 6163/6163 6203/6203 6248/6248
f 5934/5934 6175/6175 6122/6122
f 5679/5679 6255/6255 5947/5947
f 5678/5678 5817/5817 6257/6257
f 3810/3810 5934/5934 5978/5978
f 5899/5899 6082/6082 6238/6238
f 6112/6112 6264/6264 6140/6140
f 6049/6049 6090/6090 6208/6208
f 6207/6207 6267/6267 6243/6243
f 6040/6040 6150/6150 6158/6158
f 6079/6079 6224/6224 6101/6101
f 5642/5642 6272/6272 5771/5771
f 5821/5821 6275/6275 6245/6245
f 5809/5809 6205/6205 6195/6195
f 5824/5824 6241/6241 6274/6274
f 5607/5607 5885/5885 6228/6228
f 5711/5711 6278/6278 5972/5972
f 6244/6244 6276/6276 6268/6268
f 6152/6152 6189/6189 6157/6157
f 5849/5849 6167/6167 6233/6233
f 6239/6239 6267/6267 6273/6273
f 6085/6085 6221/6221 6234/6234
f 6076/6076 6265/6265 6225/6225
f 5633/5633 6017/6017 6189/6189
f 5794/5794 6223/6223 6198/6198
f 6196/6196 6223/6223 6263/6263
f 5643/5643 6086/6086 6271/6271
f 5942/5942 6137/6137 6053/6053
f 5797/5797 6252/6252 6061/6061
f 6092/6092 6269/6269 6206/6206
f 6076/6076 6141/6141 6262/6262
f 5922/5922 6284/6284 6220/6220
f 5747/5747 6119/6119 6059/6059
f 5922/5922 6039/6039 6284/6284
f 5817/5817 6098/6098 6260/6260
f 5801/5801 6172/6172 6289/6289
f 6172/6172 6177/6177 6289/6289
f 5749/5749 6152/6152 6118/6118
f 6087/6087 6245/6245 6266/6266
f 6088/6088 6166/6166 6247/6247
f 5958/5958 6214/6214 6069/6069
f 5770/5770 6293/6293 6099/6099
f 6060/6060 6251/6251 6146/6146
f 5953/5953 6210/6210 6214/6214
f 6054/6054 6297/6297 6253/6253
f 6085/6085 6232/6232 6302/6302
f 6086/6086 6303/6303 6271/6271
f 5934/5934 6288/6288 6175/6175
f 5903/5903 6310/6310 6093/6093
f 6041/6041 6162/6162 6285/6285
f 5749/5749 6188/6188 6153/6153
f 5679/5679 6258/6258 6255/6255
f 6218/6218 6308/6308 6237/6237
f 5898/5898 6237/6237 6310/6310
f 5792/5792 6199/6199 6205/6205
f 4721/4721 5634/5634 5131/5131
f 4857/4857 6074/6074 6313/6313
f 6080/6080 6110/6110 6136/6136
f 5913/5913 6130/6130 6211/6211
f 6167/6167 6304/6304 6233/6233
f 6091/6091 6317/6317 6168/6168
f 6094/6094 6307/6307 6317/6317
f 5779/5779 6322/6322 6230/6230
f 6051/6051 6137/6137 6299/6299
f 6215/6215 6326/6326 6308/6308
f 6271/6271 6306/6306 6329/6329
f 6165/6165 6316/6316 6305/6305
f 6109/6109 6300/6300 6142/6142
f 5951/5951 6254/6254 6161/6161
f 5607/5607 6231/6231 6320/6320
f 5975/5975 6334/6334 6108/6108
f 6306/6306 6319/6319 6335/6335
f 6309/6309 6323/6323 6315/6315
f 6106/6106 6333/6333 6296/6296
f 5609/5609 6341/6341 6073/6073
f 6318/6318 6325/6325 6337/6337
f 5772/5772 6270/6270 6327/6327
f 4859/4859 5471/5471 6073/6073
f 6131/6131 6144/6144 6347/6347
f 5970/5970 6277/6277 6331/6331
f 6098/6098 6292/6292 6257/6257
f 6324/6324 6355/6355 6336/6336
f 4448/4448 6359/6359 6204/6204
f 6220/6220 6352/6352 6324/6324
f 6130/6130 6345/6345 6211/6211
f 6282/6282 6298/6298 6332/6332
f 6216/6216 6284/6284 6354/6354
f 4636/4636 6366/6366 5316/5316
f 6147/6147 6250/6250 6347/6347
f 5779/5779 6067/6067 6322/6322
f 6159/6159 6353/6353 6283/6283
f 6161/6161 6370/6370 6353/6353
f 5508/5508 5982/5982 6240/6240
f 5772/5772 6330/6330 6375/6375
f 6302/6302 6336/6336 6329/6329
f 5769/5769 6373/6373 6294/6294
f 6161/6161 6256/6256 6371/6371
f 6328/6328 6336/6336 6349/6349
f 6252/6252 6297/6297 6379/6379
f 6069/6069 6214/6214 6348/6348
f 5335/5335 5792/5792 6205/6205
f 6251/6251 6378/6378 6347/6347
f 5826/5826 5955/5955 6240/6240
f 6259/6259 6292/6292 6368/6368
f 5607/5607 6384/6384 5709/5709
f 6066/6066 6383/6383 6322/6322
f 5633/5633 6188/6188 5749/5749
f 6255/6255 6258/6258 6369/6369
f 4861/4861 6312/6312 5879/5879
f 5607/5607 6321/6321 6384/6384
f 6212/6212 6346/6346 6214/6214
f 5108/5108 5803/5803 6387/6387
f 6281/6281 6377/6377 6301/6301
f 6328/6328 6352/6352 6374/6374
f 6069/6069 6346/6346 6386/6386
f 5710/5710 6385/6385 6280/6280
f 6279/6279 6382/6382 6376/6376
f 6291/6291 6372/6372 6350/6350
f 6344/6344 6380/6380 6381/6381
f 6295/6295 6351/6351 6367/6367
f 5955/5955 6394/6394 6240/6240
f 5316/5316 6361/6361 6402/6402
f 5358/5358 5926/5926 6409/6409
f 4637/4637 5337/5337 6416/6416
f 5109/5109 6388/6388 5346/5346
f 5317/5317 6401/6401 6343/6343
f 5316/5316 6343/6343 5610/5610
f 5803/5803 6287/6287 6387/6387
f 5881/5881 6420/6420 5927/5927
f 6365/6365 6423/6423 6405/6405
f 3491/3491 5130/5130 5780/5780
f 6425/6425 6429/6429 6433/6433
f 6438/6438 6439/6439 6445/6445
f 6431/6431 6449/6449 6453/6453
f 6427/6427 6457/6457 6430/6430
f 6431/6431 6458/6458 6449/6449
f 6426/6426 6435/6435 6460/6460
f 6424/6424 6460/6460 6456/6456
f 6449/6449 6455/6455 6464/6464
f 5874/5874 6430/6430 6453/6453
f 6438/6438 6468/6468 6471/6471
f 6438/6438 6473/6473 6465/6465
f 5131/5131 5631/5631 6477/6477
f 6483/6483 6488/6488 6493/6493
f 6497/6497 6504/6504 6510/6510
f 6488/6488 6513/6513 6493/6493
f 6500/6500 6521/6521 6506/6506
f 6466/6466 6523/6523 6471/6471
f 6400/6400 6436/6436 6443/6443
f 5877/5877 6432/6432 6428/6428
f 6469/6469 6474/6474 6531/6531
f 6454/6454 6460/6460 6463/6463
f 6448/6448 6534/6534 6451/6451
f 6437/6437 6542/6542 6439/6439
f 6437/6437 6470/6470 6539/6539
f 6403/6403 6473/6473 6438/6438
f 5926/5926 6417/6417 6411/6411
f 5874/5874 6453/6453 6418/6418
f 5333/5333 6471/6471 6525/6525
f 5334/5334 6539/6539 6471/6471
f 6404/6404 6421/6421 6472/6472
f 5075/5075 6449/6449 6464/6464
f 6467/6467 6528/6528 6524/6524
f 6410/6410 6452/6452 6537/6537
f 6502/6502 6546/6546 6507/6507
f 6447/6447 6547/6547 6536/6536
f 5076/5076 6551/6551 6450/6450
f 5064/5064 6463/6463 6460/6460
f 6364/6364 6532/6532 6473/6473
f 6364/6364 6473/6473 6422/6422
f 6410/6410 6419/6419 6451/6451
f 5070/5070 6028/6028 6552/6552
f 6027/6027 6538/6538 6550/6550
f 5334/5334 6523/6523 6415/6415
f 6414/6414 6522/6522 6526/6526
f 5066/5066 6554/6554 6549/6549
f 6491/6491 6514/6514 6560/6560
f 6024/6024 6548/6548 6553/6553
f 5068/5068 6460/6460 5954/5954
f 6339/6339 6402/6402 6564/6564
f 5335/5335 6566/6566 6540/6540
f 6499/6499 6509/6509 6568/6568
f 6441/6441 6541/6541 6567/6567
f 5750/5750 5781/5781 6573/6573
f 6406/6406 6446/6446 6565/6565
f 6482/6482 6490/6490 6576/6576
f 6516/6516 6577/6577 6579/6579
f 5356/5356 6408/6408 6583/6583
f 6495/6495 6587/6587 6517/6517
f 6492/6492 6595/6595 6576/6576
f 6502/6502 6597/6597 6546/6546
f 6514/6514 6599/6599 6560/6560
f 6489/6489 6605/6605 6512/6512
f 6482/6482 6576/6576 6608/6608
f 6480/6480 6612/6612 6485/6485
f 6501/6501 6568/6568 6618/6618
f 6503/6503 6581/6581 6596/6596
f 6407/6407 6537/6537 6620/6620
f 4640/4640 6413/6413 6625/6625
f 6505/6505 6519/6519 6579/6579
f 6440/6440 6630/6630 6444/6444
f 6520/6520 6589/6589 6632/6632
f 6518/6518 6632/6632 6577/6577
f 6515/6515 6605/6605 6600/6600
f 6557/6557 6601/6601 6636/6636
f 6498/6498 6638/6638 6586/6586
f 5355/5355 6584/6584 6030/6030
f 6484/6484 6647/6647 6604/6604
f 6363/6363 6649/6649 6530/6530
f 6600/6600 6605/6605 6637/6637
f 6544/6544 6597/6597 6655/6655
f 5878/5878 6461/6461 6434/6434
f 5955/5955 6462/6462 6392/6392
f 6496/6496 6618/6618 6640/6640
f 5335/5335 6205/6205 6661/6661
f 6414/6414 6526/6526 6668/6668
f 6577/6577 6670/6670 6579/6579
f 6481/6481 6677/6677 6612/6612
f 5506/5506 6240/6240 6396/6396
f 5875/5875 6314/6314 6681/6681
f 6575/6575 6591/6591 6684/6684
f 6590/6590 6689/6689 6685/6685
f 6579/6579 6674/6674 6692/6692
f 6579/6579 6697/6697 6701/6701
f 6574/6574 6686/6686 6706/6706
f 6671/6671 6711/6711 6693/6693
f 6589/6589 6721/6721 6632/6632
f 6683/6683 6689/6689 6723/6723
f 4639/4639 6624/6624 6362/6362
f 6598/6598 6702/6702 6655/6655
f 6671/6671 6729/6729 6712/6712
f 6688/6688 6735/6735 6724/6724
f 6683/6683 6723/6723 6738/6738
f 6577/6577 6746/6746 6670/6670
f 6581/6581 6690/6690 6750/6750
f 6593/6593 6734/6734 6689/6689
f 6508/6508 6545/6545 6756/6756
f 5335/5335 6664/6664 6759/6759
f 6511/6511 6756/6756 6570/6570
f 6580/6580 6704/6704 6596/6596
f 6691/6691 6714/6714 6751/6751
f 6578/6578 6633/6633 6747/6747
f 6026/6026 6584/6584 6761/6761
f 5501/5501 6393/6393 6765/6765
f 6631/6631 6720/6720 6769/6769
f 6672/6672 6774/6774 6728/6728
f 6412/6412 6777/6777 6582/6582
f 6726/6726 6781/6781 6745/6745
f 6687/6687 6736/6736 6707/6707
f 6486/6486 6786/6786 6647/6647
f 6579/6579 6752/6752 6695/6695
f 6593/6593 6788/6788 6733/6733
f 6713/6713 6732/6732 6791/6791
f 6730/6730 6796/6796 6790/6790
f 6744/6744 6781/6781 6804/6804
f 6494/6494 6562/6562 6594/6594
f 5335/5335 6759/6759 6567/6567
f 6576/6576 6811/6811 6608/6608
f 6608/6608 6811/6811 6814/6814
f 6592/6592 6820/6820 6789/6789
f 5748/5748 6572/6572 6824/6824
f 6616/6616 6828/6828 6644/6644
f 5934/5934 6833/6833 6288/6288
f 6073/6073 6841/6841 6311/6311
f 6571/6571 6843/6843 6619/6619
f 6724/6724 6735/6735 6847/6847
f 6705/6705 6743/6743 6854/6854
f 6290/6290 6855/6855 6389/6389
f 6607/6607 6813/6813 6863/6863
f 6574/6574 6706/6706 6806/6806
f 6673/6673 6748/6748 6771/6771
f 6618/6618 6868/6868 6826/6826
f 5130/5130 6476/6476 5783/5783
f 5637/5637 6871/6871 6875/6875
f 5636/5636 5749/5749 6871/6871
f 6587/6587 6643/6643 6879/6879
f 6529/6529 6884/6884 6668/6668
f 6392/6392 6460/6460 6892/6892
f 6566/6566 6757/6757 6894/6894
f 6634/6634 6770/6770 6749/6749
f 6527/6527 6652/6652 6886/6886
f 6646/6646 6785/6785 6898/6898
f 6562/6562 6819/6819 6594/6594
f 6602/6602 6648/6648 6900/6900
f 6709/6709 6792/6792 6901/6901
f 6205/6205 6356/6356 6660/6660
f 6659/6659 6804/6804 6781/6781
f 6395/6395 6799/6799 6766/6766
f 6391/6391 6906/6906 6803/6803
f 6662/6662 6782/6782 6759/6759
f 6748/6748 6768/6768 6772/6772
f 6398/6398 6793/6793 6904/6904
f 5747/5747 6825/6825 6871/6871
f 6740/6740 6907/6907 6854/6854
f 6411/6411 6622/6622 6775/6775
f 6023/6023 6912/6912 6535/6535
f 6731/6731 6773/6773 6919/6919
f 5934/5934 6923/6923 6833/6833
f 5512/5512 6767/6767 6798/6798
f 6487/6487 6615/6615 6787/6787
f 6663/6663 6924/6924 6805/6805
f 6606/6606 6862/6862 6677/6677
f 6795/6795 6801/6801 6905/6905
f 5932/5932 6930/6930 6920/6920
f 6735/6735 6789/6789 6847/6847
f 6556/6556 6933/6933 6821/6821
f 6288/6288 6833/6833 6937/6937
f 5636/5636 6876/6876 6943/6943
f 6560/6560 6635/6635 6949/6949
f 6714/6714 6954/6954 6751/6751
f 6646/6646 6898/6898 6956/6956
f 6794/6794 6960/6960 6901/6901
f 6725/6725 6961/6961 6779/6779
f 6639/6639 6869/6869 6878/6878
f 6816/6816 6965/6965 6861/6861
f 6588/6588 6880/6880 6715/6715
f 6758/6758 6780/6780 6896/6896
f 5872/5872 6890/6890 6459/6459
f 6779/6779 6961/6961 6893/6893
f 6675/6675 6859/6859 6830/6830
f 6617/6617 6967/6967 6867/6867
f 6676/6676 6831/6831 6921/6921
f 6611/6611 6676/6676 6921/6921
f 6742/6742 6804/6804 6926/6926
f 5784/5784 6970/6970 6572/6572
f 6572/6572 6970/6970 6824/6824
f 6642/6642 6874/6874 6872/6872
f 6741/6741 6977/6977 6908/6908
f 6789/6789 6817/6817 6983/6983
f 6789/6789 6981/6981 6847/6847
f 6398/6398 6957/6957 6795/6795
f 6286/6286 6940/6940 6858/6858
f 6722/6722 6850/6850 6963/6963
f 4451/4451 5505/5505 6987/6987
f 6604/6604 6948/6948 6637/6637
f 6870/6870 6992/6992 6881/6881
f 5783/5783 6476/6476 6971/6971
f 6818/6818 6932/6932 6982/6982
f 6716/6716 6877/6877 6990/6990
f 6737/6737 6994/6994 6974/6974
f 5512/5512 6802/6802 6998/6998
f 6769/6769 6999/6999 6772/6772
f 6695/6695 6753/6753 6953/6953
f 6614/6614 6922/6922 6927/6927
f 6648/6648 6956/6956 6900/6900
f 6727/6727 6918/6918 6797/6797
f 6739/6739 6925/6925 6994/6994
f 6822/6822 6989/6989 6871/6871
f 6610/6610 7004/7004 6783/6783
f 6852/6852 6907/6907 7010/7010
f 6618/6618 6843/6843 6969/6969
f 6829/6829 6860/6860 6964/6964
f 6710/6710 6903/6903 6952/6952
f 5347/5347 7014/7014 5936/5936
f 6641/6641 7017/7017 6873/6873
f 6569/6569 7021/7021 6844/6844
f 6708/6708 6853/6853 6808/6808
f 6657/6657 6993/6993 6924/6924
f 6543/6543 6653/6653 6756/6756
f 6570/6570 6756/6756 7022/7022
f 6875/6875 7018/7018 6945/6945
f 5349/5349 6390/6390 7013/7013
f 6812/6812 7024/7024 6966/6966
f 6846/6846 7029/7029 6963/6963
f 6360/6360 6994/6994 6658/6658
f 6895/6895 6962/6962 7031/7031
f 6773/6773 7001/7001 6919/6919
f 6613/6613 6929/6929 7004/7004
f 6603/6603 7033/7033 6946/6946
f 6824/6824 6972/6972 7035/7035
f 5632/5632 6944/6944 6477/6477
f 6832/6832 6966/6966 7024/7024
f 6900/6900 6956/6956 7036/7036
f 6800/6800 6918/6918 6997/6997
f 6605/6605 6900/6900 7033/7033
f 6645/6645 6827/6827 7019/7019
f 6932/6932 7037/7037 6982/6982
f 6847/6847 6983/6983 7038/7038
f 6825/6825 7045/7045 6991/6991
f 6823/6823 7034/7034 7043/7043
f 6900/6900 7036/7036 7033/7033
f 6907/6907 6980/6980 7010/7010
f 6696/6696 7047/7047 6704/6704
f 6561/6561 7051/7051 6935/6935
f 5503/5503 6998/6998 7054/7054
f 6694/6694 6950/6950 7046/7046
f 6806/6806 6851/6851 7006/7006
f 6934/6934 7057/7057 7041/7041
f 6918/6918 7053/7053 6997/6997
f 6834/6834 7026/7026 7061/7061
f 6533/6533 6909/6909 6623/6623
f 6719/6719 6989/6989 7043/7043
f 6807/6807 7068/7068 6813/6813
f 6902/6902 7072/7072 6955/6955
f 6815/6815 7073/7073 7027/7027
f 6899/6899 7036/7036 6956/6956
f 6397/6397 7076/7076 6958/6958
f 6717/6717 7000/7000 6768/6768
f 6936/6936 7050/7050 7057/7057
f 6835/6835 7061/7061 6939/6939
f 6029/6029 6762/6762 6912/6912
f 6857/6857 6941/6941 7084/7084
f 6951/6951 7071/7071 7047/7047
f 7028/7028 7087/7087 7093/7093
f 5512/5512 7055/7055 7097/7097
f 6897/6897 7032/7032 7092/7092
f 7054/7054 7102/7102 7099/7099
f 6399/6399 7107/7107 7076/7076
f 6915/6915 7101/7101 7053/7053
f 6828/6828 6868/6868 7112/7112
f 6654/6654 6703/6703 7115/7115
f 6864/6864 6968/6968 7117/7117
f 5932/5932 7120/7120 6928/6928
f 6566/6566 6894/6894 7089/7089
f 6845/6845 7086/7086 7030/7030
f 6849/6849 7125/7125 7086/7086
f 6917/6917 7126/7126 7103/7103
f 7047/7047 7071/7071 7133/7133
f 6901/6901 6959/6959 7078/7078
f 6866/6866 7138/7138 7112/7112
f 6810/6810 7009/7009 7140/7140
f 6842/6842 7117/7117 6968/6968
f 6390/6390 6856/6856 7013/7013
f 7041/7041 7057/7057 7144/7144
f 6656/6656 7114/7114 6756/6756
f 7049/7049 7143/7143 7056/7056
f 6446/6446 7146/7146 6563/6563
f 6357/6357 7153/7153 6996/6996
f 6842/6842 7020/7020 7157/7157
f 6931/6931 7120/7120 7005/7005
f 6809/6809 7141/7141 7065/7065
f 6916/6916 7001/7001 7158/7158
f 6946/6946 7033/7033 7160/7160
f 7025/7025 7163/7163 7063/7063
f 6978/6978 6995/6995 7152/7152
f 7033/7033 7036/7036 7167/7167
f 7023/7023 7074/7074 7163/7163
f 6856/6856 7081/7081 7011/7011
f 5935/5935 7170/7170 7172/7172
f 5934/5934 7172/7172 7120/7120
f 4450/4450 6984/6984 6358/6358
f 6365/6365 6624/6624 6650/6650
f 6357/6357 7175/7175 7150/7150
f 6815/6815 7067/7067 7075/7075
f 6827/6827 7179/7179 7016/7016
f 6477/6477 6942/6942 7183/7183
f 6902/6902 7186/7186 7072/7072
f 7064/7064 7163/7163 7074/7074
f 7003/7003 7120/7120 7171/7171
f 6865/6865 7119/7119 7138/7138
f 6945/6945 7015/7015 7178/7178
f 6945/6945 7180/7180 7188/7188
f 6979/6979 7154/7154 7196/7196
f 7096/7096 7104/7104 7202/7202
f 6901/6901 7077/7077 7205/7205
f 7076/7076 7105/7105 7213/7213
f 7070/7070 7215/7215 7132/7132
f 6827/6827 7111/7111 7179/7179
f 7071/7071 7185/7185 7216/7216
f 6898/6898 7218/7218 7036/7036
f 7085/7085 7220/7220 7094/7094
f 7100/7100 7129/7129 7203/7203
f 7076/7076 7213/7213 7207/7207
f 6975/6975 7224/7224 7008/7008
f 6755/6755 7155/7155 7020/7020
f 7049/7049 7231/7231 7143/7143
f 6558/6558 6947/6947 7161/7161
f 7088/7088 7123/7123 7223/7223
f 6396/6396 6892/6892 7108/7108
f 6699/6699 7237/7237 7115/7115
f 6715/6715 7239/7239 7000/7000
f 7095/7095 7198/7198 7244/7244
f 6848/6848 7040/7040 7124/7124
f 6842/6842 7157/7157 7118/7118
f 6356/6356 6986/6986 7174/7174
f 7007/7007 7226/7226 7139/7139
f 6416/6416 6667/6667 6625/6625
f 7151/7151 7177/7177 7197/7197
f 6698/6698 7047/7047 7134/7134
f 7110/7110 7249/7249 7212/7212
f 6973/6973 7194/7194 7255/7255
f 7052/7052 7256/7256 7232/7232
f 7141/7141 7226/7226 7258/7258
f 6716/6716 7044/7044 7262/7262
f 6783/6783 7219/7219 6898/6898
f 6976/6976 7254/7254 7266/7266
f 6919/6919 7158/7158 7128/7128
f 7068/7068 7141/7141 7272/7272
f 7043/7043 7276/7276 7279/7279
f 7199/7199 7212/7212 7248/7248
f 7090/7090 7221/7221 7195/7195
f 7034/7034 7276/7276 7045/7045
f 7200/7200 7250/7250 7247/7247
f 6902/6902 7284/7284 7186/7186
f 7091/7091 7192/7192 7176/7176
f 7110/7110 7245/7245 7249/7249
f 5502/5502 7098/7098 7246/7246
f 7002/7002 7241/7241 7158/7158
f 6938/6938 7062/7062 7080/7080
f 6343/6343 7148/7148 7286/7286
f 7039/7039 7142/7142 7229/7229
f 7066/7066 7290/7290 7162/7162
f 6700/6700 7131/7131 7235/7235
f 6718/6718 7264/7264 7242/7242
f 5507/5507 7246/7246 7109/7109
f 7193/7193 7222/7222 7251/7251
f 7111/7111 7137/7137 7181/7181
f 7141/7141 7258/7258 7292/7292
f 6944/6944 7191/7191 7183/7183
f 6649/6649 7295/7295 6883/6883
f 6902/6902 7209/7209 7284/7284
f 6976/6976 7266/7266 7225/7225
f 5937/5937 7012/7012 7169/7169
f 6784/6784 7004/7004 7217/7217
f 6972/6972 7275/7275 7035/7035
f 7184/7184 7281/7281 7214/7214
f 7069/7069 7273/7273 7288/7288
f 7044/7044 7278/7278 7262/7262
f 7036/7036 7218/7218 7167/7167
f 7141/7141 7292/7292 7272/7272
f 7042/7042 7234/7234 7121/7121
f 6583/6583 6777/6777 7296/7296
f 7130/7130 7158/7158 7238/7238
f 6555/6555 7159/7159 7301/7301
f 7216/7216 7280/7280 7305/7305
f 6621/6621 6914/6914 6778/6778
f 7123/7123 7251/7251 7223/7223
f 7201/7201 7206/7206 7211/7211
f 6625/6625 6669/6669 7307/7307
f 7170/7170 7311/7311 7172/7172
f 7005/7005 7172/7172 7311/7311
f 5510/5510 7106/7106 6887/6887
f 6442/6442 6566/6566 6629/6629
f 5876/5876 6682/6682 6890/6890
f 7165/7165 7289/7289 7269/7269
f 7014/7014 7315/7315 7169/7169
f 6479/6479 7318/7318 6971/6971
f 7180/7180 7322/7322 7190/7190
f 6624/6624 7306/7306 6650/6650
f 7058/7058 7164/7164 7274/7274
f 7242/7242 7261/7261 7324/7324
f 7033/7033 7166/7166 7160/7160
f 7137/7137 7323/7323 7181/7181
f 7276/7276 7326/7326 7279/7279
f 7127/7127 7208/7208 7204/7204
f 6559/6559 7328/7328 7052/7052
f 7167/7167 7218/7218 7310/7310
f 7122/7122 7228/7228 7253/7253
f 6986/6986 7092/7092 7173/7173
f 7227/7227 7265/7265 7260/7260
f 6340/6340 7287/7287 7332/7332
f 7230/7230 7267/7267 7252/7252
f 7127/7127 7283/7283 7210/7210
f 7168/7168 7336/7336 7312/7312
f 6666/6666 6885/6885 7340/7340
f 7259/7259 7268/7268 7343/7343
f 6754/6754 7114/7114 7352/7352
f 7119/7119 7355/7355 7136/7136
f 6585/6585 7297/7297 6761/6761
f 7118/7118 7157/7157 7356/7356
f 7232/7232 7256/7256 7358/7358
f 7160/7160 7166/7166 7363/7363
f 7169/7169 7317/7317 7335/7335
f 7233/7233 7342/7342 7265/7265
f 7270/7270 7291/7291 7367/7367
f 5505/5505 7371/7371 7374/7374
f 7135/7135 7376/7376 7235/7235
f 7048/7048 7330/7330 7257/7257
f 7127/7127 7240/7240 7283/7283
f 7060/7060 7271/7271 7368/7368
f 6777/6777 7384/7384 7298/7298
f 7004/7004 7310/7310 7217/7217
f 7243/7243 7305/7305 7282/7282
f 6756/6756 7346/7346 7156/7156
f 6680/6680 7387/7387 6888/6888
f 7231/7231 7358/7358 7342/7342
f 7242/7242 7324/7324 7304/7304
f 7258/7258 7342/7342 7292/7292
f 6970/6970 7321/7321 7277/7277
f 6651/6651 7306/7306 7294/7294
f 7137/7137 7354/7354 7323/7323
f 6776/6776 6913/6913 7392/7392
f 7135/7135 7215/7215 7376/7376
f 7011/7011 7081/7081 7316/7316
f 7216/7216 7303/7303 7376/7376
f 7323/7323 7356/7356 7396/7396
f 7059/7059 7399/7399 7082/7082
f 7262/7262 7278/7278 7325/7325
f 6475/6475 7182/7182 7401/7401
f 6764/6764 7404/7404 6912/6912
f 7166/7166 7313/7313 7361/7361
f 5505/5505 7373/7373 6987/6987
f 7292/7292 7342/7342 7406/7406
f 7188/7188 7322/7322 7410/7410
f 6764/6764 7416/7416 7404/7404
f 7322/7322 7395/7395 7410/7410
f 7079/7079 7398/7398 7419/7419
f 6555/6555 7301/7301 7327/7327
f 7157/7157 7351/7351 7356/7356
f 7263/7263 7422/7422 7324/7324
f 7060/7060 7368/7368 7400/7400
f 7304/7304 7324/7324 7422/7422
f 6777/6777 7393/7393 7380/7380
f 7256/7256 7328/7328 7430/7430
f 7291/7291 7408/7408 7367/7367
f 7262/7262 7325/7325 7421/7421
f 6665/6665 7434/7434 7308/7308
f 7294/7294 7306/7306 7436/7436
f 7113/7113 7236/7236 7377/7377
f 6343/6343 6564/6564 7148/7148
f 6446/6446 7440/7440 7149/7149
f 6669/6669 7445/7445 7434/7434
f 7344/7344 7360/7360 7451/7451
f 6312/6312 6838/6838 6681/6681
f 7404/7404 7416/7416 7456/7456
f 7312/7312 7336/7336 7461/7461
f 7339/7339 7468/7468 7470/7470
f 7306/7306 7433/7433 7436/7436
f 6763/6763 7299/7299 7473/7473
f 6665/6665 7341/7341 7471/7471
f 7116/7116 7476/7476 7352/7352
f 7182/7182 7478/7478 7401/7401
f 7338/7338 7482/7482 7467/7467
f 7301/7301 7427/7427 7329/7329
f 6882/6882 7482/7482 7340/7340
f 6073/6073 6342/6342 6837/6837
f 7317/7317 7485/7485 7335/7335
f 7344/7344 7447/7447 7407/7407
f 6446/6446 6628/6628 7490/7490
f 5500/5500 7492/7492 7369/7369
f 7256/7256 7430/7430 7359/7359
f 7357/7357 7428/7428 7451/7451
f 7115/7115 7377/7377 7477/7477
f 5499/5499 6891/6891 7493/7493
f 6910/6910 7403/7403 7495/7495
f 7356/7356 7501/7501 7396/7396
f 7397/7397 7502/7502 7410/7410
f 7275/7275 7321/7321 7504/7504
f 7351/7351 7510/7510 7356/7356
f 7276/7276 7425/7425 7326/7326
f 7160/7160 7363/7363 7302/7302
f 7410/7410 7502/7502 7516/7516
f 6760/6760 7473/7473 7417/7417
f 7353/7353 7510/7510 7501/7501
f 7183/7183 7189/7189 7480/7480
f 6669/6669 7470/7470 7442/7442
f 7309/7309 7464/7464 7363/7363
f 6883/6883 7293/7293 7435/7435
f 7368/7368 7409/7409 7452/7452
f 7368/7368 7449/7449 7400/7400
f 7276/7276 7518/7518 7424/7424
f 6478/6478 7401/7401 7319/7319
f 6566/6566 7089/7089 7522/7522
f 7337/7337 7487/7487 7465/7465
f 7303/7303 7421/7421 7526/7526
f 7433/7433 7443/7443 7436/7436
f 6911/6911 7498/7498 7392/7392
f 7400/7400 7449/7449 7531/7531
f 7303/7303 7526/7526 7376/7376
f 6626/6626 7533/7533 7489/7489
f 7276/7276 7503/7503 7518/7518
f 6446/6446 7489/7489 7440/7440
f 7423/7423 7536/7536 7524/7524
f 7424/7424 7518/7518 7535/7535
f 7501/7501 7509/7509 7514/7514
f 7364/7364 7462/7462 7541/7541
f 7187/7187 7411/7411 7548/7548
f 7320/7320 7553/7553 7556/7556
f 7321/7321 7555/7555 7504/7504
f 7400/7400 7531/7531 7420/7420
f 6338/6338 7562/7562 6837/6837
f 7081/7081 7568/7568 7314/7314
f 7348/7348 7475/7475 7378/7378
f 7315/7315 7566/7566 7485/7485
f 7412/7412 7571/7571 7549/7549
f 7431/7431 7575/7575 7450/7450
f 7415/7415 7473/7473 7581/7581
f 7508/7508 7584/7584 7587/7587
f 7300/7300 7362/7362 7432/7432
f 7460/7460 7593/7593 7543/7543
f 7378/7378 7525/7525 7596/7596
f 7347/7347 7582/7582 7512/7512
f 7345/7345 7596/7596 7599/7599
f 7574/7574 7605/7605 7602/7602
f 7350/7350 7379/7379 7596/7596
f 7453/7453 7573/7573 7611/7611
f 7596/7596 7613/7613 7599/7599
f 7505/7505 7537/7537 7518/7518
f 7365/7365 7607/7607 7429/7429
f 7572/7572 7601/7601 7610/7610
f 7426/7426 7607/7607 7574/7574
f 7349/7349 7599/7599 7583/7583
f 7585/7585 7599/7599 7591/7591
f 7366/7366 7542/7542 7604/7604
f 7466/7466 7482/7482 7621/7621
f 6883/6883 7435/7435 7628/7628
f 7448/7448 7609/7609 7530/7530
f 7299/7299 7382/7382 7473/7473
f 7544/7544 7631/7631 7607/7607
f 7513/7513 7638/7638 7517/7517
f 7586/7586 7619/7619 7638/7638
f 7619/7619 7640/7640 7638/7638
f 7511/7511 7589/7589 7638/7638
f 7414/7414 7515/7515 7635/7635
f 7413/7413 7636/7636 7570/7570
f 7600/7600 7614/7614 7645/7645
f 7603/7603 7606/7606 7632/7632
f 7603/7603 7647/7647 7608/7608
f 7083/7083 7419/7419 7650/7650
f 6986/6986 7521/7521 7089/7089
f 7191/7191 7548/7548 7480/7480
f 7081/7081 7651/7651 7564/7564
f 7615/7615 7640/7640 7619/7619
f 7595/7595 7644/7644 7612/7612
f 7540/7540 7653/7653 7634/7634
f 7463/7463 7486/7486 7594/7594
f 7541/7541 7593/7593 7652/7652
f 7530/7530 7608/7608 7647/7647
f 7416/7416 7577/7577 7456/7456
f 7588/7588 7644/7644 7618/7618
f 7616/7616 7643/7643 7639/7639
f 7597/7597 7658/7658 7646/7646
f 7527/7527 7539/7539 7657/7657
f 7603/7603 7632/7632 7647/7647
f 7488/7488 7566/7566 7662/7662
f 7588/7588 7598/7598 7644/7644
f 7528/7528 7656/7656 7595/7595
f 7468/7468 7624/7624 7470/7470
f 7507/7507 7659/7659 7538/7538
f 7381/7381 7394/7394 7663/7663
f 7638/7638 7641/7641 7668/7668
f 7506/7506 7669/7669 7660/7660
f 7569/7569 7637/7637 7666/7666
f 7529/7529 7647/7647 7673/7673
f 7484/7484 7655/7655 7592/7592
f 7418/7418 7532/7532 7675/7675
f 7469/7469 7648/7648 7630/7630
f 7640/7640 7642/7642 7666/7666
f 7469/7469 7633/7633 7655/7655
f 7486/7486 7677/7677 7655/7655
f 7642/7642 7659/7659 7666/7666
f 7444/7444 7679/7679 7486/7486
f 7576/7576 7666/7666 7660/7660
f 7469/7469 7673/7673 7647/7647
f 7579/7579 7659/7659 7671/7671
f 7441/7441 7654/7654 7678/7678
f 7385/7385 7666/7666 7474/7474
f 7472/7472 7668/7668 7578/7578
f 7441/7441 7469/7469 7655/7655
f 7469/7469 7623/7623 7673/7673
f 7405/7405 7458/7458 7499/7499
f 7419/7419 7672/7672 7683/7683
f 7446/7446 7485/7485 7662/7662
f 7370/7370 7494/7494 7685/7685
f 7372/7372 7685/7685 7375/7375
f 7571/7571 7667/7667 7689/7689
f 7621/7621 7695/7695 7676/7676
f 7580/7580 7670/7670 7698/7698
f 7383/7383 7689/7689 7667/7667
f 7482/7482 7695/7695 7622/7622
f 7674/7674 7695/7695 7684/7684
f 7456/7456 7580/7580 7698/7698
f 6566/6566 7534/7534 6627/6627
f 7504/7504 7698/7698 7670/7670
f 7504/7504 7558/7558 7698/7698
f 6891/6891 7701/7701 7702/7702
f 6891/6891 7705/7705 7493/7493
f 7553/7553 7707/7707 7556/7556
f 7147/7147 7711/7711 7285/7285
f 7401/7401 7479/7479 7545/7545
f 7419/7419 7683/7683 7650/7650
f 7319/7319 7401/7401 7553/7553
f 7717/7717 7719/7719 7723/7723
f 6891/6891 7703/7703 7705/7705
f 7392/7392 7498/7498 7664/7664
f 7727/7727 7734/7734 7737/7737
f 6985/6985 7375/7375 7739/7739
f 7740/7740 7748/7748 7753/7753
f 7745/7745 7757/7757 7750/7750
f 7727/7727 7761/7761 7731/7731
f 7383/7383 7663/7663 7689/7689
f 7719/7719 7742/7742 7724/7724
f 6889/6889 7386/7386 7763/7763
f 7435/7435 7768/7768 7626/7626
f 7744/7744 7774/7774 7758/7758
f 7436/7436 7443/7443 7778/7778
f 7491/7491 7706/7706 7685/7685
f 6678/6678 7779/7779 7390/7390
f 6678/6678 7787/7787 7780/7780
f 7722/7722 7773/7773 7743/7743
f 7489/7489 7533/7533 7788/7788
f 7549/7549 7571/7571 7688/7688
f 7557/7557 7708/7708 7698/7698
f 6886/6886 7629/7629 7483/7483
f 7725/7725 7737/7737 7793/7793
f 7375/7375 7685/7685 7739/7739
f 7724/7724 7741/7741 7797/7797
f 7756/7756 7770/7770 7803/7803
f 7443/7443 7662/7662 7777/7777
f 7714/7714 7724/7724 7807/7807
f 7751/7751 7756/7756 7801/7801
f 7726/7726 7793/7793 7811/7811
f 7735/7735 7817/7817 7738/7738
f 7388/7388 7782/7782 7794/7794
f 7741/7741 7753/7753 7797/7797
f 7731/7731 7761/7761 7820/7820
f 7546/7546 7691/7691 7824/7824
f 7438/7438 7489/7489 7800/7800
f 7440/7440 7796/7796 7755/7755
f 7782/7782 7814/7814 7794/7794
f 7402/7402 7547/7547 7554/7554
f 7547/7547 7825/7825 7554/7554
f 7567/7567 7649/7649 7680/7680
f 7552/7552 7697/7697 7709/7709
f 7789/7789 7827/7827 7833/7833
f 7565/7565 7682/7682 7661/7661
f 7771/7771 7838/7838 7802/7802
f 7391/7391 7795/7795 7737/7737
f 7724/7724 7797/7797 7810/7810
f 7490/7490 7791/7791 7799/7799
f 7147/7147 7844/7844 7710/7710
f 7533/7533 7832/7832 7790/7790
f 7389/7389 7738/7738 7765/7765
f 7783/7783 7845/7845 7815/7815
f 7436/7436 7777/7777 7769/7769
f 7792/7792 7807/7807 7798/7798
f 7459/7459 7551/7551 7826/7826
f 7454/7454 7696/7696 7550/7550
f 7738/7738 7817/7817 7765/7765
f 6889/6889 7763/7763 7847/7847
f 7439/7439 7752/7752 7851/7851
f 7457/7457 7826/7826 7690/7690
f 7661/7661 7682/7682 7852/7852
f 7481/7481 7854/7854 7693/7693
f 7483/7483 7627/7627 7853/7853
f 7761/7761 7856/7856 7819/7819
f 7661/7661 7852/7852 7776/7776
f 7792/7792 7836/7836 7809/7809
f 7665/7665 7858/7858 7689/7689
f 7703/7703 7861/7861 7705/7705
f 7681/7681 7694/7694 7852/7852
f 7455/7455 7690/7690 7497/7497
f 7719/7719 7837/7837 7772/7772
f 7719/7719 7866/7866 7839/7839
f 7685/7685 7706/7706 7862/7862
f 7500/7500 7692/7692 7860/7860
f 7730/7730 7868/7868 7818/7818
f 7763/7763 7872/7872 7847/7847
f 7496/7496 7859/7859 7663/7663
f 7625/7625 7775/7775 7852/7852
f 7625/7625 7767/7767 7776/7776
f 7781/7781 7787/7787 7846/7846
f 6839/6839 7563/7563 7877/7877
f 7333/7333 7878/7878 7563/7563
f 7813/7813 7845/7845 7883/7883
f 6566/6566 7888/7888 7534/7534
f 7806/7806 7835/7835 7894/7894
f 7747/7747 7851/7851 7754/7754
f 7718/7718 7808/7808 7891/7891
f 7715/7715 7895/7895 7720/7720
f 7831/7831 7894/7894 7834/7834
f 7764/7764 7899/7899 7874/7874
f 7437/7437 7850/7850 7904/7904
f 7766/7766 7816/7816 7870/7870
f 7145/7145 7440/7440 7910/7910
f 6988/6988 7739/7739 7520/7520
f 7560/7560 7712/7712 7843/7843
f 7729/7729 7812/7812 7914/7914
f 7764/7764 7869/7869 7899/7899
f 7560/7560 7842/7842 7915/7915
f 7686/7686 7862/7862 7704/7704
f 7733/7733 7822/7822 7918/7918
f 6891/6891 7848/7848 7923/7923
f 7813/7813 7884/7884 7912/7912
f 6679/6679 6838/6838 7784/7784
f 7785/7785 7929/7929 7846/7846
f 7147/7147 7916/7916 7841/7841
f 7533/7533 7887/7887 7832/7832
f 7728/7728 7913/7913 7762/7762
f 7438/7438 7905/7905 7935/7935
f 7716/7716 7892/7892 7940/7940
f 6566/6566 7944/7944 7888/7888
f 7869/7869 7874/7874 7899/7899
f 6566/6566 7521/7521 7944/7944
f 7334/7334 7951/7951 7882/7882
f 7732/7732 7954/7954 7867/7867
f 7440/7440 7935/7935 7907/7907
f 7821/7821 7857/7857 7959/7959
f 7147/7147 7908/7908 7916/7916
f 7685/7685 7704/7704 7700/7700
f 7563/7563 7961/7961 7877/7877
f 7760/7760 7913/7913 7958/7958
f 7759/7759 7957/7957 7855/7855
f 7869/7869 7955/7955 7875/7875
f 7828/7828 7936/7936 7893/7893
f 6891/6891 7965/7965 7699/7699
f 7713/7713 7939/7939 7897/7897
f 7804/7804 7864/7864 7970/7970
f 6836/6836 7974/7974 7972/7972
f 7523/7523 7979/7979 7945/7945
f 6839/6839 7877/7877 7976/7976
f 7829/7829 7887/7887 7989/7989
f 7687/7687 7700/7700 7967/7967
f 6840/6840 7971/7971 7991/7991
f 7847/7847 7871/7871 7996/7996
f 7721/7721 7895/7895 7863/7863
f 6891/6891 7921/7921 7966/7966
f 7804/7804 7840/7840 7864/7864
f 7519/7519 7739/7739 7980/7980
f 7873/7873 8001/8001 7995/7995
f 7845/7845 7932/7932 7883/7883
f 7746/7746 7802/7802 8004/8004
f 7749/7749 7904/7904 7850/7850
f 7874/7874 7954/7954 7999/7999
f 6840/6840 7990/7990 7786/7786
f 7559/7559 7917/7917 7911/7911
f 7830/7830 7987/7987 7938/7938
f 7883/7883 7931/7931 8006/8006
f 7331/7331 7560/7560 7948/7948
f 7751/7751 8004/8004 7901/7901
f 7864/7864 8012/8012 7970/7970
f 7865/7865 7895/7895 8011/8011
f 7849/7849 8015/8015 7926/7926
f 7822/7822 8018/8018 7918/7918
f 7883/7883 8008/8008 7912/7912
f 7739/7739 8021/8021 7981/7981
f 7847/7847 7996/7996 8014/8014
f 7885/7885 8023/8023 7986/7986
f 7561/7561 8030/8030 7949/7949
f 7732/7732 8032/8032 7952/7952
f 7953/7953 8031/8031 8037/8037
f 7956/7956 8037/8037 7997/7997
f 7880/7880 7950/7950 8039/8039
f 7941/7941 7988/7988 8042/8042
f 7823/7823 8044/8044 8017/8017
f 7902/7902 8051/8051 7933/7933
f 7906/7906 8058/8058 8048/8048
f 7563/7563 8059/8059 7963/7963
f 8000/8000 8038/8038 8062/8062
f 7996/7996 7998/7998 8063/8063
f 7736/7736 7918/7918 8032/8032
f 8038/8038 8065/8065 8064/8064
f 7876/7876 8069/8069 7975/7975
f 7927/7927 8072/8072 8006/8006
f 7984/7984 8056/8056 8040/8040
f 8064/8064 8065/8065 8076/8076
f 8065/8065 8080/8080 8079/8079
f 8035/8035 8087/8087 8036/8036
f 7983/7983 8050/8050 8054/8054
f 7942/7942 8041/8041 8053/8053
f 8071/8071 8075/8075 8084/8084
f 7563/7563 8090/8090 8059/8059
f 8009/8009 8072/8072 8083/8083
f 7930/7930 8078/8078 8073/8073
f 7943/7943 8057/8057 8092/8092
f 7685/7685 7967/7967 7925/7925
f 7973/7973 7975/7975 8094/8094
f 7563/7563 7881/7881 8089/8089
f 7910/7910 7934/7934 8052/8052
f 7982/7982 8029/8029 8047/8047
f 7787/7787 8077/8077 7928/7928
f 7913/7913 8097/8097 7957/7957
f 7975/7975 8099/8099 8094/8094
f 7821/7821 7959/7959 8044/8044
f 8066/8066 8105/8105 8085/8085
f 7739/7739 8108/8108 8022/8022
f 7881/7881 8109/8109 8112/8112
f 7787/7787 8063/8063 8074/8074
f 7964/7964 8060/8060 8107/8107
f 7912/7912 8010/8010 8098/8098
f 7971/7971 8094/8094 7991/7991
f 8034/8034 8116/8116 8086/8086
f 8055/8055 8118/8118 8091/8091
f 7977/7977 8125/8125 8099/8099
f 7900/7900 8129/8129 8055/8055
f 8022/8022 8108/8108 8088/8088
f 8061/8061 8088/8088 8108/8108
f 7880/7880 8039/8039 8131/8131
f 7879/7879 8111/8111 8090/8090
f 7979/7979 8021/8021 8112/8112
f 8021/8021 8088/8088 8112/8112
f 8007/8007 8082/8082 8095/8095
f 8038/8038 8087/8087 8067/8067
f 7739/7739 7962/7962 8108/8108
f 7898/7898 7937/7937 8091/8091
f 7876/7876 7962/7962 8069/8069
f 7881/7881 8135/8135 8109/8109
f 7685/7685 8070/8070 7739/7739
f 7787/7787 8016/8016 7996/7996
f 7980/7980 8113/8113 8110/8110
f 7903/7903 8002/8002 8128/8128
f 7975/7975 8069/8069 8125/8125
f 7739/7739 8070/8070 7962/7962
f 7890/7890 8138/8138 8025/8025
f 7787/7787 7996/7996 8063/8063
f 7985/7985 8024/8024 8029/8029
f 7886/7886 7946/7946 8145/8145
f 7896/7896 8091/8091 8118/8118
f 7922/7922 8015/8015 8124/8124
f 7889/7889 8144/8144 8137/8137
f 7950/7950 8134/8134 8039/8039
f 8094/8094 8099/8099 8146/8146
f 7685/7685 7925/7925 8070/8070
f 7920/7920 8114/8114 8033/8033
f 8100/8100 8121/8121 8147/8147
f 7980/7980 8110/8110 8149/8149
f 7947/7947 7979/7979 8143/8143
f 7992/7992 8093/8093 8147/8147
f 8109/8109 8135/8135 8148/8148
f 7924/7924 8123/8123 8068/8068
f 8024/8024 8140/8140 8027/8027
f 8065/8065 8087/8087 8104/8104
f 7981/7981 8149/8149 8132/8132
f 7787/7787 7993/7993 8016/8016
f 7978/7978 8133/8133 8141/8141
f 7950/7950 8150/8150 8134/8134
f 8020/8020 8046/8046 8154/8154
f 7993/7993 8122/8122 8016/8016
f 8134/8134 8139/8139 8142/8142
f 7950/7950 8026/8026 8150/8150
f 8028/8028 8140/8140 8151/8151
f 7895/7895 8119/8119 8013/8013
f 8086/8086 8116/8116 8103/8103
f 7968/7968 8011/8011 8119/8119
f 7919/7919 8153/8153 8114/8114
f 7919/7919 8019/8019 8155/8155
f 8081/8081 8106/8106 8096/8096
f 8055/8055 8129/8129 8117/8117
f 8097/8097 8102/8102 8161/8161
f 7994/7994 8147/8147 8126/8126
f 7907/7907 8049/8049 8029/8029
f 7805/7805 8163/8163 8005/8005
f 8131/8131 8152/8152 8136/8136
f 7960/7960 8097/8097 8159/8159
f 7959/7959 8158/8158 8044/8044
f 8003/8003 8164/8164 8127/8127
f 7804/7804 7970/7970 8166/8166
f 7804/7804 8166/8166 8162/8162
f 7969/7969 8120/8120 8167/8167
f 8043/8043 8114/8114 8156/8156
f 7561/7561 7909/7909 8030/8030
f 8120/8120 8165/8165 8168/8168
f 8045/8045 8160/8160 8114/8114
f 8120/8120 8130/8130 8165/8165
f 8101/8101 8115/8115 8157/8157
f 5743/5743 5785/5785 5888/5888
f 6481/6481 6609/6609 6677/6677
f 6111/6111 6197/6197 6261/6261
f 4754/4754 4782/4782 4841/4841
f 4825/4825 4873/4873 4967/4967
f 1162/1162 1239/1239 1444/1444
f 7590/7590 7617/7617 7620/7620
f 2982/2982 2861/2861 8169/8169
f 2856/2856 3066/3066 8173/8173
f 3067/3067 3240/3240 8173/8173
f 3242/3242 3349/3349 8172/8172
f 3354/3354 3235/3235 8170/8170
f 3236/3236 2965/2965 8174/8174
f 2965/2965 2949/2949 8171/8171
f 2949/2949 2981/2981 8174/8174
